platform,native_content_id,content_url,show_id,season_id,title,platform_format,content_role,authority_class,relationship_target_type,relationship_evidence,classification_state,review_status,published_at,duration_seconds,view_count,like_count,comment_count,availability_status,actor_run_id,source_url
youtube,r-RUnz9gPbw,https://www.youtube.com/watch?v=r-RUnz9gPbw&list=PLxKLMN7WdG5AYDsDPTbq7zZTpOTGH7ay6&index=22,ATSH,ATSH_2024,Anh trai Erik - VP Bá Vương - Hải Đăng Doo - Roy Nguyễn - JSOL chiếm trọn ánh nhìn với Laviu|Sóng 24,VIDEO,UNKNOWN,PRIMARY_BROADCASTER,SEASON,OFFICIAL_PLAYLIST_COLLECTION,NEEDS_REVIEW,NEEDS_REVIEW,2024-02-11T04:00:17.000Z,282,106288,,,available,6aaRakgaGJxf19zR1,https://www.youtube.com/watch?v=r-RUnz9gPbw&list=PLxKLMN7WdG5AYDsDPTbq7zZTpOTGH7ay6&index=22
youtube,Dov2pHhp0Ko,https://www.youtube.com/watch?v=Dov2pHhp0Ko&list=PLxKLMN7WdG5AYDsDPTbq7zZTpOTGH7ay6&index=24,ATSH,ATSH_2024,"BTS: Anh trai Song Luân giữ nhiệm vụ ""làm màu sân cỏ"", đòi phạt thẻ đỏ A Bắp - Gin",VIDEO,BEHIND_THE_SCENES,PRIMARY_BROADCASTER,SEASON,OFFICIAL_PLAYLIST_COLLECTION,ACCEPTED,ACCEPTED,2024-04-25T05:57:24.000Z,740,10815,,,available,6aaRakgaGJxf19zR1,https://www.youtube.com/watch?v=Dov2pHhp0Ko&list=PLxKLMN7WdG5AYDsDPTbq7zZTpOTGH7ay6&index=24
youtube,u76BOoh4Ga8,https://www.youtube.com/watch?v=u76BOoh4Ga8&list=PLxKLMN7WdG5AYDsDPTbq7zZTpOTGH7ay6&index=6,ATSH,ATSH_2024,Anh Trai Say Hi Tập 10: Đắm chìm cùng loạt tiết mục đẳng cấp tại Tứ Kết với mọi cung bậc cảm xúc,VIDEO,PERFORMANCE,OFFICIAL_DISTRIBUTION_PARTNER,EPISODE,OFFICIAL_PLAYLIST_COLLECTION,NEEDS_REVIEW,CANONICAL_OVERLAP,2024-08-18T13:00:08.000Z,10987,12337708,,,available,6aaRakgaGJxf19zR1,https://www.youtube.com/watch?v=u76BOoh4Ga8&list=PLxKLMN7WdG5AYDsDPTbq7zZTpOTGH7ay6&index=6
youtube,0UXCacoRFIw,https://www.youtube.com/watch?v=0UXCacoRFIw&list=PLxKLMN7WdG5AYDsDPTbq7zZTpOTGH7ay6&index=29,ATSH,ATSH_2024,"BTS: A Bắp bỏ 100 triệu để đưa anh trai HIEUTHUHAI về đội, GinPu tình bể bình Cris Phan cỡ nào?",VIDEO,BEHIND_THE_SCENES,PRIMARY_BROADCASTER,SEASON,OFFICIAL_PLAYLIST_COLLECTION,ACCEPTED,ACCEPTED,2024-04-29T05:30:00.000Z,596,22846,,,available,6aaRakgaGJxf19zR1,https://www.youtube.com/watch?v=0UXCacoRFIw&list=PLxKLMN7WdG5AYDsDPTbq7zZTpOTGH7ay6&index=29
youtube,cKRcKPXnHgs,https://www.youtube.com/watch?v=cKRcKPXnHgs&list=PLxKLMN7WdG5AYDsDPTbq7zZTpOTGH7ay6&index=11,ATSH,ATSH_2024,"Anh Trai Say Hi - Tập 5: 30 Anh Trai đối diện vòng loại đầy hồi hộp, ai sẽ đi tiếp Livestage 3",VIDEO,PERFORMANCE,OFFICIAL_DISTRIBUTION_PARTNER,EPISODE,OFFICIAL_PLAYLIST_COLLECTION,NEEDS_REVIEW,CANONICAL_OVERLAP,2024-07-13T13:00:07.000Z,8715,10002864,,,available,6aaRakgaGJxf19zR1,https://www.youtube.com/watch?v=cKRcKPXnHgs&list=PLxKLMN7WdG5AYDsDPTbq7zZTpOTGH7ay6&index=11
youtube,a1MuWPRiqb0,https://www.youtube.com/watch?v=a1MuWPRiqb0&list=PLxKLMN7WdG5AYDsDPTbq7zZTpOTGH7ay6&index=27,ATSH,ATSH_2024,"Người nắm giữ thông tin về các Anh Trai ""nhả hint"" chất lượng #anhtraisayhi #anhtrai #shorts",SHORT,SHORT,PRIMARY_BROADCASTER,SEASON,OFFICIAL_PLAYLIST_COLLECTION,ACCEPTED,ACCEPTED,2024-04-06T11:00:00.000Z,59,12872,,,available,6aaRakgaGJxf19zR1,https://www.youtube.com/watch?v=a1MuWPRiqb0&list=PLxKLMN7WdG5AYDsDPTbq7zZTpOTGH7ay6&index=27
youtube,7Ox5uiVWaYk,https://www.youtube.com/watch?v=7Ox5uiVWaYk&list=PLxKLMN7WdG5AYDsDPTbq7zZTpOTGH7ay6&index=28,ATSH,ATSH_2024,"BTS: Anh trai HURRYKNG nhận kết đắng vì thách thức A Bắp, Cris Phan vùi dập Quỳnh Lý vì pha bóng lỗi",VIDEO,BEHIND_THE_SCENES,PRIMARY_BROADCASTER,SEASON,OFFICIAL_PLAYLIST_COLLECTION,ACCEPTED,ACCEPTED,2024-04-27T05:00:03.000Z,556,13358,,,available,6aaRakgaGJxf19zR1,https://www.youtube.com/watch?v=7Ox5uiVWaYk&list=PLxKLMN7WdG5AYDsDPTbq7zZTpOTGH7ay6&index=28
youtube,waxE0tLYEIQ,https://www.youtube.com/watch?v=waxE0tLYEIQ&list=PLxKLMN7WdG5AYDsDPTbq7zZTpOTGH7ay6&index=17,ATSH,ATSH_2024,"Teaser THE STARS - MV Theme Song | Anh Trai ""Say Hi""",VIDEO,TEASER_PREVIEW,PRIMARY_BROADCASTER,SEASON,OFFICIAL_PLAYLIST_COLLECTION,ACCEPTED,ACCEPTED,2024-06-02T13:00:21.000Z,48,61769,,,available,6aaRakgaGJxf19zR1,https://www.youtube.com/watch?v=waxE0tLYEIQ&list=PLxKLMN7WdG5AYDsDPTbq7zZTpOTGH7ay6&index=17
youtube,MH4gUH_BAd0,https://www.youtube.com/watch?v=MH4gUH_BAd0&list=PLxKLMN7WdG5AYDsDPTbq7zZTpOTGH7ay6&index=25,ATSH,ATSH_2024,JustaTee sẵn sàng SUY hết mình với dàn nghệ sĩ trẻ #AnhTraiSayHi #AnhTrai #shorts,SHORT,SHORT,PRIMARY_BROADCASTER,SEASON,OFFICIAL_PLAYLIST_COLLECTION,ACCEPTED,ACCEPTED,2024-04-16T13:00:25.000Z,60,32714,,,available,6aaRakgaGJxf19zR1,https://www.youtube.com/watch?v=MH4gUH_BAd0&list=PLxKLMN7WdG5AYDsDPTbq7zZTpOTGH7ay6&index=25
youtube,C8I3yL91tPE,https://www.youtube.com/watch?v=C8I3yL91tPE&list=PLxKLMN7WdG5AYDsDPTbq7zZTpOTGH7ay6&index=18,ATSH,ATSH_2024,"[Trailer] Isaac, HIEUTHUHAI dẫn đầu liên quân battle ""căng đét"" với team Anh Tú | Anh Trai ""Say Hi""",VIDEO,TEASER_PREVIEW,PRIMARY_BROADCASTER,SEASON,OFFICIAL_PLAYLIST_COLLECTION,ACCEPTED,ACCEPTED,2024-06-11T14:00:08.000Z,664,355563,,,available,6aaRakgaGJxf19zR1,https://www.youtube.com/watch?v=C8I3yL91tPE&list=PLxKLMN7WdG5AYDsDPTbq7zZTpOTGH7ay6&index=18
youtube,4CHIUdNfu4Y,https://www.youtube.com/watch?v=4CHIUdNfu4Y&list=PLxKLMN7WdG5AYDsDPTbq7zZTpOTGH7ay6&index=20,ATSH,ATSH_2024,"""Say hi"": MC Trấn Thành tung hint về dàn Anh Trai và giám đốc âm nhạc xịn xò | Anh Trai ""Say Hi""",VIDEO,UNKNOWN,PRIMARY_BROADCASTER,SEASON,OFFICIAL_PLAYLIST_COLLECTION,NEEDS_REVIEW,NEEDS_REVIEW,2024-04-10T12:00:06.000Z,214,49218,,,available,6aaRakgaGJxf19zR1,https://www.youtube.com/watch?v=4CHIUdNfu4Y&list=PLxKLMN7WdG5AYDsDPTbq7zZTpOTGH7ay6&index=20
youtube,BwErdsjHbYk,https://www.youtube.com/watch?v=BwErdsjHbYk&list=PLxKLMN7WdG5AYDsDPTbq7zZTpOTGH7ay6&index=23,ATSH,ATSH_2024,"BTS: Trọn bộ moment đáng giá của Anh Trai HIEUTHUHAI, Bắp - Song Luân không ra sân chỉ ""sân si""",VIDEO,BEHIND_THE_SCENES,PRIMARY_BROADCASTER,SEASON,OFFICIAL_PLAYLIST_COLLECTION,ACCEPTED,ACCEPTED,2024-04-24T06:23:19.000Z,644,47358,,,available,6aaRakgaGJxf19zR1,https://www.youtube.com/watch?v=BwErdsjHbYk&list=PLxKLMN7WdG5AYDsDPTbq7zZTpOTGH7ay6&index=23
youtube,0Gf5hvT7mRY,https://www.youtube.com/watch?v=0Gf5hvT7mRY&list=PLxKLMN7WdG5AYDsDPTbq7zZTpOTGH7ay6&index=9,ATSH,ATSH_2024,"Anh Trai Say Hi Tập 7: Dàn anh trai cùng khách mời oanh tạc Livestage 3, team nào tạo nên SIÊU PHẨM",VIDEO,PERFORMANCE,PRIMARY_BROADCASTER,EPISODE,OFFICIAL_PLAYLIST_COLLECTION,NEEDS_REVIEW,CANONICAL_OVERLAP,2024-08-03T13:00:07.000Z,7247,9710009,,,available,6aaRakgaGJxf19zR1,https://www.youtube.com/watch?v=0Gf5hvT7mRY&list=PLxKLMN7WdG5AYDsDPTbq7zZTpOTGH7ay6&index=9
youtube,J3kCVv5SXNk,https://www.youtube.com/watch?v=J3kCVv5SXNk&list=PLxKLMN7WdG5AYDsDPTbq7zZTpOTGH7ay6&index=3,ATSH,ATSH_2024,"Anh Trai Say Hi Tập 13: Chấn động đêm CHUNG KẾT 2, mãn nhãn với 8 tiết mục solo bùng cháy sân khấu",VIDEO,PERFORMANCE,PRIMARY_BROADCASTER,EPISODE,OFFICIAL_PLAYLIST_COLLECTION,NEEDS_REVIEW,CANONICAL_OVERLAP,2024-09-07T13:00:07.000Z,9211,8767608,,,available,6aaRakgaGJxf19zR1,https://www.youtube.com/watch?v=J3kCVv5SXNk&list=PLxKLMN7WdG5AYDsDPTbq7zZTpOTGH7ay6&index=3
youtube,lqp2_F53XPM,https://www.youtube.com/watch?v=lqp2_F53XPM&list=PLxKLMN7WdG5AYDsDPTbq7zZTpOTGH7ay6&index=16,ATSH,ATSH_2024,"THE STARS - Official MV Theme Song | Anh Trai ""Say Hi""",VIDEO,UNKNOWN_REUPLOAD,OFFICIAL_MUSIC_CHANNEL,SEASON,OFFICIAL_PLAYLIST_COLLECTION,NEEDS_REVIEW,NEEDS_REVIEW,2024-06-05T12:00:07.000Z,301,1789312,,,available,6aaRakgaGJxf19zR1,https://www.youtube.com/watch?v=lqp2_F53XPM&list=PLxKLMN7WdG5AYDsDPTbq7zZTpOTGH7ay6&index=16
youtube,LLsGSQBv5yI,https://www.youtube.com/watch?v=LLsGSQBv5yI&list=PLxKLMN7WdG5AYDsDPTbq7zZTpOTGH7ay6&index=19,ATSH,ATSH_2024,"[Teaser] Đại tiệc visual, 30 Anh Trai sẵn sàng bứt phá mọi giới hạn của bản thân | Anh Trai ""Say Hi""",VIDEO,TEASER_PREVIEW,PRIMARY_BROADCASTER,SEASON,OFFICIAL_PLAYLIST_COLLECTION,ACCEPTED,ACCEPTED,2024-06-07T14:00:29.000Z,527,81279,,,available,6aaRakgaGJxf19zR1,https://www.youtube.com/watch?v=LLsGSQBv5yI&list=PLxKLMN7WdG5AYDsDPTbq7zZTpOTGH7ay6&index=19
youtube,7Guuuo8jCTM,https://www.youtube.com/watch?v=7Guuuo8jCTM&list=PLxKLMN7WdG5AYDsDPTbq7zZTpOTGH7ay6&index=26,ATSH,ATSH_2024,"Trấn Thành tiết lộ liên hoàn hint chấn động về Anh Trai ""Say Hi"" #AnhTraiSayHi #AnhTrai #shorts",SHORT,SHORT,PRIMARY_BROADCASTER,SEASON,OFFICIAL_PLAYLIST_COLLECTION,ACCEPTED,ACCEPTED,2024-04-11T03:11:25.000Z,60,13403,,,available,6aaRakgaGJxf19zR1,https://www.youtube.com/watch?v=7Guuuo8jCTM&list=PLxKLMN7WdG5AYDsDPTbq7zZTpOTGH7ay6&index=26
youtube,2V20IKyMqnM,https://www.youtube.com/watch?v=2V20IKyMqnM&list=PLxKLMN7WdG5AYDsDPTbq7zZTpOTGH7ay6&index=1,ATSH,ATSH_2024,"Say Hi Rực Rỡ - Tập 3: Hội anh trai trốn khỏi rừng, hé lộ cuốn nhật kí ""cảm lạnh"" 80 trang",VIDEO,UNKNOWN,PRIMARY_PRODUCER,EPISODE,OFFICIAL_PLAYLIST_COLLECTION,NEEDS_REVIEW,NEEDS_REVIEW,2026-06-21T13:00:07.000Z,6389,2378699,,,available,6aaRakgaGJxf19zR1,https://www.youtube.com/watch?v=2V20IKyMqnM&list=PLxKLMN7WdG5AYDsDPTbq7zZTpOTGH7ay6&index=1
youtube,lGepyqJ98uM,https://www.youtube.com/watch?v=lGepyqJ98uM&list=PLxKLMN7WdG5AYDsDPTbq7zZTpOTGH7ay6&index=30,ATSH,ATSH_2024,"BTS: Anh trai Gin Tuấn Kiệt được Puka đến tiếp năng lượng, Yuno BigBoi có lăn xả nhưng không đáng kể",VIDEO,BEHIND_THE_SCENES,PRIMARY_BROADCASTER,SEASON,OFFICIAL_PLAYLIST_COLLECTION,ACCEPTED,ACCEPTED,2024-04-28T05:00:22.000Z,568,21142,,,available,6aaRakgaGJxf19zR1,https://www.youtube.com/watch?v=lGepyqJ98uM&list=PLxKLMN7WdG5AYDsDPTbq7zZTpOTGH7ay6&index=30
youtube,JNSfZNYiimg,https://www.youtube.com/watch?v=JNSfZNYiimg&list=PLxKLMN7WdG5AYDsDPTbq7zZTpOTGH7ay6&index=21,ATSH,ATSH_2024,"Anh Trai “Say Hi!” chào sân: Hoành tráng, mãn nhãn, 10 điểm không nhưng | Sóng 24",VIDEO,UNKNOWN,PRIMARY_BROADCASTER,SEASON,OFFICIAL_PLAYLIST_COLLECTION,NEEDS_REVIEW,NEEDS_REVIEW,2024-02-11T02:00:20.000Z,337,780993,,,available,6aaRakgaGJxf19zR1,https://www.youtube.com/watch?v=JNSfZNYiimg&list=PLxKLMN7WdG5AYDsDPTbq7zZTpOTGH7ay6&index=21
youtube,piOfzIT7sQ0,https://www.youtube.com/watch?v=piOfzIT7sQ0,ATSH,ATSH_2025,"Anh Trai ""Say Hi"" 2025 Tập 6: 30 Anh Trai Reply 2000s bùng nổ kí ức,”mùa hoa nở” huyền thoại trở lại",VIDEO,UNKNOWN,PRIMARY_BROADCASTER,EPISODE,OFFICIAL_PLAYLIST_COLLECTION,NEEDS_REVIEW,NEEDS_REVIEW,2025-10-25T12:30:06.000Z,18514,7559268,,,available,M5uwXGq8dZ92waEPT,https://www.youtube.com/watch?v=piOfzIT7sQ0
youtube,DkPgUmAKEgY,https://www.youtube.com/watch?v=DkPgUmAKEgY,ATSH,ATSH_2025,"Anh Trai ""Say Hi"" 2025-Tập 10:Tàu lượn cảm xúc với loạt tiết mục Livestage4,đại tiệc âm nhạc mãn nhĩ",VIDEO,PERFORMANCE,PRIMARY_BROADCASTER,EPISODE,OFFICIAL_PLAYLIST_COLLECTION,NEEDS_REVIEW,CANONICAL_OVERLAP,2025-11-16T12:30:11.000Z,11645,4261610,,,available,M5uwXGq8dZ92waEPT,https://www.youtube.com/watch?v=DkPgUmAKEgY
youtube,Rb3hfEPyJxQ,https://www.youtube.com/watch?v=Rb3hfEPyJxQ&list=RDRb3hfEPyJxQ&start_radio=1,ATSH,ATSH_2025,"SECRET - Cody Nam Võ, Quang Hùng MasterD, Wren Evans, CONGB | TINH HÀ SAY HI [PERFORMANCE]",VIDEO,UNKNOWN_REUPLOAD,OFFICIAL_MUSIC_CHANNEL,SEASON,OFFICIAL_PLAYLIST_COLLECTION,NEEDS_REVIEW,NEEDS_REVIEW,2026-08-09T05:00:06.000Z,320,1789357,,,available,M5uwXGq8dZ92waEPT,https://www.youtube.com/watch?v=Rb3hfEPyJxQ&list=RDRb3hfEPyJxQ&start_radio=1
youtube,alsFPwMJGOI,https://www.youtube.com/watch?v=alsFPwMJGOI,ATSH,ATSH_2025,"Anh Trai ""Say Hi"" 2025 Tập 3: Chuyến tàu định mệnh và pha đấu trí gay cấn, Dương Lâm cầu nối cảm xúc",VIDEO,UNKNOWN,PRIMARY_BROADCASTER,EPISODE,OFFICIAL_PLAYLIST_COLLECTION,NEEDS_REVIEW,NEEDS_REVIEW,2025-10-04T12:00:06.000Z,20932,8777025,,,available,M5uwXGq8dZ92waEPT,https://www.youtube.com/watch?v=alsFPwMJGOI
youtube,hOe5p-yMR_w,https://www.youtube.com/watch?v=hOe5p-yMR_w&list=RDhOe5p-yMR_w&start_radio=1,ATSH,ATSH_2025,"RUN TO YOU - Ali Hoàng Dương, IVAN, KIMLONG, Song Luân | TINH HÀ SAY HI [PERFORMANCE]",VIDEO,UNKNOWN_REUPLOAD,OFFICIAL_MUSIC_CHANNEL,SEASON,OFFICIAL_PLAYLIST_COLLECTION,NEEDS_REVIEW,NEEDS_REVIEW,2026-08-09T03:00:06.000Z,312,193047,,,available,M5uwXGq8dZ92waEPT,https://www.youtube.com/watch?v=hOe5p-yMR_w&list=RDhOe5p-yMR_w&start_radio=1
youtube,AtIHwHuj8SQ,https://www.youtube.com/watch?v=AtIHwHuj8SQ,ATSH,ATSH_2025,"TINH HÀ SAY HI TẬP 1: 24 Anh Trai đối mặt thử thách MV THEMESONG,ngập tràn twist với độ khó nâng cấp",VIDEO,CAST_CONTENT,PRIMARY_BROADCASTER,EPISODE,OFFICIAL_PLAYLIST_COLLECTION,ACCEPTED,ACCEPTED,2026-07-04T12:00:06.000Z,19096,8043567,,,available,M5uwXGq8dZ92waEPT,https://www.youtube.com/watch?v=AtIHwHuj8SQ
youtube,0mQn-pPDLuM,https://www.youtube.com/watch?v=0mQn-pPDLuM,ATSH,ATSH_2025,TINH HÀ SAY HI TẬP 6: Vòng Đấu EP | Team Quang Hùng MasterD - EP: TRẠM ĐẾN EM,VIDEO,UNKNOWN,PRIMARY_BROADCASTER,EPISODE,OFFICIAL_PLAYLIST_COLLECTION,NEEDS_REVIEW,NEEDS_REVIEW,2026-08-08T13:00:06.000Z,13491,3174055,,,available,M5uwXGq8dZ92waEPT,https://www.youtube.com/watch?v=0mQn-pPDLuM
youtube,6M2Pjtq1OPA,https://www.youtube.com/watch?v=6M2Pjtq1OPA&list=RD6M2Pjtq1OPA&start_radio=1,ATSH,ATSH_2025,Playlist FULL Lyrics  - Ôn Tập Trước Thềm Concert ANH TRAI SAY HI 2025,VIDEO,MUSIC_ASSET,UNVERIFIED,SEASON,INFERRED,NEEDS_REVIEW,NEEDS_REVIEW,2025-12-23T13:00:14.000Z,13640,307350,,,available,M5uwXGq8dZ92waEPT,https://www.youtube.com/watch?v=6M2Pjtq1OPA&list=RD6M2Pjtq1OPA&start_radio=1
youtube,TH_z2nHyct4,https://www.youtube.com/watch?v=TH_z2nHyct4,ATSH,ATSH_2025,"Anh Trai ""Say Hi"" 2025 -Tập 7: Cuộc đổ bộ 4 siêu phẩm cùng Bảo Thy, MIN, 52Hz, Mỹ Mỹ tại Livestage 3",VIDEO,PERFORMANCE,PRIMARY_BROADCASTER,EPISODE,OFFICIAL_PLAYLIST_COLLECTION,NEEDS_REVIEW,CANONICAL_OVERLAP,2025-11-01T12:30:11.000Z,7360,5929937,,,available,M5uwXGq8dZ92waEPT,https://www.youtube.com/watch?v=TH_z2nHyct4
youtube,U_KeF48W4qE,https://www.youtube.com/watch?v=U_KeF48W4qE,ATSH,ATSH_2025,"Anh Trai ""Say Hi"" 2025-Tập 4: Cú nổ lớn ngay tại Livestage 2, 4 đội hình mở màn cuộc chiến khốc liệt",VIDEO,PERFORMANCE,PRIMARY_BROADCASTER,EPISODE,OFFICIAL_PLAYLIST_COLLECTION,NEEDS_REVIEW,CANONICAL_OVERLAP,2025-10-11T13:00:06.000Z,8290,4514332,,,available,M5uwXGq8dZ92waEPT,https://www.youtube.com/watch?v=U_KeF48W4qE
youtube,Xdqdt6eobbk,https://www.youtube.com/watch?v=Xdqdt6eobbk,ATSH,ATSH_2025,"Anh Trai ""Say Hi"" 2025 Tập 8: BigDaddy Robber đột phá, Dance Battle với cỗ máy nhảy bí ẩn bung skill",VIDEO,UNKNOWN,PRIMARY_BROADCASTER,EPISODE,OFFICIAL_PLAYLIST_COLLECTION,NEEDS_REVIEW,NEEDS_REVIEW,2025-11-08T12:30:11.000Z,14894,5387840,,,available,M5uwXGq8dZ92waEPT,https://www.youtube.com/watch?v=Xdqdt6eobbk
youtube,CXrJ1_dTtz4,https://www.youtube.com/watch?v=CXrJ1_dTtz4&list=RDCXrJ1_dTtz4&start_radio=1,ATSH,ATSH_2025,TRẠM ĐẾN EM - LIÊN QUÂN 2 | Full EP Experience | TINH HÀ SAY HI,VIDEO,UNKNOWN_REUPLOAD,OFFICIAL_MUSIC_CHANNEL,SEASON,OFFICIAL_PLAYLIST_COLLECTION,NEEDS_REVIEW,NEEDS_REVIEW,2026-08-09T02:00:07.000Z,1098,531494,,,available,M5uwXGq8dZ92waEPT,https://www.youtube.com/watch?v=CXrJ1_dTtz4&list=RDCXrJ1_dTtz4&start_radio=1
youtube,cwlToxaWuL8,https://www.youtube.com/watch?v=cwlToxaWuL8&list=RDcwlToxaWuL8&start_radio=1,ATSH,ATSH_2025,"MRT - XUÂN ĐỊNH KY, buitruonglinh, CAPTAIN BOY, HYO | TINH HÀ SAY HI [PERFORMANCE]",VIDEO,UNKNOWN_REUPLOAD,OFFICIAL_MUSIC_CHANNEL,SEASON,OFFICIAL_PLAYLIST_COLLECTION,NEEDS_REVIEW,NEEDS_REVIEW,2026-08-09T04:00:06.000Z,372,831708,,,available,M5uwXGq8dZ92waEPT,https://www.youtube.com/watch?v=cwlToxaWuL8&list=RDcwlToxaWuL8&start_radio=1
youtube,vs5PyV_nvH8,https://www.youtube.com/watch?v=vs5PyV_nvH8,ATSH,ATSH_2025,"[Uncut] Full màn Rap Battle cực chiến của 2 Liên Quân, Ryn Lee xung phong đáp trả | Anh Trai Say Hi",VIDEO,UNCUT_EXTENDED,PRIMARY_BROADCASTER,SEASON,OFFICIAL_PLAYLIST_COLLECTION,ACCEPTED,ACCEPTED,2025-09-23T13:01:50.000Z,1839,280351,,,available,M5uwXGq8dZ92waEPT,https://www.youtube.com/watch?v=vs5PyV_nvH8
youtube,XUvWJyj273c,https://www.youtube.com/watch?v=XUvWJyj273c,ATSH,ATSH_2025,"[Uncut] Full màn chia tay đẫm lệ tại vòng loại đáng nhớ, cận cảnh OgeNus ""an ủi"" các Anh Trai",VIDEO,UNCUT_EXTENDED,PRIMARY_BROADCASTER,SEASON,OFFICIAL_PLAYLIST_COLLECTION,ACCEPTED,ACCEPTED,2025-10-21T12:59:19.000Z,9421,176496,,,available,M5uwXGq8dZ92waEPT,https://www.youtube.com/watch?v=XUvWJyj273c
youtube,5X8_IxZo8w8,https://www.youtube.com/watch?v=5X8_IxZo8w8,ATSH,ATSH_2025,"Anh Trai ""Say Hi"" 2025 -Tập 1: 30 Anh Trai ""Chill Guys Ngon Zai"" ""Độc Nhất Vô Nhị"" chào sân cực chất",VIDEO,UNKNOWN,PRIMARY_BROADCASTER,EPISODE,OFFICIAL_PLAYLIST_COLLECTION,NEEDS_REVIEW,NEEDS_REVIEW,2025-09-20T12:00:06.000Z,16685,10712930,,,available,M5uwXGq8dZ92waEPT,https://www.youtube.com/watch?v=5X8_IxZo8w8
youtube,v8WCvNSPSa0,https://www.youtube.com/watch?v=v8WCvNSPSa0,ATSH,ATSH_2025,"Anh Trai ""Say Hi"" 2025 -Tập 2: Team Vũ Cát Tường GILL KHOI VU RIO Sơn.K OgeNus công phá Livestage 1",VIDEO,PERFORMANCE,PRIMARY_BROADCASTER,EPISODE,OFFICIAL_PLAYLIST_COLLECTION,NEEDS_REVIEW,CANONICAL_OVERLAP,2025-09-27T12:00:06.000Z,11621,6943725,,,available,M5uwXGq8dZ92waEPT,https://www.youtube.com/watch?v=v8WCvNSPSa0
youtube,2HFRyTKYMAo,https://www.youtube.com/watch?v=2HFRyTKYMAo&list=RD2HFRyTKYMAo&start_radio=1,ATSH,ATSH_2025,Playlist Tinh Hà Say Hi: Tuyển Tập ĐẦY ĐỦ NHẤT Performance 3 Live Stage,VIDEO,COMPILATION,UNVERIFIED,SEASON,INFERRED,NEEDS_REVIEW,NEEDS_REVIEW,2026-08-10T12:00:03.000Z,4528,21648,,,available,M5uwXGq8dZ92waEPT,https://www.youtube.com/watch?v=2HFRyTKYMAo&list=RD2HFRyTKYMAo&start_radio=1
youtube,e-Zg0_bf9lA,https://www.youtube.com/watch?v=e-Zg0_bf9lA&list=RDe-Zg0_bf9lA&start_radio=1,ATSH,ATSH_2025,"ĐỘC NHẤT VÔ NHỊ - Liên Quân 2 khiến sân khấu ""nổ tung"" | Anh Trai Say Hi 2025 Concert [Live Stage]",VIDEO,PERFORMANCE,PRIMARY_BROADCASTER,SEASON,OFFICIAL_PLAYLIST_COLLECTION,ACCEPTED,ACCEPTED,2026-01-26T11:01:10.000Z,362,34685,,,available,M5uwXGq8dZ92waEPT,https://www.youtube.com/watch?v=e-Zg0_bf9lA&list=RDe-Zg0_bf9lA&start_radio=1
youtube,tSshdpvm2ko,https://www.youtube.com/watch?v=tSshdpvm2ko,ATSH,ATSH_2025,"Anh Trai ""Say Hi"" 2025 Concert Tập 1:Đắm chìm lần nữa vào MỘT ĐÊM ĐÁNG ĐẾM TẠI A MERRY X'MAS CONCERT",VIDEO,PERFORMANCE,PRIMARY_BROADCASTER,EPISODE,OFFICIAL_PLAYLIST_COLLECTION,ACCEPTED,ACCEPTED,2026-01-24T13:00:11.000Z,6480,2422238,,,available,M5uwXGq8dZ92waEPT,https://www.youtube.com/watch?v=tSshdpvm2ko
youtube,64Njw-cCJkg,https://www.youtube.com/watch?v=64Njw-cCJkg,ATSH,ATSH_2025,MỜI ĐOÀN MÌNH LÊN SÀN - GILL khiến cả sân khấu phải quẩy cùng | Anh Trai Say Hi 2025 [Livestage],VIDEO,PERFORMANCE,PRIMARY_BROADCASTER,SEASON,OFFICIAL_PLAYLIST_COLLECTION,ACCEPTED,ACCEPTED,2025-12-07T06:00:09.000Z,583,188182,,,available,M5uwXGq8dZ92waEPT,https://www.youtube.com/watch?v=64Njw-cCJkg
youtube,vBXDH2nltYY,https://www.youtube.com/watch?v=vBXDH2nltYY,ATSH,ATSH_2025,Anh Trai Say Hi: Tuyển tập khoảnh khắc vui nhất #3 - Chuyến Tàu Định Mệnh của các Anh Trai,VIDEO,RECAP,UNVERIFIED,SEASON,INFERRED,NEEDS_REVIEW,NEEDS_REVIEW,2026-03-17T12:00:07.000Z,10511,71803,,,available,M5uwXGq8dZ92waEPT,https://www.youtube.com/watch?v=vBXDH2nltYY
youtube,fBsruxXXeTc,https://www.youtube.com/watch?v=fBsruxXXeTc,ATSH,ATSH_2025,Tổng hợp UNCUT tập 1 Anh Trai Say Hi 2025 – Phần 1: Full màn Say Hi cực bá đạo của 30 Anh Trai,VIDEO,COMPILATION,OFFICIAL_DISTRIBUTION_PARTNER,EPISODE,OFFICIAL_PLAYLIST_COLLECTION,ACCEPTED,ACCEPTED,2025-10-09T13:00:06.000Z,14415,128395,,,available,M5uwXGq8dZ92waEPT,https://www.youtube.com/watch?v=fBsruxXXeTc
youtube,WeRZqP8TpJo,https://www.youtube.com/watch?v=WeRZqP8TpJo,ATSH,ATSH_2025,"NGẤT NGÂY CON GÀ TÂY - Sơn.K, CONGB, BigDaddy, Mason Nguyễn | Anh Trai Say Hi 2025 [Livestage]",VIDEO,PERFORMANCE,PRIMARY_BROADCASTER,SEASON,OFFICIAL_PLAYLIST_COLLECTION,ACCEPTED,ACCEPTED,2025-12-14T04:00:36.000Z,608,116160,,,available,M5uwXGq8dZ92waEPT,https://www.youtube.com/watch?v=WeRZqP8TpJo
youtube,nxTzWhDwv_Y,https://www.youtube.com/watch?v=nxTzWhDwv_Y&list=RDnxTzWhDwv_Y&start_radio=1,ATSH,ATSH_2025,"ALL EYES ON US - Official MV Theme Song | Anh Trai ""Say Hi"" 2025",VIDEO,UNKNOWN_REUPLOAD,OFFICIAL_MUSIC_CHANNEL,SEASON,OFFICIAL_PLAYLIST_COLLECTION,NEEDS_REVIEW,NEEDS_REVIEW,2025-09-17T13:00:07.000Z,352,4558827,,,available,M5uwXGq8dZ92waEPT,https://www.youtube.com/watch?v=nxTzWhDwv_Y&list=RDnxTzWhDwv_Y&start_radio=1
youtube,BP236Tcs5mk,https://www.youtube.com/watch?v=BP236Tcs5mk,ATSH,ATSH_2025,"Toàn cảnh tập nhảy SECRET: CONGB Cody Nam Võ đưa idea khiến biên đạo ""bó tay"" | Tinh Hà Say Hi Tập 6",VIDEO,BEHIND_THE_SCENES,UNVERIFIED,EPISODE,INFERRED,NEEDS_REVIEW,NEEDS_REVIEW,2026-08-11T05:00:15.000Z,1274,12642,,,available,M5uwXGq8dZ92waEPT,https://www.youtube.com/watch?v=BP236Tcs5mk
youtube,HdMx4Fq-lxo,https://www.youtube.com/watch?v=HdMx4Fq-lxo,ATSH,ATSH_2025,Anh Trai Say Hi 2025 - Tập 1: 6 Đội tranh tài căng thẳng cố giành Demo hoàn hảo,VIDEO,UNKNOWN,OFFICIAL_DISTRIBUTION_PARTNER,EPISODE,OFFICIAL_PLAYLIST_COLLECTION,NEEDS_REVIEW,NEEDS_REVIEW,2025-09-21T05:00:31.000Z,1409,23661,,,available,M5uwXGq8dZ92waEPT,https://www.youtube.com/watch?v=HdMx4Fq-lxo
youtube,3ClIC-yT-Fc,https://www.youtube.com/watch?v=3ClIC-yT-Fc,ATSH,ATSH_2025,NGƯỜI NHƯ ANH XỨNG ĐÁNG CÔ ĐƠN - Jey B Negav Vũ Cát Tường Ngô Kiến Huy Karik | Anh Trai Say Hi 2025,VIDEO,UNKNOWN,PRIMARY_BROADCASTER,SEASON,OFFICIAL_PLAYLIST_COLLECTION,NEEDS_REVIEW,NEEDS_REVIEW,2025-09-28T02:00:08.000Z,1168,978152,,,available,M5uwXGq8dZ92waEPT,https://www.youtube.com/watch?v=3ClIC-yT-Fc
youtube,V35glHJioZ8,https://www.youtube.com/watch?v=V35glHJioZ8,ATSH,ATSH_2025,ANH TRAI SAY HI 2025 CONCERT - DAY 1 RECAP: Nhìn lại những khoảnh khắc cháy hết mình của 30 Anh Trai,VIDEO,RECAP,PRIMARY_BROADCASTER,SEASON,OFFICIAL_PLAYLIST_COLLECTION,ACCEPTED,ACCEPTED,2026-02-08T13:00:58.000Z,574,4833,,,available,M5uwXGq8dZ92waEPT,https://www.youtube.com/watch?v=V35glHJioZ8
youtube,wF0JWdmgYPI,https://www.youtube.com/watch?v=wF0JWdmgYPI,ATSH,ATSH_2025,"HIGHLIGHT TẬP 6: Quang Hùng MasterD Dương Domic bật mood Liên Quân Trưởng, màn kết hợp gây tranh cãi",VIDEO,HIGHLIGHT,PRIMARY_BROADCASTER,EPISODE,OFFICIAL_PLAYLIST_COLLECTION,ACCEPTED,ACCEPTED,2026-08-05T13:00:06.000Z,1176,445305,,,available,M5uwXGq8dZ92waEPT,https://www.youtube.com/watch?v=wF0JWdmgYPI
youtube,Pj2qb3E0SqY,https://www.youtube.com/watch?v=Pj2qb3E0SqY,ATSH,ATSH_2025,"[Uncut] Ngô Kiến Huy Vũ Cát Tường song kiếm tạo miếng, Thái Ngân ""dính bẫy"" BigDaddy|Anh Trai Say Hi",VIDEO,UNCUT_EXTENDED,PRIMARY_BROADCASTER,SEASON,OFFICIAL_PLAYLIST_COLLECTION,ACCEPTED,ACCEPTED,2025-10-06T13:19:00.000Z,1992,33453,,,available,M5uwXGq8dZ92waEPT,https://www.youtube.com/watch?v=Pj2qb3E0SqY
youtube,7PH4PalhtQs,https://www.youtube.com/watch?v=7PH4PalhtQs&list=RD7PH4PalhtQs&start_radio=1,ATSH,ATSH_2025,"THOÁT RA KHỎI EM - RIO, Phúc Du, Thái Ngân, Jey B | Anh Trai ""Say Hi"" 2025 [Performance]",VIDEO,UNKNOWN_REUPLOAD,OFFICIAL_MUSIC_CHANNEL,SEASON,OFFICIAL_PLAYLIST_COLLECTION,NEEDS_REVIEW,NEEDS_REVIEW,2025-10-19T02:00:07.000Z,292,884506,,,available,M5uwXGq8dZ92waEPT,https://www.youtube.com/watch?v=7PH4PalhtQs&list=RD7PH4PalhtQs&start_radio=1
youtube,0MmOHdJddyE,https://www.youtube.com/watch?v=0MmOHdJddyE&list=RD0MmOHdJddyE&start_radio=1,ATSH,ATSH_2025,"SAY HI NEVER SAY GOODBYE - 30 Anh Trai | Anh Trai ""Say Hi"" Concert 2024",VIDEO,UNKNOWN_REUPLOAD,OFFICIAL_MUSIC_CHANNEL,SEASON,OFFICIAL_PLAYLIST_COLLECTION,NEEDS_REVIEW,NEEDS_REVIEW,2024-10-19T19:53:54.000Z,294,6735522,,,available,M5uwXGq8dZ92waEPT,https://www.youtube.com/watch?v=0MmOHdJddyE&list=RD0MmOHdJddyE&start_radio=1
youtube,x7FnxozM6CI,https://www.youtube.com/watch?v=x7FnxozM6CI&list=RDx7FnxozM6CI&start_radio=1,ATSH,ATSH_2025,"ẢO ẢNH - Vũ Cát Tường, Ryn Lee, GILL | Anh Trai ""Say Hi"" 2025 [Performance]",VIDEO,UNKNOWN_REUPLOAD,OFFICIAL_MUSIC_CHANNEL,SEASON,OFFICIAL_PLAYLIST_COLLECTION,NEEDS_REVIEW,NEEDS_REVIEW,2025-10-19T03:00:07.000Z,297,2127164,,,available,M5uwXGq8dZ92waEPT,https://www.youtube.com/watch?v=x7FnxozM6CI&list=RDx7FnxozM6CI&start_radio=1
youtube,ASwhjmbXvDY,https://www.youtube.com/watch?v=ASwhjmbXvDY,ATSH,ATSH_2025,CHILL GUYS NGON ZAI - Liên Quân 1 gây bão với phong cách cực chất |Anh Trai Say Hi 2025 [Live Stage],VIDEO,PERFORMANCE,PRIMARY_BROADCASTER,SEASON,OFFICIAL_PLAYLIST_COLLECTION,ACCEPTED,ACCEPTED,2025-09-21T02:00:09.000Z,703,566384,,,available,M5uwXGq8dZ92waEPT,https://www.youtube.com/watch?v=ASwhjmbXvDY
youtube,Cr5HV-cY9Z0,https://www.youtube.com/watch?v=Cr5HV-cY9Z0,ATSH,ATSH_2025,"UNCUT: Cận cảnh cuộc chiến cực căng SONG LUÂN WEAN, tiết lộ lý do HURRYKNG đi trốn | Tinh Hà Say Hi",VIDEO,UNCUT_EXTENDED,PRIMARY_BROADCASTER,SEASON,OFFICIAL_PLAYLIST_COLLECTION,ACCEPTED,ACCEPTED,2026-08-10T05:15:05.000Z,1615,30185,,,available,M5uwXGq8dZ92waEPT,https://www.youtube.com/watch?v=Cr5HV-cY9Z0
youtube,H0t99yQWJeA,https://www.youtube.com/watch?v=H0t99yQWJeA&list=RDH0t99yQWJeA&start_radio=1,ATSH,ATSH_2025,"NGẤT NGÂY CON GÀ TÂY - Anh Trai Say Hi 2025 Concert - Sơn.K, CONGB, BigDaddy, Mason Nguyễn",VIDEO,PERFORMANCE,PRIMARY_BROADCASTER,SEASON,OFFICIAL_PLAYLIST_COLLECTION,ACCEPTED,ACCEPTED,2026-03-16T16:30:06.000Z,449,63097,,,available,M5uwXGq8dZ92waEPT,https://www.youtube.com/watch?v=H0t99yQWJeA&list=RDH0t99yQWJeA&start_radio=1
youtube,sH9fdyS8Oxw,https://www.youtube.com/watch?v=sH9fdyS8Oxw,ATSH,ATSH_2025,"Nghi vấn CAPTAIN BOY cài người nhà, ĐỘI VÔ ĐỊNH ""xin vía"" TOP 1, buitruonglinh HYO tranh giải Oscars",VIDEO,UNKNOWN,PRIMARY_BROADCASTER,SEASON,OFFICIAL_PLAYLIST_COLLECTION,NEEDS_REVIEW,NEEDS_REVIEW,2026-08-07T04:20:39.000Z,1407,92338,,,available,M5uwXGq8dZ92waEPT,https://www.youtube.com/watch?v=sH9fdyS8Oxw
youtube,5y_35sqk-iU,https://www.youtube.com/watch?v=5y_35sqk-iU&list=RD5y_35sqk-iU&start_radio=1,ATSH,ATSH_2025,"AI YÊU ANH NHẤT - B Ray, NEGAV, GILL, Vương Bình | Anh Trai Say Hi 2025 [Livestage]",VIDEO,PERFORMANCE,PRIMARY_BROADCASTER,SEASON,OFFICIAL_PLAYLIST_COLLECTION,ACCEPTED,ACCEPTED,2025-12-14T06:00:12.000Z,494,24792,,,available,M5uwXGq8dZ92waEPT,https://www.youtube.com/watch?v=5y_35sqk-iU&list=RD5y_35sqk-iU&start_radio=1
youtube,tqxAaVe8KH0,https://www.youtube.com/watch?v=tqxAaVe8KH0,ATSH,ATSH_2025,"Tinh Hà ""Say Hi"" Teaser Trailer | TẬP 1 CHÍNH THỨC PHÁT SÓNG: 20H00 I THỨ BẢY 04.07.2026",VIDEO,TEASER_PREVIEW,PRIMARY_BROADCASTER,EPISODE,OFFICIAL_PLAYLIST_COLLECTION,ACCEPTED,ACCEPTED,2026-06-24T12:00:33.000Z,68,301913,,,available,M5uwXGq8dZ92waEPT,https://www.youtube.com/watch?v=tqxAaVe8KH0
youtube,eUEJe8EFe64,https://www.youtube.com/watch?v=eUEJe8EFe64,ATSH,ATSH_2025,"UNCUT: TOP tiêu chí TONGTAI Quang Hùng MasterD ""tuyển nhân sự"" Game Thể Lực | Tinh Hà Say Hi",VIDEO,UNCUT_EXTENDED,PRIMARY_BROADCASTER,SEASON,OFFICIAL_PLAYLIST_COLLECTION,ACCEPTED,ACCEPTED,2026-08-07T05:20:31.000Z,1496,51456,,,available,M5uwXGq8dZ92waEPT,https://www.youtube.com/watch?v=eUEJe8EFe64
youtube,YQRk6iDykHw,https://www.youtube.com/watch?v=YQRk6iDykHw,ATSH,ATSH_2025,"[Uncut] Full màn ""Say Hi"" của dàn Anh Trai, BigDaddy cố vị, BUITRUONGLINH GILL Sơn.K,... show skill",VIDEO,UNCUT_EXTENDED,PRIMARY_BROADCASTER,SEASON,OFFICIAL_PLAYLIST_COLLECTION,ACCEPTED,ACCEPTED,2025-10-02T13:01:08.000Z,7310,116995,,,available,M5uwXGq8dZ92waEPT,https://www.youtube.com/watch?v=YQRk6iDykHw
youtube,GeCKwuK5W4s,https://www.youtube.com/watch?v=GeCKwuK5W4s,ATSH,ATSH_2025,Anh Trai Say Hi: Tuyển tập khoảnh khắc vui nhất #4 - Đại chiến bể bơi của 30 Anh Trai,VIDEO,RECAP,UNVERIFIED,SEASON,INFERRED,NEEDS_REVIEW,NEEDS_REVIEW,2026-03-18T04:00:06.000Z,7367,183350,,,available,M5uwXGq8dZ92waEPT,https://www.youtube.com/watch?v=GeCKwuK5W4s
youtube,TPsm1y7A07c,https://www.youtube.com/watch?v=TPsm1y7A07c,ATSH,ATSH_2025,CHỜ ANH VỀ - B Ray x AMEE x MASEW màn collab vô cùng ấn tượng | Anh Trai Say Hi 2025 [Livestage],VIDEO,PERFORMANCE,PRIMARY_BROADCASTER,SEASON,OFFICIAL_PLAYLIST_COLLECTION,ACCEPTED,ACCEPTED,2025-12-07T04:00:35.000Z,1091,1720218,,,available,M5uwXGq8dZ92waEPT,https://www.youtube.com/watch?v=TPsm1y7A07c
youtube,Szg0NmaAZqE,https://www.youtube.com/watch?v=Szg0NmaAZqE,ATSH,ATSH_2025,"[Uncut] Full màn trải lòng đầy cảm xúc của 30 Anh Trai, những chia sẻ thầm kín lần đầu được tiết lộ",VIDEO,UNCUT_EXTENDED,PRIMARY_BROADCASTER,SEASON,OFFICIAL_PLAYLIST_COLLECTION,ACCEPTED,ACCEPTED,2025-10-08T05:32:06.000Z,6230,115528,,,available,M5uwXGq8dZ92waEPT,https://www.youtube.com/watch?v=Szg0NmaAZqE
youtube,tWnkq9zIK7A,https://www.youtube.com/watch?v=tWnkq9zIK7A,ATSH,ATSH_2025,"[BTS Tập 13] HERMOSA siêu lò vi sóng, các Anh Trai cùng nhau quẩy tại Solo Stage | ATSH 2025",VIDEO,BEHIND_THE_SCENES,OFFICIAL_DISTRIBUTION_PARTNER,EPISODE,OFFICIAL_PLAYLIST_COLLECTION,ACCEPTED,ACCEPTED,2025-12-07T11:01:45.000Z,522,16499,,,available,M5uwXGq8dZ92waEPT,https://www.youtube.com/watch?v=tWnkq9zIK7A
youtube,UMTDNjOL2KM,https://www.youtube.com/watch?v=UMTDNjOL2KM,ATSH,ATSH_2025,"Say Hi Rực Rỡ - Tập 8: Hội anh trai hoang mang với thước phim tự quay, hé lộ đêm trao giải đặc biệt",VIDEO,UNKNOWN,PRIMARY_PRODUCER,EPISODE,OFFICIAL_PLAYLIST_COLLECTION,NEEDS_REVIEW,NEEDS_REVIEW,2026-07-26T13:00:07.000Z,6684,607537,,,available,M5uwXGq8dZ92waEPT,https://www.youtube.com/watch?v=UMTDNjOL2KM
youtube,VZrf5Ks9Ixo,https://www.youtube.com/watch?v=VZrf5Ks9Ixo,ATSH,ATSH_2025,"HIGHLIGHT TẬP 14: B Ray Karik làm nhạc ""socola kẹo mút"", Robber quyết hơn thua, team Sơn.K ngất ngây",VIDEO,HIGHLIGHT,PRIMARY_BROADCASTER,EPISODE,OFFICIAL_PLAYLIST_COLLECTION,ACCEPTED,ACCEPTED,2025-12-12T13:00:44.000Z,1535,100214,,,available,M5uwXGq8dZ92waEPT,https://www.youtube.com/watch?v=VZrf5Ks9Ixo
youtube,sTUMLAuZKc4,https://www.youtube.com/watch?v=sTUMLAuZKc4,ATSH,ATSH_2025,"[TIẾT LỘ TẬP 13] Team Chạm ""HỘI NGỘ"", JSOL đến ủng hộ “em trai”",VIDEO,UNKNOWN,UNVERIFIED,EPISODE,INFERRED,NEEDS_REVIEW,NEEDS_REVIEW,2025-12-06T02:01:05.000Z,2455,13918,,,available,M5uwXGq8dZ92waEPT,https://www.youtube.com/watch?v=sTUMLAuZKc4
youtube,nU9pgOM-_7s,https://www.youtube.com/watch?v=nU9pgOM-_7s,ATSH,ATSH_2025,"Anh Trai Say Hi: Tuyển tập khoảnh khắc vui nhất #14 - Ngô Kiến Huy vào vai boy phố, Karik bị tố cáo",VIDEO,RECAP,UNVERIFIED,SEASON,INFERRED,NEEDS_REVIEW,NEEDS_REVIEW,2026-04-01T12:30:06.000Z,3843,21270,,,available,M5uwXGq8dZ92waEPT,https://www.youtube.com/watch?v=nU9pgOM-_7s
youtube,gYu-XroEElw,https://www.youtube.com/watch?v=gYu-XroEElw,ATSH,ATSH_2025,"WALK - HIEUTHUHAI, Negav, HURRYKNG, Pháp Kiều, ISAAC khuấy đảo đêm Chung Kết Anh Trai Say Hi 2025",VIDEO,UNKNOWN,UNVERIFIED,EPISODE,INFERRED,NEEDS_REVIEW,NEEDS_REVIEW,2025-12-14T11:28:54.000Z,897,104240,,,available,M5uwXGq8dZ92waEPT,https://www.youtube.com/watch?v=gYu-XroEElw
youtube,xIBKUvuO5Fk,https://www.youtube.com/watch?v=xIBKUvuO5Fk,ATSH,ATSH_2025,"Anh Trai Say Hi Tập 11: Team HURRYKNG - Atus tạo bất ngờ lớn, hé lộ dàn anh trai góp mặt chung kết",VIDEO,UNKNOWN,OFFICIAL_DISTRIBUTION_PARTNER,EPISODE,OFFICIAL_PLAYLIST_COLLECTION,NEEDS_REVIEW,NEEDS_REVIEW,2024-08-24T13:00:08.000Z,17319,18120906,,,available,M5uwXGq8dZ92waEPT,https://www.youtube.com/watch?v=xIBKUvuO5Fk
youtube,o3kMC5RE1cc,https://www.youtube.com/watch?v=o3kMC5RE1cc,ATSH,ATSH_2025,"( Reaction ) Tập 4 - Anh Trai ""Say Hi"" 2025 | LIVESTAGE 2, TEAM BRAY DIỄN TIẾT MỤC CHUNG KẾT SỚM !!!",VIDEO,PERFORMANCE,UNVERIFIED,EPISODE,INFERRED,NEEDS_REVIEW,NEEDS_REVIEW,2025-10-13T14:20:06.000Z,2730,101011,,,available,M5uwXGq8dZ92waEPT,https://www.youtube.com/watch?v=o3kMC5RE1cc
youtube,hoXkEDe4Rew,https://www.youtube.com/watch?v=hoXkEDe4Rew&list=RDhoXkEDe4Rew&start_radio=1,ATSH,ATSH_2025,Playlist FULL 10 Tiết Mục Livstage 4 Anh Trai Say Hi - 25 Anh Trai tỏa sáng như thể đêm chung kết,VIDEO,COMPILATION,UNVERIFIED,EPISODE,INFERRED,NEEDS_REVIEW,NEEDS_REVIEW,2025-11-24T13:45:06.000Z,2686,38911,,,available,M5uwXGq8dZ92waEPT,https://www.youtube.com/watch?v=hoXkEDe4Rew&list=RDhoXkEDe4Rew&start_radio=1
youtube,vIxVFg38U-g,https://www.youtube.com/watch?v=vIxVFg38U-g,ATSH,ATSH_2025,"Tập 11: OgeNus ý định giật giải KHÓC XẤU của BigDaddy, Bùi Duy Ngọc xuất hiện | Anh Trai Say Hi 2025",VIDEO,UNKNOWN,OFFICIAL_DISTRIBUTION_PARTNER,EPISODE,OFFICIAL_PLAYLIST_COLLECTION,NEEDS_REVIEW,NEEDS_REVIEW,2025-11-22T07:01:22.000Z,734,13392,,,available,M5uwXGq8dZ92waEPT,https://www.youtube.com/watch?v=vIxVFg38U-g
youtube,QJx96CYpJNU,https://www.youtube.com/watch?v=QJx96CYpJNU,ATSH,ATSH_2025,"Anh Trai Say Hi Tập 9: Hội anh em - hội kịch liên tục hội ngộ, vô số anh trai đánh mất nụ hôn đầu",VIDEO,UNKNOWN,OFFICIAL_DISTRIBUTION_PARTNER,EPISODE,OFFICIAL_PLAYLIST_COLLECTION,NEEDS_REVIEW,NEEDS_REVIEW,2024-08-17T13:00:08.000Z,15596,16362275,,,available,M5uwXGq8dZ92waEPT,https://www.youtube.com/watch?v=QJx96CYpJNU
youtube,ReC2ZGbo7n4,https://www.youtube.com/watch?v=ReC2ZGbo7n4,ATSH,ATSH_2025,"HIGHLIGHT TẬP 9: Lộ diện 2 ""thủ lĩnh mới"", B Ray Robber ""lặng người"" với 2H mất ngủ cùng Jaysonlei",VIDEO,HIGHLIGHT,PRIMARY_BROADCASTER,EPISODE,OFFICIAL_PLAYLIST_COLLECTION,ACCEPTED,ACCEPTED,2025-11-12T13:00:55.000Z,1322,404256,,,available,M5uwXGq8dZ92waEPT,https://www.youtube.com/watch?v=ReC2ZGbo7n4
youtube,Aqs13OxE9rs,https://www.youtube.com/watch?v=Aqs13OxE9rs,ATSH,ATSH_2025,"[Uncut] B Ray Robber rủ Thái Ngân giữ chuỗi đi thi, Ngô Kiến Huy khiếu nại miếng nội bộ của CONGB",VIDEO,UNCUT_EXTENDED,PRIMARY_BROADCASTER,SEASON,OFFICIAL_PLAYLIST_COLLECTION,ACCEPTED,ACCEPTED,2025-12-05T05:05:16.000Z,8163,73920,,,available,M5uwXGq8dZ92waEPT,https://www.youtube.com/watch?v=Aqs13OxE9rs
youtube,bk-lKnwLztc,https://www.youtube.com/watch?v=bk-lKnwLztc,ATSH,ATSH_2025,Anh Trai Say Hi 2025-Tập 12: Thăng hoa cảm xúc với loạt tiết mục solo bùng nổ mang đậm màu sắc riêng,VIDEO,PERFORMANCE,PRIMARY_BROADCASTER,EPISODE,OFFICIAL_PLAYLIST_COLLECTION,ACCEPTED,ACCEPTED,2025-11-29T12:30:11.000Z,11225,3513400,,,available,M5uwXGq8dZ92waEPT,https://www.youtube.com/watch?v=bk-lKnwLztc
youtube,_5-4wH4aiLU,https://www.youtube.com/watch?v=_5-4wH4aiLU,ATSH,ATSH_2025,"[BTS TẬP 10] Karik, B Ray ""này nọ"" với CONGB, Ngô Kiến Huy bị vạ lây vì chung team | ATSH 2025",VIDEO,BEHIND_THE_SCENES,OFFICIAL_DISTRIBUTION_PARTNER,EPISODE,OFFICIAL_PLAYLIST_COLLECTION,ACCEPTED,ACCEPTED,2025-11-19T03:59:47.000Z,754,41937,,,available,M5uwXGq8dZ92waEPT,https://www.youtube.com/watch?v=_5-4wH4aiLU
youtube,kr4xj89HwiI,https://www.youtube.com/watch?v=kr4xj89HwiI,ATSH,ATSH_2025,"GAME VÀO PHÒNG: Song Luân WEAN căng sức, Wren Evans bất bình dùm Pháp Kiều | Tinh Hà Say Hi Tập 5",VIDEO,CLIP_OR_SEGMENT,UNVERIFIED,EPISODE,INFERRED,NEEDS_REVIEW,NEEDS_REVIEW,2026-08-03T12:00:06.000Z,3458,153372,,,available,M5uwXGq8dZ92waEPT,https://www.youtube.com/watch?v=kr4xj89HwiI
youtube,H0M2a_ZngVA,https://www.youtube.com/watch?v=H0M2a_ZngVA,ATSH,ATSH_2025,Tổng hợp quảng cáo Anh Trai Say Hi 2025 tập 10 trên HTV2 Vie Channel và ON Vie Giải Trí (16/11/2025),VIDEO,COMPILATION,UNVERIFIED,EPISODE,INFERRED,NEEDS_REVIEW,NEEDS_REVIEW,2025-11-17T03:15:26.000Z,2593,610,,,available,M5uwXGq8dZ92waEPT,https://www.youtube.com/watch?v=H0M2a_ZngVA
youtube,-jba7xVTqVA,https://www.youtube.com/watch?v=-jba7xVTqVA,ATSH,ATSH_2025,[UNCUT TẬP 5] Cận cảnh biểu cảm của các Anh Trai khi biết top 6 bị loại | Anh Trai Say Hi 2025,VIDEO,UNCUT_EXTENDED,OFFICIAL_DISTRIBUTION_PARTNER,EPISODE,OFFICIAL_PLAYLIST_COLLECTION,ACCEPTED,ACCEPTED,2025-10-22T11:00:01.000Z,8560,13710,,,available,M5uwXGq8dZ92waEPT,https://www.youtube.com/watch?v=-jba7xVTqVA
youtube,9oe2Hk0vTxE,https://www.youtube.com/watch?v=9oe2Hk0vTxE,ATSH,ATSH_2025,"TINH HÀ SAY HI TẬP 2: 24 Anh Trai nâng cấp cuộc chiến, tranh đấu với 6 set quay Performance Video",VIDEO,PERFORMANCE,PRIMARY_BROADCASTER,EPISODE,OFFICIAL_PLAYLIST_COLLECTION,ACCEPTED,ACCEPTED,2026-07-11T13:00:06.000Z,15128,4871060,,,available,M5uwXGq8dZ92waEPT,https://www.youtube.com/watch?v=9oe2Hk0vTxE
youtube,u76BOoh4Ga8,https://www.youtube.com/watch?v=u76BOoh4Ga8,ATSH,ATSH_2025,Anh Trai Say Hi Tập 10: Đắm chìm cùng loạt tiết mục đẳng cấp tại Tứ Kết với mọi cung bậc cảm xúc,VIDEO,PERFORMANCE,OFFICIAL_DISTRIBUTION_PARTNER,EPISODE,OFFICIAL_PLAYLIST_COLLECTION,ACCEPTED,ACCEPTED,2024-08-18T13:00:08.000Z,10987,12337828,,,available,M5uwXGq8dZ92waEPT,https://www.youtube.com/watch?v=u76BOoh4Ga8
youtube,DDJXbr6NlCI,https://www.youtube.com/watch?v=DDJXbr6NlCI&list=PLxKLMN7WdG5D1LrbMdeJMn_fL9FrQbJ6V&index=10,EXSH,EXSH_2025,"Em Xinh Say Hi Tập 5: 4 màn so tài nghẹt thở, Em Xinh nào sẽ dừng chân sau Livestage 2 đầy cảm xúc?",VIDEO,PERFORMANCE,PRIMARY_BROADCASTER,EPISODE,OFFICIAL_PLAYLIST_COLLECTION,NEEDS_REVIEW,CANONICAL_OVERLAP,2025-06-28T13:00:06.000Z,10668,7420143,,,available,TixQy2mPtqIl9j2Dw,https://www.youtube.com/watch?v=DDJXbr6NlCI&list=PLxKLMN7WdG5D1LrbMdeJMn_fL9FrQbJ6V&index=10
youtube,GNW7dLmYUV8,https://www.youtube.com/watch?v=GNW7dLmYUV8&list=PLxKLMN7WdG5D1LrbMdeJMn_fL9FrQbJ6V&index=23,EXSH,EXSH_2025,"Phương Ly, Bảo Anh flex thế mạnh khiến ai cũng dè chừng, thế hệ cợt nhả Hoàng Duyên, Ngô Lan Hương",VIDEO,UNKNOWN,PRIMARY_BROADCASTER,SEASON,OFFICIAL_PLAYLIST_COLLECTION,NEEDS_REVIEW,NEEDS_REVIEW,2025-05-27T05:00:13.000Z,969,20890,,,available,TixQy2mPtqIl9j2Dw,https://www.youtube.com/watch?v=GNW7dLmYUV8&list=PLxKLMN7WdG5D1LrbMdeJMn_fL9FrQbJ6V&index=23
youtube,Qzc1gq34szk,https://www.youtube.com/watch?v=Qzc1gq34szk&list=PLxKLMN7WdG5D1LrbMdeJMn_fL9FrQbJ6V&index=21,EXSH,EXSH_2025,Em Xinh Bích Phương đến với chương trình với năng lượng 100% vui vẻ #shorts #EmXinhSayHi #EmXinh,SHORT,SHORT,PRIMARY_BROADCASTER,SEASON,OFFICIAL_PLAYLIST_COLLECTION,ACCEPTED,ACCEPTED,2025-05-05T07:00:32.000Z,122,30015,,,available,TixQy2mPtqIl9j2Dw,https://www.youtube.com/watch?v=Qzc1gq34szk&list=PLxKLMN7WdG5D1LrbMdeJMn_fL9FrQbJ6V&index=21
youtube,hiVt64PSzI0,https://www.youtube.com/watch?v=hiVt64PSzI0&list=PLxKLMN7WdG5D1LrbMdeJMn_fL9FrQbJ6V&index=9,EXSH,EXSH_2025,"Em Xinh Say Hi Tập 6: Lộ diện 6 đội chinh chiến Livestage 3, bất ngờ với luật chơi mới đầy khốc liệt",VIDEO,PERFORMANCE,PRIMARY_BROADCASTER,EPISODE,OFFICIAL_PLAYLIST_COLLECTION,NEEDS_REVIEW,CANONICAL_OVERLAP,2025-07-05T13:00:06.000Z,16829,9479666,,,available,TixQy2mPtqIl9j2Dw,https://www.youtube.com/watch?v=hiVt64PSzI0&list=PLxKLMN7WdG5D1LrbMdeJMn_fL9FrQbJ6V&index=9
youtube,YKUsVkMlU4I,https://www.youtube.com/watch?v=YKUsVkMlU4I&list=PLxKLMN7WdG5D1LrbMdeJMn_fL9FrQbJ6V&index=16,EXSH,EXSH_2025,"Em Xinh Bích Phương Tiên Tiên giao hữu, Phương Ly Pháo Liu Grace tung chiêu cực căng |Em Xinh Say Hi",VIDEO,UNKNOWN,PRIMARY_BROADCASTER,SEASON,OFFICIAL_PLAYLIST_COLLECTION,NEEDS_REVIEW,NEEDS_REVIEW,2025-05-27T13:07:31.000Z,809,397668,,,available,TixQy2mPtqIl9j2Dw,https://www.youtube.com/watch?v=YKUsVkMlU4I&list=PLxKLMN7WdG5D1LrbMdeJMn_fL9FrQbJ6V&index=16
youtube,p9jiaPI1a18,https://www.youtube.com/watch?v=p9jiaPI1a18&list=PLxKLMN7WdG5D1LrbMdeJMn_fL9FrQbJ6V&index=25,EXSH,EXSH_2025,Em Xinh Han Sara xin chào cả nhàaaa #shorts #EmXinhSayHi #EmXinh,SHORT,SHORT,PRIMARY_BROADCASTER,SEASON,OFFICIAL_PLAYLIST_COLLECTION,ACCEPTED,ACCEPTED,2025-05-06T05:00:47.000Z,108,26799,,,available,TixQy2mPtqIl9j2Dw,https://www.youtube.com/watch?v=p9jiaPI1a18&list=PLxKLMN7WdG5D1LrbMdeJMn_fL9FrQbJ6V&index=25
youtube,p6BEWnZ_WjE,https://www.youtube.com/watch?v=p6BEWnZ_WjE&list=PLxKLMN7WdG5D1LrbMdeJMn_fL9FrQbJ6V&index=13,EXSH,EXSH_2025,Em Xinh Say Hi Tập 2: 30 cực phẩm hội tụ - Đại chiến căng thẳng cùng 6 tiết mục dàn dựng công phu,VIDEO,PERFORMANCE,PRIMARY_BROADCASTER,EPISODE,OFFICIAL_PLAYLIST_COLLECTION,NEEDS_REVIEW,CANONICAL_OVERLAP,2025-06-07T13:00:06.000Z,11376,9228499,,,available,TixQy2mPtqIl9j2Dw,https://www.youtube.com/watch?v=p6BEWnZ_WjE&list=PLxKLMN7WdG5D1LrbMdeJMn_fL9FrQbJ6V&index=13
youtube,0p2FvtMpYDM,https://www.youtube.com/watch?v=0p2FvtMpYDM&list=PLxKLMN7WdG5D1LrbMdeJMn_fL9FrQbJ6V&index=26,EXSH,EXSH_2025,"Dàn Em Xinh bùng nổ visual xuất hiện chấn động tại Lễ Ra Mắt 30 Em Xinh | Em Xinh ""Say Hi""",VIDEO,INTERVIEW_PRESS,PRIMARY_BROADCASTER,SEASON,OFFICIAL_PLAYLIST_COLLECTION,ACCEPTED,ACCEPTED,2025-05-22T11:00:03.000Z,267,37063,,,available,TixQy2mPtqIl9j2Dw,https://www.youtube.com/watch?v=0p2FvtMpYDM&list=PLxKLMN7WdG5D1LrbMdeJMn_fL9FrQbJ6V&index=26
youtube,yHQh2HFU3zE,https://www.youtube.com/watch?v=yHQh2HFU3zE&list=PLxKLMN7WdG5D1LrbMdeJMn_fL9FrQbJ6V&index=17,EXSH,EXSH_2025,Các Anh Trai đã xuất hiện để cổ vũ Em Xinh Say Hi #shorts #emxinhsayhi,SHORT,SHORT,PRIMARY_BROADCASTER,SEASON,OFFICIAL_PLAYLIST_COLLECTION,ACCEPTED,ACCEPTED,2025-05-15T08:30:24.000Z,22,204351,,,available,TixQy2mPtqIl9j2Dw,https://www.youtube.com/watch?v=yHQh2HFU3zE&list=PLxKLMN7WdG5D1LrbMdeJMn_fL9FrQbJ6V&index=17
youtube,FcdcDXMln7o,https://www.youtube.com/watch?v=FcdcDXMln7o&list=PLxKLMN7WdG5D1LrbMdeJMn_fL9FrQbJ6V&index=28,EXSH,EXSH_2025,"Em Xinh Châu Bùi mong chờ thể hiện ""Châu Bùi trong âm nhạc"" với khán giả #EmXinhSayHi #EmXinh",VIDEO,UNKNOWN,PRIMARY_BROADCASTER,SEASON,OFFICIAL_PLAYLIST_COLLECTION,NEEDS_REVIEW,NEEDS_REVIEW,2025-05-06T07:00:16.000Z,177,22448,,,available,TixQy2mPtqIl9j2Dw,https://www.youtube.com/watch?v=FcdcDXMln7o&list=PLxKLMN7WdG5D1LrbMdeJMn_fL9FrQbJ6V&index=28
youtube,8bykG6rb308,https://www.youtube.com/watch?v=8bykG6rb308&list=PLxKLMN7WdG5D1LrbMdeJMn_fL9FrQbJ6V&index=19,EXSH,EXSH_2025,"Pháo, Chi Xê, Liu Grace “3 máy nói vô tri” hội tụ, Pháo Liu Grace ngỡ “battle rap”| Em Xinh “Say Hi”",VIDEO,UNKNOWN,PRIMARY_BROADCASTER,SEASON,OFFICIAL_PLAYLIST_COLLECTION,NEEDS_REVIEW,NEEDS_REVIEW,2025-05-07T14:00:20.000Z,730,32900,,,available,TixQy2mPtqIl9j2Dw,https://www.youtube.com/watch?v=8bykG6rb308&list=PLxKLMN7WdG5D1LrbMdeJMn_fL9FrQbJ6V&index=19
youtube,tgmugUoGjNw,https://www.youtube.com/watch?v=tgmugUoGjNw&list=PLxKLMN7WdG5D1LrbMdeJMn_fL9FrQbJ6V&index=27,EXSH,EXSH_2025,"Tiên Tiên vào vai EM BÉ của chương trình, Lyly hứa hẹn bộc lộ hết khía cạnh mới | Em Xinh ""Say Hi""",VIDEO,UNKNOWN,PRIMARY_BROADCASTER,SEASON,OFFICIAL_PLAYLIST_COLLECTION,NEEDS_REVIEW,NEEDS_REVIEW,2025-05-08T12:01:39.000Z,654,13119,,,available,TixQy2mPtqIl9j2Dw,https://www.youtube.com/watch?v=tgmugUoGjNw&list=PLxKLMN7WdG5D1LrbMdeJMn_fL9FrQbJ6V&index=27
youtube,O-_lQxbES_s,https://www.youtube.com/watch?v=O-_lQxbES_s&list=PLxKLMN7WdG5D1LrbMdeJMn_fL9FrQbJ6V&index=3,EXSH,EXSH_2025,Em Xinh Say Hi Tập 12: Loạt tiết mục solo đẳng cấp trình làng - 8 em xinh mở màn khuấy đảo sân khấu,VIDEO,PERFORMANCE,PRIMARY_BROADCASTER,EPISODE,OFFICIAL_PLAYLIST_COLLECTION,NEEDS_REVIEW,CANONICAL_OVERLAP,2025-08-16T13:00:06.000Z,11601,5965613,,,available,TixQy2mPtqIl9j2Dw,https://www.youtube.com/watch?v=O-_lQxbES_s&list=PLxKLMN7WdG5D1LrbMdeJMn_fL9FrQbJ6V&index=3
youtube,kK9BT6SVky4,https://www.youtube.com/watch?v=kK9BT6SVky4&list=PLxKLMN7WdG5D1LrbMdeJMn_fL9FrQbJ6V&index=30,EXSH,EXSH_2025,Bích Phương - Bảo Anh - LyLy - Juky San - Đào Tử A1J lộng lẫy đổ bộ họp báo #emxinhsayhi,VIDEO,INTERVIEW_PRESS,PRIMARY_BROADCASTER,SEASON,OFFICIAL_PLAYLIST_COLLECTION,ACCEPTED,ACCEPTED,2025-05-14T11:30:43.000Z,11,33107,,,available,TixQy2mPtqIl9j2Dw,https://www.youtube.com/watch?v=kK9BT6SVky4&list=PLxKLMN7WdG5D1LrbMdeJMn_fL9FrQbJ6V&index=30
youtube,-lFBuMLqfPA,https://www.youtube.com/watch?v=-lFBuMLqfPA&list=PLxKLMN7WdG5D1LrbMdeJMn_fL9FrQbJ6V&index=8,EXSH,EXSH_2025,"Em Xinh Say Hi Tập 7: Livestage 3 nóng hơn bao giờ hết, đại tiệc visual cùng loạt siêu phẩm ra mắt",VIDEO,PERFORMANCE,OFFICIAL_DISTRIBUTION_PARTNER,EPISODE,OFFICIAL_PLAYLIST_COLLECTION,NEEDS_REVIEW,CANONICAL_OVERLAP,2025-07-12T13:00:07.000Z,9028,6452819,,,available,TixQy2mPtqIl9j2Dw,https://www.youtube.com/watch?v=-lFBuMLqfPA&list=PLxKLMN7WdG5D1LrbMdeJMn_fL9FrQbJ6V&index=8
youtube,oOFm8qIiQdg,https://www.youtube.com/watch?v=oOFm8qIiQdg&list=PLxKLMN7WdG5D1LrbMdeJMn_fL9FrQbJ6V&index=29,EXSH,EXSH_2025,"Em Xinh Ngô Lan Hương quyết làm ""em xinh thư giãn"" #shorts #EmXinhSayHi #EmXinh",SHORT,SHORT,PRIMARY_BROADCASTER,SEASON,OFFICIAL_PLAYLIST_COLLECTION,ACCEPTED,ACCEPTED,2025-05-07T05:00:50.000Z,123,18956,,,available,TixQy2mPtqIl9j2Dw,https://www.youtube.com/watch?v=oOFm8qIiQdg&list=PLxKLMN7WdG5D1LrbMdeJMn_fL9FrQbJ6V&index=29
youtube,O86YTeWG7q4,https://www.youtube.com/watch?v=O86YTeWG7q4&list=PLxKLMN7WdG5D1LrbMdeJMn_fL9FrQbJ6V&index=4,EXSH,EXSH_2025,"Em Xinh Say Hi Tập 11: Team Phương Ly - LyHan kết màn cực đẳng cấp, lộ diện đội hình Livestage 5",VIDEO,PERFORMANCE,PRIMARY_BROADCASTER,EPISODE,OFFICIAL_PLAYLIST_COLLECTION,NEEDS_REVIEW,CANONICAL_OVERLAP,2025-08-09T13:00:06.000Z,21229,9076673,,,available,TixQy2mPtqIl9j2Dw,https://www.youtube.com/watch?v=O86YTeWG7q4&list=PLxKLMN7WdG5D1LrbMdeJMn_fL9FrQbJ6V&index=4
youtube,piJAY4GF8s0,https://www.youtube.com/watch?v=piJAY4GF8s0&list=PLxKLMN7WdG5D1LrbMdeJMn_fL9FrQbJ6V&index=5,EXSH,EXSH_2025,"Em Xinh Say Hi Tập 10: Màn so tài nghẹt thở tại Livestage 4, team nào sẽ giữ vững vị trí HOT CHAIR?",VIDEO,PERFORMANCE,PRIMARY_BROADCASTER,EPISODE,OFFICIAL_PLAYLIST_COLLECTION,NEEDS_REVIEW,CANONICAL_OVERLAP,2025-08-02T13:00:06.000Z,13023,7131023,,,available,TixQy2mPtqIl9j2Dw,https://www.youtube.com/watch?v=piJAY4GF8s0&list=PLxKLMN7WdG5D1LrbMdeJMn_fL9FrQbJ6V&index=5
youtube,VfQsZe_fhwM,https://www.youtube.com/watch?v=VfQsZe_fhwM&list=PLxKLMN7WdG5D1LrbMdeJMn_fL9FrQbJ6V&index=24,EXSH,EXSH_2025,"Hội chị em ĐỒNG GEN mới gặp mà đã ăn ý, Lâm Bảo Ngọc rủ Phương Mỹ Chi đu trend | Em Xinh “Say Hi”",VIDEO,UNKNOWN,PRIMARY_BROADCASTER,SEASON,OFFICIAL_PLAYLIST_COLLECTION,NEEDS_REVIEW,NEEDS_REVIEW,2025-05-09T12:00:52.000Z,545,17448,,,available,TixQy2mPtqIl9j2Dw,https://www.youtube.com/watch?v=VfQsZe_fhwM&list=PLxKLMN7WdG5D1LrbMdeJMn_fL9FrQbJ6V&index=24
youtube,PiYnzheu9-Y,https://www.youtube.com/watch?v=PiYnzheu9-Y&list=PLxKLMN7WdG5D1LrbMdeJMn_fL9FrQbJ6V&index=22,EXSH,EXSH_2025,"Bích Phương đính chính ""thích lười"" - Mộng Cam - Vũ Thảo My theo đuổi hệ tâm linh | Em Xinh “Say Hi”",VIDEO,UNKNOWN,PRIMARY_BROADCASTER,SEASON,OFFICIAL_PLAYLIST_COLLECTION,NEEDS_REVIEW,NEEDS_REVIEW,2025-05-14T12:00:46.000Z,674,19175,,,available,TixQy2mPtqIl9j2Dw,https://www.youtube.com/watch?v=PiYnzheu9-Y&list=PLxKLMN7WdG5D1LrbMdeJMn_fL9FrQbJ6V&index=22
youtube,DNOYwiaVstY,https://www.youtube.com/watch?v=DNOYwiaVstY&list=PLxKLMN7WdG5D1LrbMdeJMn_fL9FrQbJ6V&index=2,EXSH,EXSH_2025,Em Xinh Say Hi Tập 13: Chạm đỉnh cảm xúc cùng 8 tiết mục kết màn vòng SOLO đầy cuốn hút,VIDEO,PERFORMANCE,PRIMARY_BROADCASTER,EPISODE,OFFICIAL_PLAYLIST_COLLECTION,NEEDS_REVIEW,CANONICAL_OVERLAP,2025-08-17T13:00:06.000Z,8886,4310805,,,available,TixQy2mPtqIl9j2Dw,https://www.youtube.com/watch?v=DNOYwiaVstY&list=PLxKLMN7WdG5D1LrbMdeJMn_fL9FrQbJ6V&index=2
youtube,W82CmMFLINw,https://www.youtube.com/watch?v=W82CmMFLINw&list=PLxKLMN7WdG5D1LrbMdeJMn_fL9FrQbJ6V&index=20,EXSH,EXSH_2025,"Bích Phương ""chưa chuẩn bị gì hết"" khi đến show còn Ánh Sáng AZA thì ""chạy cật lực""|Em Xinh ""Say Hi""",VIDEO,UNKNOWN,PRIMARY_BROADCASTER,SEASON,OFFICIAL_PLAYLIST_COLLECTION,NEEDS_REVIEW,NEEDS_REVIEW,2025-05-07T13:00:53.000Z,783,27066,,,available,TixQy2mPtqIl9j2Dw,https://www.youtube.com/watch?v=W82CmMFLINw&list=PLxKLMN7WdG5D1LrbMdeJMn_fL9FrQbJ6V&index=20
youtube,qVliOE9Pg4U,https://www.youtube.com/watch?v=qVliOE9Pg4U&list=PLxKLMN7WdG5D1LrbMdeJMn_fL9FrQbJ6V&index=11,EXSH,EXSH_2025,"Em Xinh Say Hi Tập 4: Livestage 2 mở màn cùng 4 tiết mục gây sốt, visual đỉnh – âm nhạc cực chất!",VIDEO,PERFORMANCE,PRIMARY_BROADCASTER,EPISODE,OFFICIAL_PLAYLIST_COLLECTION,NEEDS_REVIEW,CANONICAL_OVERLAP,2025-06-21T13:00:06.000Z,9118,8051553,,,available,TixQy2mPtqIl9j2Dw,https://www.youtube.com/watch?v=qVliOE9Pg4U&list=PLxKLMN7WdG5D1LrbMdeJMn_fL9FrQbJ6V&index=11
youtube,ReSz2CrbOnA,https://www.youtube.com/watch?v=ReSz2CrbOnA&list=PLxKLMN7WdG5D1LrbMdeJMn_fL9FrQbJ6V&index=18,EXSH,EXSH_2025,"Orange được HIEUTHUHAI, Atus khuyên mà lạ lắm, Lamoon mang 100% tích cực đến show | Em Xinh ""Say Hi""",VIDEO,UNKNOWN,PRIMARY_BROADCASTER,SEASON,OFFICIAL_PLAYLIST_COLLECTION,NEEDS_REVIEW,NEEDS_REVIEW,2025-05-07T04:00:34.000Z,656,54849,,,available,TixQy2mPtqIl9j2Dw,https://www.youtube.com/watch?v=ReSz2CrbOnA&list=PLxKLMN7WdG5D1LrbMdeJMn_fL9FrQbJ6V&index=18
youtube,ya31HMyeHX0,https://www.youtube.com/watch?v=ya31HMyeHX0&list=PLxKLMN7WdG5D1LrbMdeJMn_fL9FrQbJ6V&index=15,EXSH,EXSH_2025,"THE REAL AURA -  Official MV Theme Song | Em Xinh ""Say Hi""",VIDEO,UNKNOWN_REUPLOAD,OFFICIAL_MUSIC_CHANNEL,SEASON,OFFICIAL_PLAYLIST_COLLECTION,NEEDS_REVIEW,NEEDS_REVIEW,2025-05-28T13:00:07.000Z,389,5407888,,,available,TixQy2mPtqIl9j2Dw,https://www.youtube.com/watch?v=ya31HMyeHX0&list=PLxKLMN7WdG5D1LrbMdeJMn_fL9FrQbJ6V&index=15
youtube,CzJbD44jU6Y,https://www.youtube.com/watch?v=CzJbD44jU6Y,THSH,THSH_2026,"Pháp Kiều - WEAN mở bát ""NỞ HOA"", huyền thoại ""HOA LÊ"" quay lại lợi hại hơn xưa | TINH HÀ SAY HI",VIDEO,UNKNOWN,UNVERIFIED,SEASON,INFERRED,NEEDS_REVIEW,NEEDS_REVIEW,2026-08-01T02:48:40.000Z,1419,37602,,,available,W1tKZGzU3uGHBIo5U,https://www.youtube.com/watch?v=CzJbD44jU6Y
youtube,9Ydft3BqWXs,https://www.youtube.com/watch?v=9Ydft3BqWXs&list=RD9Ydft3BqWXs&start_radio=1,THSH,THSH_2026,MƯA VỘI PHÓNG (MVP) | TINH HÀ SAY HI | OFFICIAL VISUALIZER,VIDEO,UNKNOWN_REUPLOAD,OFFICIAL_MUSIC_CHANNEL,SEASON,OFFICIAL_PLAYLIST_COLLECTION,NEEDS_REVIEW,NEEDS_REVIEW,2026-08-05T12:00:24.000Z,305,40434,,,available,W1tKZGzU3uGHBIo5U,https://www.youtube.com/watch?v=9Ydft3BqWXs&list=RD9Ydft3BqWXs&start_radio=1
youtube,Cr5HV-cY9Z0,https://www.youtube.com/watch?v=Cr5HV-cY9Z0,THSH,THSH_2026,"UNCUT: Cận cảnh cuộc chiến cực căng SONG LUÂN WEAN, tiết lộ lý do HURRYKNG đi trốn | Tinh Hà Say Hi",VIDEO,UNCUT_EXTENDED,PRIMARY_BROADCASTER,SEASON,OFFICIAL_PLAYLIST_COLLECTION,ACCEPTED,ACCEPTED,2026-08-10T05:15:05.000Z,1615,30185,,,available,W1tKZGzU3uGHBIo5U,https://www.youtube.com/watch?v=Cr5HV-cY9Z0
youtube,BP236Tcs5mk,https://www.youtube.com/watch?v=BP236Tcs5mk,THSH,THSH_2026,"Toàn cảnh tập nhảy SECRET: CONGB Cody Nam Võ đưa idea khiến biên đạo ""bó tay"" | Tinh Hà Say Hi Tập 6",VIDEO,BEHIND_THE_SCENES,UNVERIFIED,EPISODE,INFERRED,NEEDS_REVIEW,NEEDS_REVIEW,2026-08-11T05:00:15.000Z,1274,12681,,,available,W1tKZGzU3uGHBIo5U,https://www.youtube.com/watch?v=BP236Tcs5mk
youtube,cwlToxaWuL8,https://www.youtube.com/watch?v=cwlToxaWuL8&list=RDcwlToxaWuL8&start_radio=1,THSH,THSH_2026,"MRT - XUÂN ĐỊNH KY, buitruonglinh, CAPTAIN BOY, HYO | TINH HÀ SAY HI [PERFORMANCE]",VIDEO,UNKNOWN_REUPLOAD,OFFICIAL_MUSIC_CHANNEL,SEASON,OFFICIAL_PLAYLIST_COLLECTION,NEEDS_REVIEW,NEEDS_REVIEW,2026-08-09T04:00:06.000Z,372,831708,,,available,W1tKZGzU3uGHBIo5U,https://www.youtube.com/watch?v=cwlToxaWuL8&list=RDcwlToxaWuL8&start_radio=1
youtube,E-Yc2gKgu6s,https://www.youtube.com/watch?v=E-Yc2gKgu6s,THSH,THSH_2026,TOP 1 CÁI MỎ nói lia lịa như cái chợ khiến các anh trai khác phải NGÁN NGẨM | Tinh Hà Say Hi,VIDEO,COMPILATION,UNVERIFIED,SEASON,INFERRED,NEEDS_REVIEW,NEEDS_REVIEW,2026-08-07T13:00:39.000Z,1228,13963,,,available,W1tKZGzU3uGHBIo5U,https://www.youtube.com/watch?v=E-Yc2gKgu6s
youtube,1ldd8tgMv-M,https://www.youtube.com/watch?v=1ldd8tgMv-M,THSH,THSH_2026,TOGETHER WE SHINE | Nhật Ký Phòng Tập - Tinh Hà Say Hi,VIDEO,BEHIND_THE_SCENES,UNVERIFIED,SEASON,INFERRED,NEEDS_REVIEW,NEEDS_REVIEW,2026-07-09T05:14:37.000Z,970,18438,,,available,W1tKZGzU3uGHBIo5U,https://www.youtube.com/watch?v=1ldd8tgMv-M
youtube,lDK2rP5ORmo,https://www.youtube.com/watch?v=lDK2rP5ORmo,THSH,THSH_2026,"NGỌT XỈU khoảnh khắc Dương Domic đón Pháp Kiều về đội y hệt ""TRUYỆN CỔ TÍCH"" | Tinh Hà Say Hi",VIDEO,HIGHLIGHT,UNVERIFIED,SEASON,INFERRED,NEEDS_REVIEW,NEEDS_REVIEW,2026-08-04T12:30:06.000Z,1306,8639,,,available,W1tKZGzU3uGHBIo5U,https://www.youtube.com/watch?v=lDK2rP5ORmo
youtube,wF0JWdmgYPI,https://www.youtube.com/watch?v=wF0JWdmgYPI,THSH,THSH_2026,"HIGHLIGHT TẬP 6: Quang Hùng MasterD Dương Domic bật mood Liên Quân Trưởng, màn kết hợp gây tranh cãi",VIDEO,HIGHLIGHT,PRIMARY_BROADCASTER,EPISODE,OFFICIAL_PLAYLIST_COLLECTION,ACCEPTED,ACCEPTED,2026-08-05T13:00:06.000Z,1176,445342,,,available,W1tKZGzU3uGHBIo5U,https://www.youtube.com/watch?v=wF0JWdmgYPI
youtube,NTNZhCQZqs8,https://www.youtube.com/watch?v=NTNZhCQZqs8,THSH,THSH_2026,"Dương Lâm giữ chuỗi xuất hiện tại ""Say Hi"", trận bóng KỲ THÚ với 7749 nhân dạng LẠ | TINH HÀ SAY HI",VIDEO,UNKNOWN,UNVERIFIED,SEASON,INFERRED,NEEDS_REVIEW,NEEDS_REVIEW,2026-07-16T03:41:04.000Z,1204,48238,,,available,W1tKZGzU3uGHBIo5U,https://www.youtube.com/watch?v=NTNZhCQZqs8
youtube,OdqLJ_DHw6M,https://www.youtube.com/watch?v=OdqLJ_DHw6M,THSH,THSH_2026,Tinh Hà Say Hi - Tập 3: Lộ diện 6 Đội Trưởng & Full Demo bài hát Live Stage 2,VIDEO,MUSIC_ASSET,UNVERIFIED,EPISODE,INFERRED,NEEDS_REVIEW,NEEDS_REVIEW,2026-07-23T12:00:38.000Z,863,3754,,,available,W1tKZGzU3uGHBIo5U,https://www.youtube.com/watch?v=OdqLJ_DHw6M
youtube,4fk_IdZArYs,https://www.youtube.com/watch?v=4fk_IdZArYs,THSH,THSH_2026,"Trấn Thành được phen cười ná thở với ""trọng tài"" Dương Lâm, CONGB và vũ điệu ăn mừng |Tinh Hà Say Hi",VIDEO,UNKNOWN,UNVERIFIED,SEASON,INFERRED,NEEDS_REVIEW,NEEDS_REVIEW,2026-07-20T06:54:06.000Z,2099,177099,,,available,W1tKZGzU3uGHBIo5U,https://www.youtube.com/watch?v=4fk_IdZArYs
youtube,_TY8jqZHuE8,https://www.youtube.com/watch?v=_TY8jqZHuE8&list=RD_TY8jqZHuE8&start_radio=1,THSH,THSH_2026,"Sảnh chờ TẬP 1 TINH HÀ ""SAY HI"" - hóng màn ra mắt của 24 Anh Trai cùng playlist nhà ""Say Hi""",VIDEO,TEASER_PREVIEW,UNVERIFIED,EPISODE,INFERRED,NEEDS_REVIEW,NEEDS_REVIEW,2026-07-04T05:00:07.000Z,12824,67106,,,available,W1tKZGzU3uGHBIo5U,https://www.youtube.com/watch?v=_TY8jqZHuE8&list=RD_TY8jqZHuE8&start_radio=1
youtube,xETexMuAMFw,https://www.youtube.com/watch?v=xETexMuAMFw&list=RDxETexMuAMFw&start_radio=1,THSH,THSH_2026,"Chill cùng TOP 15 HIT mới nhất từ Tinh Hà ""Say Hi"": Thế Giới Của Anh, 50 Cuộc Gọi Nhỡ, Mất La Bàn...",VIDEO,COMPILATION,UNVERIFIED,SEASON,INFERRED,NEEDS_REVIEW,NEEDS_REVIEW,2026-08-04T05:10:06.000Z,4410,58066,,,available,W1tKZGzU3uGHBIo5U,https://www.youtube.com/watch?v=xETexMuAMFw&list=RDxETexMuAMFw&start_radio=1
youtube,6JYezwyG9Dc,https://www.youtube.com/watch?v=6JYezwyG9Dc,THSH,THSH_2026,"MRT - XUÂN ĐỊNH KY, buitruonglinh, CAPTAIN BOY, HYO - bản ballad từ EP-TRẠM ĐẾN EM | TINH HÀ SAY HI",VIDEO,UNKNOWN,UNVERIFIED,SEASON,INFERRED,NEEDS_REVIEW,NEEDS_REVIEW,2026-08-09T03:30:01.000Z,1227,54987,,,available,W1tKZGzU3uGHBIo5U,https://www.youtube.com/watch?v=6JYezwyG9Dc
youtube,7I9obn4JoNo,https://www.youtube.com/watch?v=7I9obn4JoNo,THSH,THSH_2026,[DOLLIE REACTION] TINH HÀ SAY HI TẬP 6: Vòng Đấu EP | Team Quang Hùng MasterD - EP: TRẠM ĐẾN EM,VIDEO,REACTION_COMMENTARY,UNVERIFIED,EPISODE,INFERRED,NEEDS_REVIEW,NEEDS_REVIEW,2026-08-11T11:55:58.000Z,4950,12963,,,available,W1tKZGzU3uGHBIo5U,https://www.youtube.com/watch?v=7I9obn4JoNo
youtube,AtIHwHuj8SQ,https://www.youtube.com/watch?v=AtIHwHuj8SQ,THSH,THSH_2026,"TINH HÀ SAY HI TẬP 1: 24 Anh Trai đối mặt thử thách MV THEMESONG,ngập tràn twist với độ khó nâng cấp",VIDEO,CAST_CONTENT,PRIMARY_BROADCASTER,EPISODE,OFFICIAL_PLAYLIST_COLLECTION,NEEDS_REVIEW,CANONICAL_OVERLAP,2026-07-04T12:00:06.000Z,19096,8044135,,,available,W1tKZGzU3uGHBIo5U,https://www.youtube.com/watch?v=AtIHwHuj8SQ
youtube,qG5IGZuYHl8,https://www.youtube.com/watch?v=qG5IGZuYHl8,THSH,THSH_2026,"Cuộc đua ""khắc nghiệt"" cỡ nào mà các Anh Trai quằn cỡ này | TINH HÀ SAY HI",VIDEO,UNKNOWN,UNVERIFIED,SEASON,INFERRED,NEEDS_REVIEW,NEEDS_REVIEW,2026-07-18T02:00:12.000Z,1319,31538,,,available,W1tKZGzU3uGHBIo5U,https://www.youtube.com/watch?v=qG5IGZuYHl8
youtube,IO1vbkRBM20,https://www.youtube.com/watch?v=IO1vbkRBM20,THSH,THSH_2026,"RUN TO YOU - Ali Hoàng Dương, IVAN, KIMLONG, Song Luân từ EP - TRẠM ĐẾN EM | TINH HÀ SAY HI",VIDEO,UNKNOWN,UNVERIFIED,SEASON,INFERRED,NEEDS_REVIEW,NEEDS_REVIEW,2026-08-09T04:30:10.000Z,1973,9130,,,available,W1tKZGzU3uGHBIo5U,https://www.youtube.com/watch?v=IO1vbkRBM20
youtube,F3AAcXvwM3E,https://www.youtube.com/watch?v=F3AAcXvwM3E,THSH,THSH_2026,HURRYKNG cười toe toét khi nghe thấy tên Idol và cái kết chọn đội ngã ngửa | Tinh Hà Say Hi,VIDEO,UNKNOWN,UNVERIFIED,SEASON,INFERRED,NEEDS_REVIEW,NEEDS_REVIEW,2026-08-03T05:34:27.000Z,1019,23431,,,available,W1tKZGzU3uGHBIo5U,https://www.youtube.com/watch?v=F3AAcXvwM3E
youtube,Dd78O2L9ZIA,https://www.youtube.com/watch?v=Dd78O2L9ZIA,THSH,THSH_2026,"HURRYKNG soán ngôi ""CHƠI DƠ NHẤT"", Pháp Kiều truyền gen ""XÌ-LAY"" cho Ca Siêu | Tinh Hà ""Say Hi""",VIDEO,UNKNOWN,UNVERIFIED,SEASON,INFERRED,NEEDS_REVIEW,NEEDS_REVIEW,2026-07-20T04:51:24.000Z,2074,183641,,,available,W1tKZGzU3uGHBIo5U,https://www.youtube.com/watch?v=Dd78O2L9ZIA
youtube,PWZCdwX6Id0,https://www.youtube.com/watch?v=PWZCdwX6Id0,THSH,THSH_2026,"BTS: Dương Domic Song Luân tình thương mến thương, CONGB buitruonglinh thị phạm trước Dance Battle",VIDEO,BEHIND_THE_SCENES,PRIMARY_BROADCASTER,SEASON,OFFICIAL_PLAYLIST_COLLECTION,ACCEPTED,ACCEPTED,2026-08-12T05:01:54.000Z,511,3918,,,available,W1tKZGzU3uGHBIo5U,https://www.youtube.com/watch?v=PWZCdwX6Id0
youtube,CzOsMP8d5GY,https://www.youtube.com/watch?v=CzOsMP8d5GY,THSH,THSH_2026,Cody Nam Võ BẬT KHÓC vì áp lực LẦN ĐẦU LÀM ĐỘI TRƯỞNG khiến các Anh Trai ĐAU LÒNG | Tinh Hà Say Hi,VIDEO,UNKNOWN,UNVERIFIED,SEASON,INFERRED,NEEDS_REVIEW,NEEDS_REVIEW,2026-08-11T12:30:06.000Z,1451,6035,,,available,W1tKZGzU3uGHBIo5U,https://www.youtube.com/watch?v=CzOsMP8d5GY
youtube,a_6hZ48Sx_k,https://www.youtube.com/watch?v=a_6hZ48Sx_k,THSH,THSH_2026,"DANCE PRACTICE | MỘNG DUYÊN - Quang Hùng MasterD, JSOL, Sơn.K, Song Luân | TINH HÀ SAY HI",VIDEO,DANCE_PRACTICE,PRIMARY_BROADCASTER,SEASON,OFFICIAL_PLAYLIST_COLLECTION,ACCEPTED,ACCEPTED,2026-08-05T04:01:55.000Z,1390,36610,,,available,W1tKZGzU3uGHBIo5U,https://www.youtube.com/watch?v=a_6hZ48Sx_k
youtube,gGzQhCp2SQk,https://www.youtube.com/watch?v=gGzQhCp2SQk&list=RDgGzQhCp2SQk&start_radio=1,THSH,THSH_2026,"SECRET - LINE DISTRIBUTION - Team Cody Nam Võ | Tinh Hà ""Say Hi""",VIDEO,DANCE_PRACTICE,UNVERIFIED,SEASON,INFERRED,NEEDS_REVIEW,NEEDS_REVIEW,2026-08-11T12:00:16.000Z,623,2160,,,available,W1tKZGzU3uGHBIo5U,https://www.youtube.com/watch?v=gGzQhCp2SQk&list=RDgGzQhCp2SQk&start_radio=1
youtube,YR82TIJFbwM,https://www.youtube.com/watch?v=YR82TIJFbwM,THSH,THSH_2026,"NHẬT KÝ “EP: TRẠM ĐẾN EM"" team Quang Hùng MasterD, POV: chuyến tàu về quê nghỉ lễ | Tinh Hà Say Hi",VIDEO,CAST_CONTENT,PRIMARY_BROADCASTER,SEASON,OFFICIAL_PLAYLIST_COLLECTION,ACCEPTED,ACCEPTED,2026-08-12T04:00:47.000Z,592,5268,,,available,W1tKZGzU3uGHBIo5U,https://www.youtube.com/watch?v=YR82TIJFbwM
youtube,2u7MI2f5A1g,https://www.youtube.com/watch?v=2u7MI2f5A1g,THSH,THSH_2026,"CONGB bật khóc giữa phòng chờ LIVESTAGE 3, JSOL nhận xét đối thủ ""CÁI TÔI CAO"" | TINH HÀ SAY HI",VIDEO,PERFORMANCE,UNVERIFIED,SEASON,INFERRED,NEEDS_REVIEW,NEEDS_REVIEW,2026-08-06T02:00:35.000Z,1054,126746,,,available,W1tKZGzU3uGHBIo5U,https://www.youtube.com/watch?v=2u7MI2f5A1g
youtube,63mloriuYFI,https://www.youtube.com/watch?v=63mloriuYFI,THSH,THSH_2026,"Màn ""quánh ghen"" Song Luân áo quần tả tơi, kết quả của trận chiến cuối mới HẾT HỒN | Tinh Hà Say Hi",VIDEO,UNKNOWN,UNVERIFIED,SEASON,INFERRED,NEEDS_REVIEW,NEEDS_REVIEW,2026-08-03T03:31:42.000Z,1485,56236,,,available,W1tKZGzU3uGHBIo5U,https://www.youtube.com/watch?v=63mloriuYFI
youtube,pfZ_y-qC9rU,https://www.youtube.com/watch?v=pfZ_y-qC9rU,THSH,THSH_2026,Tinh Hà Say Hi Tập 6: Hành trình 14 ngày chạy nước rút hoàn thiện EP Trạm Đến Em của Liên Quân 2,VIDEO,BEHIND_THE_SCENES,UNVERIFIED,EPISODE,INFERRED,NEEDS_REVIEW,NEEDS_REVIEW,2026-08-12T06:22:17.000Z,1742,47,,,available,W1tKZGzU3uGHBIo5U,https://www.youtube.com/watch?v=pfZ_y-qC9rU
youtube,zoaPaVFD7TY,https://www.youtube.com/watch?v=zoaPaVFD7TY,THSH,THSH_2026,"Tinh Hà Say Hi - Tập 1: CoolKid ""đuổi thẳng"" JSOL, HURRYKNG hứa 1 nụ hôn, ""cái đuôi nhỏ"" VƯƠNG BÌNH",VIDEO,UNKNOWN,UNVERIFIED,EPISODE,INFERRED,NEEDS_REVIEW,NEEDS_REVIEW,2026-07-07T05:00:26.000Z,981,11151,,,available,W1tKZGzU3uGHBIo5U,https://www.youtube.com/watch?v=zoaPaVFD7TY
youtube,LnZjcfspWfM,https://www.youtube.com/watch?v=LnZjcfspWfM,THSH,THSH_2026,"TINH HÀ SAY HI TẬP 3: Đại hội thể thao ""độc lạ"", hé lộ các màn KẾT HỢP LẦN ĐẦU TIÊN tại  Livestage 2",VIDEO,PERFORMANCE,PRIMARY_BROADCASTER,EPISODE,OFFICIAL_PLAYLIST_COLLECTION,NEEDS_REVIEW,CANONICAL_OVERLAP,2026-07-18T12:00:07.000Z,20342,6356956,,,available,W1tKZGzU3uGHBIo5U,https://www.youtube.com/watch?v=LnZjcfspWfM
youtube,sWY60CTYH2Y,https://www.youtube.com/watch?v=sWY60CTYH2Y,THSH,THSH_2026,"Game Lăn Bóng Tinh Hà: Dàn Anh Trai diện outfit kỳ lạ, quyết chiến giành bóng | Tinh Hà Say Hi Tập 3",VIDEO,CLIP_OR_SEGMENT,UNVERIFIED,EPISODE,INFERRED,NEEDS_REVIEW,NEEDS_REVIEW,2026-07-21T12:00:15.000Z,4262,32442,,,available,W1tKZGzU3uGHBIo5U,https://www.youtube.com/watch?v=sWY60CTYH2Y
youtube,r22u8-lUuQ8,https://www.youtube.com/watch?v=r22u8-lUuQ8,THSH,THSH_2026,"Game Siêu Tốc Độ: 24 Anh Trai ""vắt chân lên cổ"" chạy tiếp sức cùng Mascot | Tinh Hà Say Hi Tập 3",VIDEO,CLIP_OR_SEGMENT,UNVERIFIED,EPISODE,INFERRED,NEEDS_REVIEW,NEEDS_REVIEW,2026-07-21T11:00:00.000Z,2050,52700,,,available,W1tKZGzU3uGHBIo5U,https://www.youtube.com/watch?v=r22u8-lUuQ8
youtube,00vqufE21Xw,https://www.youtube.com/watch?v=00vqufE21Xw&list=RD00vqufE21Xw&start_radio=1,THSH,THSH_2026,"Sảnh chờ TẬP 6 TINH HÀ ""SAY HI"" - chờ đón RUN TO YOU, MRT, SECRET cùng Liên Quân 2 tại LIVESTAGE 3",VIDEO,TEASER_PREVIEW,UNVERIFIED,EPISODE,INFERRED,NEEDS_REVIEW,NEEDS_REVIEW,2026-08-08T05:00:07.000Z,9292,16008,,,available,W1tKZGzU3uGHBIo5U,https://www.youtube.com/watch?v=00vqufE21Xw&list=RD00vqufE21Xw&start_radio=1
youtube,Ilqu9tZJ1_U,https://www.youtube.com/watch?v=Ilqu9tZJ1_U,THSH,THSH_2026,HIGHLIGHT TẬP 6 CƯỜI RẦN RẦN: Ali Hoàng Dương nổ Tiếng Anh sai bét và cái kết QUÊ MỘT CỤC | Tinh Hà,VIDEO,HIGHLIGHT,UNVERIFIED,EPISODE,INFERRED,NEEDS_REVIEW,NEEDS_REVIEW,2026-08-06T04:15:06.000Z,1506,84196,,,available,W1tKZGzU3uGHBIo5U,https://www.youtube.com/watch?v=Ilqu9tZJ1_U
youtube,cKWkVIdmqKU,https://www.youtube.com/watch?v=cKWkVIdmqKU,THSH,THSH_2026,"XEM TRƯỚC TẬP 4: 2 Liên Quân ""battle"" không thương tiếc, công bố trang phục 6 đội | Tinh Hà Say Hi",VIDEO,TEASER_PREVIEW,OFFICIAL_DISTRIBUTION_PARTNER,EPISODE,OFFICIAL_PLAYLIST_COLLECTION,ACCEPTED,ACCEPTED,2026-07-23T03:14:02.000Z,990,60520,,,available,W1tKZGzU3uGHBIo5U,https://www.youtube.com/watch?v=cKWkVIdmqKU
youtube,kr4xj89HwiI,https://www.youtube.com/watch?v=kr4xj89HwiI,THSH,THSH_2026,"GAME VÀO PHÒNG: Song Luân WEAN căng sức, Wren Evans bất bình dùm Pháp Kiều | Tinh Hà Say Hi Tập 5",VIDEO,CLIP_OR_SEGMENT,UNVERIFIED,EPISODE,INFERRED,NEEDS_REVIEW,NEEDS_REVIEW,2026-08-03T12:00:06.000Z,3458,153372,,,available,W1tKZGzU3uGHBIo5U,https://www.youtube.com/watch?v=kr4xj89HwiI
youtube,v7Wv1olzyNA,https://www.youtube.com/watch?v=v7Wv1olzyNA,THSH,THSH_2026,"CỰC SỐC ""THÂN PHẬN THẬT"" của các Anh Trai được tiết lộ trong tập 5, ai là Trùm Cuối | Tinh Hà Say Hi",VIDEO,UNKNOWN,UNVERIFIED,EPISODE,INFERRED,NEEDS_REVIEW,NEEDS_REVIEW,2026-07-30T13:00:07.000Z,1807,90302,,,available,W1tKZGzU3uGHBIo5U,https://www.youtube.com/watch?v=v7Wv1olzyNA
youtube,Rb3hfEPyJxQ,https://www.youtube.com/watch?v=Rb3hfEPyJxQ&list=RDRb3hfEPyJxQ&start_radio=1,THSH,THSH_2026,"SECRET - Cody Nam Võ, Quang Hùng MasterD, Wren Evans, CONGB | TINH HÀ SAY HI [PERFORMANCE]",VIDEO,UNKNOWN_REUPLOAD,OFFICIAL_MUSIC_CHANNEL,SEASON,OFFICIAL_PLAYLIST_COLLECTION,NEEDS_REVIEW,NEEDS_REVIEW,2026-08-09T05:00:06.000Z,320,1794054,,,available,W1tKZGzU3uGHBIo5U,https://www.youtube.com/watch?v=Rb3hfEPyJxQ&list=RDRb3hfEPyJxQ&start_radio=1
youtube,9oe2Hk0vTxE,https://www.youtube.com/watch?v=9oe2Hk0vTxE,THSH,THSH_2026,"TINH HÀ SAY HI TẬP 2: 24 Anh Trai nâng cấp cuộc chiến, tranh đấu với 6 set quay Performance Video",VIDEO,PERFORMANCE,PRIMARY_BROADCASTER,EPISODE,OFFICIAL_PLAYLIST_COLLECTION,NEEDS_REVIEW,CANONICAL_OVERLAP,2026-07-11T13:00:06.000Z,15128,4871170,,,available,W1tKZGzU3uGHBIo5U,https://www.youtube.com/watch?v=9oe2Hk0vTxE
youtube,pJWXb8ofStw,https://www.youtube.com/watch?v=pJWXb8ofStw,THSH,THSH_2026,"Say Hi Rực Rỡ - Tập 2: ""Dành Dành"" Đức Phúc phát tán sức hút, các anh trai ""sợ hãi"" Dương Lâm",VIDEO,UNKNOWN,PRIMARY_PRODUCER,EPISODE,OFFICIAL_PLAYLIST_COLLECTION,NEEDS_REVIEW,NEEDS_REVIEW,2026-06-14T13:00:07.000Z,7173,2863735,,,available,W1tKZGzU3uGHBIo5U,https://www.youtube.com/watch?v=pJWXb8ofStw
youtube,efMuQ678sbM,https://www.youtube.com/watch?v=efMuQ678sbM&list=RDefMuQ678sbM&start_radio=1,THSH,THSH_2026,"Tổng hợp 6 bài hát BÙNG NỔ Livestage 2 TINH HÀ SAY HI: Mộng Duyên, Mưa Vội Phóng, Thế Giới Của Anh..",VIDEO,COMPILATION,UNVERIFIED,SEASON,INFERRED,NEEDS_REVIEW,NEEDS_REVIEW,2026-07-27T02:51:01.000Z,1818,182919,,,available,W1tKZGzU3uGHBIo5U,https://www.youtube.com/watch?v=efMuQ678sbM&list=RDefMuQ678sbM&start_radio=1
youtube,zCnWDjEq-NY,https://www.youtube.com/watch?v=zCnWDjEq-NY&list=RDzCnWDjEq-NY&start_radio=1,THSH,THSH_2026,"Trọn bộ 12 tiết mục LIVESTAGE 1&2 Tinh Hà ""Say Hi"" - Mộng Duyên, Mưa Vội Phóng, IDNAT,...",VIDEO,COMPILATION,UNVERIFIED,SEASON,INFERRED,NEEDS_REVIEW,NEEDS_REVIEW,2026-07-27T05:00:19.000Z,3470,109579,,,available,W1tKZGzU3uGHBIo5U,https://www.youtube.com/watch?v=zCnWDjEq-NY&list=RDzCnWDjEq-NY&start_radio=1
youtube,wgOC10x9OX4,https://www.youtube.com/watch?v=wgOC10x9OX4&list=RDwgOC10x9OX4&start_radio=1,THSH,THSH_2026,"FULL 6 Tiết Mục Live Stage 2 - Tinh Hà Say Hi | Mộng Duyên, Mưa Vội Phóng, Có Gì Đâu Mà Cay,...",VIDEO,COMPILATION,OFFICIAL_DISTRIBUTION_PARTNER,SEASON,OFFICIAL_PLAYLIST_COLLECTION,ACCEPTED,ACCEPTED,2026-07-27T04:53:33.000Z,1830,99488,,,available,W1tKZGzU3uGHBIo5U,https://www.youtube.com/watch?v=wgOC10x9OX4&list=RDwgOC10x9OX4&start_radio=1
youtube,ywaS_0fVwgM,https://www.youtube.com/watch?v=ywaS_0fVwgM,THSH,THSH_2026,"[BTS] Tinh tế như Wren Evans chăm sóc IVAN, Ali Hoàng Dương ""đâm chọt"" WEAN | Tinh Hà Say Hi - Tập 2",VIDEO,BEHIND_THE_SCENES,OFFICIAL_DISTRIBUTION_PARTNER,EPISODE,OFFICIAL_PLAYLIST_COLLECTION,ACCEPTED,ACCEPTED,2026-07-15T06:21:34.000Z,1046,52809,,,available,W1tKZGzU3uGHBIo5U,https://www.youtube.com/watch?v=ywaS_0fVwgM
youtube,L-1bIOHKXIw,https://www.youtube.com/watch?v=L-1bIOHKXIw,THSH,THSH_2026,"XEM TRƯỚC TẬP 2: IVAN làm thơ tiếng Việt, hé lộ 6 sân khấu Live Stage 1 | Tinh Hà Say Hi - Tập 2",VIDEO,TEASER_PREVIEW,OFFICIAL_DISTRIBUTION_PARTNER,EPISODE,OFFICIAL_PLAYLIST_COLLECTION,ACCEPTED,ACCEPTED,2026-07-11T03:00:33.000Z,1469,26875,,,available,W1tKZGzU3uGHBIo5U,https://www.youtube.com/watch?v=L-1bIOHKXIw
youtube,ZZdWztAF6Qs,https://www.youtube.com/watch?v=ZZdWztAF6Qs&list=RDZZdWztAF6Qs&start_radio=1,THSH,THSH_2026,"TINH HÀ SAY HI PLAYLIST | FULL 6 TIẾT MỤC LIVESTAGE 2: Mộng Duyên, Thế Giới Của Anh,...",VIDEO,UNKNOWN_REUPLOAD,OFFICIAL_MUSIC_CHANNEL,SEASON,OFFICIAL_PLAYLIST_COLLECTION,NEEDS_REVIEW,NEEDS_REVIEW,2026-08-03T12:00:14.000Z,1768,21173,,,available,W1tKZGzU3uGHBIo5U,https://www.youtube.com/watch?v=ZZdWztAF6Qs&list=RDZZdWztAF6Qs&start_radio=1
youtube,G8D8xVwhRy8,https://www.youtube.com/watch?v=G8D8xVwhRy8&list=PLt3LgMEKzFxy03fvdFk_rEtjfVJfD8pUq&index=15,ATVNCG,ATVNCG_2024,Anh Trai Vượt Ngàn Chông Gai 2024 - Tập 1 | 33 Anh Tài “bung miếng” & concert cháy hết mình,VIDEO,PERFORMANCE,PRIMARY_PRODUCER_BROADCASTER,EPISODE,OFFICIAL_PLAYLIST_COLLECTION,NEEDS_REVIEW,CANONICAL_OVERLAP,2024-06-29T13:30:07.000Z,9021,9633408,,,available,5qWXsxtUoecRLfh75,https://www.youtube.com/watch?v=G8D8xVwhRy8&list=PLt3LgMEKzFxy03fvdFk_rEtjfVJfD8pUq&index=15
youtube,-LAdXYSoPLk,https://www.youtube.com/watch?v=-LAdXYSoPLk&list=PLt3LgMEKzFxxvhzWqiZPdQsr84wrtmK1A&index=12,CDDG,CDDG_2023,"Tập 4 | Thử thách tập luyện căng thẳng, đội nào sẽ vượt ải ngoạn mục? - Chị Đẹp Đạp Gió Rẽ Sóng 2023",VIDEO,CAST_CONTENT,PRIMARY_PRODUCER_BROADCASTER,EPISODE,OFFICIAL_PLAYLIST_COLLECTION,NEEDS_REVIEW,CANONICAL_OVERLAP,2023-11-18T14:45:13.000Z,7209,3565324,,,available,Nm0uV0CdE8TP5YEgh,https://www.youtube.com/watch?v=-LAdXYSoPLk&list=PLt3LgMEKzFxxvhzWqiZPdQsr84wrtmK1A&index=12
youtube,iGJjD9CT3tQ,https://www.youtube.com/watch?v=iGJjD9CT3tQ&list=PLt3LgMEKzFxxvhzWqiZPdQsr84wrtmK1A&index=10,CDDG,CDDG_2023,"Tập 6 | Thử thách luyện tập và hóa trang, Hồng Nhung bỗng ""hồi teen""? - Chị Đẹp Đạp Gió Rẽ Sóng 2023",VIDEO,CAST_CONTENT,PRIMARY_PRODUCER_BROADCASTER,EPISODE,OFFICIAL_PLAYLIST_COLLECTION,NEEDS_REVIEW,CANONICAL_OVERLAP,2023-12-02T14:45:10.000Z,6901,2723263,,,available,Nm0uV0CdE8TP5YEgh,https://www.youtube.com/watch?v=iGJjD9CT3tQ&list=PLt3LgMEKzFxxvhzWqiZPdQsr84wrtmK1A&index=10
youtube,UuAXAlZvmtY,https://www.youtube.com/watch?v=UuAXAlZvmtY&list=PLt3LgMEKzFxxvhzWqiZPdQsr84wrtmK1A&index=3,CDDG,CDDG_2023,"Tập 13 | Thu Phương khóc vì Đại Minh Tinh, Nguyên Hà áp lực tập nhảy - Chị Đẹp Đạp Gió Rẽ Sóng 2023",VIDEO,DANCE_PRACTICE,PRIMARY_PRODUCER_BROADCASTER,EPISODE,OFFICIAL_PLAYLIST_COLLECTION,NEEDS_REVIEW,CANONICAL_OVERLAP,2024-01-21T11:20:04.000Z,7138,2077977,,,available,Nm0uV0CdE8TP5YEgh,https://www.youtube.com/watch?v=UuAXAlZvmtY&list=PLt3LgMEKzFxxvhzWqiZPdQsr84wrtmK1A&index=3
youtube,CvQC5KgiK7c,https://www.youtube.com/watch?v=CvQC5KgiK7c&list=PLt3LgMEKzFxz2EslvirjbydcPyz_MZErF&index=11,CDDG,CDDG_2024,"Chị Đẹp Đạp Gió 2024 - Tập 5 | Ngọc Phước KHÓC NẤC vì Thu Phương, Thiều Bảo Trâm nhận THỬ THÁCH KHÓ",VIDEO,CAST_CONTENT,OFFICIAL_DISTRIBUTION_PARTNER,EPISODE,OFFICIAL_PLAYLIST_COLLECTION,NEEDS_REVIEW,CANONICAL_OVERLAP,2024-11-23T13:30:07.000Z,8976,2671156,,,available,feieHpG3pLAJw9qYM,https://www.youtube.com/watch?v=CvQC5KgiK7c&list=PLt3LgMEKzFxz2EslvirjbydcPyz_MZErF&index=11
youtube,DUhuOYsHjLs,https://www.youtube.com/watch?v=DUhuOYsHjLs&list=RDDUhuOYsHjLs&start_radio=1,RAPVIET,RAPVIET_2020,Bùng nổ với playlist bản rap triệu view replay không ngừng từ các quái vật cực chiến 2 mùa Rap Việt,VIDEO,UNKNOWN_REUPLOAD,OFFICIAL_MUSIC_CHANNEL,SEASON,OFFICIAL_PLAYLIST_COLLECTION,NEEDS_REVIEW,NEEDS_REVIEW,2025-01-19T13:45:50.000Z,7187,1045750,,,available,i8Yes35BVH22XIPbc,https://www.youtube.com/watch?v=DUhuOYsHjLs&list=RDDUhuOYsHjLs&start_radio=1
youtube,DaCtL3pjcFs,https://www.youtube.com/watch?v=DaCtL3pjcFs,RAPVIET,RAPVIET_2020,FAPtv Cơm Nguội: Tập 232 - Giấc Mơ Rap Việt,VIDEO,UNKNOWN,UNVERIFIED,EPISODE,INFERRED,NEEDS_REVIEW,NEEDS_REVIEW,2021-01-04T13:51:06.000Z,4014,7284791,,,available,i8Yes35BVH22XIPbc,https://www.youtube.com/watch?v=DaCtL3pjcFs
youtube,q3Ng-eJV8ow,https://www.youtube.com/watch?v=q3Ng-eJV8ow&list=RDq3Ng-eJV8ow&start_radio=1,RAPVIET,RAPVIET_2020,"Thần thái chuẩn sao, TLinh khiến ai cũng bị hút vào với bản rap Chú Chó Trên Ô Tô | RAP VIỆT",VIDEO,UNKNOWN,PRIMARY_BROADCASTER,SEASON,OFFICIAL_PLAYLIST_COLLECTION,NEEDS_REVIEW,NEEDS_REVIEW,2020-11-08T04:30:03.000Z,758,4759916,,,available,i8Yes35BVH22XIPbc,https://www.youtube.com/watch?v=q3Ng-eJV8ow&list=RDq3Ng-eJV8ow&start_radio=1
youtube,vOpFr1UejLw,https://www.youtube.com/watch?v=vOpFr1UejLw&list=RDvOpFr1UejLw&start_radio=1,RAPVIET,RAPVIET_2020,PLAYLIST TỔNG HỢP BẢN RAP CỰC CHÁY quẩy banh nóc replay mỏi tay của Rap Việt 2024,VIDEO,UNKNOWN_REUPLOAD,OFFICIAL_MUSIC_CHANNEL,SEASON,OFFICIAL_PLAYLIST_COLLECTION,NEEDS_REVIEW,NEEDS_REVIEW,2025-01-06T14:41:46.000Z,4259,237865,,,available,i8Yes35BVH22XIPbc,https://www.youtube.com/watch?v=vOpFr1UejLw&list=RDvOpFr1UejLw&start_radio=1
youtube,odYn70WbAYg,https://www.youtube.com/watch?v=odYn70WbAYg&list=RDodYn70WbAYg&start_radio=1,RAPVIET,RAPVIET_2020,Những bản rap dựa trên những tuyệt tác bất hủ ở mùa 1 và 2| Rap Việt,VIDEO,UNKNOWN,PRIMARY_BROADCASTER,SEASON,OFFICIAL_PLAYLIST_COLLECTION,NEEDS_REVIEW,NEEDS_REVIEW,2022-02-24T13:00:20.000Z,1656,3132398,,,available,i8Yes35BVH22XIPbc,https://www.youtube.com/watch?v=odYn70WbAYg&list=RDodYn70WbAYg&start_radio=1
youtube,qf669rs8G4Q,https://www.youtube.com/watch?v=qf669rs8G4Q,RAPVIET,RAPVIET_2020,Chung kết KING OF RAP Tập 15 | Trận chiến tìm Quán quân - Ai là rapper tỷ phú?,VIDEO,UNKNOWN,UNVERIFIED,EPISODE,INFERRED,NEEDS_REVIEW,NEEDS_REVIEW,2020-11-14T14:45:09.000Z,7251,2474693,,,available,i8Yes35BVH22XIPbc,https://www.youtube.com/watch?v=qf669rs8G4Q
youtube,Zc4yvStIEmA,https://www.youtube.com/watch?v=Zc4yvStIEmA&list=RDZc4yvStIEmA&start_radio=1,RAPVIET,RAPVIET_2020,Fan phấn khích mạnh khi được thấy bộ 6 quyền lực live theme song|Đây Là Rap Việt,VIDEO,UNKNOWN_REUPLOAD,OFFICIAL_MUSIC_CHANNEL,SEASON,OFFICIAL_PLAYLIST_COLLECTION,NEEDS_REVIEW,NEEDS_REVIEW,2023-04-12T14:00:23.000Z,214,1819676,,,available,i8Yes35BVH22XIPbc,https://www.youtube.com/watch?v=Zc4yvStIEmA&list=RDZc4yvStIEmA&start_radio=1
youtube,xrK2VheacxM,https://www.youtube.com/watch?v=xrK2VheacxM,RAPVIET,RAPVIET_2020,"KING OF RAP Tập 1 | HIEUTHUHAI như B Ray trong thành phố, Sóc Nâu - KIỀU LOAN khiến 4 HLV náo loạn",VIDEO,UNKNOWN,UNVERIFIED,EPISODE,INFERRED,NEEDS_REVIEW,NEEDS_REVIEW,2020-08-01T16:00:12.000Z,4632,7773497,,,available,i8Yes35BVH22XIPbc,https://www.youtube.com/watch?v=xrK2VheacxM
youtube,pKvmjDL7uk4,https://www.youtube.com/watch?v=pKvmjDL7uk4&list=RDpKvmjDL7uk4&start_radio=1,RAPVIET,RAPVIET_2020,"Đây Là Rap Việt (feat. Binz, Justatee, Rhymastic, Suboi, Wowy, Karik)",VIDEO,UNKNOWN,UNVERIFIED,SEASON,INFERRED,NEEDS_REVIEW,NEEDS_REVIEW,2023-03-10T14:12:41.000Z,181,371557,,,available,i8Yes35BVH22XIPbc,https://www.youtube.com/watch?v=pKvmjDL7uk4&list=RDpKvmjDL7uk4&start_radio=1
youtube,ywMn_mROf8Y,https://www.youtube.com/watch?v=ywMn_mROf8Y,RAPVIET,RAPVIET_2020,"Màn công bố kết quả chung cuộc kịch tính của RAP VIỆT, Quán quân gọi tên Dế Choắt team Wowy",VIDEO,UNKNOWN,UNVERIFIED,SEASON,INFERRED,NEEDS_REVIEW,NEEDS_REVIEW,2020-11-18T03:30:02.000Z,985,2615447,,,available,i8Yes35BVH22XIPbc,https://www.youtube.com/watch?v=ywMn_mROf8Y
youtube,XzO4-H6Rfas,https://www.youtube.com/watch?v=XzO4-H6Rfas&list=RDXzO4-H6Rfas&start_radio=1,RAPVIET,RAPVIET_2020,Playlist : Những bản rap làm nên tên tuổi Rap Việt - Mùa 1,VIDEO,UNKNOWN,PRIMARY_BROADCASTER,SEASON,OFFICIAL_PLAYLIST_COLLECTION,NEEDS_REVIEW,NEEDS_REVIEW,2021-07-10T14:00:20.000Z,3836,4313225,,,available,i8Yes35BVH22XIPbc,https://www.youtube.com/watch?v=XzO4-H6Rfas&list=RDXzO4-H6Rfas&start_radio=1
youtube,Kg-8JeBCrBc,https://www.youtube.com/watch?v=Kg-8JeBCrBc,RAPVIET,RAPVIET_2020,"SPIDEYBOY - CAPTAIN: Một giây sơ sẩy, “Biển tình” cuốn Nhân Nhện đi xa  | KING OF RAP Tập 7",VIDEO,UNKNOWN,UNVERIFIED,EPISODE,INFERRED,NEEDS_REVIEW,NEEDS_REVIEW,2020-09-23T03:00:01.000Z,1168,153133,,,available,i8Yes35BVH22XIPbc,https://www.youtube.com/watch?v=Kg-8JeBCrBc
youtube,C53HeQnpV68,https://www.youtube.com/watch?v=C53HeQnpV68&list=RDC53HeQnpV68&start_radio=1,RAPVIET,RAPVIET_2020,"Dân Chơi Xóm (feat. Justatee, RPT MCK)",VIDEO,UNKNOWN,UNVERIFIED,SEASON,INFERRED,NEEDS_REVIEW,NEEDS_REVIEW,2023-03-22T06:41:23.000Z,153,662354,,,available,i8Yes35BVH22XIPbc,https://www.youtube.com/watch?v=C53HeQnpV68&list=RDC53HeQnpV68&start_radio=1
youtube,7jQipab-Ddc,https://www.youtube.com/watch?v=7jQipab-Ddc&list=RD7jQipab-Ddc&start_radio=1,RAPVIET,RAPVIET_2020,WOWY - THIÊN ĐÀNG ft JOLIPOLI ( tại ELLE SHOW ) Full version,VIDEO,UNKNOWN,UNVERIFIED,SEASON,INFERRED,NEEDS_REVIEW,NEEDS_REVIEW,2020-10-05T23:30:13.000Z,226,129323586,,,available,i8Yes35BVH22XIPbc,https://www.youtube.com/watch?v=7jQipab-Ddc&list=RD7jQipab-Ddc&start_radio=1
youtube,Wf2Ahoh3bfk,https://www.youtube.com/watch?v=Wf2Ahoh3bfk&list=RDWf2Ahoh3bfk&start_radio=1,RAPVIET,RAPVIET_2020,Về Quê - Mikelodic - Team Thái VG | Rap Việt 2023 [MV Lyrics],VIDEO,UNKNOWN_REUPLOAD,OFFICIAL_MUSIC_CHANNEL,SEASON,OFFICIAL_PLAYLIST_COLLECTION,NEEDS_REVIEW,NEEDS_REVIEW,2023-06-13T06:23:39.000Z,225,15967783,,,available,i8Yes35BVH22XIPbc,https://www.youtube.com/watch?v=Wf2Ahoh3bfk&list=RDWf2Ahoh3bfk&start_radio=1
youtube,3YZv49zhbHE,https://www.youtube.com/watch?v=3YZv49zhbHE&list=RD3YZv49zhbHE&start_radio=1,RAPVIET,RAPVIET_2020,Không kiềm được nước mắt trước những bản rap gia đình | Rap Việt,VIDEO,UNKNOWN_REUPLOAD,OFFICIAL_MUSIC_CHANNEL,SEASON,OFFICIAL_PLAYLIST_COLLECTION,NEEDS_REVIEW,NEEDS_REVIEW,2023-02-21T13:00:02.000Z,899,2313,,,available,i8Yes35BVH22XIPbc,https://www.youtube.com/watch?v=3YZv49zhbHE&list=RD3YZv49zhbHE&start_radio=1
youtube,WaNV06mlGf8,https://www.youtube.com/watch?v=WaNV06mlGf8,RAPVIET,RAPVIET_2020,"BTS RAP VIỆT | Thử thách đoán tên thật: Wowy bị ""phản dame"", Karik sáng tạo tên team mình cười xỉu",VIDEO,BEHIND_THE_SCENES,UNVERIFIED,SEASON,INFERRED,NEEDS_REVIEW,NEEDS_REVIEW,2020-11-26T10:44:15.000Z,491,1761101,,,available,i8Yes35BVH22XIPbc,https://www.youtube.com/watch?v=WaNV06mlGf8
youtube,2Qk547vzDbI,https://www.youtube.com/watch?v=2Qk547vzDbI&list=RD2Qk547vzDbI&start_radio=1,RAPVIET,RAPVIET_2020,"Chim Sơn ca PHÁO dằn mặt ""Tối rồi gà không gáy nữa"" | KING OF RAP - Tập 3",VIDEO,UNKNOWN,UNVERIFIED,EPISODE,INFERRED,NEEDS_REVIEW,NEEDS_REVIEW,2020-08-22T15:25:45.000Z,139,8548141,,,available,i8Yes35BVH22XIPbc,https://www.youtube.com/watch?v=2Qk547vzDbI&list=RD2Qk547vzDbI&start_radio=1
youtube,Pv7JKxRd7jo,https://www.youtube.com/watch?v=Pv7JKxRd7jo&list=RDPv7JKxRd7jo&start_radio=1,RAPVIET,RAPVIET_2020,Tage - Lớp 13 (Official Lyric Video),VIDEO,MUSIC_ASSET,UNVERIFIED,SEASON,INFERRED,NEEDS_REVIEW,NEEDS_REVIEW,2020-05-16T06:43:12.000Z,181,33561237,,,available,i8Yes35BVH22XIPbc,https://www.youtube.com/watch?v=Pv7JKxRd7jo&list=RDPv7JKxRd7jo&start_radio=1
youtube,w_aG_OX7HyU,https://www.youtube.com/watch?v=w_aG_OX7HyU,RAPVIET,RAPVIET_2020,"GIZMO quyết đánh bại SÓC NÂU, đường tới 1 tỷ không dễ như freestyle đâu! | KING OF RAP Tập 9",VIDEO,UNKNOWN,UNVERIFIED,EPISODE,INFERRED,NEEDS_REVIEW,NEEDS_REVIEW,2020-10-06T06:00:04.000Z,1012,3027048,,,available,i8Yes35BVH22XIPbc,https://www.youtube.com/watch?v=w_aG_OX7HyU
youtube,IULwVdeXP1c,https://www.youtube.com/watch?v=IULwVdeXP1c,RAPVIET,RAPVIET_2020,"CHUYỆN XÓM TUI WEBDRAMA| FULL 3 TẬP | Má Giàu, Việt Anh, Thu Trang, Tiến Luật, Lê Giang,Huỳnh Phương",VIDEO,UNKNOWN,UNVERIFIED,SEASON,INFERRED,NEEDS_REVIEW,NEEDS_REVIEW,2020-11-16T13:00:03.000Z,5510,33132090,,,available,i8Yes35BVH22XIPbc,https://www.youtube.com/watch?v=IULwVdeXP1c
youtube,mWoqLKmorNY,https://www.youtube.com/watch?v=mWoqLKmorNY&list=RDmWoqLKmorNY&start_radio=1,RAPVIET,RAPVIET_2020,Tuyển tập những bài hát hay nhất Rap Việt 2020,VIDEO,COMPILATION,UNVERIFIED,SEASON,INFERRED,NEEDS_REVIEW,NEEDS_REVIEW,2021-01-03T02:43:45.000Z,5169,148,,,available,i8Yes35BVH22XIPbc,https://www.youtube.com/watch?v=mWoqLKmorNY&list=RDmWoqLKmorNY&start_radio=1
youtube,a2nP96B_LR0,https://www.youtube.com/watch?v=a2nP96B_LR0&list=RDa2nP96B_LR0&start_radio=1,RAPVIET,RAPVIET_2020,Đây là cách cô gái nhỏ TLinh chinh phục hàng triệu người yêu âm nhạc  | RAP VIỆT,VIDEO,UNKNOWN,PRIMARY_BROADCASTER,SEASON,OFFICIAL_PLAYLIST_COLLECTION,NEEDS_REVIEW,NEEDS_REVIEW,2020-11-28T06:00:00.000Z,983,1326498,,,available,i8Yes35BVH22XIPbc,https://www.youtube.com/watch?v=a2nP96B_LR0&list=RDa2nP96B_LR0&start_radio=1
youtube,KPaRJWX0qZc,https://www.youtube.com/watch?v=KPaRJWX0qZc,RAPVIET,RAPVIET_2020,Rap Việt 2024 Tập 1: Khai hỏa vòng chinh phục cùng dàn thí sinh bứt phá không giới hạn,VIDEO,UNKNOWN,PRIMARY_BROADCASTER,EPISODE,OFFICIAL_PLAYLIST_COLLECTION,NEEDS_REVIEW,NEEDS_REVIEW,2024-09-21T14:00:32.000Z,9701,10451275,,,available,i8Yes35BVH22XIPbc,https://www.youtube.com/watch?v=KPaRJWX0qZc
youtube,lxzwToyF8RY,https://www.youtube.com/watch?v=lxzwToyF8RY&list=RDlxzwToyF8RY&start_radio=1,RAPVIET,RAPVIET_2020,TUYỂN TẬP RAP VIỆT HAY 2020,VIDEO,COMPILATION,UNVERIFIED,SEASON,INFERRED,NEEDS_REVIEW,NEEDS_REVIEW,2021-01-10T06:03:35.000Z,1075,11,,,available,i8Yes35BVH22XIPbc,https://www.youtube.com/watch?v=lxzwToyF8RY&list=RDlxzwToyF8RY&start_radio=1
youtube,MwbbSs9Rbbo,https://www.youtube.com/watch?v=MwbbSs9Rbbo&list=RDMwbbSs9Rbbo&start_radio=1,RAPVIET,RAPVIET_2020,SĂN - Suboi x Saabirose hoá thân hai nữ thợ săn cực cuốn hút | Rap Việt 2024 [Performance],VIDEO,UNKNOWN_REUPLOAD,OFFICIAL_MUSIC_CHANNEL,SEASON,OFFICIAL_PLAYLIST_COLLECTION,NEEDS_REVIEW,NEEDS_REVIEW,2024-12-16T04:30:16.000Z,325,2278988,,,available,i8Yes35BVH22XIPbc,https://www.youtube.com/watch?v=MwbbSs9Rbbo&list=RDMwbbSs9Rbbo&start_radio=1
youtube,CulBRA4HFgk,https://www.youtube.com/watch?v=CulBRA4HFgk&list=RDCulBRA4HFgk&start_radio=1,RAPVIET,RAPVIET_2020,"Đỉnh của đỉnh - Rhymastic, JustaTee, Wowy, Karik, Binz, Suboi lần đầu kết hợp | Theme Song RAP VIỆT",VIDEO,MUSIC_ASSET,PRIMARY_BROADCASTER,SEASON,OFFICIAL_PLAYLIST_COLLECTION,ACCEPTED,ACCEPTED,2020-08-02T14:35:30.000Z,232,21671056,,,available,i8Yes35BVH22XIPbc,https://www.youtube.com/watch?v=CulBRA4HFgk&list=RDCulBRA4HFgk&start_radio=1
youtube,XBl4OEYROxM,https://www.youtube.com/watch?v=XBl4OEYROxM&list=RDXBl4OEYROxM&start_radio=1,RAPVIET,RAPVIET_2020,Đồ fake - Team Karik - 8 BAR - Rap Việt Mùa 1 (2020) - Tập 8 (Duy Andy - Yang - Nul),VIDEO,UNKNOWN,UNVERIFIED,EPISODE,INFERRED,NEEDS_REVIEW,NEEDS_REVIEW,2024-06-06T10:00:37.000Z,103,379,,,available,i8Yes35BVH22XIPbc,https://www.youtube.com/watch?v=XBl4OEYROxM&list=RDXBl4OEYROxM&start_radio=1
youtube,LSEl4fmJUQ4,https://www.youtube.com/watch?v=LSEl4fmJUQ4&list=RDLSEl4fmJUQ4&start_radio=1,RAPVIET,RAPVIET_2020,TỔNG HỢP NHỮNG BÀI RAP VIỆT HAY NHẤT TỪ TẬP 1-4 || RAP VIỆT 2020,VIDEO,COMPILATION,UNVERIFIED,EPISODE,INFERRED,NEEDS_REVIEW,NEEDS_REVIEW,2020-08-25T13:54:26.000Z,3158,704,,,available,i8Yes35BVH22XIPbc,https://www.youtube.com/watch?v=LSEl4fmJUQ4&list=RDLSEl4fmJUQ4&start_radio=1
youtube,GygCMziGD4g,https://www.youtube.com/watch?v=GygCMziGD4g,RAPVIET,RAPVIET_2020,[UNCUT] Rhymastic bất ngờ treo thưởng 30 triệu cho ai dùng Nón Vàng cứu Ricky Star| #10 RAP VIỆT,VIDEO,UNCUT_EXTENDED,OFFICIAL_DISTRIBUTION_PARTNER,SEASON,OFFICIAL_PLAYLIST_COLLECTION,ACCEPTED,ACCEPTED,2020-10-05T14:30:01.000Z,417,1330829,,,available,i8Yes35BVH22XIPbc,https://www.youtube.com/watch?v=GygCMziGD4g
youtube,jgZkrA8E5do,https://www.youtube.com/watch?v=jgZkrA8E5do&list=RDjgZkrA8E5do&start_radio=1,RAPVIET,RAPVIET_2020,"TOULIVER x BINZ - ""BIGCITYBOI"" (Official Music Video)",VIDEO,MUSIC_ASSET,UNVERIFIED,SEASON,INFERRED,NEEDS_REVIEW,NEEDS_REVIEW,2020-07-05T13:00:13.000Z,224,105264285,,,available,i8Yes35BVH22XIPbc,https://www.youtube.com/watch?v=jgZkrA8E5do&list=RDjgZkrA8E5do&start_radio=1
youtube,pBSv1ZJWSAY,https://www.youtube.com/watch?v=pBSv1ZJWSAY,RAPVIET,RAPVIET_2020,"BỐ TRẺ - FULL (Engsub) | Tuấn Trần, Khánh Vân, Ngân Chi, Phát La, Su Su, Anh Đức, Phi Phụng",VIDEO,UNKNOWN,UNVERIFIED,SEASON,INFERRED,NEEDS_REVIEW,NEEDS_REVIEW,2021-08-04T13:00:21.000Z,6183,5475086,,,available,i8Yes35BVH22XIPbc,https://www.youtube.com/watch?v=pBSv1ZJWSAY
youtube,takrce_4Fhw,https://www.youtube.com/watch?v=takrce_4Fhw,RAPVIET,RAPVIET_2020,Đoạt Hồn Tập Full (2023) 4k | Phim Việt Nam Chiếu Rạp Hay Nhất | Kinh Dị,VIDEO,UNKNOWN,UNVERIFIED,SEASON,INFERRED,NEEDS_REVIEW,NEEDS_REVIEW,2023-10-04T11:30:25.000Z,5748,5958605,,,available,i8Yes35BVH22XIPbc,https://www.youtube.com/watch?v=takrce_4Fhw
youtube,DRwB3JpfGHg,https://www.youtube.com/watch?v=DRwB3JpfGHg,RAPVIET,RAPVIET_2020,"[Uncut] Binz bần thần, Karik - MCK - G.Ducky & dàn thí sinh khóc ngập lụt trường quay | RAP VIỆT",VIDEO,UNCUT_EXTENDED,PRIMARY_BROADCASTER,SEASON,OFFICIAL_PLAYLIST_COLLECTION,ACCEPTED,ACCEPTED,2020-11-02T14:00:04.000Z,705,1679442,,,available,i8Yes35BVH22XIPbc,https://www.youtube.com/watch?v=DRwB3JpfGHg
youtube,ECxVfrwwTp0,https://www.youtube.com/watch?v=ECxVfrwwTp0&list=RDECxVfrwwTp0&start_radio=1,RAPVIET,RAPVIET_2020,Gác lại âu lo - Da LAB ft. Miu Lê (Official MV),VIDEO,MUSIC_ASSET,UNVERIFIED,SEASON,INFERRED,NEEDS_REVIEW,NEEDS_REVIEW,2020-07-25T12:00:13.000Z,307,140910361,,,available,i8Yes35BVH22XIPbc,https://www.youtube.com/watch?v=ECxVfrwwTp0&list=RDECxVfrwwTp0&start_radio=1
youtube,4nXySbfCbDA,https://www.youtube.com/watch?v=4nXySbfCbDA&list=RD4nXySbfCbDA&start_radio=1,RAPVIET,RAPVIET_2020,Đi Bụi (Nah) | NAH featuring Nam Hương | Rap Việt,VIDEO,UNKNOWN,UNVERIFIED,SEASON,INFERRED,NEEDS_REVIEW,NEEDS_REVIEW,2014-08-05T13:26:01.000Z,227,34643346,,,available,i8Yes35BVH22XIPbc,https://www.youtube.com/watch?v=4nXySbfCbDA&list=RD4nXySbfCbDA&start_radio=1
youtube,z1jrooei2fM,https://www.youtube.com/watch?v=z1jrooei2fM&list=RDz1jrooei2fM&start_radio=1,RAPVIET,RAPVIET_2020,CON NHÀ NGƯỜI TA - RICKY STAR - RAP VIỆT 2020 TẬP 14,VIDEO,UNKNOWN,UNVERIFIED,EPISODE,INFERRED,NEEDS_REVIEW,NEEDS_REVIEW,2020-10-31T17:42:44.000Z,209,228,,,available,i8Yes35BVH22XIPbc,https://www.youtube.com/watch?v=z1jrooei2fM&list=RDz1jrooei2fM&start_radio=1
youtube,OLWfr9EaowY,https://www.youtube.com/watch?v=OLWfr9EaowY&list=RDOLWfr9EaowY&start_radio=1,RAPVIET,RAPVIET_2020,CHỊ CẢ | SẮC MÀU RAP LYRIC | KING OF RAP 2020 | KOR TẬP 14 | VÒNG HỒI SINH,VIDEO,MUSIC_ASSET,UNVERIFIED,EPISODE,INFERRED,NEEDS_REVIEW,NEEDS_REVIEW,2020-11-11T11:00:06.000Z,165,8918,,,available,i8Yes35BVH22XIPbc,https://www.youtube.com/watch?v=OLWfr9EaowY&list=RDOLWfr9EaowY&start_radio=1
youtube,lrpOGToQtYk,https://www.youtube.com/watch?v=lrpOGToQtYk&list=RDlrpOGToQtYk&start_radio=1,RAPVIET,RAPVIET_2020,TỔNG HỢP BẢN RAP TOP HIT cực đỉnh oanh tạc sân khấu Rap Việt 2024,VIDEO,UNKNOWN_REUPLOAD,OFFICIAL_MUSIC_CHANNEL,SEASON,OFFICIAL_PLAYLIST_COLLECTION,NEEDS_REVIEW,NEEDS_REVIEW,2024-12-21T04:00:27.000Z,5573,870264,,,available,i8Yes35BVH22XIPbc,https://www.youtube.com/watch?v=lrpOGToQtYk&list=RDlrpOGToQtYk&start_radio=1
youtube,j0GGyKgouvw,https://www.youtube.com/watch?v=j0GGyKgouvw&list=RDj0GGyKgouvw&start_radio=1,RAPVIET,RAPVIET_2020,Wowy - Chạy,VIDEO,UNKNOWN,UNVERIFIED,SEASON,INFERRED,NEEDS_REVIEW,NEEDS_REVIEW,2013-01-24T04:17:38.000Z,187,6334661,,,available,i8Yes35BVH22XIPbc,https://www.youtube.com/watch?v=j0GGyKgouvw&list=RDj0GGyKgouvw&start_radio=1
youtube,KYpTlUrSemc,https://www.youtube.com/watch?v=KYpTlUrSemc,RAPVIET,RAPVIET_2020,"Đỉnh của chóp, Trấn Thành hỏi thăm nhẹ Minh Tú. Xuýt xoa trước 2 quý tử nhà Xuân Bắc | #16 RAP VIỆT",VIDEO,UNKNOWN,PRIMARY_BROADCASTER,SEASON,OFFICIAL_PLAYLIST_COLLECTION,NEEDS_REVIEW,NEEDS_REVIEW,2020-11-16T15:00:06.000Z,341,765492,,,available,i8Yes35BVH22XIPbc,https://www.youtube.com/watch?v=KYpTlUrSemc
youtube,DvUjzHqmPHU,https://www.youtube.com/watch?v=DvUjzHqmPHU&list=RDDvUjzHqmPHU&start_radio=1,RAPVIET,RAPVIET_2020,DCOD SOL7  '77 HIDEOUT' WAVY SESSION,VIDEO,UNKNOWN,UNVERIFIED,SEASON,INFERRED,NEEDS_REVIEW,NEEDS_REVIEW,2020-11-17T15:31:32.000Z,427,6374270,,,available,i8Yes35BVH22XIPbc,https://www.youtube.com/watch?v=DvUjzHqmPHU&list=RDDvUjzHqmPHU&start_radio=1
youtube,QBvL3Ffn1u4,https://www.youtube.com/watch?v=QBvL3Ffn1u4&list=RDQBvL3Ffn1u4&start_radio=1,RAPVIET,RAPVIET_2020,ĐẠI CHIẾN RAP: @heroteam.official x STREAMERS FREE FIRE | MÈO SIMMY x CÔ NGÂN [OFFICAL MV],VIDEO,UNKNOWN,UNVERIFIED,SEASON,INFERRED,NEEDS_REVIEW,NEEDS_REVIEW,2021-04-07T11:00:17.000Z,245,76770640,,,available,i8Yes35BVH22XIPbc,https://www.youtube.com/watch?v=QBvL3Ffn1u4&list=RDQBvL3Ffn1u4&start_radio=1
youtube,08yL3If10Fw,https://www.youtube.com/watch?v=08yL3If10Fw,RAPVIET,RAPVIET_2020,"Hành trình Rap Việt: Mang phụ kiện lạ đi tập, Tez khiến Wowy dấy lên nghi vấn cực căng | RAP VIỆT",VIDEO,UNKNOWN,OFFICIAL_DISTRIBUTION_PARTNER,SEASON,OFFICIAL_PLAYLIST_COLLECTION,NEEDS_REVIEW,NEEDS_REVIEW,2020-10-21T05:00:00.000Z,387,134877,,,available,i8Yes35BVH22XIPbc,https://www.youtube.com/watch?v=08yL3If10Fw
youtube,Esv_4sttow0,https://www.youtube.com/watch?v=Esv_4sttow0,RAPVIET,RAPVIET_2020,"Chuyện Rap Việt: Thấy Karik chật vật tập nhảy, G.Ducky - Ricky Star đành gánh luôn team| RAP VIỆT",VIDEO,DANCE_PRACTICE,OFFICIAL_DISTRIBUTION_PARTNER,SEASON,OFFICIAL_PLAYLIST_COLLECTION,ACCEPTED,ACCEPTED,2020-12-01T15:00:05.000Z,426,1422299,,,available,i8Yes35BVH22XIPbc,https://www.youtube.com/watch?v=Esv_4sttow0
youtube,YtLx_sfJquA,https://www.youtube.com/watch?v=YtLx_sfJquA&list=RDYtLx_sfJquA&start_radio=1,RAPVIET,RAPVIET_2020,CHỜ MỘT NGƯỜI - GILL vượt qua quá khứ kể câu chuyện của riêng mình | Rap Việt 2024 [Performance],VIDEO,UNKNOWN_REUPLOAD,OFFICIAL_MUSIC_CHANNEL,SEASON,OFFICIAL_PLAYLIST_COLLECTION,NEEDS_REVIEW,NEEDS_REVIEW,2024-12-08T03:00:33.000Z,317,14045674,,,available,i8Yes35BVH22XIPbc,https://www.youtube.com/watch?v=YtLx_sfJquA&list=RDYtLx_sfJquA&start_radio=1
youtube,t9uzzhj8yIQ,https://www.youtube.com/watch?v=t9uzzhj8yIQ&list=RDt9uzzhj8yIQ&start_radio=1,RAPVIET,RAPVIET_2020,Tổng hợp BẢN RAP TRIỆU VIEW CỰC CHIẾN của Robber phá đảo sân khấu Rap Việt 2024,VIDEO,UNKNOWN_REUPLOAD,OFFICIAL_MUSIC_CHANNEL,SEASON,OFFICIAL_PLAYLIST_COLLECTION,NEEDS_REVIEW,NEEDS_REVIEW,2024-12-12T13:01:05.000Z,1044,2005308,,,available,i8Yes35BVH22XIPbc,https://www.youtube.com/watch?v=t9uzzhj8yIQ&list=RDt9uzzhj8yIQ&start_radio=1
youtube,eo_JVyY1Ra4,https://www.youtube.com/watch?v=eo_JVyY1Ra4&list=RDeo_JVyY1Ra4&start_radio=1,RAPVIET,RAPVIET_2020,Em Là Châu Báu | TLinh x MCK x Châu Bùi | Official MV,VIDEO,MUSIC_ASSET,UNVERIFIED,SEASON,INFERRED,NEEDS_REVIEW,NEEDS_REVIEW,2020-11-22T13:00:10.000Z,185,45213923,,,available,i8Yes35BVH22XIPbc,https://www.youtube.com/watch?v=eo_JVyY1Ra4&list=RDeo_JVyY1Ra4&start_radio=1
youtube,0R8IbpKXavM,https://www.youtube.com/watch?v=0R8IbpKXavM&list=RD0R8IbpKXavM&start_radio=1,RAPVIET,RAPVIET_2020,MIN - TRÊN TÌNH BẠN DƯỚI TÌNH YÊU | OFFICIAL MUSIC VIDEO,VIDEO,MUSIC_ASSET,UNVERIFIED,SEASON,INFERRED,NEEDS_REVIEW,NEEDS_REVIEW,2020-11-05T14:00:11.000Z,294,142850388,,,available,i8Yes35BVH22XIPbc,https://www.youtube.com/watch?v=0R8IbpKXavM&list=RD0R8IbpKXavM&start_radio=1
youtube,5l14ORIo3Eg,https://www.youtube.com/watch?v=5l14ORIo3Eg,RAPVIET,RAPVIET_2020,✔️ Rap Việt Tập 4: 16 Typh Và Duy Andy Nón Vàng Thuộc Về Ai,VIDEO,UNKNOWN,UNVERIFIED,EPISODE,INFERRED,NEEDS_REVIEW,NEEDS_REVIEW,2020-08-21T15:34:05.000Z,146,1617,,,available,i8Yes35BVH22XIPbc,https://www.youtube.com/watch?v=5l14ORIo3Eg
youtube,ktHB3rZ50no,https://www.youtube.com/watch?v=ktHB3rZ50no&list=RDktHB3rZ50no&start_radio=1,RAPVIET,RAPVIET_2020,[HiddenGem Mixtape] 2. Cho Ba - B Ray,VIDEO,UNKNOWN,UNVERIFIED,SEASON,INFERRED,NEEDS_REVIEW,NEEDS_REVIEW,2020-05-26T09:00:47.000Z,160,13800337,,,available,i8Yes35BVH22XIPbc,https://www.youtube.com/watch?v=ktHB3rZ50no&list=RDktHB3rZ50no&start_radio=1
youtube,0xhL1vktTOQ,https://www.youtube.com/watch?v=0xhL1vktTOQ&list=RD0xhL1vktTOQ&start_radio=1,RAPVIET,RAPVIET_2020,Cảm Ơn-Team Wowy - 8BAR - Rap Việt Mùa 1 (2020) - Tập 7,VIDEO,UNKNOWN,UNVERIFIED,EPISODE,INFERRED,NEEDS_REVIEW,NEEDS_REVIEW,2024-06-02T10:00:00.000Z,103,249,,,available,i8Yes35BVH22XIPbc,https://www.youtube.com/watch?v=0xhL1vktTOQ&list=RD0xhL1vktTOQ&start_radio=1
youtube,MWaDGbzln40,https://www.youtube.com/watch?v=MWaDGbzln40&list=RDMWaDGbzln40&start_radio=1,RAPVIET,RAPVIET_2021,Điểm danh những bản rap khiến người nghe phải nổi da gà ở mùa 1 & 2  | Rap Việt,VIDEO,UNKNOWN,PRIMARY_BROADCASTER,SEASON,OFFICIAL_PLAYLIST_COLLECTION,NEEDS_REVIEW,NEEDS_REVIEW,2022-02-18T13:00:07.000Z,1737,856854,,,available,yRSEIBGUUNQ04wzQA,https://www.youtube.com/watch?v=MWaDGbzln40&list=RDMWaDGbzln40&start_radio=1
youtube,vrcjoqeLeJI,https://www.youtube.com/watch?v=vrcjoqeLeJI&list=RDvrcjoqeLeJI&start_radio=1,RAPVIET,RAPVIET_2021,"QUA TỪNG KHUNG HÌNH - Robber, NGẮN tạo cơn địa chấn dâng trào cảm xúc | Rap Việt 2024 [Performance]",VIDEO,UNKNOWN_REUPLOAD,OFFICIAL_MUSIC_CHANNEL,SEASON,OFFICIAL_PLAYLIST_COLLECTION,NEEDS_REVIEW,NEEDS_REVIEW,2024-11-17T02:00:36.000Z,299,21136780,,,available,yRSEIBGUUNQ04wzQA,https://www.youtube.com/watch?v=vrcjoqeLeJI&list=RDvrcjoqeLeJI&start_radio=1
youtube,M2lOaZGcrfs,https://www.youtube.com/watch?v=M2lOaZGcrfs&list=RDM2lOaZGcrfs&start_radio=1,RAPVIET,RAPVIET_2021,"SOL7 - BACK TO HOMETOWN | RAP VIET MUA 2 | Chàng Trai Bồng Sơn, Bình Định ( TrunnEdit )",VIDEO,UNKNOWN,UNVERIFIED,SEASON,INFERRED,NEEDS_REVIEW,NEEDS_REVIEW,2021-10-31T09:55:54.000Z,170,17774,,,available,yRSEIBGUUNQ04wzQA,https://www.youtube.com/watch?v=M2lOaZGcrfs&list=RDM2lOaZGcrfs&start_radio=1
youtube,FqQFHT7vQYs,https://www.youtube.com/watch?v=FqQFHT7vQYs&list=RDFqQFHT7vQYs&start_radio=1,RAPVIET,RAPVIET_2021,Top 24 tiết mục vòng Bứt Phá chuẩn đẳng cấp đỉnh của chóp | Rap Việt - Mùa 2,VIDEO,COMPILATION,PRIMARY_BROADCASTER,SEASON,OFFICIAL_PLAYLIST_COLLECTION,ACCEPTED,ACCEPTED,2022-01-18T13:30:11.000Z,4986,776194,,,available,yRSEIBGUUNQ04wzQA,https://www.youtube.com/watch?v=FqQFHT7vQYs&list=RDFqQFHT7vQYs&start_radio=1
youtube,ZMmB6vdUWeA,https://www.youtube.com/watch?v=ZMmB6vdUWeA&list=RDZMmB6vdUWeA&start_radio=1,RAPVIET,RAPVIET_2021,BACK TO HOMETOWN (TRỞ VỀ QUÊ NHÀ) (feat. Sol7),VIDEO,UNKNOWN,UNVERIFIED,SEASON,INFERRED,NEEDS_REVIEW,NEEDS_REVIEW,2024-05-31T10:00:35.000Z,176,183755,,,available,yRSEIBGUUNQ04wzQA,https://www.youtube.com/watch?v=ZMmB6vdUWeA&list=RDZMmB6vdUWeA&start_radio=1
youtube,aocSFqtnzMk,https://www.youtube.com/watch?v=aocSFqtnzMk&list=RDaocSFqtnzMk&start_radio=1,RAPVIET,RAPVIET_2021,LƯỚT TRÊN CON SÓNG - Dangrangto rủ Trần Lả Lướt kill con beat disco | Rap Việt 2024 [Performance],VIDEO,UNKNOWN_REUPLOAD,OFFICIAL_MUSIC_CHANNEL,SEASON,OFFICIAL_PLAYLIST_COLLECTION,NEEDS_REVIEW,NEEDS_REVIEW,2024-11-25T02:00:01.000Z,311,32683060,,,available,yRSEIBGUUNQ04wzQA,https://www.youtube.com/watch?v=aocSFqtnzMk&list=RDaocSFqtnzMk&start_radio=1
youtube,C7YnHMRAEOk,https://www.youtube.com/watch?v=C7YnHMRAEOk&list=RDC7YnHMRAEOk&start_radio=1,RAPVIET,RAPVIET_2021,Bước Nhảy Xì Tin của Kellie - DKid - V# cực trendy phá đảo sân khấu | Rap Việt - Mùa 2 [Live Stage],VIDEO,PERFORMANCE,PRIMARY_BROADCASTER,SEASON,OFFICIAL_PLAYLIST_COLLECTION,ACCEPTED,ACCEPTED,2021-12-19T14:00:09.000Z,758,844085,,,available,yRSEIBGUUNQ04wzQA,https://www.youtube.com/watch?v=C7YnHMRAEOk&list=RDC7YnHMRAEOk&start_radio=1
youtube,vMxNIcVl-Hg,https://www.youtube.com/watch?v=vMxNIcVl-Hg&list=RDvMxNIcVl-Hg&start_radio=1,RAPVIET,RAPVIET_2021,ANH ĐÃ LÀM GÌ ĐÂU - Nhật Hoàng tự sự kết hợp cùng Thuỳ Chi đầy cảm xúc | Rap Việt 2024 [Performance],VIDEO,UNKNOWN_REUPLOAD,OFFICIAL_MUSIC_CHANNEL,SEASON,OFFICIAL_PLAYLIST_COLLECTION,NEEDS_REVIEW,NEEDS_REVIEW,2024-12-01T04:00:35.000Z,343,23231722,,,available,yRSEIBGUUNQ04wzQA,https://www.youtube.com/watch?v=vMxNIcVl-Hg&list=RDvMxNIcVl-Hg&start_radio=1
youtube,DUhuOYsHjLs,https://www.youtube.com/watch?v=DUhuOYsHjLs&list=RDDUhuOYsHjLs&start_radio=1,RAPVIET,RAPVIET_2021,Bùng nổ với playlist bản rap triệu view replay không ngừng từ các quái vật cực chiến 2 mùa Rap Việt,VIDEO,UNKNOWN_REUPLOAD,OFFICIAL_MUSIC_CHANNEL,SEASON,OFFICIAL_PLAYLIST_COLLECTION,NEEDS_REVIEW,NEEDS_REVIEW,2025-01-19T13:45:50.000Z,7187,1045750,,,available,yRSEIBGUUNQ04wzQA,https://www.youtube.com/watch?v=DUhuOYsHjLs&list=RDDUhuOYsHjLs&start_radio=1
youtube,FMTZgu7ZgZk,https://www.youtube.com/watch?v=FMTZgu7ZgZk&list=RDFMTZgu7ZgZk&start_radio=1,RAPVIET,RAPVIET_2021,Tổng hợp vòng Đối Đầu: Full 16 bản RAP gây bão sân khấu nghe là nghiện của 4 team tại Rap Việt 2024,VIDEO,UNKNOWN_REUPLOAD,OFFICIAL_MUSIC_CHANNEL,SEASON,OFFICIAL_PLAYLIST_COLLECTION,NEEDS_REVIEW,NEEDS_REVIEW,2024-11-23T12:00:16.000Z,3605,191524,,,available,yRSEIBGUUNQ04wzQA,https://www.youtube.com/watch?v=FMTZgu7ZgZk&list=RDFMTZgu7ZgZk&start_radio=1
youtube,Q5wEM8KkttQ,https://www.youtube.com/watch?v=Q5wEM8KkttQ&list=RDQ5wEM8KkttQ&start_radio=1,RAPVIET,RAPVIET_2021,"Orijinn comeback ngoạn mục, Coldzy tung flow gắt vừa nghe đã thấy đỉnh |RAP VIỆT mùa 2 - Coming soon",VIDEO,TEASER_PREVIEW,PRIMARY_BROADCASTER,SEASON,OFFICIAL_PLAYLIST_COLLECTION,ACCEPTED,ACCEPTED,2021-06-04T14:30:17.000Z,1068,676369,,,available,yRSEIBGUUNQ04wzQA,https://www.youtube.com/watch?v=Q5wEM8KkttQ&list=RDQ5wEM8KkttQ&start_radio=1
youtube,AodLnMD9SG8,https://www.youtube.com/watch?v=AodLnMD9SG8&list=RDAodLnMD9SG8&start_radio=1,RAPVIET,RAPVIET_2021,"Playlist LIL'WUYN: Còn thở còn gỡ, Em có muốn, Silence, Nhập vai | Rap Việt Best Collection",VIDEO,UNKNOWN,UNVERIFIED,SEASON,INFERRED,NEEDS_REVIEW,NEEDS_REVIEW,2022-01-25T08:00:04.000Z,961,346621,,,available,yRSEIBGUUNQ04wzQA,https://www.youtube.com/watch?v=AodLnMD9SG8&list=RDAodLnMD9SG8&start_radio=1
youtube,z5m6QqGKe7U,https://www.youtube.com/watch?v=z5m6QqGKe7U&list=RDz5m6QqGKe7U&start_radio=1,RAPVIET,RAPVIET_2021,Top những BẢN RAP cực bắt tai của loạt RAPPER khủng tại 2 mùa Rap Việt nhất định đã từng nghe qua,VIDEO,UNKNOWN_REUPLOAD,OFFICIAL_MUSIC_CHANNEL,SEASON,OFFICIAL_PLAYLIST_COLLECTION,NEEDS_REVIEW,NEEDS_REVIEW,2025-03-05T13:01:28.000Z,4686,1287491,,,available,yRSEIBGUUNQ04wzQA,https://www.youtube.com/watch?v=z5m6QqGKe7U&list=RDz5m6QqGKe7U&start_radio=1
youtube,XMGcYBNpgrs,https://www.youtube.com/watch?v=XMGcYBNpgrs&list=RDXMGcYBNpgrs&start_radio=1,RAPVIET,RAPVIET_2021,ANH TRAI HIP HOP - B Ray x Robber x Gill oanh tạc sân khấu cực cháy | Rap Việt 2024 [Performance],VIDEO,UNKNOWN_REUPLOAD,OFFICIAL_MUSIC_CHANNEL,SEASON,OFFICIAL_PLAYLIST_COLLECTION,NEEDS_REVIEW,NEEDS_REVIEW,2024-12-15T02:00:15.000Z,330,9446013,,,available,yRSEIBGUUNQ04wzQA,https://www.youtube.com/watch?v=XMGcYBNpgrs&list=RDXMGcYBNpgrs&start_radio=1
youtube,odYn70WbAYg,https://www.youtube.com/watch?v=odYn70WbAYg&list=RDodYn70WbAYg&start_radio=1,RAPVIET,RAPVIET_2021,Những bản rap dựa trên những tuyệt tác bất hủ ở mùa 1 và 2| Rap Việt,VIDEO,UNKNOWN,PRIMARY_BROADCASTER,SEASON,OFFICIAL_PLAYLIST_COLLECTION,NEEDS_REVIEW,NEEDS_REVIEW,2022-02-24T13:00:20.000Z,1656,3132398,,,available,yRSEIBGUUNQ04wzQA,https://www.youtube.com/watch?v=odYn70WbAYg&list=RDodYn70WbAYg&start_radio=1
youtube,2oYGm0SUAfc,https://www.youtube.com/watch?v=2oYGm0SUAfc&list=RD2oYGm0SUAfc&start_radio=1,RAPVIET,RAPVIET_2021,TRAI HỌ VŨ - GILL rủ ICY Famou$ khuấy động cả khán phòng | Rap Việt 2024 [Performance],VIDEO,UNKNOWN_REUPLOAD,OFFICIAL_MUSIC_CHANNEL,SEASON,OFFICIAL_PLAYLIST_COLLECTION,NEEDS_REVIEW,NEEDS_REVIEW,2024-11-17T03:00:02.000Z,281,10648264,,,available,yRSEIBGUUNQ04wzQA,https://www.youtube.com/watch?v=2oYGm0SUAfc&list=RD2oYGm0SUAfc&start_radio=1
youtube,91vIcHGBlo4,https://www.youtube.com/watch?v=91vIcHGBlo4&list=RD91vIcHGBlo4&start_radio=1,RAPVIET,RAPVIET_2021,Anh Là Ai? - Huỳnh Công Hiếu & DT Tập Rap - Team B Ray | Rap Việt 2023 [MV Lyrics],VIDEO,UNKNOWN_REUPLOAD,OFFICIAL_MUSIC_CHANNEL,SEASON,OFFICIAL_PLAYLIST_COLLECTION,NEEDS_REVIEW,NEEDS_REVIEW,2023-07-18T12:00:06.000Z,276,29711299,,,available,yRSEIBGUUNQ04wzQA,https://www.youtube.com/watch?v=91vIcHGBlo4&list=RD91vIcHGBlo4&start_radio=1
youtube,z-om83sLpc0,https://www.youtube.com/watch?v=z-om83sLpc0,RAPVIET,RAPVIET_2021,TEASER - RAP VIỆT Mùa 2 | Xem trọn tập 14 trên VieON,VIDEO,TEASER_PREVIEW,PRIMARY_BROADCASTER,EPISODE,OFFICIAL_PLAYLIST_COLLECTION,ACCEPTED,ACCEPTED,2022-01-15T13:00:14.000Z,1710,150962,,,available,yRSEIBGUUNQ04wzQA,https://www.youtube.com/watch?v=z-om83sLpc0
youtube,eTBQVCNPsLU,https://www.youtube.com/watch?v=eTBQVCNPsLU&list=RDeTBQVCNPsLU&start_radio=1,RAPVIET,RAPVIET_2021,Kellie - No Love - Team Binz | Rap Việt - Mùa 2 [MV Lyrics],VIDEO,MUSIC_ASSET,PRIMARY_BROADCASTER,SEASON,OFFICIAL_PLAYLIST_COLLECTION,ACCEPTED,ACCEPTED,2022-01-11T05:00:30.000Z,246,3453265,,,available,yRSEIBGUUNQ04wzQA,https://www.youtube.com/watch?v=eTBQVCNPsLU&list=RDeTBQVCNPsLU&start_radio=1
youtube,JIigSESgzfo,https://www.youtube.com/watch?v=JIigSESgzfo,RAPVIET,RAPVIET_2021,TEASER - RAP VIỆT Mùa 2 | Xem trọn tập 2 trên VieON,VIDEO,TEASER_PREVIEW,PRIMARY_BROADCASTER,EPISODE,OFFICIAL_PLAYLIST_COLLECTION,ACCEPTED,ACCEPTED,2021-10-23T13:00:13.000Z,635,773327,,,available,yRSEIBGUUNQ04wzQA,https://www.youtube.com/watch?v=JIigSESgzfo
youtube,k48bVMJozHY,https://www.youtube.com/watch?v=k48bVMJozHY&list=RDk48bVMJozHY&start_radio=1,RAPVIET,RAPVIET_2021,"ĐÂU PHẢI VỢ ANH - Dangrangto khiến khán giả mê đét, nhận về 4 NÓN VÀNG | Rap Việt 2024 [Performance]",VIDEO,UNKNOWN_REUPLOAD,OFFICIAL_MUSIC_CHANNEL,SEASON,OFFICIAL_PLAYLIST_COLLECTION,NEEDS_REVIEW,NEEDS_REVIEW,2024-10-13T02:00:22.000Z,218,23627015,,,available,yRSEIBGUUNQ04wzQA,https://www.youtube.com/watch?v=k48bVMJozHY&list=RDk48bVMJozHY&start_radio=1
youtube,-1zHYo12SHs,https://www.youtube.com/watch?v=-1zHYo12SHs,RAPVIET,RAPVIET_2021,"TUYẾT TRÊN PHỐ - GILL trở lại chinh phục 4 HLV, first choice của B Ray | Rap Việt 2024 [Live Stage]",VIDEO,UNKNOWN_REUPLOAD,OFFICIAL_MUSIC_CHANNEL,SEASON,OFFICIAL_PLAYLIST_COLLECTION,NEEDS_REVIEW,NEEDS_REVIEW,2024-09-29T02:00:00.000Z,1154,3790199,,,available,yRSEIBGUUNQ04wzQA,https://www.youtube.com/watch?v=-1zHYo12SHs
youtube,IkSUYwMobk4,https://www.youtube.com/watch?v=IkSUYwMobk4&list=RDIkSUYwMobk4&start_radio=1,RAPVIET,RAPVIET_2021,HẸN BÉ LẦN SAU - Mason Nguyễn cùng Tiêu Minh Phụng level up | Rap Việt 2024 [Performance],VIDEO,UNKNOWN_REUPLOAD,OFFICIAL_MUSIC_CHANNEL,SEASON,OFFICIAL_PLAYLIST_COLLECTION,NEEDS_REVIEW,NEEDS_REVIEW,2024-11-03T04:00:16.000Z,245,4531105,,,available,yRSEIBGUUNQ04wzQA,https://www.youtube.com/watch?v=IkSUYwMobk4&list=RDIkSUYwMobk4&start_radio=1
youtube,JYEtE7NNj0Y,https://www.youtube.com/watch?v=JYEtE7NNj0Y,RAPVIET,RAPVIET_2021,"Casting #1: Rhymastic liêu xiêu vì Blacka liên tục rap ""khó nghe""| RAP VIỆT mùa 2 - Coming soon",VIDEO,TEASER_PREVIEW,PRIMARY_BROADCASTER,SEASON,OFFICIAL_PLAYLIST_COLLECTION,ACCEPTED,ACCEPTED,2021-05-21T14:30:18.000Z,1034,2224863,,,available,yRSEIBGUUNQ04wzQA,https://www.youtube.com/watch?v=JYEtE7NNj0Y
youtube,51YGj1aanwM,https://www.youtube.com/watch?v=51YGj1aanwM&list=RD51YGj1aanwM&start_radio=1,RAPVIET,RAPVIET_2021,Tổng Hợp Rap Việt Mùa 2💥Lyrics Các Bài Hát Hay Nhất Rap Việt mùa 2(playlist of rap việt)#rapvietmua2,VIDEO,COMPILATION,UNVERIFIED,SEASON,INFERRED,NEEDS_REVIEW,NEEDS_REVIEW,2022-02-28T03:16:27.000Z,6367,9774,,,available,yRSEIBGUUNQ04wzQA,https://www.youtube.com/watch?v=51YGj1aanwM&list=RD51YGj1aanwM&start_radio=1
youtube,BEOn7vNpRw0,https://www.youtube.com/watch?v=BEOn7vNpRw0,RAPVIET,RAPVIET_2021,"Uncut: Wowy đáp trả liên hồi Rhymastic, Karik ra sức cảnh báo Wowy đừng nói nhiều| Rap Việt - Mùa 2",VIDEO,UNCUT_EXTENDED,OFFICIAL_DISTRIBUTION_PARTNER,SEASON,OFFICIAL_PLAYLIST_COLLECTION,ACCEPTED,ACCEPTED,2021-11-30T14:00:04.000Z,1324,50701,,,available,yRSEIBGUUNQ04wzQA,https://www.youtube.com/watch?v=BEOn7vNpRw0
youtube,tSM_PfjsQbY,https://www.youtube.com/watch?v=tSM_PfjsQbY,RAPVIET,RAPVIET_2021,TEASER - RAP VIỆT Mùa 2 | Xem trọn tập 8 trên VieON,VIDEO,TEASER_PREVIEW,PRIMARY_BROADCASTER,EPISODE,OFFICIAL_PLAYLIST_COLLECTION,ACCEPTED,ACCEPTED,2021-12-04T13:00:10.000Z,805,140822,,,available,yRSEIBGUUNQ04wzQA,https://www.youtube.com/watch?v=tSM_PfjsQbY
youtube,CulBRA4HFgk,https://www.youtube.com/watch?v=CulBRA4HFgk&list=RDCulBRA4HFgk&start_radio=1,RAPVIET,RAPVIET_2021,"Đỉnh của đỉnh - Rhymastic, JustaTee, Wowy, Karik, Binz, Suboi lần đầu kết hợp | Theme Song RAP VIỆT",VIDEO,MUSIC_ASSET,PRIMARY_BROADCASTER,SEASON,OFFICIAL_PLAYLIST_COLLECTION,ACCEPTED,ACCEPTED,2020-08-02T14:35:30.000Z,232,21671056,,,available,yRSEIBGUUNQ04wzQA,https://www.youtube.com/watch?v=CulBRA4HFgk&list=RDCulBRA4HFgk&start_radio=1
youtube,tHoM6g_daAk,https://www.youtube.com/watch?v=tHoM6g_daAk,RAPVIET,RAPVIET_2021,RAP VIỆT Mùa 2 2021 - Tập 15 Chung Kết 1 | ViruSs Reaction,VIDEO,REACTION_COMMENTARY,UNVERIFIED,EPISODE,INFERRED,NEEDS_REVIEW,NEEDS_REVIEW,2022-02-16T03:01:03.000Z,3453,376357,,,available,yRSEIBGUUNQ04wzQA,https://www.youtube.com/watch?v=tHoM6g_daAk
youtube,C86xcpKfbkA,https://www.youtube.com/watch?v=C86xcpKfbkA,RAPVIET,RAPVIET_2021,TEASER - RAP VIỆT Mùa 2 | Xem trọn tập 3 trên VieON,VIDEO,TEASER_PREVIEW,PRIMARY_BROADCASTER,EPISODE,OFFICIAL_PLAYLIST_COLLECTION,ACCEPTED,ACCEPTED,2021-10-30T13:00:14.000Z,709,548404,,,available,yRSEIBGUUNQ04wzQA,https://www.youtube.com/watch?v=C86xcpKfbkA
youtube,fHMqRodjlHI,https://www.youtube.com/watch?v=fHMqRodjlHI,RAPVIET,RAPVIET_2021,RAP VIỆT Mùa 2 2021 - Tập 14 Chung Kết Quán Quân | ViruSs Reaction,VIDEO,REACTION_COMMENTARY,UNVERIFIED,EPISODE,INFERRED,NEEDS_REVIEW,NEEDS_REVIEW,2022-02-08T02:42:34.000Z,3694,665551,,,available,yRSEIBGUUNQ04wzQA,https://www.youtube.com/watch?v=fHMqRodjlHI
youtube,MwbbSs9Rbbo,https://www.youtube.com/watch?v=MwbbSs9Rbbo&list=RDMwbbSs9Rbbo&start_radio=1,RAPVIET,RAPVIET_2021,SĂN - Suboi x Saabirose hoá thân hai nữ thợ săn cực cuốn hút | Rap Việt 2024 [Performance],VIDEO,UNKNOWN_REUPLOAD,OFFICIAL_MUSIC_CHANNEL,SEASON,OFFICIAL_PLAYLIST_COLLECTION,NEEDS_REVIEW,NEEDS_REVIEW,2024-12-16T04:30:16.000Z,325,2278988,,,available,yRSEIBGUUNQ04wzQA,https://www.youtube.com/watch?v=MwbbSs9Rbbo&list=RDMwbbSs9Rbbo&start_radio=1
youtube,4FMKF6dDEBo,https://www.youtube.com/watch?v=4FMKF6dDEBo&list=RD4FMKF6dDEBo&start_radio=1,RAPVIET,RAPVIET_2021,1TINHYEU - Robber rủ YoungPuppy kể câu chuyện tình yêu cực cuốn | Rap Việt 2024 [Performance],VIDEO,UNKNOWN_REUPLOAD,OFFICIAL_MUSIC_CHANNEL,SEASON,OFFICIAL_PLAYLIST_COLLECTION,NEEDS_REVIEW,NEEDS_REVIEW,2024-12-02T02:00:04.000Z,302,7424024,,,available,yRSEIBGUUNQ04wzQA,https://www.youtube.com/watch?v=4FMKF6dDEBo&list=RD4FMKF6dDEBo&start_radio=1
youtube,Zt7eyyAIEDw,https://www.youtube.com/watch?v=Zt7eyyAIEDw&list=RDZt7eyyAIEDw&start_radio=1,RAPVIET,RAPVIET_2021,HUSTLANG ALL DAY - Robber khuyên hãy luôn tỉnh táo trước những lời khen |Rap Việt 2024 [Performance],VIDEO,UNKNOWN_REUPLOAD,OFFICIAL_MUSIC_CHANNEL,SEASON,OFFICIAL_PLAYLIST_COLLECTION,NEEDS_REVIEW,NEEDS_REVIEW,2024-12-08T02:00:17.000Z,315,12699177,,,available,yRSEIBGUUNQ04wzQA,https://www.youtube.com/watch?v=Zt7eyyAIEDw&list=RDZt7eyyAIEDw&start_radio=1
youtube,2kxjMApnJc0,https://www.youtube.com/watch?v=2kxjMApnJc0&list=RD2kxjMApnJc0&start_radio=1,RAPVIET,RAPVIET_2021,Pjpo VS Obito - Nghe - Nói - Team Binz | Rap Việt - Mùa 2 [MV Lyrics],VIDEO,MUSIC_ASSET,PRIMARY_BROADCASTER,SEASON,OFFICIAL_PLAYLIST_COLLECTION,ACCEPTED,ACCEPTED,2021-12-21T04:00:00.000Z,275,5171600,,,available,yRSEIBGUUNQ04wzQA,https://www.youtube.com/watch?v=2kxjMApnJc0&list=RD2kxjMApnJc0&start_radio=1
youtube,0zlERjxCoAY,https://www.youtube.com/watch?v=0zlERjxCoAY,RAPVIET,RAPVIET_2021,TEASER - RAP VIỆT Mùa 2 | Xem trọn tập 7 trên VieON,VIDEO,TEASER_PREVIEW,PRIMARY_BROADCASTER,EPISODE,OFFICIAL_PLAYLIST_COLLECTION,ACCEPTED,ACCEPTED,2021-11-27T13:00:14.000Z,840,192811,,,available,yRSEIBGUUNQ04wzQA,https://www.youtube.com/watch?v=0zlERjxCoAY
youtube,gBm_8PnaNz8,https://www.youtube.com/watch?v=gBm_8PnaNz8&list=RDgBm_8PnaNz8&start_radio=1,RAPVIET,RAPVIET_2021,Back To Home Town   Rap Việt Mùa 2 tập 3,VIDEO,UNKNOWN,UNVERIFIED,EPISODE,INFERRED,NEEDS_REVIEW,NEEDS_REVIEW,2021-12-01T16:19:01.000Z,170,4,,,available,yRSEIBGUUNQ04wzQA,https://www.youtube.com/watch?v=gBm_8PnaNz8&list=RDgBm_8PnaNz8&start_radio=1
youtube,8H2OfUxmeTI,https://www.youtube.com/watch?v=8H2OfUxmeTI,RAPVIET,RAPVIET_2021,TEASER - RAP VIỆT Mùa 2 | Xem trọn tập 4 trên VieON,VIDEO,TEASER_PREVIEW,PRIMARY_BROADCASTER,EPISODE,OFFICIAL_PLAYLIST_COLLECTION,ACCEPTED,ACCEPTED,2021-11-06T13:00:13.000Z,782,336987,,,available,yRSEIBGUUNQ04wzQA,https://www.youtube.com/watch?v=8H2OfUxmeTI
youtube,Jptj0j_qesg,https://www.youtube.com/watch?v=Jptj0j_qesg,RAPVIET,RAPVIET_2021,TEASER - RAP VIỆT Mùa 2 | Xem trọn tập 15 trên VieON,VIDEO,TEASER_PREVIEW,PRIMARY_BROADCASTER,EPISODE,OFFICIAL_PLAYLIST_COLLECTION,ACCEPTED,ACCEPTED,2022-01-22T13:00:15.000Z,906,122874,,,available,yRSEIBGUUNQ04wzQA,https://www.youtube.com/watch?v=Jptj0j_qesg
youtube,Zc4yvStIEmA,https://www.youtube.com/watch?v=Zc4yvStIEmA&list=RDZc4yvStIEmA&start_radio=1,RAPVIET,RAPVIET_2021,Fan phấn khích mạnh khi được thấy bộ 6 quyền lực live theme song|Đây Là Rap Việt,VIDEO,UNKNOWN_REUPLOAD,OFFICIAL_MUSIC_CHANNEL,SEASON,OFFICIAL_PLAYLIST_COLLECTION,NEEDS_REVIEW,NEEDS_REVIEW,2023-04-12T14:00:23.000Z,214,1819696,,,available,yRSEIBGUUNQ04wzQA,https://www.youtube.com/watch?v=Zc4yvStIEmA&list=RDZc4yvStIEmA&start_radio=1
youtube,YtLx_sfJquA,https://www.youtube.com/watch?v=YtLx_sfJquA&list=RDYtLx_sfJquA&start_radio=1,RAPVIET,RAPVIET_2021,CHỜ MỘT NGƯỜI - GILL vượt qua quá khứ kể câu chuyện của riêng mình | Rap Việt 2024 [Performance],VIDEO,UNKNOWN_REUPLOAD,OFFICIAL_MUSIC_CHANNEL,SEASON,OFFICIAL_PLAYLIST_COLLECTION,NEEDS_REVIEW,NEEDS_REVIEW,2024-12-08T03:00:33.000Z,317,14045674,,,available,yRSEIBGUUNQ04wzQA,https://www.youtube.com/watch?v=YtLx_sfJquA&list=RDYtLx_sfJquA&start_radio=1
youtube,H1i1VJQCCuU,https://www.youtube.com/watch?v=H1i1VJQCCuU&list=RDH1i1VJQCCuU&start_radio=1,RAPVIET,RAPVIET_2021,"ĐỘC NHẤT VÔ NHỊ - Liên Quân 2 | Anh Trai ""Say Hi"" 2025 [Performance]",VIDEO,UNKNOWN_REUPLOAD,OFFICIAL_MUSIC_CHANNEL,SEASON,OFFICIAL_PLAYLIST_COLLECTION,NEEDS_REVIEW,NEEDS_REVIEW,2025-09-21T02:00:30.000Z,290,8634359,,,available,yRSEIBGUUNQ04wzQA,https://www.youtube.com/watch?v=H1i1VJQCCuU&list=RDH1i1VJQCCuU&start_radio=1
youtube,Wf2Ahoh3bfk,https://www.youtube.com/watch?v=Wf2Ahoh3bfk&list=RDWf2Ahoh3bfk&start_radio=1,RAPVIET,RAPVIET_2021,Về Quê - Mikelodic - Team Thái VG | Rap Việt 2023 [MV Lyrics],VIDEO,UNKNOWN_REUPLOAD,OFFICIAL_MUSIC_CHANNEL,SEASON,OFFICIAL_PLAYLIST_COLLECTION,NEEDS_REVIEW,NEEDS_REVIEW,2023-06-13T06:23:39.000Z,225,15967794,,,available,yRSEIBGUUNQ04wzQA,https://www.youtube.com/watch?v=Wf2Ahoh3bfk&list=RDWf2Ahoh3bfk&start_radio=1
youtube,9XoOCDoxyKw,https://www.youtube.com/watch?v=9XoOCDoxyKw&list=RD9XoOCDoxyKw&start_radio=1,RAPVIET,RAPVIET_2021,NÓI LÀ LÀM - Karik x DANMY rủ Mason Nguyễn mang tinh thần cực chiến | Rap Việt 2024 [Performance],VIDEO,UNKNOWN_REUPLOAD,OFFICIAL_MUSIC_CHANNEL,SEASON,OFFICIAL_PLAYLIST_COLLECTION,NEEDS_REVIEW,NEEDS_REVIEW,2024-12-15T04:00:04.000Z,289,5197214,,,available,yRSEIBGUUNQ04wzQA,https://www.youtube.com/watch?v=9XoOCDoxyKw&list=RD9XoOCDoxyKw&start_radio=1
youtube,-eXwh9ctbeM,https://www.youtube.com/watch?v=-eXwh9ctbeM,RAPVIET,RAPVIET_2021,"Obito hoàn thành bài thi trong 1 ngày, không muốn Hạnh Ngân chịu cực | Rap Việt - Mùa 2",VIDEO,UNKNOWN,PRIMARY_BROADCASTER,SEASON,OFFICIAL_PLAYLIST_COLLECTION,NEEDS_REVIEW,NEEDS_REVIEW,2021-11-21T13:00:00.000Z,785,213573,,,available,yRSEIBGUUNQ04wzQA,https://www.youtube.com/watch?v=-eXwh9ctbeM
youtube,JYeelLhzmvQ,https://www.youtube.com/watch?v=JYeelLhzmvQ&list=RDJYeelLhzmvQ&start_radio=1,RAPVIET,RAPVIET_2021,"LOVE SOMEBODY - CoolKid, Young Puppy lan toả tình yêu ""socola kẹo mút"" | Rap Việt 2024 [Performance]",VIDEO,UNKNOWN_REUPLOAD,OFFICIAL_MUSIC_CHANNEL,SEASON,OFFICIAL_PLAYLIST_COLLECTION,NEEDS_REVIEW,NEEDS_REVIEW,2024-11-17T04:00:11.000Z,256,5510319,,,available,yRSEIBGUUNQ04wzQA,https://www.youtube.com/watch?v=JYeelLhzmvQ&list=RDJYeelLhzmvQ&start_radio=1
youtube,xRJaG_k_1_s,https://www.youtube.com/watch?v=xRJaG_k_1_s&list=RDxRJaG_k_1_s&start_radio=1,RAPVIET,RAPVIET_2021,Tổng hợp GILL với phong thái trình diễn cực đỉnh phá đảo sân khấu đầy ấn tượng | Rap Việt 2024,VIDEO,UNKNOWN_REUPLOAD,OFFICIAL_MUSIC_CHANNEL,SEASON,OFFICIAL_PLAYLIST_COLLECTION,NEEDS_REVIEW,NEEDS_REVIEW,2024-12-14T08:00:43.000Z,994,1815679,,,available,yRSEIBGUUNQ04wzQA,https://www.youtube.com/watch?v=xRJaG_k_1_s&list=RDxRJaG_k_1_s&start_radio=1
youtube,8J5deuAfPNo,https://www.youtube.com/watch?v=8J5deuAfPNo,RAPVIET,RAPVIET_2021,RAP VIỆT Mùa 2-Tập 9 | Team Wowy Bị Chèn Ép Ở Rap Việt Đối Xử Không Công Bằng Với Các Team HLV Khác,VIDEO,UNKNOWN,UNVERIFIED,EPISODE,INFERRED,NEEDS_REVIEW,NEEDS_REVIEW,2021-12-12T12:40:57.000Z,484,722,,,available,yRSEIBGUUNQ04wzQA,https://www.youtube.com/watch?v=8J5deuAfPNo
youtube,1wvoFhQbpUA,https://www.youtube.com/watch?v=1wvoFhQbpUA&list=RD1wvoFhQbpUA&start_radio=1,RAPVIET,RAPVIET_2021,LẠI LÀ DG HOUSE - CoolKid rủ ngay người anh RHYDER bùng cháy sân khấu | Rap Việt 2024 [Performance],VIDEO,UNKNOWN_REUPLOAD,OFFICIAL_MUSIC_CHANNEL,SEASON,OFFICIAL_PLAYLIST_COLLECTION,NEEDS_REVIEW,NEEDS_REVIEW,2024-12-01T03:00:01.000Z,346,5591618,,,available,yRSEIBGUUNQ04wzQA,https://www.youtube.com/watch?v=1wvoFhQbpUA&list=RD1wvoFhQbpUA&start_radio=1
youtube,l9-KQmN_GNo,https://www.youtube.com/watch?v=l9-KQmN_GNo,RAPVIET,RAPVIET_2021,TẠI SAO VẬY - Shayda làm mới Hào Quang cùng Pháp Kiều và Dương Domic | Rap Việt 2024 [Live Stage],VIDEO,UNKNOWN_REUPLOAD,OFFICIAL_MUSIC_CHANNEL,SEASON,OFFICIAL_PLAYLIST_COLLECTION,NEEDS_REVIEW,NEEDS_REVIEW,2024-09-22T04:00:35.000Z,1741,2217543,,,available,yRSEIBGUUNQ04wzQA,https://www.youtube.com/watch?v=l9-KQmN_GNo
youtube,jN7SwMc6Ecs,https://www.youtube.com/watch?v=jN7SwMc6Ecs&list=RDjN7SwMc6Ecs&start_radio=1,RAPVIET,RAPVIET_2021,CÁNH CHIM BÌNH THẠNH 2 - Lower kể về cuộc đời mình đầy lắng đọng | Rap Việt 2024 [Performance],VIDEO,UNKNOWN_REUPLOAD,OFFICIAL_MUSIC_CHANNEL,SEASON,OFFICIAL_PLAYLIST_COLLECTION,NEEDS_REVIEW,NEEDS_REVIEW,2024-11-26T02:00:22.000Z,261,729216,,,available,yRSEIBGUUNQ04wzQA,https://www.youtube.com/watch?v=jN7SwMc6Ecs&list=RDjN7SwMc6Ecs&start_radio=1
youtube,6Q1ZrGLaG9I,https://www.youtube.com/watch?v=6Q1ZrGLaG9I,RAPVIET,RAPVIET_2021,"Uncut: Binz, Karik quan tâm Obito, Coldzy hết mực. Wowy không nhịn được cười | Rap Việt - Mùa 2",VIDEO,UNCUT_EXTENDED,PRIMARY_BROADCASTER,SEASON,OFFICIAL_PLAYLIST_COLLECTION,ACCEPTED,ACCEPTED,2022-01-10T14:00:16.000Z,629,274174,,,available,yRSEIBGUUNQ04wzQA,https://www.youtube.com/watch?v=6Q1ZrGLaG9I
youtube,Ij2U7EOHXY4,https://www.youtube.com/watch?v=Ij2U7EOHXY4,RAPVIET,RAPVIET_2021,RAP VIỆT Mùa 2 2021 - Tập 11 | ViruSs Reaction !,VIDEO,REACTION_COMMENTARY,UNVERIFIED,EPISODE,INFERRED,NEEDS_REVIEW,NEEDS_REVIEW,2022-01-26T09:19:20.000Z,3404,345527,,,available,yRSEIBGUUNQ04wzQA,https://www.youtube.com/watch?v=Ij2U7EOHXY4
youtube,t9uzzhj8yIQ,https://www.youtube.com/watch?v=t9uzzhj8yIQ&list=RDt9uzzhj8yIQ&start_radio=1,RAPVIET,RAPVIET_2021,Tổng hợp BẢN RAP TRIỆU VIEW CỰC CHIẾN của Robber phá đảo sân khấu Rap Việt 2024,VIDEO,UNKNOWN_REUPLOAD,OFFICIAL_MUSIC_CHANNEL,SEASON,OFFICIAL_PLAYLIST_COLLECTION,NEEDS_REVIEW,NEEDS_REVIEW,2024-12-12T13:01:05.000Z,1044,2005308,,,available,yRSEIBGUUNQ04wzQA,https://www.youtube.com/watch?v=t9uzzhj8yIQ&list=RDt9uzzhj8yIQ&start_radio=1
youtube,D1OpuAtzGlE,https://www.youtube.com/watch?v=D1OpuAtzGlE,RAPVIET,RAPVIET_2021,"Ráp việt mùa 2 tập 5: RHYMASTIC Và BINZ ""đối đầu"" Gay gắt để giành giật thí sinh|New Day",VIDEO,UNKNOWN,UNVERIFIED,EPISODE,INFERRED,NEEDS_REVIEW,NEEDS_REVIEW,2021-11-07T01:26:25.000Z,65,5128,,,available,yRSEIBGUUNQ04wzQA,https://www.youtube.com/watch?v=D1OpuAtzGlE
youtube,2o0cNxO2fWE,https://www.youtube.com/watch?v=2o0cNxO2fWE&list=PLxKLMN7WdG5DYy2yJiXnhMVnvNN1e31l7&index=19,RAPVIET,RAPVIET_2023,"Mikelodic Về Quê đóng tune mà áp đảo tập 3, nhận ngay 4 chọn của HLV |Rap Việt 2023 [Live Stage]",VIDEO,PERFORMANCE,PRIMARY_BROADCASTER,EPISODE,OFFICIAL_PLAYLIST_COLLECTION,ACCEPTED,ACCEPTED,2023-06-10T16:00:02.000Z,937,7778386,,,available,ehOMbyiKThKUMtTen,https://www.youtube.com/watch?v=2o0cNxO2fWE&list=PLxKLMN7WdG5DYy2yJiXnhMVnvNN1e31l7&index=19
youtube,xiAcFjb-L2c,https://www.youtube.com/watch?v=xiAcFjb-L2c&list=PLxKLMN7WdG5DYy2yJiXnhMVnvNN1e31l7&index=18,RAPVIET,RAPVIET_2023,"WE GO HARD: Suboi, JustaTee, Karik, Thái VG, BigDaddy, Andree, B Ray | Rap Việt Mùa 3 [Live Stage]",VIDEO,PERFORMANCE,PRIMARY_BROADCASTER,SEASON,OFFICIAL_PLAYLIST_COLLECTION,ACCEPTED,ACCEPTED,2023-05-28T02:30:19.000Z,266,9256657,,,available,ehOMbyiKThKUMtTen,https://www.youtube.com/watch?v=xiAcFjb-L2c&list=PLxKLMN7WdG5DYy2yJiXnhMVnvNN1e31l7&index=18
youtube,Yn7of6GIZpg,https://www.youtube.com/watch?v=Yn7of6GIZpg&list=PLxKLMN7WdG5DYy2yJiXnhMVnvNN1e31l7&index=2,RAPVIET,RAPVIET_2023,Rap Việt Mùa 3 - Tập 15: Chung kết 1 - Top 9 lột xác với 9 tiết mục đẳng cấp | Rap Việt 2023,VIDEO,PERFORMANCE,PRIMARY_BROADCASTER,EPISODE,OFFICIAL_PLAYLIST_COLLECTION,NEEDS_REVIEW,CANONICAL_OVERLAP,2023-09-02T14:00:10.000Z,8452,8384430,,,available,ehOMbyiKThKUMtTen,https://www.youtube.com/watch?v=Yn7of6GIZpg&list=PLxKLMN7WdG5DYy2yJiXnhMVnvNN1e31l7&index=2
youtube,4f5TI1AHFJY,https://www.youtube.com/watch?v=4f5TI1AHFJY&list=PLxKLMN7WdG5DYy2yJiXnhMVnvNN1e31l7&index=26,RAPVIET,RAPVIET_2023,CAPTAIN đốn tim fan hỏi yêu mình anh được không khi rap Để Anh Sang| Rap Việt Mùa 3 [Live Stage],VIDEO,PERFORMANCE,PRIMARY_BROADCASTER,SEASON,OFFICIAL_PLAYLIST_COLLECTION,ACCEPTED,ACCEPTED,2023-05-28T06:30:03.000Z,764,3676485,,,available,ehOMbyiKThKUMtTen,https://www.youtube.com/watch?v=4f5TI1AHFJY&list=PLxKLMN7WdG5DYy2yJiXnhMVnvNN1e31l7&index=26
youtube,vainx5HZjzg,https://www.youtube.com/watch?v=vainx5HZjzg&list=PLxKLMN7WdG5DYy2yJiXnhMVnvNN1e31l7&index=23,RAPVIET,RAPVIET_2023,Những tiết mục nghe là dính của Top 20 quái vật khủng vòng Chinh Phục | Rap Việt 2023,VIDEO,COMPILATION,PRIMARY_BROADCASTER,SEASON,OFFICIAL_PLAYLIST_COLLECTION,ACCEPTED,ACCEPTED,2023-07-03T14:00:10.000Z,3695,3703663,,,available,ehOMbyiKThKUMtTen,https://www.youtube.com/watch?v=vainx5HZjzg&list=PLxKLMN7WdG5DYy2yJiXnhMVnvNN1e31l7&index=23
youtube,zqflOk30rM8,https://www.youtube.com/watch?v=zqflOk30rM8&list=PLxKLMN7WdG5DYy2yJiXnhMVnvNN1e31l7&index=25,RAPVIET,RAPVIET_2023,OgeNus - Limitlxss rap Anh Không Cố Ý nhưng lại cố tình gây u mê | Rap Việt 2023 [Live Stage],VIDEO,PERFORMANCE,PRIMARY_BROADCASTER,SEASON,OFFICIAL_PLAYLIST_COLLECTION,ACCEPTED,ACCEPTED,2023-07-30T02:00:19.000Z,788,3147991,,,available,ehOMbyiKThKUMtTen,https://www.youtube.com/watch?v=zqflOk30rM8&list=PLxKLMN7WdG5DYy2yJiXnhMVnvNN1e31l7&index=25
youtube,BpMO0Gn8WBo,https://www.youtube.com/watch?v=BpMO0Gn8WBo&list=PLxKLMN7WdG5DYy2yJiXnhMVnvNN1e31l7&index=1,RAPVIET,RAPVIET_2023,Rap Việt Mùa 3 - Tập 16: Trực tiếp Đêm Công bố & Trao giải - Ai sẽ là Quán quân? | Rap Việt 2023,LIVESTREAM,LIVESTREAM,PRIMARY_BROADCASTER,EPISODE,OFFICIAL_PLAYLIST_COLLECTION,NEEDS_REVIEW,CANONICAL_OVERLAP,2023-09-09T16:18:33.000Z,10631,11489922,,,available,ehOMbyiKThKUMtTen,https://www.youtube.com/watch?v=BpMO0Gn8WBo&list=PLxKLMN7WdG5DYy2yJiXnhMVnvNN1e31l7&index=1
youtube,b9P7VfHNdfQ,https://www.youtube.com/watch?v=b9P7VfHNdfQ&list=PLxKLMN7WdG5DYy2yJiXnhMVnvNN1e31l7&index=22,RAPVIET,RAPVIET_2023,Minh Lai đi flow độc lạ bằng hit của AMEE khiến bộ 7 phục sát đất|Rap Việt 2023 [Live Stage],VIDEO,PERFORMANCE,PRIMARY_BROADCASTER,SEASON,OFFICIAL_PLAYLIST_COLLECTION,ACCEPTED,ACCEPTED,2023-06-24T16:00:21.000Z,716,5186435,,,available,ehOMbyiKThKUMtTen,https://www.youtube.com/watch?v=b9P7VfHNdfQ&list=PLxKLMN7WdG5DYy2yJiXnhMVnvNN1e31l7&index=22
youtube,czbVyqiDUHE,https://www.youtube.com/watch?v=czbVyqiDUHE&list=PLxKLMN7WdG5DYy2yJiXnhMVnvNN1e31l7&index=27,RAPVIET,RAPVIET_2023,"Kiều nhưng không có Thúy, chỉ có Pháp Kiều keo ly với Hoa Hồng Gai..Y! | Rap Việt Mùa 3 [Live Stage]",VIDEO,PERFORMANCE,PRIMARY_BROADCASTER,SEASON,OFFICIAL_PLAYLIST_COLLECTION,ACCEPTED,ACCEPTED,2023-05-28T04:30:14.000Z,969,2343171,,,available,ehOMbyiKThKUMtTen,https://www.youtube.com/watch?v=czbVyqiDUHE&list=PLxKLMN7WdG5DYy2yJiXnhMVnvNN1e31l7&index=27
youtube,cX2tE3WX3Xo,https://www.youtube.com/watch?v=cX2tE3WX3Xo&list=PLxKLMN7WdG5DYy2yJiXnhMVnvNN1e31l7&index=30,RAPVIET,RAPVIET_2023,CADMIUM rap vang âm hưởng Việt Nam Kiêu Hùng làm bộ 7 không thể ngồi yên|Rap Việt Mùa 3 [Live Stage],VIDEO,PERFORMANCE,PRIMARY_BROADCASTER,SEASON,OFFICIAL_PLAYLIST_COLLECTION,ACCEPTED,ACCEPTED,2023-05-28T03:30:20.000Z,1034,2676867,,,available,ehOMbyiKThKUMtTen,https://www.youtube.com/watch?v=cX2tE3WX3Xo&list=PLxKLMN7WdG5DYy2yJiXnhMVnvNN1e31l7&index=30
youtube,rReto9XNLLc,https://www.youtube.com/watch?v=rReto9XNLLc&list=PLxKLMN7WdG5DYy2yJiXnhMVnvNN1e31l7&index=29,RAPVIET,RAPVIET_2023,Huỳnh Công Hiếu lấy nước mắt bộ 7 với Sống Cho Hết Đời Thanh Xuân 4 | Rap Việt 2023 [LiveStage],VIDEO,PERFORMANCE,PRIMARY_BROADCASTER,SEASON,OFFICIAL_PLAYLIST_COLLECTION,ACCEPTED,ACCEPTED,2023-08-20T02:00:18.000Z,539,4151927,,,available,ehOMbyiKThKUMtTen,https://www.youtube.com/watch?v=rReto9XNLLc&list=PLxKLMN7WdG5DYy2yJiXnhMVnvNN1e31l7&index=29
youtube,zHIfh_OBWj8,https://www.youtube.com/watch?v=zHIfh_OBWj8&list=PLxKLMN7WdG5DYy2yJiXnhMVnvNN1e31l7&index=20,RAPVIET,RAPVIET_2023,"Đừng hỏi Bao Giờ Lấy Vợ vì 24k.Right đã lấy trọn 4 chọn, 4 nón vàng| Rap Việt Mùa 3 [Live Stage]",VIDEO,PERFORMANCE,PRIMARY_BROADCASTER,SEASON,OFFICIAL_PLAYLIST_COLLECTION,ACCEPTED,ACCEPTED,2023-06-03T16:00:43.000Z,945,8321558,,,available,ehOMbyiKThKUMtTen,https://www.youtube.com/watch?v=zHIfh_OBWj8&list=PLxKLMN7WdG5DYy2yJiXnhMVnvNN1e31l7&index=20
youtube,lOgoXLY7edQ,https://www.youtube.com/watch?v=lOgoXLY7edQ&list=PLxKLMN7WdG5DYy2yJiXnhMVnvNN1e31l7&index=28,RAPVIET,RAPVIET_2023,HIEUTHUHAI giữ lời hứa hỗ trợ HURRYKNG với Một Công Đôi Việc | Rap Việt 2023 [LiveStage],VIDEO,PERFORMANCE,PRIMARY_BROADCASTER,SEASON,OFFICIAL_PLAYLIST_COLLECTION,ACCEPTED,ACCEPTED,2023-08-05T16:00:28.000Z,783,3994971,,,available,ehOMbyiKThKUMtTen,https://www.youtube.com/watch?v=lOgoXLY7edQ&list=PLxKLMN7WdG5DYy2yJiXnhMVnvNN1e31l7&index=28
youtube,XgArxMajFeE,https://www.youtube.com/watch?v=XgArxMajFeE&list=PLxKLMN7WdG5DYy2yJiXnhMVnvNN1e31l7&index=21,RAPVIET,RAPVIET_2023,Rhyder cân cả rap và hát siêu đỉnh với Để Anh Một Mình|Rap Việt Mùa 3 [Live Stage],VIDEO,PERFORMANCE,PRIMARY_BROADCASTER,SEASON,OFFICIAL_PLAYLIST_COLLECTION,ACCEPTED,ACCEPTED,2023-06-04T04:00:23.000Z,654,10010979,,,available,ehOMbyiKThKUMtTen,https://www.youtube.com/watch?v=XgArxMajFeE&list=PLxKLMN7WdG5DYy2yJiXnhMVnvNN1e31l7&index=21
youtube,JVZsRaZ6kTA,https://www.youtube.com/watch?v=JVZsRaZ6kTA&list=PLxKLMN7WdG5DYy2yJiXnhMVnvNN1e31l7&index=24,RAPVIET,RAPVIET_2023,Tan chảy trong từng giai điệu với Anh Là Ai? của DT Tập Rap & Công Hiếu | Rap Việt 2023 [Live Stage],VIDEO,PERFORMANCE,PRIMARY_BROADCASTER,SEASON,OFFICIAL_PLAYLIST_COLLECTION,ACCEPTED,ACCEPTED,2023-07-16T02:00:05.000Z,888,4771876,,,available,ehOMbyiKThKUMtTen,https://www.youtube.com/watch?v=JVZsRaZ6kTA&list=PLxKLMN7WdG5DYy2yJiXnhMVnvNN1e31l7&index=24
youtube,rgLtnS7SsDU,https://www.youtube.com/watch?v=rgLtnS7SsDU&list=PLxKLMN7WdG5DYy2yJiXnhMVnvNN1e31l7&index=32,RAPVIET,RAPVIET_2023,Người miền núi chất Double2T khuấy đảo với Thanh Âm Miền Núi | Rap Việt 2023 [Live Stage],VIDEO,PERFORMANCE,PRIMARY_BROADCASTER,SEASON,OFFICIAL_PLAYLIST_COLLECTION,ACCEPTED,ACCEPTED,2023-07-02T12:07:01.000Z,773,2586280,,,available,ehOMbyiKThKUMtTen,https://www.youtube.com/watch?v=rgLtnS7SsDU&list=PLxKLMN7WdG5DYy2yJiXnhMVnvNN1e31l7&index=32
youtube,7JTihdQyplY,https://www.youtube.com/watch?v=7JTihdQyplY&list=PLxKLMN7WdG5DYy2yJiXnhMVnvNN1e31l7&index=13,RAPVIET,RAPVIET_2023,"Rap Việt Mùa 3 - Tập 4: Đại chiến nón vàng trở lại, Liu Grace - Tez xuất trận | Rap Việt 2023",VIDEO,UNKNOWN,PRIMARY_BROADCASTER,EPISODE,OFFICIAL_PLAYLIST_COLLECTION,NEEDS_REVIEW,NEEDS_REVIEW,2023-06-17T14:00:07.000Z,5939,9041702,,,available,ehOMbyiKThKUMtTen,https://www.youtube.com/watch?v=7JTihdQyplY&list=PLxKLMN7WdG5DYy2yJiXnhMVnvNN1e31l7&index=13
youtube,Cyxv7HawRXE,https://www.youtube.com/watch?v=Cyxv7HawRXE&list=PLxKLMN7WdG5DYy2yJiXnhMVnvNN1e31l7&index=17,RAPVIET,RAPVIET_2023,"Vành Khuyên Nhỏ Liu Grace áp đảo tập 4, ẵm luôn nón vàng từ Thái VG | Rap Việt 2023 [Live Stage]",VIDEO,PERFORMANCE,PRIMARY_BROADCASTER,EPISODE,OFFICIAL_PLAYLIST_COLLECTION,NEEDS_REVIEW,CANONICAL_OVERLAP,2023-06-17T16:00:08.000Z,810,10864661,,,available,ehOMbyiKThKUMtTen,https://www.youtube.com/watch?v=Cyxv7HawRXE&list=PLxKLMN7WdG5DYy2yJiXnhMVnvNN1e31l7&index=17
youtube,CvaDn9UhwM0,https://www.youtube.com/watch?v=CvaDn9UhwM0&list=PLxKLMN7WdG5DYy2yJiXnhMVnvNN1e31l7&index=31,RAPVIET,RAPVIET_2023,Rhyder thể hiện khả năng rap và đánh trống điêu luyện trong Từ Chối Hiểu | Rap Việt 2023 [LiveStage],VIDEO,PERFORMANCE,PRIMARY_BROADCASTER,SEASON,OFFICIAL_PLAYLIST_COLLECTION,ACCEPTED,ACCEPTED,2023-08-19T16:00:15.000Z,605,4748742,,,available,ehOMbyiKThKUMtTen,https://www.youtube.com/watch?v=CvaDn9UhwM0&list=PLxKLMN7WdG5DYy2yJiXnhMVnvNN1e31l7&index=31
youtube,vrcjoqeLeJI,https://www.youtube.com/watch?v=vrcjoqeLeJI&list=RDvrcjoqeLeJI&start_radio=1,RAPVIET,RAPVIET_2024,"QUA TỪNG KHUNG HÌNH - Robber, NGẮN tạo cơn địa chấn dâng trào cảm xúc | Rap Việt 2024 [Performance]",VIDEO,UNKNOWN_REUPLOAD,OFFICIAL_MUSIC_CHANNEL,SEASON,OFFICIAL_PLAYLIST_COLLECTION,NEEDS_REVIEW,NEEDS_REVIEW,2024-11-17T02:00:36.000Z,299,21136780,,,available,OoPkMbTamPT06ikpY,https://www.youtube.com/watch?v=vrcjoqeLeJI&list=RDvrcjoqeLeJI&start_radio=1
youtube,vHrARB1pccc,https://www.youtube.com/watch?v=vHrARB1pccc&list=RDvHrARB1pccc&start_radio=1,RAPVIET,RAPVIET_2024,"TOP TIẾT MỤC bùng nổ sân khấu đêm chung kết: Thai VG, JustaTee, Karik, Suboi, BigDaddy, B Ray",VIDEO,UNKNOWN_REUPLOAD,OFFICIAL_MUSIC_CHANNEL,SEASON,OFFICIAL_PLAYLIST_COLLECTION,NEEDS_REVIEW,NEEDS_REVIEW,2024-12-17T05:30:27.000Z,1603,11375,,,available,OoPkMbTamPT06ikpY,https://www.youtube.com/watch?v=vHrARB1pccc&list=RDvHrARB1pccc&start_radio=1
youtube,c3EQS9OQ2_Y,https://www.youtube.com/watch?v=c3EQS9OQ2_Y&list=RDc3EQS9OQ2_Y&start_radio=1,RAPVIET,RAPVIET_2024,TỔNG HỢP FULL 6 tiết mục collab HLV bùng nổ đêm chung kết RAP VIỆT 2024,VIDEO,COMPILATION,UNVERIFIED,SEASON,INFERRED,NEEDS_REVIEW,NEEDS_REVIEW,2024-12-15T12:00:39.000Z,1448,178892,,,available,OoPkMbTamPT06ikpY,https://www.youtube.com/watch?v=c3EQS9OQ2_Y&list=RDc3EQS9OQ2_Y&start_radio=1
youtube,ta_e1xjUXWw,https://www.youtube.com/watch?v=ta_e1xjUXWw&list=RDta_e1xjUXWw&start_radio=1,RAPVIET,RAPVIET_2024,Hành trình Á QUÂN của GILL - cực tài năng và tỏa sáng tại RAP VIỆT 2024,VIDEO,UNKNOWN,UNVERIFIED,SEASON,INFERRED,NEEDS_REVIEW,NEEDS_REVIEW,2024-12-15T01:30:25.000Z,1195,371357,,,available,OoPkMbTamPT06ikpY,https://www.youtube.com/watch?v=ta_e1xjUXWw&list=RDta_e1xjUXWw&start_radio=1
youtube,ziE53o_ae14,https://www.youtube.com/watch?v=ziE53o_ae14&list=RDziE53o_ae14&start_radio=1,RAPVIET,RAPVIET_2024,"Tổng hợp FULL VÒNG BỨT PHÁ, 24 tiết mục hoành tráng, gây tiếng vang tại RAP VIỆT 2024",VIDEO,COMPILATION,UNVERIFIED,SEASON,INFERRED,NEEDS_REVIEW,NEEDS_REVIEW,2024-12-03T12:01:17.000Z,5543,144680,,,available,OoPkMbTamPT06ikpY,https://www.youtube.com/watch?v=ziE53o_ae14&list=RDziE53o_ae14&start_radio=1
youtube,Q1mSK2hge5g,https://www.youtube.com/watch?v=Q1mSK2hge5g&list=RDQ1mSK2hge5g&start_radio=1,RAPVIET,RAPVIET_2024,"Playlist những bản rap chất vòng chinh phục Rap Việt 2024, Coolkid, Mason Nguyễn, GILL,...cực chiến",VIDEO,UNKNOWN,UNVERIFIED,SEASON,INFERRED,NEEDS_REVIEW,NEEDS_REVIEW,2024-10-25T12:30:31.000Z,1560,63447,,,available,OoPkMbTamPT06ikpY,https://www.youtube.com/watch?v=Q1mSK2hge5g&list=RDQ1mSK2hge5g&start_radio=1
youtube,l9-KQmN_GNo,https://www.youtube.com/watch?v=l9-KQmN_GNo,RAPVIET,RAPVIET_2024,TẠI SAO VẬY - Shayda làm mới Hào Quang cùng Pháp Kiều và Dương Domic | Rap Việt 2024 [Live Stage],VIDEO,UNKNOWN_REUPLOAD,OFFICIAL_MUSIC_CHANNEL,SEASON,OFFICIAL_PLAYLIST_COLLECTION,NEEDS_REVIEW,NEEDS_REVIEW,2024-09-22T04:00:35.000Z,1741,2217543,,,available,OoPkMbTamPT06ikpY,https://www.youtube.com/watch?v=l9-KQmN_GNo
youtube,lrpOGToQtYk,https://www.youtube.com/watch?v=lrpOGToQtYk&list=RDlrpOGToQtYk&start_radio=1,RAPVIET,RAPVIET_2024,TỔNG HỢP BẢN RAP TOP HIT cực đỉnh oanh tạc sân khấu Rap Việt 2024,VIDEO,UNKNOWN_REUPLOAD,OFFICIAL_MUSIC_CHANNEL,SEASON,OFFICIAL_PLAYLIST_COLLECTION,NEEDS_REVIEW,NEEDS_REVIEW,2024-12-21T04:00:27.000Z,5573,870268,,,available,OoPkMbTamPT06ikpY,https://www.youtube.com/watch?v=lrpOGToQtYk&list=RDlrpOGToQtYk&start_radio=1
youtube,2oYGm0SUAfc,https://www.youtube.com/watch?v=2oYGm0SUAfc&list=RD2oYGm0SUAfc&start_radio=1,RAPVIET,RAPVIET_2024,TRAI HỌ VŨ - GILL rủ ICY Famou$ khuấy động cả khán phòng | Rap Việt 2024 [Performance],VIDEO,UNKNOWN_REUPLOAD,OFFICIAL_MUSIC_CHANNEL,SEASON,OFFICIAL_PLAYLIST_COLLECTION,NEEDS_REVIEW,NEEDS_REVIEW,2024-11-17T03:00:02.000Z,281,10648297,,,available,OoPkMbTamPT06ikpY,https://www.youtube.com/watch?v=2oYGm0SUAfc&list=RD2oYGm0SUAfc&start_radio=1
youtube,ziCrIk8OaQU,https://www.youtube.com/watch?v=ziCrIk8OaQU&list=RDziCrIk8OaQU&start_radio=1,RAPVIET,RAPVIET_2024,"HẸN BÉ LẦN SAU (Feat. Mason Nguyen, Tiêu Minh Phụng)",VIDEO,UNKNOWN,UNVERIFIED,SEASON,INFERRED,NEEDS_REVIEW,NEEDS_REVIEW,2024-11-04T02:05:06.000Z,186,210590,,,available,OoPkMbTamPT06ikpY,https://www.youtube.com/watch?v=ziCrIk8OaQU&list=RDziCrIk8OaQU&start_radio=1
youtube,zEGf-qYhK_0,https://www.youtube.com/watch?v=zEGf-qYhK_0&list=RDzEGf-qYhK_0&start_radio=1,RAPVIET,RAPVIET_2024,Á QUÂN GILL với những BẢN RAP QUẨY CỰC NHIỆT phá đảo sân khấu Rap Việt 2024,VIDEO,UNKNOWN_REUPLOAD,OFFICIAL_MUSIC_CHANNEL,SEASON,OFFICIAL_PLAYLIST_COLLECTION,NEEDS_REVIEW,NEEDS_REVIEW,2024-12-19T10:30:26.000Z,1282,25714,,,available,OoPkMbTamPT06ikpY,https://www.youtube.com/watch?v=zEGf-qYhK_0&list=RDzEGf-qYhK_0&start_radio=1
youtube,pyPlHuf_U9o,https://www.youtube.com/watch?v=pyPlHuf_U9o&list=RDpyPlHuf_U9o&start_radio=1,RAPVIET,RAPVIET_2024,Anh Đã Làm Gì Đâu - Nhật Hoàng ft Thùy Chi kết hợp bùng nổ cảm xúc | Rap Việt 2024 [Live Stage],VIDEO,PERFORMANCE,PRIMARY_BROADCASTER,SEASON,OFFICIAL_PLAYLIST_COLLECTION,ACCEPTED,ACCEPTED,2024-12-01T05:00:41.000Z,1119,889784,,,available,OoPkMbTamPT06ikpY,https://www.youtube.com/watch?v=pyPlHuf_U9o&list=RDpyPlHuf_U9o&start_radio=1
youtube,CXAm1VQaqoU,https://www.youtube.com/watch?v=CXAm1VQaqoU,RAPVIET,RAPVIET_2024,"TIÊU MINH PHỤNG ""oanh tạc"" Rap Việt 2024 bằng 2 bản rap cải lương: LÝ RAPPER, HẸN BÉ LẦN SAU",VIDEO,UNKNOWN,UNVERIFIED,SEASON,INFERRED,NEEDS_REVIEW,NEEDS_REVIEW,2024-11-05T11:00:12.000Z,1064,1493393,,,available,OoPkMbTamPT06ikpY,https://www.youtube.com/watch?v=CXAm1VQaqoU
youtube,kkpWHG3_FFE,https://www.youtube.com/watch?v=kkpWHG3_FFE&list=RDkkpWHG3_FFE&start_radio=1,RAPVIET,RAPVIET_2024,[1 HOUR] LÝ RAPPER - TIÊU MINH PHỤNG kết hợp vọng cổ nhận 4 chọn tại RAP VIỆT 2024,VIDEO,MUSIC_ASSET,UNVERIFIED,SEASON,INFERRED,NEEDS_REVIEW,NEEDS_REVIEW,2024-09-22T12:00:54.000Z,3719,273176,,,available,OoPkMbTamPT06ikpY,https://www.youtube.com/watch?v=kkpWHG3_FFE&list=RDkkpWHG3_FFE&start_radio=1
youtube,vMxNIcVl-Hg,https://www.youtube.com/watch?v=vMxNIcVl-Hg&list=RDvMxNIcVl-Hg&start_radio=1,RAPVIET,RAPVIET_2024,ANH ĐÃ LÀM GÌ ĐÂU - Nhật Hoàng tự sự kết hợp cùng Thuỳ Chi đầy cảm xúc | Rap Việt 2024 [Performance],VIDEO,UNKNOWN_REUPLOAD,OFFICIAL_MUSIC_CHANNEL,SEASON,OFFICIAL_PLAYLIST_COLLECTION,NEEDS_REVIEW,NEEDS_REVIEW,2024-12-01T04:00:35.000Z,343,23231722,,,available,OoPkMbTamPT06ikpY,https://www.youtube.com/watch?v=vMxNIcVl-Hg&list=RDvMxNIcVl-Hg&start_radio=1
youtube,aocSFqtnzMk,https://www.youtube.com/watch?v=aocSFqtnzMk&list=RDaocSFqtnzMk&start_radio=1,RAPVIET,RAPVIET_2024,LƯỚT TRÊN CON SÓNG - Dangrangto rủ Trần Lả Lướt kill con beat disco | Rap Việt 2024 [Performance],VIDEO,UNKNOWN_REUPLOAD,OFFICIAL_MUSIC_CHANNEL,SEASON,OFFICIAL_PLAYLIST_COLLECTION,NEEDS_REVIEW,NEEDS_REVIEW,2024-11-25T02:00:01.000Z,311,32683060,,,available,OoPkMbTamPT06ikpY,https://www.youtube.com/watch?v=aocSFqtnzMk&list=RDaocSFqtnzMk&start_radio=1
youtube,k48bVMJozHY,https://www.youtube.com/watch?v=k48bVMJozHY&list=RDk48bVMJozHY&start_radio=1,RAPVIET,RAPVIET_2024,"ĐÂU PHẢI VỢ ANH - Dangrangto khiến khán giả mê đét, nhận về 4 NÓN VÀNG | Rap Việt 2024 [Performance]",VIDEO,UNKNOWN_REUPLOAD,OFFICIAL_MUSIC_CHANNEL,SEASON,OFFICIAL_PLAYLIST_COLLECTION,NEEDS_REVIEW,NEEDS_REVIEW,2024-10-13T02:00:22.000Z,218,23627093,,,available,OoPkMbTamPT06ikpY,https://www.youtube.com/watch?v=k48bVMJozHY&list=RDk48bVMJozHY&start_radio=1
youtube,XMGcYBNpgrs,https://www.youtube.com/watch?v=XMGcYBNpgrs&list=RDXMGcYBNpgrs&start_radio=1,RAPVIET,RAPVIET_2024,ANH TRAI HIP HOP - B Ray x Robber x Gill oanh tạc sân khấu cực cháy | Rap Việt 2024 [Performance],VIDEO,UNKNOWN_REUPLOAD,OFFICIAL_MUSIC_CHANNEL,SEASON,OFFICIAL_PLAYLIST_COLLECTION,NEEDS_REVIEW,NEEDS_REVIEW,2024-12-15T02:00:15.000Z,330,9446013,,,available,OoPkMbTamPT06ikpY,https://www.youtube.com/watch?v=XMGcYBNpgrs&list=RDXMGcYBNpgrs&start_radio=1
youtube,-1zHYo12SHs,https://www.youtube.com/watch?v=-1zHYo12SHs,RAPVIET,RAPVIET_2024,"TUYẾT TRÊN PHỐ - GILL trở lại chinh phục 4 HLV, first choice của B Ray | Rap Việt 2024 [Live Stage]",VIDEO,UNKNOWN_REUPLOAD,OFFICIAL_MUSIC_CHANNEL,SEASON,OFFICIAL_PLAYLIST_COLLECTION,NEEDS_REVIEW,NEEDS_REVIEW,2024-09-29T02:00:00.000Z,1154,3790199,,,available,OoPkMbTamPT06ikpY,https://www.youtube.com/watch?v=-1zHYo12SHs
youtube,IkSUYwMobk4,https://www.youtube.com/watch?v=IkSUYwMobk4&list=RDIkSUYwMobk4&start_radio=1,RAPVIET,RAPVIET_2024,HẸN BÉ LẦN SAU - Mason Nguyễn cùng Tiêu Minh Phụng level up | Rap Việt 2024 [Performance],VIDEO,UNKNOWN_REUPLOAD,OFFICIAL_MUSIC_CHANNEL,SEASON,OFFICIAL_PLAYLIST_COLLECTION,NEEDS_REVIEW,NEEDS_REVIEW,2024-11-03T04:00:16.000Z,245,4531105,,,available,OoPkMbTamPT06ikpY,https://www.youtube.com/watch?v=IkSUYwMobk4&list=RDIkSUYwMobk4&start_radio=1
youtube,ZzhN7Cl4Rww,https://www.youtube.com/watch?v=ZzhN7Cl4Rww&list=RDZzhN7Cl4Rww&start_radio=1,RAPVIET,RAPVIET_2024,ANH ĐÃ LÀM GÌ ĐÂU - Nhật Hoàng ft. Thùy Chi tự sự câu chuyện thăng trầm của cuộc sống |Rap Việt 2024,VIDEO,UNKNOWN,UNVERIFIED,SEASON,INFERRED,NEEDS_REVIEW,NEEDS_REVIEW,2024-12-03T12:30:29.000Z,314,18752087,,,available,OoPkMbTamPT06ikpY,https://www.youtube.com/watch?v=ZzhN7Cl4Rww&list=RDZzhN7Cl4Rww&start_radio=1
youtube,38bvvPsLsk8,https://www.youtube.com/watch?v=38bvvPsLsk8&list=RD38bvvPsLsk8&start_radio=1,RAPVIET,RAPVIET_2024,LƯỚT TRÊN CON SÓNG (Feat. Dangrangto),VIDEO,UNKNOWN,UNVERIFIED,SEASON,INFERRED,NEEDS_REVIEW,NEEDS_REVIEW,2024-11-24T18:24:24.000Z,251,1282894,,,available,OoPkMbTamPT06ikpY,https://www.youtube.com/watch?v=38bvvPsLsk8&list=RD38bvvPsLsk8&start_radio=1
youtube,vTjA-C0bwDA,https://www.youtube.com/watch?v=vTjA-C0bwDA&list=RDvTjA-C0bwDA&start_radio=1,RAPVIET,RAPVIET_2024,CHỜ MỘT NGƯỜI (Feat. Gill),VIDEO,UNKNOWN,UNVERIFIED,SEASON,INFERRED,NEEDS_REVIEW,NEEDS_REVIEW,2024-12-09T02:54:35.000Z,259,912730,,,available,OoPkMbTamPT06ikpY,https://www.youtube.com/watch?v=vTjA-C0bwDA&list=RDvTjA-C0bwDA&start_radio=1
youtube,8QNKX5NivzY,https://www.youtube.com/watch?v=8QNKX5NivzY,RAPVIET,RAPVIET_2024,ĐÂU PHẢI VỢ ANH - Dangrangto rap mê đét thế này sao mà ghét được nhờ | Rap Việt 2024 [Live Stage],VIDEO,PERFORMANCE,PRIMARY_BROADCASTER,SEASON,OFFICIAL_PLAYLIST_COLLECTION,ACCEPTED,ACCEPTED,2024-10-14T02:00:04.000Z,1238,1382648,,,available,OoPkMbTamPT06ikpY,https://www.youtube.com/watch?v=8QNKX5NivzY
youtube,YtLx_sfJquA,https://www.youtube.com/watch?v=YtLx_sfJquA&list=RDYtLx_sfJquA&start_radio=1,RAPVIET,RAPVIET_2024,CHỜ MỘT NGƯỜI - GILL vượt qua quá khứ kể câu chuyện của riêng mình | Rap Việt 2024 [Performance],VIDEO,UNKNOWN_REUPLOAD,OFFICIAL_MUSIC_CHANNEL,SEASON,OFFICIAL_PLAYLIST_COLLECTION,NEEDS_REVIEW,NEEDS_REVIEW,2024-12-08T03:00:33.000Z,317,14045674,,,available,OoPkMbTamPT06ikpY,https://www.youtube.com/watch?v=YtLx_sfJquA&list=RDYtLx_sfJquA&start_radio=1
youtube,9XoOCDoxyKw,https://www.youtube.com/watch?v=9XoOCDoxyKw&list=RD9XoOCDoxyKw&start_radio=1,RAPVIET,RAPVIET_2024,NÓI LÀ LÀM - Karik x DANMY rủ Mason Nguyễn mang tinh thần cực chiến | Rap Việt 2024 [Performance],VIDEO,UNKNOWN_REUPLOAD,OFFICIAL_MUSIC_CHANNEL,SEASON,OFFICIAL_PLAYLIST_COLLECTION,NEEDS_REVIEW,NEEDS_REVIEW,2024-12-15T04:00:04.000Z,289,5197214,,,available,OoPkMbTamPT06ikpY,https://www.youtube.com/watch?v=9XoOCDoxyKw&list=RD9XoOCDoxyKw&start_radio=1
youtube,KPaRJWX0qZc,https://www.youtube.com/watch?v=KPaRJWX0qZc,RAPVIET,RAPVIET_2024,Rap Việt 2024 Tập 1: Khai hỏa vòng chinh phục cùng dàn thí sinh bứt phá không giới hạn,VIDEO,UNKNOWN,PRIMARY_BROADCASTER,EPISODE,OFFICIAL_PLAYLIST_COLLECTION,NEEDS_REVIEW,NEEDS_REVIEW,2024-09-21T14:00:32.000Z,9701,10451282,,,available,OoPkMbTamPT06ikpY,https://www.youtube.com/watch?v=KPaRJWX0qZc
youtube,FMTZgu7ZgZk,https://www.youtube.com/watch?v=FMTZgu7ZgZk&list=RDFMTZgu7ZgZk&start_radio=1,RAPVIET,RAPVIET_2024,Tổng hợp vòng Đối Đầu: Full 16 bản RAP gây bão sân khấu nghe là nghiện của 4 team tại Rap Việt 2024,VIDEO,UNKNOWN_REUPLOAD,OFFICIAL_MUSIC_CHANNEL,SEASON,OFFICIAL_PLAYLIST_COLLECTION,NEEDS_REVIEW,NEEDS_REVIEW,2024-11-23T12:00:16.000Z,3605,191550,,,available,OoPkMbTamPT06ikpY,https://www.youtube.com/watch?v=FMTZgu7ZgZk&list=RDFMTZgu7ZgZk&start_radio=1
youtube,MwbbSs9Rbbo,https://www.youtube.com/watch?v=MwbbSs9Rbbo&list=RDMwbbSs9Rbbo&start_radio=1,RAPVIET,RAPVIET_2024,SĂN - Suboi x Saabirose hoá thân hai nữ thợ săn cực cuốn hút | Rap Việt 2024 [Performance],VIDEO,UNKNOWN_REUPLOAD,OFFICIAL_MUSIC_CHANNEL,SEASON,OFFICIAL_PLAYLIST_COLLECTION,NEEDS_REVIEW,NEEDS_REVIEW,2024-12-16T04:30:16.000Z,325,2278997,,,available,OoPkMbTamPT06ikpY,https://www.youtube.com/watch?v=MwbbSs9Rbbo&list=RDMwbbSs9Rbbo&start_radio=1
youtube,T7HuCezzRCo,https://www.youtube.com/watch?v=T7HuCezzRCo&list=RDT7HuCezzRCo&start_radio=1,RAPVIET,RAPVIET_2024,"Top 9 bài rap TRIỆU VIEWS gây tiếng vang tại Rap Việt 2024: Dangrangto, GILL, Robber,...",VIDEO,COMPILATION,UNVERIFIED,SEASON,INFERRED,NEEDS_REVIEW,NEEDS_REVIEW,2024-12-10T03:15:23.000Z,2381,247127,,,available,OoPkMbTamPT06ikpY,https://www.youtube.com/watch?v=T7HuCezzRCo&list=RDT7HuCezzRCo&start_radio=1
youtube,CNSHbeVLe9Q,https://www.youtube.com/watch?v=CNSHbeVLe9Q&list=RDCNSHbeVLe9Q&start_radio=1,RAPVIET,RAPVIET_2024,"LOVE SOMEBODY (Feat. CoolKid, Young Puppy)",VIDEO,UNKNOWN,UNVERIFIED,SEASON,INFERRED,NEEDS_REVIEW,NEEDS_REVIEW,2024-11-16T14:18:20.000Z,189,399650,,,available,OoPkMbTamPT06ikpY,https://www.youtube.com/watch?v=CNSHbeVLe9Q&list=RDCNSHbeVLe9Q&start_radio=1
youtube,o1J9vHI76T8,https://www.youtube.com/watch?v=o1J9vHI76T8&list=RDo1J9vHI76T8&start_radio=1,RAPVIET,RAPVIET_2024,ỔN - Shayda  “slay hết nấc” như một nghệ sĩ trình diễn thực thụ | Rap Việt 2024 [Performance],VIDEO,UNKNOWN_REUPLOAD,OFFICIAL_MUSIC_CHANNEL,SEASON,OFFICIAL_PLAYLIST_COLLECTION,NEEDS_REVIEW,NEEDS_REVIEW,2024-12-02T04:00:26.000Z,247,135438,,,available,OoPkMbTamPT06ikpY,https://www.youtube.com/watch?v=o1J9vHI76T8&list=RDo1J9vHI76T8&start_radio=1
youtube,cIdkPF3or0A,https://www.youtube.com/watch?v=cIdkPF3or0A&list=RDcIdkPF3or0A&start_radio=1,RAPVIET,RAPVIET_2024,RĂNG HAY RỨA HÈ? - Saabirose nữ chiến binh cầm nón vàng vào team Suboi | Rap Việt 2024 [Live Stage],VIDEO,UNKNOWN_REUPLOAD,OFFICIAL_MUSIC_CHANNEL,SEASON,OFFICIAL_PLAYLIST_COLLECTION,NEEDS_REVIEW,NEEDS_REVIEW,2024-10-06T03:00:27.000Z,498,1320168,,,available,OoPkMbTamPT06ikpY,https://www.youtube.com/watch?v=cIdkPF3or0A&list=RDcIdkPF3or0A&start_radio=1
youtube,JYeelLhzmvQ,https://www.youtube.com/watch?v=JYeelLhzmvQ&list=RDJYeelLhzmvQ&start_radio=1,RAPVIET,RAPVIET_2024,"LOVE SOMEBODY - CoolKid, Young Puppy lan toả tình yêu ""socola kẹo mút"" | Rap Việt 2024 [Performance]",VIDEO,UNKNOWN_REUPLOAD,OFFICIAL_MUSIC_CHANNEL,SEASON,OFFICIAL_PLAYLIST_COLLECTION,NEEDS_REVIEW,NEEDS_REVIEW,2024-11-17T04:00:11.000Z,256,5510319,,,available,OoPkMbTamPT06ikpY,https://www.youtube.com/watch?v=JYeelLhzmvQ&list=RDJYeelLhzmvQ&start_radio=1
youtube,uJie7A81dHQ,https://www.youtube.com/watch?v=uJie7A81dHQ,RAPVIET,RAPVIET_2024,Rùng mình với HIT Bắc Kim Thang quá độc đỉnh của Ricky Star | RAP VIỆT [Live Stage],VIDEO,PERFORMANCE,PRIMARY_BROADCASTER,SEASON,OFFICIAL_PLAYLIST_COLLECTION,ACCEPTED,ACCEPTED,2020-08-09T08:30:06.000Z,1152,32620222,,,available,OoPkMbTamPT06ikpY,https://www.youtube.com/watch?v=uJie7A81dHQ
youtube,tL0K_tXtK4o,https://www.youtube.com/watch?v=tL0K_tXtK4o&list=RDtL0K_tXtK4o&start_radio=1,RAPVIET,RAPVIET_2024,"NO LIMIT - Suboi, Karik, Thái VG, BigDaddy, JustaTee, B Ray | Rap Việt 2024 [Live Stage]",VIDEO,UNKNOWN_REUPLOAD,OFFICIAL_MUSIC_CHANNEL,SEASON,OFFICIAL_PLAYLIST_COLLECTION,NEEDS_REVIEW,NEEDS_REVIEW,2024-09-22T02:00:35.000Z,325,591169,,,available,OoPkMbTamPT06ikpY,https://www.youtube.com/watch?v=tL0K_tXtK4o&list=RDtL0K_tXtK4o&start_radio=1
youtube,s2UBSFakgJs,https://www.youtube.com/watch?v=s2UBSFakgJs&list=RDs2UBSFakgJs&start_radio=1,RAPVIET,RAPVIET_2024,"Nói Là Làm - Karik, Danmy, Mason Nguyễn tinh thần chuẩn hiphop cực cháy | Rap Việt 2024 [Live Stage]",VIDEO,PERFORMANCE,PRIMARY_BROADCASTER,SEASON,OFFICIAL_PLAYLIST_COLLECTION,ACCEPTED,ACCEPTED,2024-12-15T04:00:27.000Z,732,687915,,,available,OoPkMbTamPT06ikpY,https://www.youtube.com/watch?v=s2UBSFakgJs&list=RDs2UBSFakgJs&start_radio=1
youtube,4FMKF6dDEBo,https://www.youtube.com/watch?v=4FMKF6dDEBo&list=RD4FMKF6dDEBo&start_radio=1,RAPVIET,RAPVIET_2024,1TINHYEU - Robber rủ YoungPuppy kể câu chuyện tình yêu cực cuốn | Rap Việt 2024 [Performance],VIDEO,UNKNOWN_REUPLOAD,OFFICIAL_MUSIC_CHANNEL,SEASON,OFFICIAL_PLAYLIST_COLLECTION,NEEDS_REVIEW,NEEDS_REVIEW,2024-12-02T02:00:04.000Z,302,7424024,,,available,OoPkMbTamPT06ikpY,https://www.youtube.com/watch?v=4FMKF6dDEBo&list=RD4FMKF6dDEBo&start_radio=1
youtube,fJvZhwXAoBE,https://www.youtube.com/watch?v=fJvZhwXAoBE&list=RDfJvZhwXAoBE&start_radio=1,RAPVIET,RAPVIET_2024,ĐỪNG GHEN (Feat. Mason Nguyen),VIDEO,UNKNOWN,UNVERIFIED,SEASON,INFERRED,NEEDS_REVIEW,NEEDS_REVIEW,2024-10-07T02:54:26.000Z,184,132772,,,available,OoPkMbTamPT06ikpY,https://www.youtube.com/watch?v=fJvZhwXAoBE&list=RDfJvZhwXAoBE&start_radio=1
youtube,WwqMwQGRjug,https://www.youtube.com/watch?v=WwqMwQGRjug&list=RDWwqMwQGRjug&start_radio=1,RAPVIET,RAPVIET_2024,BA ƠI (Feat. Robber),VIDEO,UNKNOWN,UNVERIFIED,SEASON,INFERRED,NEEDS_REVIEW,NEEDS_REVIEW,2024-10-12T16:49:18.000Z,218,205704,,,available,OoPkMbTamPT06ikpY,https://www.youtube.com/watch?v=WwqMwQGRjug&list=RDWwqMwQGRjug&start_radio=1
youtube,oY6wNsHUVxM,https://www.youtube.com/watch?v=oY6wNsHUVxM,RAPVIET,RAPVIET_2024,"TRỌN BỘ 8BAR RAP VIỆT 2024: Bray bị nguyên team Rap Dizz, các thí sinh bung skill giành cơ hội cuối",VIDEO,UNKNOWN,UNVERIFIED,SEASON,INFERRED,NEEDS_REVIEW,NEEDS_REVIEW,2024-11-17T10:00:41.000Z,2182,142718,,,available,OoPkMbTamPT06ikpY,https://www.youtube.com/watch?v=oY6wNsHUVxM
youtube,xRJaG_k_1_s,https://www.youtube.com/watch?v=xRJaG_k_1_s&list=RDxRJaG_k_1_s&start_radio=1,RAPVIET,RAPVIET_2024,Tổng hợp GILL với phong thái trình diễn cực đỉnh phá đảo sân khấu đầy ấn tượng | Rap Việt 2024,VIDEO,UNKNOWN_REUPLOAD,OFFICIAL_MUSIC_CHANNEL,SEASON,OFFICIAL_PLAYLIST_COLLECTION,NEEDS_REVIEW,NEEDS_REVIEW,2024-12-14T08:00:43.000Z,994,1815689,,,available,OoPkMbTamPT06ikpY,https://www.youtube.com/watch?v=xRJaG_k_1_s&list=RDxRJaG_k_1_s&start_radio=1
youtube,VvK2fiuYV8U,https://www.youtube.com/watch?v=VvK2fiuYV8U&list=RDVvK2fiuYV8U&start_radio=1,RAPVIET,RAPVIET_2024,VUI LÀ ĐƯỢC - Gnob và willistic đi flow tinh nghịch khuấy đảo sân khấu | Rap Việt 2024 [Performance],VIDEO,UNKNOWN_REUPLOAD,OFFICIAL_MUSIC_CHANNEL,SEASON,OFFICIAL_PLAYLIST_COLLECTION,NEEDS_REVIEW,NEEDS_REVIEW,2024-11-10T05:00:21.000Z,248,1578932,,,available,OoPkMbTamPT06ikpY,https://www.youtube.com/watch?v=VvK2fiuYV8U&list=RDVvK2fiuYV8U&start_radio=1
youtube,aWEehWHQChs,https://www.youtube.com/watch?v=aWEehWHQChs&list=RDaWEehWHQChs&start_radio=1,RAPVIET,RAPVIET_2024,"BA ƠI - Robber thu mình lại như 1 viên ngọc thô, nhận nón Vàng từ B Ray |Rap Việt 2024 [Performance]",VIDEO,UNKNOWN_REUPLOAD,OFFICIAL_MUSIC_CHANNEL,SEASON,OFFICIAL_PLAYLIST_COLLECTION,NEEDS_REVIEW,NEEDS_REVIEW,2024-10-13T03:00:03.000Z,257,2834619,,,available,OoPkMbTamPT06ikpY,https://www.youtube.com/watch?v=aWEehWHQChs&list=RDaWEehWHQChs&start_radio=1
youtube,1wvoFhQbpUA,https://www.youtube.com/watch?v=1wvoFhQbpUA&list=RD1wvoFhQbpUA&start_radio=1,RAPVIET,RAPVIET_2024,LẠI LÀ DG HOUSE - CoolKid rủ ngay người anh RHYDER bùng cháy sân khấu | Rap Việt 2024 [Performance],VIDEO,UNKNOWN_REUPLOAD,OFFICIAL_MUSIC_CHANNEL,SEASON,OFFICIAL_PLAYLIST_COLLECTION,NEEDS_REVIEW,NEEDS_REVIEW,2024-12-01T03:00:01.000Z,346,5591643,,,available,OoPkMbTamPT06ikpY,https://www.youtube.com/watch?v=1wvoFhQbpUA&list=RD1wvoFhQbpUA&start_radio=1
youtube,GlNW899RIcY,https://www.youtube.com/watch?v=GlNW899RIcY,RAPVIET,RAPVIET_2024,Rap Việt 2024 Tập 14: Siêu chiến binh xuất trận cùng loạt tiết mục đẳng cấp vòng Chung Kết,VIDEO,PERFORMANCE,PRIMARY_BROADCASTER,EPISODE,OFFICIAL_PLAYLIST_COLLECTION,NEEDS_REVIEW,CANONICAL_OVERLAP,2024-12-07T14:00:07.000Z,8748,5194140,,,available,OoPkMbTamPT06ikpY,https://www.youtube.com/watch?v=GlNW899RIcY
youtube,DUhuOYsHjLs,https://www.youtube.com/watch?v=DUhuOYsHjLs&list=RDDUhuOYsHjLs&start_radio=1,RAPVIET,RAPVIET_2024,Bùng nổ với playlist bản rap triệu view replay không ngừng từ các quái vật cực chiến 2 mùa Rap Việt,VIDEO,UNKNOWN_REUPLOAD,OFFICIAL_MUSIC_CHANNEL,SEASON,OFFICIAL_PLAYLIST_COLLECTION,NEEDS_REVIEW,NEEDS_REVIEW,2025-01-19T13:45:50.000Z,7187,1045777,,,available,OoPkMbTamPT06ikpY,https://www.youtube.com/watch?v=DUhuOYsHjLs&list=RDDUhuOYsHjLs&start_radio=1
youtube,UdvqsInary0,https://www.youtube.com/watch?v=UdvqsInary0,RAPVIET,RAPVIET_2024,HÀNH TRÌNH KHÔNG DỪNG - MANBO kết hợp cùng Orange toả sáng với 4 chọn | Rap Việt 2024 [Live Stage],VIDEO,UNKNOWN_REUPLOAD,OFFICIAL_MUSIC_CHANNEL,SEASON,OFFICIAL_PLAYLIST_COLLECTION,NEEDS_REVIEW,NEEDS_REVIEW,2024-09-29T03:00:20.000Z,1034,979348,,,available,OoPkMbTamPT06ikpY,https://www.youtube.com/watch?v=UdvqsInary0
youtube,ULq-pq2s9A8,https://www.youtube.com/watch?v=ULq-pq2s9A8,TMSVN,TMSVN_2022,"Ca Sĩ Mặt Nạ Mùa 2 - Tập 12: Quang Dũng hòa giọng cùng mascot, Top 6 chung cuộc lộ diện",VIDEO,UNKNOWN,PRIMARY_BROADCASTER,EPISODE,OFFICIAL_PLAYLIST_COLLECTION,NEEDS_REVIEW,NEEDS_REVIEW,2023-10-27T14:00:08.000Z,6607,2919222,,,available,Bzt4OxzL7shudYpvd,https://www.youtube.com/watch?v=ULq-pq2s9A8
youtube,cm5JYff8_bg,https://www.youtube.com/watch?v=cm5JYff8_bg,TMSVN,TMSVN_2022,FULL 4 TIẾNG - The Masked Singer Vietnam ALL- STAR CONCERT 2022,VIDEO,UNKNOWN_REUPLOAD,OFFICIAL_MUSIC_CHANNEL,SEASON,OFFICIAL_PLAYLIST_COLLECTION,NEEDS_REVIEW,NEEDS_REVIEW,2022-12-25T14:00:11.000Z,14582,1339329,,,available,Bzt4OxzL7shudYpvd,https://www.youtube.com/watch?v=cm5JYff8_bg
youtube,NQ05fqgRjS0,https://www.youtube.com/watch?v=NQ05fqgRjS0,TMSVN,TMSVN_2022,Full Playlist tất cả những màn lộ diện vỡ òa đầy ấn tượng khó quên | The Masked Singer Vietnam 2023,VIDEO,UNKNOWN,PRIMARY_BROADCASTER,SEASON,OFFICIAL_PLAYLIST_COLLECTION,NEEDS_REVIEW,NEEDS_REVIEW,2023-12-15T14:00:11.000Z,14978,252990,,,available,Bzt4OxzL7shudYpvd,https://www.youtube.com/watch?v=NQ05fqgRjS0
youtube,o0Imw7vpZcY,https://www.youtube.com/watch?v=o0Imw7vpZcY&list=RDo0Imw7vpZcY&start_radio=1,TMSVN,TMSVN_2022,Hành trình rực rỡ của Lady Mây Myra Trần tại THE MASKED SINGER VIETNAM 2022 - playlist Lady Mây,VIDEO,UNKNOWN,UNVERIFIED,SEASON,INFERRED,NEEDS_REVIEW,NEEDS_REVIEW,2022-11-26T12:00:35.000Z,2654,2222659,,,available,Bzt4OxzL7shudYpvd,https://www.youtube.com/watch?v=o0Imw7vpZcY&list=RDo0Imw7vpZcY&start_radio=1
youtube,bEas0GWDm1k,https://www.youtube.com/watch?v=bEas0GWDm1k&list=RDbEas0GWDm1k&start_radio=1,TMSVN,TMSVN_2022,Một chiếc playlist tổng hợp top 21 bài hát không thể bỏ qua tại The Masked Singer | TOP HIT,VIDEO,COMPILATION,UNVERIFIED,SEASON,INFERRED,NEEDS_REVIEW,NEEDS_REVIEW,2023-12-05T04:36:12.000Z,6275,6287443,,,available,Bzt4OxzL7shudYpvd,https://www.youtube.com/watch?v=bEas0GWDm1k&list=RDbEas0GWDm1k&start_radio=1
youtube,Gm3k7wFXCyg,https://www.youtube.com/watch?v=Gm3k7wFXCyg&list=RDGm3k7wFXCyg&start_radio=1,TMSVN,TMSVN_2022,TOP 30 bài hát nhiều lượt nghe nhất THE MASKED SINGER | TOP MUSIC TRENDING,VIDEO,COMPILATION,UNVERIFIED,SEASON,INFERRED,NEEDS_REVIEW,NEEDS_REVIEW,2024-02-26T04:00:08.000Z,8158,833010,,,available,Bzt4OxzL7shudYpvd,https://www.youtube.com/watch?v=Gm3k7wFXCyg&list=RDGm3k7wFXCyg&start_radio=1
youtube,kqKcOkHiscs,https://www.youtube.com/watch?v=kqKcOkHiscs,TMSVN,TMSVN_2022,"Ca Sĩ Mặt Nạ Mùa 2 - Tập 5: Voi Bản Đôn xuất thần, 2 Đấu sĩ mới ra trận | The Masked Singer Vietnam",VIDEO,UNKNOWN,PRIMARY_BROADCASTER,EPISODE,OFFICIAL_PLAYLIST_COLLECTION,NEEDS_REVIEW,NEEDS_REVIEW,2023-09-01T14:00:11.000Z,6357,3785584,,,available,Bzt4OxzL7shudYpvd,https://www.youtube.com/watch?v=kqKcOkHiscs
youtube,teqvMI7_aMk,https://www.youtube.com/watch?v=teqvMI7_aMk&list=RDteqvMI7_aMk&start_radio=1,TMSVN,TMSVN_2022,Playlist tổng hợp những bài hát TRIỆU VIEW làm đổ gục bao con tim | The Masked Singer Vietnam 2023,VIDEO,UNKNOWN_REUPLOAD,OFFICIAL_MUSIC_CHANNEL,SEASON,OFFICIAL_PLAYLIST_COLLECTION,NEEDS_REVIEW,NEEDS_REVIEW,2023-12-23T11:30:05.000Z,3133,5832107,,,available,Bzt4OxzL7shudYpvd,https://www.youtube.com/watch?v=teqvMI7_aMk&list=RDteqvMI7_aMk&start_radio=1
youtube,4au37MyRqS0,https://www.youtube.com/watch?v=4au37MyRqS0,TMSVN,TMSVN_2022,Ca Sĩ Mặt Nạ Mùa 2 - Tập 2: Xuất hiện Mascot đôi tham gia tranh tài | The Masked Singer Vietnam,VIDEO,UNKNOWN,OFFICIAL_DISTRIBUTION_PARTNER,EPISODE,OFFICIAL_PLAYLIST_COLLECTION,NEEDS_REVIEW,NEEDS_REVIEW,2023-08-11T14:00:11.000Z,6600,4950123,,,available,Bzt4OxzL7shudYpvd,https://www.youtube.com/watch?v=4au37MyRqS0
youtube,XAcCkuh19Uo,https://www.youtube.com/watch?v=XAcCkuh19Uo,TMSVN,TMSVN_2022,The Masked Singer Vietnam - Ca Sĩ Mặt Nạ Mùa 2 - Đêm Công Bố & Trao Giải: Ai sẽ là Quán quân?,VIDEO,UNKNOWN,PRIMARY_BROADCASTER,SEASON,OFFICIAL_PLAYLIST_COLLECTION,NEEDS_REVIEW,NEEDS_REVIEW,2023-12-18T03:00:11.000Z,5175,1663821,,,available,Bzt4OxzL7shudYpvd,https://www.youtube.com/watch?v=XAcCkuh19Uo
youtube,TX_vMs_OKAU,https://www.youtube.com/watch?v=TX_vMs_OKAU,TMSVN,TMSVN_2022,Ca Sĩ Mặt Nạ Mùa 2 - Tập 5 Lộ diện: Khởi My hát hit khiến Bảo Anh bật khóc|The Masked Singer Vietnam,VIDEO,UNKNOWN,PRIMARY_BROADCASTER,EPISODE,OFFICIAL_PLAYLIST_COLLECTION,NEEDS_REVIEW,NEEDS_REVIEW,2023-09-06T14:00:11.000Z,1697,3547883,,,available,Bzt4OxzL7shudYpvd,https://www.youtube.com/watch?v=TX_vMs_OKAU
youtube,RS09g_Ftmpo,https://www.youtube.com/watch?v=RS09g_Ftmpo&list=RDRS09g_Ftmpo&start_radio=1,TMSVN,TMSVN_2022,Tổng hợp những tiết mục thăng hoa của TÍ NÂU - BẬC THẦY BẺ GIỌNG của The Masked Singer Vietnam,VIDEO,COMPILATION,UNVERIFIED,SEASON,INFERRED,NEEDS_REVIEW,NEEDS_REVIEW,2022-11-04T12:00:27.000Z,1193,2203911,,,available,Bzt4OxzL7shudYpvd,https://www.youtube.com/watch?v=RS09g_Ftmpo&list=RDRS09g_Ftmpo&start_radio=1
youtube,y4js--_H3WU,https://www.youtube.com/watch?v=y4js--_H3WU,TMSVN,TMSVN_2022,"Ca Sĩ Mặt Nạ Mùa 2 - Tập 3: Hit B Ray MASEW gây bão, loạt giọng ca khủng | The Masked Singer Vietnam",VIDEO,UNKNOWN,PRIMARY_BROADCASTER,EPISODE,OFFICIAL_PLAYLIST_COLLECTION,NEEDS_REVIEW,NEEDS_REVIEW,2023-08-18T14:00:12.000Z,6566,4036255,,,available,Bzt4OxzL7shudYpvd,https://www.youtube.com/watch?v=y4js--_H3WU
youtube,BpHHjXXDSmQ,https://www.youtube.com/watch?v=BpHHjXXDSmQ,TMSVN,TMSVN_2022,Phải Lòng Con Gái Bến Tre - O SEN | The Masked Singer Vietnam - Ca Sĩ Mặt Nạ,VIDEO,UNKNOWN,UNVERIFIED,SEASON,INFERRED,NEEDS_REVIEW,NEEDS_REVIEW,2022-09-07T03:00:04.000Z,930,863983,,,available,Bzt4OxzL7shudYpvd,https://www.youtube.com/watch?v=BpHHjXXDSmQ
youtube,n57IhgMECM0,https://www.youtube.com/watch?v=n57IhgMECM0,TMSVN,TMSVN_2022,O Sen khiến fan quên luôn bản gốc Chân Ái | The Masked Singer Vietnam [Live Stage],VIDEO,PERFORMANCE,PRIMARY_BROADCASTER,SEASON,OFFICIAL_PLAYLIST_COLLECTION,ACCEPTED,ACCEPTED,2022-08-15T15:00:35.000Z,1142,3073877,,,available,Bzt4OxzL7shudYpvd,https://www.youtube.com/watch?v=n57IhgMECM0
youtube,s1s9McomQC0,https://www.youtube.com/watch?v=s1s9McomQC0,TMSVN,TMSVN_2022,Ca Sĩ Mặt Nạ Mùa 2 - Tập 6 - Lộ diện: Tê Giác là chủ nhân hit Ngắm Hoa Lệ Rơi | The Masked Singer,VIDEO,UNKNOWN,OFFICIAL_DISTRIBUTION_PARTNER,EPISODE,OFFICIAL_PLAYLIST_COLLECTION,NEEDS_REVIEW,NEEDS_REVIEW,2023-09-20T14:00:11.000Z,1861,1100193,,,available,Bzt4OxzL7shudYpvd,https://www.youtube.com/watch?v=s1s9McomQC0
youtube,6sMA5CDpNVM,https://www.youtube.com/watch?v=6sMA5CDpNVM,TMSVN,TMSVN_2022,"Hồn Hoang - OSEN đầy ma mị, phô diễn kỹ thuật đỉnh cao | The Masked Singer Vietnam - Ca Sĩ Mặt Nạ",VIDEO,UNKNOWN,UNVERIFIED,SEASON,INFERRED,NEEDS_REVIEW,NEEDS_REVIEW,2022-07-26T14:00:03.000Z,768,876191,,,available,Bzt4OxzL7shudYpvd,https://www.youtube.com/watch?v=6sMA5CDpNVM
youtube,xX6AoMTzdT0,https://www.youtube.com/watch?v=xX6AoMTzdT0&list=RDxX6AoMTzdT0&start_radio=1,TMSVN,TMSVN_2022,Live Concert: Vì Sao - Cừu Bông x Rhyder | The Masked Singer Vietnam All-star Concert 2023,VIDEO,PERFORMANCE,PRIMARY_BROADCASTER,SEASON,OFFICIAL_PLAYLIST_COLLECTION,ACCEPTED,ACCEPTED,2023-12-30T15:30:19.000Z,290,2688274,,,available,Bzt4OxzL7shudYpvd,https://www.youtube.com/watch?v=xX6AoMTzdT0&list=RDxX6AoMTzdT0&start_radio=1
youtube,SxP8Pu142vc,https://www.youtube.com/watch?v=SxP8Pu142vc,TMSVN,TMSVN_2022,O Sen live Túy Âm cực cuốn nghe mãi không muốn dừng| The Masked Singer Vietnam [Live Stage],VIDEO,PERFORMANCE,PRIMARY_BROADCASTER,SEASON,OFFICIAL_PLAYLIST_COLLECTION,ACCEPTED,ACCEPTED,2022-10-17T12:30:08.000Z,948,2404192,,,available,Bzt4OxzL7shudYpvd,https://www.youtube.com/watch?v=SxP8Pu142vc
youtube,pzAQXPBma7Q,https://www.youtube.com/watch?v=pzAQXPBma7Q&list=RDpzAQXPBma7Q&start_radio=1,TMSVN,TMSVN_2022,Trọn bộ full playlist Cừu Bông - Khởi My tại THE MASKED SINGER MÙA 2 | tổng hợp nhạc LiveStage,VIDEO,COMPILATION,UNVERIFIED,SEASON,INFERRED,NEEDS_REVIEW,NEEDS_REVIEW,2023-09-07T04:30:16.000Z,1759,2725786,,,available,Bzt4OxzL7shudYpvd,https://www.youtube.com/watch?v=pzAQXPBma7Q&list=RDpzAQXPBma7Q&start_radio=1
youtube,Lyw_-VCAles,https://www.youtube.com/watch?v=Lyw_-VCAles,TMSVN,TMSVN_2022,Kim Sa Ngư đánh lừa quá đỉnh. Lương Bích Hữu lộ diện trong mưa nước mắt | The Masked Singer Vietnam,VIDEO,UNKNOWN,PRIMARY_BROADCASTER,SEASON,OFFICIAL_PLAYLIST_COLLECTION,NEEDS_REVIEW,NEEDS_REVIEW,2022-08-29T03:41:22.000Z,1006,8970789,,,available,Bzt4OxzL7shudYpvd,https://www.youtube.com/watch?v=Lyw_-VCAles
youtube,_59UjvAU8N0,https://www.youtube.com/watch?v=_59UjvAU8N0,TMSVN,TMSVN_2022,Bát Cơm Mặn câu chuyện thấm đẫm nước mắt của Ong Bây Bi | The Masked Singer Vietnam 2023 [LiveStage],VIDEO,UNKNOWN_REUPLOAD,OFFICIAL_MUSIC_CHANNEL,SEASON,OFFICIAL_PLAYLIST_COLLECTION,NEEDS_REVIEW,NEEDS_REVIEW,2023-11-24T16:30:07.000Z,1326,1394608,,,available,Bzt4OxzL7shudYpvd,https://www.youtube.com/watch?v=_59UjvAU8N0
youtube,TIHeuZmpxf4,https://www.youtube.com/watch?v=TIHeuZmpxf4,TMSVN,TMSVN_2022,O Sen cân trọn bản opera tuyệt phẩm Carmen - Habanera | The Masked Singer Vietnam [Live Stage],VIDEO,PERFORMANCE,PRIMARY_BROADCASTER,SEASON,OFFICIAL_PLAYLIST_COLLECTION,ACCEPTED,ACCEPTED,2022-10-03T02:19:43.000Z,1272,1347423,,,available,Bzt4OxzL7shudYpvd,https://www.youtube.com/watch?v=TIHeuZmpxf4
youtube,x10eyGSlMfk,https://www.youtube.com/watch?v=x10eyGSlMfk&list=RDx10eyGSlMfk&start_radio=1,TMSVN,TMSVN_2022,PLAYLIST O Sen Ngọc Mai hành trình quán quân rực rỡ bùng nổ đêm trao giải The Masked Singer 2022,VIDEO,UNKNOWN,UNVERIFIED,SEASON,INFERRED,NEEDS_REVIEW,NEEDS_REVIEW,2022-11-22T12:00:50.000Z,3295,1485533,,,available,Bzt4OxzL7shudYpvd,https://www.youtube.com/watch?v=x10eyGSlMfk&list=RDx10eyGSlMfk&start_radio=1
youtube,9WPLYEUmI0k,https://www.youtube.com/watch?v=9WPLYEUmI0k,TMSVN,TMSVN_2022,Bướm Mặt Trăng gây mê hoặc với Buồn Không Thể Buông cực cuốn| The Masked Singer Vietnam [Live Stage],VIDEO,PERFORMANCE,PRIMARY_BROADCASTER,SEASON,OFFICIAL_PLAYLIST_COLLECTION,ACCEPTED,ACCEPTED,2022-09-11T13:18:32.000Z,985,422569,,,available,Bzt4OxzL7shudYpvd,https://www.youtube.com/watch?v=9WPLYEUmI0k
youtube,b8dC2QZKSNs,https://www.youtube.com/watch?v=b8dC2QZKSNs&list=RDb8dC2QZKSNs&start_radio=1,TMSVN,TMSVN_2022,TOP 15 BALLAD LỤI TIM càng nghe càng chill |  THE MASKED SINGER TRIỆU VIEW được nghe nhiều nhất,VIDEO,COMPILATION,UNVERIFIED,SEASON,INFERRED,NEEDS_REVIEW,NEEDS_REVIEW,2024-05-09T03:00:18.000Z,4007,3112184,,,available,Bzt4OxzL7shudYpvd,https://www.youtube.com/watch?v=b8dC2QZKSNs&list=RDb8dC2QZKSNs&start_radio=1
youtube,RP9HG3KBR9c,https://www.youtube.com/watch?v=RP9HG3KBR9c,TMSVN,TMSVN_2022,"Ca Sĩ Mặt Nạ Mùa 2 - Tập 16: Loạt hit mới công phá đêm Chung kết, Top 3 Mùa 2 lộ diện",VIDEO,UNKNOWN,PRIMARY_BROADCASTER,EPISODE,OFFICIAL_PLAYLIST_COLLECTION,NEEDS_REVIEW,NEEDS_REVIEW,2023-11-24T14:00:08.000Z,9638,6776675,,,available,Bzt4OxzL7shudYpvd,https://www.youtube.com/watch?v=RP9HG3KBR9c
youtube,guKCRqCI6bI,https://www.youtube.com/watch?v=guKCRqCI6bI,TMSVN,TMSVN_2022,Ca Sĩ Mặt Nạ Mùa 2 - Tập 7: Lỗi tại mưa nên Voi Bản Đôn nhất quyết không xin lỗi | The Masked Singer,VIDEO,UNKNOWN,OFFICIAL_DISTRIBUTION_PARTNER,EPISODE,OFFICIAL_PLAYLIST_COLLECTION,NEEDS_REVIEW,NEEDS_REVIEW,2023-09-22T14:00:12.000Z,7503,2401376,,,available,Bzt4OxzL7shudYpvd,https://www.youtube.com/watch?v=guKCRqCI6bI
youtube,sLyzOcv8IFQ,https://www.youtube.com/watch?v=sLyzOcv8IFQ&list=RDsLyzOcv8IFQ&start_radio=1,TMSVN,TMSVN_2022,TOP 50 BÀI HÁT THE MASKED SINGER VIETNAM MÙA 2 NGHE LÀ NGHIỆN | Ca Sĩ Mặt Nạ,VIDEO,COMPILATION,UNVERIFIED,SEASON,INFERRED,NEEDS_REVIEW,NEEDS_REVIEW,2023-12-01T10:00:48.000Z,15276,146341,,,available,Bzt4OxzL7shudYpvd,https://www.youtube.com/watch?v=sLyzOcv8IFQ&list=RDsLyzOcv8IFQ&start_radio=1
youtube,7PXelsQ705A,https://www.youtube.com/watch?v=7PXelsQ705A&list=RD7PXelsQ705A&start_radio=1,TMSVN,TMSVN_2022,TOP 33 những bài hát gây nghiện THE MASKED SINGER | Top Hits nhạc trẻ hay nhất 2022 Ca Sĩ Mặt Nạ,VIDEO,COMPILATION,UNVERIFIED,SEASON,INFERRED,NEEDS_REVIEW,NEEDS_REVIEW,2022-11-02T12:00:04.000Z,9326,2575241,,,available,Bzt4OxzL7shudYpvd,https://www.youtube.com/watch?v=7PXelsQ705A&list=RD7PXelsQ705A&start_radio=1
youtube,VWkiZM9RcSs,https://www.youtube.com/watch?v=VWkiZM9RcSs,TMSVN,TMSVN_2022,The Masked Singer Vietnam - Ca Sĩ Mặt Nạ - Đêm Công Bố & Trao Giải (Remaster),VIDEO,UNKNOWN_REUPLOAD,OFFICIAL_MUSIC_CHANNEL,SEASON,OFFICIAL_PLAYLIST_COLLECTION,NEEDS_REVIEW,NEEDS_REVIEW,2022-12-24T14:00:09.000Z,4301,554721,,,available,Bzt4OxzL7shudYpvd,https://www.youtube.com/watch?v=VWkiZM9RcSs
youtube,1zmFIWOBAN0,https://www.youtube.com/watch?v=1zmFIWOBAN0,TMSVN,TMSVN_2022,Đã tai với nốt cao của Bướm Mặt Trăng tại Và Ngày Nào Đó | The Masked Singer Vietnam [Live Stage],VIDEO,PERFORMANCE,PRIMARY_BROADCASTER,SEASON,OFFICIAL_PLAYLIST_COLLECTION,ACCEPTED,ACCEPTED,2022-08-22T15:00:01.000Z,1044,1712768,,,available,Bzt4OxzL7shudYpvd,https://www.youtube.com/watch?v=1zmFIWOBAN0
youtube,ivhXZ6lAkR4,https://www.youtube.com/watch?v=ivhXZ6lAkR4,TMSVN,TMSVN_2022,"Ca Sĩ Mặt Nạ Mùa 2 - Tập 4: Đối thủ mới - Ong Bây Bi, Bạch Khổng Tước | The Masked Singer Vietnam",VIDEO,UNKNOWN,PRIMARY_BROADCASTER,EPISODE,OFFICIAL_PLAYLIST_COLLECTION,NEEDS_REVIEW,NEEDS_REVIEW,2023-08-25T14:00:10.000Z,6854,3421598,,,available,Bzt4OxzL7shudYpvd,https://www.youtube.com/watch?v=ivhXZ6lAkR4
youtube,wVf_-0UkzcM,https://www.youtube.com/watch?v=wVf_-0UkzcM,TMSVN,TMSVN_2022,Ca Sĩ Mặt Nạ Mùa 2 - Tập 1: Lộ diện ngay từ vòng 1 | The Masked Singer Vietnam,VIDEO,UNKNOWN,PRIMARY_BROADCASTER,EPISODE,OFFICIAL_PLAYLIST_COLLECTION,NEEDS_REVIEW,NEEDS_REVIEW,2023-08-04T14:00:07.000Z,7841,6346193,,,available,Bzt4OxzL7shudYpvd,https://www.youtube.com/watch?v=wVf_-0UkzcM
youtube,LooaSRRkhkM,https://www.youtube.com/watch?v=LooaSRRkhkM,TMSVN,TMSVN_2022,Choáng mạnh với màn trình diễn hit Lạc Trôi của Tí Nâu| The Masked Singer Vietnam [Live Stage],VIDEO,PERFORMANCE,PRIMARY_BROADCASTER,SEASON,OFFICIAL_PLAYLIST_COLLECTION,ACCEPTED,ACCEPTED,2022-10-17T14:30:04.000Z,1017,1799323,,,available,Bzt4OxzL7shudYpvd,https://www.youtube.com/watch?v=LooaSRRkhkM
youtube,aGykpL5W-Gs,https://www.youtube.com/watch?v=aGykpL5W-Gs&list=RDaGykpL5W-Gs&start_radio=1,TMSVN,TMSVN_2022,The Masked Singer Vietnam All-star Concert 2023-Tập 1|Siêu Concert ngoài trời đẳng cấp nhất tháng 12,VIDEO,PERFORMANCE,PRIMARY_BROADCASTER,EPISODE,OFFICIAL_PLAYLIST_COLLECTION,ACCEPTED,ACCEPTED,2023-12-30T14:00:09.000Z,5184,844983,,,available,Bzt4OxzL7shudYpvd,https://www.youtube.com/watch?v=aGykpL5W-Gs&list=RDaGykpL5W-Gs&start_radio=1
youtube,FSCom5AMqIs,https://www.youtube.com/watch?v=FSCom5AMqIs,TMSVN,TMSVN_2022,Gặp Lại Năm Ta 60 câu chuyện đẹp mà buồn của Ong Bây Bi | The Masked Singer Vietnam 2023 [LiveStage],VIDEO,UNKNOWN_REUPLOAD,OFFICIAL_MUSIC_CHANNEL,SEASON,OFFICIAL_PLAYLIST_COLLECTION,NEEDS_REVIEW,NEEDS_REVIEW,2023-11-03T16:30:02.000Z,1002,2261520,,,available,Bzt4OxzL7shudYpvd,https://www.youtube.com/watch?v=FSCom5AMqIs
youtube,zRi2TLdr_hw,https://www.youtube.com/watch?v=zRi2TLdr_hw,TMSVN,TMSVN_2022,"Ca Sĩ Mặt Nạ Mùa 2 - Tập 10: OgeNus trợ diễn cho Voi Bản Đôn, Cú Tây Bắc lấy nước mắt",VIDEO,UNKNOWN,PRIMARY_BROADCASTER,EPISODE,OFFICIAL_PLAYLIST_COLLECTION,NEEDS_REVIEW,NEEDS_REVIEW,2023-10-13T14:00:11.000Z,6129,1922149,,,available,Bzt4OxzL7shudYpvd,https://www.youtube.com/watch?v=zRi2TLdr_hw
youtube,dIunTuujbFw,https://www.youtube.com/watch?v=dIunTuujbFw,TMSVN,TMSVN_2022,Nổi da gà với highnote HippoHappy Quá Khứ Còn Lại Gì | The Masked Singer Vietnam 2023[Live Stage],VIDEO,UNKNOWN_REUPLOAD,OFFICIAL_MUSIC_CHANNEL,SEASON,OFFICIAL_PLAYLIST_COLLECTION,NEEDS_REVIEW,NEEDS_REVIEW,2023-08-05T14:30:13.000Z,914,1221466,,,available,Bzt4OxzL7shudYpvd,https://www.youtube.com/watch?v=dIunTuujbFw
youtube,uhVD0lmc_ng,https://www.youtube.com/watch?v=uhVD0lmc_ng,TMSVN,TMSVN_2022,Song Luân chính là Nhím Uiza khiến Tóc Tiên hốt hoảng cứ ngỡ Rocker Nguyễn | Ca Sĩ Mặt Nạ,VIDEO,UNKNOWN,UNVERIFIED,SEASON,INFERRED,NEEDS_REVIEW,NEEDS_REVIEW,2022-08-25T03:00:17.000Z,1150,1390078,,,available,Bzt4OxzL7shudYpvd,https://www.youtube.com/watch?v=uhVD0lmc_ng
youtube,0T7HSkDM5Sw,https://www.youtube.com/watch?v=0T7HSkDM5Sw,TMSVN,TMSVN_2022,Hot: Lady Mây hát ca khúc mới Anh Chưa Thương Em Đến Vậy Đâu| The Masked Singer Vietnam [Live Stage],VIDEO,PERFORMANCE,PRIMARY_BROADCASTER,SEASON,OFFICIAL_PLAYLIST_COLLECTION,ACCEPTED,ACCEPTED,2022-10-03T11:00:00.000Z,1067,3591729,,,available,Bzt4OxzL7shudYpvd,https://www.youtube.com/watch?v=0T7HSkDM5Sw
youtube,KEG4PlukTWk,https://www.youtube.com/watch?v=KEG4PlukTWk,TMSVN,TMSVN_2022,"The Masked Singer Vietnam - Ca Sĩ Mặt Nạ - Chung Kết: Lệ Quyên làm cố vấn,Tí Nâu lộ diện là Thùy Chi",VIDEO,UNKNOWN,OFFICIAL_DISTRIBUTION_PARTNER,EPISODE,OFFICIAL_PLAYLIST_COLLECTION,NEEDS_REVIEW,NEEDS_REVIEW,2022-11-08T13:00:11.000Z,11103,509785,,,available,Bzt4OxzL7shudYpvd,https://www.youtube.com/watch?v=KEG4PlukTWk
youtube,_KNZPFtX-LE,https://www.youtube.com/watch?v=_KNZPFtX-LE,TMSVN,TMSVN_2022,"The Masked Singer Vietnam - Ca Sĩ Mặt Nạ - Tập 11: Phượng Hoàng Lửa thắng áp đảo, Chàng Lúa lộ diện",VIDEO,UNKNOWN,OFFICIAL_DISTRIBUTION_PARTNER,EPISODE,OFFICIAL_PLAYLIST_COLLECTION,NEEDS_REVIEW,NEEDS_REVIEW,2022-09-27T13:00:13.000Z,7184,454466,,,available,Bzt4OxzL7shudYpvd,https://www.youtube.com/watch?v=_KNZPFtX-LE
youtube,jT8ZStgZVGA,https://www.youtube.com/watch?v=jT8ZStgZVGA,TMSVN,TMSVN_2022,"Nổi da gà với màn battle Rung Động của Hươu Thần, Chàng Lúa| The Masked Singer Vietnam [Live Stage]",VIDEO,PERFORMANCE,PRIMARY_BROADCASTER,SEASON,OFFICIAL_PLAYLIST_COLLECTION,ACCEPTED,ACCEPTED,2022-09-26T13:00:24.000Z,750,882217,,,available,Bzt4OxzL7shudYpvd,https://www.youtube.com/watch?v=jT8ZStgZVGA
youtube,gcfrkr1X0aY,https://www.youtube.com/watch?v=gcfrkr1X0aY,TMSVN,TMSVN_2022,Hoàng Hôn Tháng 8 - Bố Gấu xứng đáng là bậc thầy âm nhạc |The Masked Singer Vietnam 2023 [LiveStage],VIDEO,UNKNOWN_REUPLOAD,OFFICIAL_MUSIC_CHANNEL,SEASON,OFFICIAL_PLAYLIST_COLLECTION,NEEDS_REVIEW,NEEDS_REVIEW,2023-10-07T15:00:36.000Z,941,979619,,,available,Bzt4OxzL7shudYpvd,https://www.youtube.com/watch?v=gcfrkr1X0aY
youtube,PMFDns6Pf44,https://www.youtube.com/watch?v=PMFDns6Pf44,TMSVN,TMSVN_2022,Đường đến danh ca vọng cổ | tập 13 full hd: HLV Ngọc Huyền bất ngờ đưa phim Mỹ Nhân Kế lên sân khấu,VIDEO,UNKNOWN,UNVERIFIED,EPISODE,INFERRED,NEEDS_REVIEW,NEEDS_REVIEW,2017-02-11T15:35:30.000Z,6827,1701089,,,available,Bzt4OxzL7shudYpvd,https://www.youtube.com/watch?v=PMFDns6Pf44
youtube,zvQG00MJck0,https://www.youtube.com/watch?v=zvQG00MJck0,TMSVN,TMSVN_2022,"The Masked Singer Vietnam - Ca Sĩ Mặt Nạ -Tập 13 Vòng 4 rực lửa, Top 6 đọ tài nhạc indie đến bất hủ",VIDEO,UNKNOWN,OFFICIAL_DISTRIBUTION_PARTNER,EPISODE,OFFICIAL_PLAYLIST_COLLECTION,NEEDS_REVIEW,NEEDS_REVIEW,2022-10-08T14:00:11.000Z,9373,3936696,,,available,Bzt4OxzL7shudYpvd,https://www.youtube.com/watch?v=zvQG00MJck0
youtube,WejXfLIIxlM,https://www.youtube.com/watch?v=WejXfLIIxlM,TMSVN,TMSVN_2022,"Ca Sĩ Mặt Nạ Mùa 2 - Tập 13: Loạt bài hát mới trình làng, Ong Bây Bi kết hợp Erik lấy trọn nước mắt",VIDEO,UNKNOWN,OFFICIAL_DISTRIBUTION_PARTNER,EPISODE,OFFICIAL_PLAYLIST_COLLECTION,NEEDS_REVIEW,NEEDS_REVIEW,2023-11-03T14:00:09.000Z,10747,4018414,,,available,Bzt4OxzL7shudYpvd,https://www.youtube.com/watch?v=WejXfLIIxlM
youtube,p5UopxlTZ_c,https://www.youtube.com/watch?v=p5UopxlTZ_c,TMSVN,TMSVN_2022,The Masked Singer Vietnam - Ca Sĩ Mặt Nạ - Tập 13 | ViruSs Reaction !,VIDEO,REACTION_COMMENTARY,UNVERIFIED,EPISODE,INFERRED,NEEDS_REVIEW,NEEDS_REVIEW,2022-10-18T04:21:22.000Z,9083,248407,,,available,Bzt4OxzL7shudYpvd,https://www.youtube.com/watch?v=p5UopxlTZ_c
youtube,KoJHUL2etzU,https://www.youtube.com/watch?v=KoJHUL2etzU&list=PLxKLMN7WdG5ANJruYBhSGi5UBRUIhQTbi&index=18,TMSVN,TMSVN_2023,Ca Sĩ Mặt Nạ Mùa 2 - Tập 3 - Lộ diện: Madame Vịt lộ diện với đầy tiếc nuối|The Masked Singer Vietnam,VIDEO,UNKNOWN,PRIMARY_BROADCASTER,EPISODE,OFFICIAL_PLAYLIST_COLLECTION,NEEDS_REVIEW,NEEDS_REVIEW,2023-08-23T14:00:10.000Z,1421,1598821,,,available,GNepb49Reo0c060fy,https://www.youtube.com/watch?v=KoJHUL2etzU&list=PLxKLMN7WdG5ANJruYBhSGi5UBRUIhQTbi&index=18
youtube,TX_vMs_OKAU,https://www.youtube.com/watch?v=TX_vMs_OKAU&list=PLxKLMN7WdG5ANJruYBhSGi5UBRUIhQTbi&index=14,TMSVN,TMSVN_2023,Ca Sĩ Mặt Nạ Mùa 2 - Tập 5 Lộ diện: Khởi My hát hit khiến Bảo Anh bật khóc|The Masked Singer Vietnam,VIDEO,UNKNOWN,PRIMARY_BROADCASTER,EPISODE,OFFICIAL_PLAYLIST_COLLECTION,NEEDS_REVIEW,NEEDS_REVIEW,2023-09-06T14:00:11.000Z,1697,3547761,,,available,GNepb49Reo0c060fy,https://www.youtube.com/watch?v=TX_vMs_OKAU&list=PLxKLMN7WdG5ANJruYBhSGi5UBRUIhQTbi&index=14
youtube,gzcj_zS1ijY,https://www.youtube.com/watch?v=gzcj_zS1ijY&list=PLxKLMN7WdG5ANJruYBhSGi5UBRUIhQTbi&index=20,TMSVN,TMSVN_2023,Ca Sĩ Mặt Nạ Mùa 2 - Tập 2 - Lộ diện: Bộ đôi chủ nhân hit triệu view | The Masked Singer Vietnam,VIDEO,UNKNOWN_REUPLOAD,OFFICIAL_MUSIC_CHANNEL,EPISODE,OFFICIAL_PLAYLIST_COLLECTION,NEEDS_REVIEW,NEEDS_REVIEW,2023-08-16T14:00:09.000Z,1619,2175242,,,available,GNepb49Reo0c060fy,https://www.youtube.com/watch?v=gzcj_zS1ijY&list=PLxKLMN7WdG5ANJruYBhSGi5UBRUIhQTbi&index=20
youtube,s1s9McomQC0,https://www.youtube.com/watch?v=s1s9McomQC0&list=PLxKLMN7WdG5ANJruYBhSGi5UBRUIhQTbi&index=12,TMSVN,TMSVN_2023,Ca Sĩ Mặt Nạ Mùa 2 - Tập 6 - Lộ diện: Tê Giác là chủ nhân hit Ngắm Hoa Lệ Rơi | The Masked Singer,VIDEO,UNKNOWN,OFFICIAL_DISTRIBUTION_PARTNER,EPISODE,OFFICIAL_PLAYLIST_COLLECTION,NEEDS_REVIEW,NEEDS_REVIEW,2023-09-20T14:00:11.000Z,1861,1100185,,,available,GNepb49Reo0c060fy,https://www.youtube.com/watch?v=s1s9McomQC0&list=PLxKLMN7WdG5ANJruYBhSGi5UBRUIhQTbi&index=12
youtube,b84_YhDC-SE,https://www.youtube.com/watch?v=b84_YhDC-SE&list=PLxKLMN7WdG5ANJruYBhSGi5UBRUIhQTbi&index=27,TMSVN,TMSVN_2023,Cừu Bông - Cá Ngựa Đôi tam ca battle hit Tận Cùng Nỗi Nhớ|The Masked Singer Vietnam 2023 [LiveStage],VIDEO,PERFORMANCE,PRIMARY_BROADCASTER,SEASON,OFFICIAL_PLAYLIST_COLLECTION,ACCEPTED,ACCEPTED,2023-08-12T15:10:39.000Z,496,500245,,,available,GNepb49Reo0c060fy,https://www.youtube.com/watch?v=b84_YhDC-SE&list=PLxKLMN7WdG5ANJruYBhSGi5UBRUIhQTbi&index=27
youtube,0yftq9W1H1k,https://www.youtube.com/watch?v=0yftq9W1H1k&list=PLxKLMN7WdG5ANJruYBhSGi5UBRUIhQTbi&index=25,TMSVN,TMSVN_2023,"Xuất hiện cặp mascot cùng thi, Bích Phương bị dí hỏi tình cảm tới tấp|The Masked Singer Vietnam 2023",VIDEO,UNKNOWN,PRIMARY_BROADCASTER,SEASON,OFFICIAL_PLAYLIST_COLLECTION,NEEDS_REVIEW,NEEDS_REVIEW,2023-08-10T13:00:02.000Z,527,89182,,,available,GNepb49Reo0c060fy,https://www.youtube.com/watch?v=0yftq9W1H1k&list=PLxKLMN7WdG5ANJruYBhSGi5UBRUIhQTbi&index=25
youtube,qudUtpFrzQ0,https://www.youtube.com/watch?v=qudUtpFrzQ0&list=PLxKLMN7WdG5ANJruYBhSGi5UBRUIhQTbi&index=26,TMSVN,TMSVN_2023,"TEASER: Madame Vịt làm Trấn Thành rối, Chuột Cherry mê trai bất chấp| The Masked Singer Vietnam 2023",VIDEO,TEASER_PREVIEW,PRIMARY_BROADCASTER,SEASON,OFFICIAL_PLAYLIST_COLLECTION,ACCEPTED,ACCEPTED,2023-08-15T14:22:02.000Z,533,142425,,,available,GNepb49Reo0c060fy,https://www.youtube.com/watch?v=qudUtpFrzQ0&list=PLxKLMN7WdG5ANJruYBhSGi5UBRUIhQTbi&index=26
youtube,LakZMdJpu0Y,https://www.youtube.com/watch?v=LakZMdJpu0Y&list=PLxKLMN7WdG5ANJruYBhSGi5UBRUIhQTbi&index=23,TMSVN,TMSVN_2023,Bích Phương siêu lầy lội điểm nốt ruồi pha ke hòng đoán ra Mascot | The Masked Singer Vietnam 2023,VIDEO,UNKNOWN,PRIMARY_BROADCASTER,SEASON,OFFICIAL_PLAYLIST_COLLECTION,NEEDS_REVIEW,NEEDS_REVIEW,2023-08-01T14:30:11.000Z,711,172046,,,available,GNepb49Reo0c060fy,https://www.youtube.com/watch?v=LakZMdJpu0Y&list=PLxKLMN7WdG5ANJruYBhSGi5UBRUIhQTbi&index=23
youtube,UFdldsOHmzs,https://www.youtube.com/watch?v=UFdldsOHmzs&list=PLxKLMN7WdG5ANJruYBhSGi5UBRUIhQTbi&index=24,TMSVN,TMSVN_2023,"TEASER: Trấn Thành, Bích Phương khóc thét vì vocal hiếm có khó đoán | The Masked Singer Vietnam 2023",VIDEO,TEASER_PREVIEW,PRIMARY_BROADCASTER,SEASON,OFFICIAL_PLAYLIST_COLLECTION,ACCEPTED,ACCEPTED,2023-07-31T14:00:30.000Z,626,65657,,,available,GNepb49Reo0c060fy,https://www.youtube.com/watch?v=UFdldsOHmzs&list=PLxKLMN7WdG5ANJruYBhSGi5UBRUIhQTbi&index=24
youtube,f2VwotgfzmE,https://www.youtube.com/watch?v=f2VwotgfzmE&list=PLxKLMN7WdG5ANJruYBhSGi5UBRUIhQTbi&index=33,TMSVN,TMSVN_2023,UNCUT: Nể cách Bích Phương reply khi được dặn không nói tiếng Anh | The Masked Singer Vietnam 2023,VIDEO,UNCUT_EXTENDED,PRIMARY_BROADCASTER,SEASON,OFFICIAL_PLAYLIST_COLLECTION,ACCEPTED,ACCEPTED,2023-08-24T11:59:50.000Z,604,73138,,,available,GNepb49Reo0c060fy,https://www.youtube.com/watch?v=f2VwotgfzmE&list=PLxKLMN7WdG5ANJruYBhSGi5UBRUIhQTbi&index=33
youtube,IPVXQNLUNRg,https://www.youtube.com/watch?v=IPVXQNLUNRg&list=PLxKLMN7WdG5ANJruYBhSGi5UBRUIhQTbi&index=31,TMSVN,TMSVN_2023,"HippoHappy tung ""fact độc"", Hà Nhi há hốc khi Kỳ Lân Lãng Tử mê Lisa| The Masked Singer Vietnam 2023",VIDEO,UNKNOWN,PRIMARY_BROADCASTER,SEASON,OFFICIAL_PLAYLIST_COLLECTION,NEEDS_REVIEW,NEEDS_REVIEW,2023-08-22T13:58:28.000Z,567,171252,,,available,GNepb49Reo0c060fy,https://www.youtube.com/watch?v=IPVXQNLUNRg&list=PLxKLMN7WdG5ANJruYBhSGi5UBRUIhQTbi&index=31
youtube,xF_lJrCON48,https://www.youtube.com/watch?v=xF_lJrCON48&list=PLxKLMN7WdG5ANJruYBhSGi5UBRUIhQTbi&index=16,TMSVN,TMSVN_2023,Ca Sĩ Mặt Nạ Mùa 2 - Tập 4 - Lộ diện: Bạch Khổng Tước là Hoàng Mỹ An | The Masked Singer Vietnam,VIDEO,UNKNOWN,PRIMARY_BROADCASTER,EPISODE,OFFICIAL_PLAYLIST_COLLECTION,NEEDS_REVIEW,NEEDS_REVIEW,2023-08-30T14:00:12.000Z,1490,1266826,,,available,GNepb49Reo0c060fy,https://www.youtube.com/watch?v=xF_lJrCON48&list=PLxKLMN7WdG5ANJruYBhSGi5UBRUIhQTbi&index=16
youtube,iOTQREArjGE,https://www.youtube.com/watch?v=iOTQREArjGE&list=PLxKLMN7WdG5ANJruYBhSGi5UBRUIhQTbi&index=30,TMSVN,TMSVN_2023,Đã tai màn battle Madame Vịt - Chuột Cherry với hit Buông|The Masked Singer Vietnam 2023 [LiveStage],VIDEO,PERFORMANCE,PRIMARY_BROADCASTER,SEASON,OFFICIAL_PLAYLIST_COLLECTION,ACCEPTED,ACCEPTED,2023-08-19T02:00:15.000Z,340,546834,,,available,GNepb49Reo0c060fy,https://www.youtube.com/watch?v=iOTQREArjGE&list=PLxKLMN7WdG5ANJruYBhSGi5UBRUIhQTbi&index=30
youtube,UX4WimPPfLo,https://www.youtube.com/watch?v=UX4WimPPfLo&list=PLxKLMN7WdG5ANJruYBhSGi5UBRUIhQTbi&index=32,TMSVN,TMSVN_2023,"Ong Bây Bi đòi chích Trấn Thành, Bạch Khổng Tước bị Hà Nhi bắt thóp | The Masked Singer Vietnam 2023",VIDEO,UNKNOWN,PRIMARY_BROADCASTER,SEASON,OFFICIAL_PLAYLIST_COLLECTION,NEEDS_REVIEW,NEEDS_REVIEW,2023-08-24T13:00:20.000Z,613,163643,,,available,GNepb49Reo0c060fy,https://www.youtube.com/watch?v=UX4WimPPfLo&list=PLxKLMN7WdG5ANJruYBhSGi5UBRUIhQTbi&index=32
youtube,7Tsjl9bOoik,https://www.youtube.com/watch?v=7Tsjl9bOoik&list=PLxKLMN7WdG5ANJruYBhSGi5UBRUIhQTbi&index=28,TMSVN,TMSVN_2023,"Sứa Thủy Tinh ""thao túng"" Bích Phương, Tóc Tiên sốc vì Thỏ Xỏ Khuyên |The Masked Singer Vietnam 2023",VIDEO,UNKNOWN,PRIMARY_BROADCASTER,SEASON,OFFICIAL_PLAYLIST_COLLECTION,NEEDS_REVIEW,NEEDS_REVIEW,2023-08-17T13:00:04.000Z,538,96509,,,available,GNepb49Reo0c060fy,https://www.youtube.com/watch?v=7Tsjl9bOoik&list=PLxKLMN7WdG5ANJruYBhSGi5UBRUIhQTbi&index=28
youtube,5jrd9jgivVQ,https://www.youtube.com/watch?v=5jrd9jgivVQ&list=PLxKLMN7WdG5ANJruYBhSGi5UBRUIhQTbi&index=29,TMSVN,TMSVN_2023,"UNCUT: Voi Bản Đôn sơ hở là tiểu phẩm, A Xìn chiều fan màn karaoke | The Masked Singer Vietnam 2023",VIDEO,UNCUT_EXTENDED,PRIMARY_BROADCASTER,SEASON,OFFICIAL_PLAYLIST_COLLECTION,ACCEPTED,ACCEPTED,2023-08-17T12:00:04.000Z,758,56631,,,available,GNepb49Reo0c060fy,https://www.youtube.com/watch?v=5jrd9jgivVQ&list=PLxKLMN7WdG5ANJruYBhSGi5UBRUIhQTbi&index=29
youtube,1ezn2QIqO40,https://www.youtube.com/watch?v=1ezn2QIqO40&list=PLkdwPUk2nejAsI3DcmBXdLg1dv1M0XhrL&index=7,TBTN,TBTN_2025,Tân Binh Toàn Năng 2025 - Tập 9 | Công Diễn 4 căng đét: Game thử thách khiến ai cũng bật SOS!,VIDEO,CAST_CONTENT,PRIMARY_PRODUCER,EPISODE,OFFICIAL_PLAYLIST_COLLECTION,NEEDS_REVIEW,CANONICAL_OVERLAP,2025-11-29T13:30:11.000Z,10620,4576465,,,available,OukmJuGjfOeqqXWfI,https://www.youtube.com/watch?v=1ezn2QIqO40&list=PLkdwPUk2nejAsI3DcmBXdLg1dv1M0XhrL&index=7
youtube,3igqxki1h9M,https://www.youtube.com/watch?v=3igqxki1h9M&list=PLkdwPUk2nejAsI3DcmBXdLg1dv1M0XhrL&index=17,TBTN,TBTN_2025,Tân Binh Toàn Năng -  Official Trailer | Hành trình mới bắt đầu: Vinh quang hay vấp ngã?,VIDEO,TEASER_PREVIEW,OFFICIAL_DISTRIBUTION_PARTNER,SEASON,OFFICIAL_PLAYLIST_COLLECTION,ACCEPTED,ACCEPTED,2025-09-30T13:00:06.000Z,331,50614,,,available,OukmJuGjfOeqqXWfI,https://www.youtube.com/watch?v=3igqxki1h9M&list=PLkdwPUk2nejAsI3DcmBXdLg1dv1M0XhrL&index=17
youtube,FXX-c5GwFZE,https://www.youtube.com/watch?v=FXX-c5GwFZE&list=PLkdwPUk2nejAsI3DcmBXdLg1dv1M0XhrL&index=16,TBTN,TBTN_2025,SHOW ME - OFFICIAL THEME SONG | TÂN BINH TOÀN NĂNG 2025,VIDEO,MUSIC_ASSET,UNVERIFIED,SEASON,INFERRED,NEEDS_REVIEW,NEEDS_REVIEW,2025-09-23T12:19:08.000Z,266,2259526,,,available,OukmJuGjfOeqqXWfI,https://www.youtube.com/watch?v=FXX-c5GwFZE&list=PLkdwPUk2nejAsI3DcmBXdLg1dv1M0XhrL&index=16
youtube,2V20IKyMqnM,https://www.youtube.com/watch?v=2V20IKyMqnM&list=PLy_TpcUT2LZs0BkTqKYtAn61FZgtT3XwP&index=2,OURSONG,OURSONG_2024,"Say Hi Rực Rỡ - Tập 3: Hội anh trai trốn khỏi rừng, hé lộ cuốn nhật kí ""cảm lạnh"" 80 trang",VIDEO,UNKNOWN,PRIMARY_PRODUCER,EPISODE,OFFICIAL_PLAYLIST_COLLECTION,NEEDS_REVIEW,NEEDS_REVIEW,2026-06-21T13:00:07.000Z,6389,2378970,,,available,csqekMeoBu6i3BPbj,https://www.youtube.com/watch?v=2V20IKyMqnM&list=PLy_TpcUT2LZs0BkTqKYtAn61FZgtT3XwP&index=2
youtube,Mr0JB3t4XY8,https://www.youtube.com/watch?v=Mr0JB3t4XY8,VNIDOL,VNIDOL_2023,Vietnam Idol 2023 - Tập 10 | Liveshow 1: Colorful - Khởi Đầu Mới,VIDEO,PERFORMANCE,OFFICIAL_SHOW_CHANNEL,EPISODE,OFFICIAL_PLAYLIST_COLLECTION,NEEDS_REVIEW,CANONICAL_OVERLAP,2023-09-10T03:00:07.000Z,6301,1080592,,,available,dVodxnWflcxI3rcZk,https://www.youtube.com/watch?v=Mr0JB3t4XY8
youtube,wNd39scijKo,https://www.youtube.com/watch?v=wNd39scijKo,VNIDOL,VNIDOL_2023,Vietnam Idol 2023 - Tập 14 | Liveshow 5 | Đêm Những Ca Khúc Hit Của Thần Tượng Mỹ Tâm,VIDEO,PERFORMANCE,OFFICIAL_SHOW_CHANNEL,EPISODE,OFFICIAL_PLAYLIST_COLLECTION,NEEDS_REVIEW,CANONICAL_OVERLAP,2023-10-08T05:23:44.000Z,6773,1210760,,,available,dVodxnWflcxI3rcZk,https://www.youtube.com/watch?v=wNd39scijKo
youtube,I7Gdt40SZRE,https://www.youtube.com/watch?v=I7Gdt40SZRE&list=RDI7Gdt40SZRE&start_radio=1,VNIDOL,VNIDOL_2023,RƠI - HÀ AN HUY | Bài Hát Nhận VÉ VÀNG Tại Vietnam Idol 2023,VIDEO,UNKNOWN,UNVERIFIED,SEASON,INFERRED,NEEDS_REVIEW,NEEDS_REVIEW,2023-09-26T11:15:02.000Z,628,162772,,,available,dVodxnWflcxI3rcZk,https://www.youtube.com/watch?v=I7Gdt40SZRE&list=RDI7Gdt40SZRE&start_radio=1
youtube,WiFEX-G_4ao,https://www.youtube.com/watch?v=WiFEX-G_4ao,VNIDOL,VNIDOL_2023,Vietnam Idol 2023 - Tập 15 | Liveshow 6 | Những Bài Hát Lựa Chọn Từ Ban Giám Khảo,VIDEO,PERFORMANCE,OFFICIAL_SHOW_CHANNEL,EPISODE,OFFICIAL_PLAYLIST_COLLECTION,NEEDS_REVIEW,CANONICAL_OVERLAP,2023-10-15T05:53:01.000Z,6514,614180,,,available,dVodxnWflcxI3rcZk,https://www.youtube.com/watch?v=WiFEX-G_4ao
youtube,_iGBYOGj2ZI,https://www.youtube.com/watch?v=_iGBYOGj2ZI&list=RD_iGBYOGj2ZI&start_radio=1,VNIDOL,VNIDOL_2023,"RƠI - Hà An Huy quán quân Big Song Big Deal ""lụi tim"" khán giả với sáng tác mới | Vietnam Idol 2023",VIDEO,UNKNOWN,OFFICIAL_SHOW_CHANNEL,SEASON,OFFICIAL_PLAYLIST_COLLECTION,NEEDS_REVIEW,NEEDS_REVIEW,2023-07-18T02:00:21.000Z,224,1997598,,,available,dVodxnWflcxI3rcZk,https://www.youtube.com/watch?v=_iGBYOGj2ZI&list=RD_iGBYOGj2ZI&start_radio=1
youtube,bPUBziReKdE,https://www.youtube.com/watch?v=bPUBziReKdE&list=RDbPUBziReKdE&start_radio=1,VNIDOL,VNIDOL_2023,Vietnam Idol 2023 - Tập 16 | Liveshow Chung Kết | Ai Sẽ Là Quán Quân Thần Tượng Âm Nhạc Thế Hệ Mới?,VIDEO,PERFORMANCE,OFFICIAL_SHOW_CHANNEL,EPISODE,OFFICIAL_PLAYLIST_COLLECTION,NEEDS_REVIEW,CANONICAL_OVERLAP,2023-10-22T09:06:13.000Z,8393,1096547,,,available,dVodxnWflcxI3rcZk,https://www.youtube.com/watch?v=bPUBziReKdE&list=RDbPUBziReKdE&start_radio=1
youtube,QUJSINavsBI,https://www.youtube.com/watch?v=QUJSINavsBI&list=RDQUJSINavsBI&start_radio=1,VNIDOL,VNIDOL_2023,THÍCH EM HƠI NHIỀU - HÀ AN HUY khiến bao người điêu đứng tại Đêm Nhạc Thần Tượng | Vietnam Idol 2023,VIDEO,UNKNOWN,OFFICIAL_SHOW_CHANNEL,SEASON,OFFICIAL_PLAYLIST_COLLECTION,NEEDS_REVIEW,NEEDS_REVIEW,2023-09-06T02:33:06.000Z,443,1800496,,,available,dVodxnWflcxI3rcZk,https://www.youtube.com/watch?v=QUJSINavsBI&list=RDQUJSINavsBI&start_radio=1
youtube,r5NPcezbnmE,https://www.youtube.com/watch?v=r5NPcezbnmE&list=RDr5NPcezbnmE&start_radio=1,VNIDOL,VNIDOL_2023,NGƯỜI LẠ ƠI - HÀ AN HUY sâu lắng với bản hit trăm triệu view tại đêm Chung Kết Vietnam Idol 2023,VIDEO,UNKNOWN,OFFICIAL_SHOW_CHANNEL,EPISODE,OFFICIAL_PLAYLIST_COLLECTION,NEEDS_REVIEW,NEEDS_REVIEW,2023-10-26T12:00:58.000Z,222,84562,,,available,dVodxnWflcxI3rcZk,https://www.youtube.com/watch?v=r5NPcezbnmE&list=RDr5NPcezbnmE&start_radio=1
youtube,5iQkVQWJOpw,https://www.youtube.com/watch?v=5iQkVQWJOpw&list=RD5iQkVQWJOpw&start_radio=1,VNIDOL,VNIDOL_2023,"Làm mới ca khúc DÀNH CHO EM - Hà An Huy bị Mỹ Tâm ""loại"" khỏi Top 15?  | Vietnam Idol 2023",VIDEO,UNKNOWN,OFFICIAL_SHOW_CHANNEL,SEASON,OFFICIAL_PLAYLIST_COLLECTION,NEEDS_REVIEW,NEEDS_REVIEW,2023-08-27T02:00:01.000Z,221,561902,,,available,dVodxnWflcxI3rcZk,https://www.youtube.com/watch?v=5iQkVQWJOpw&list=RD5iQkVQWJOpw&start_radio=1
youtube,kUa-crHygzQ,https://www.youtube.com/watch?v=kUa-crHygzQ,VNIDOL,VNIDOL_2023,Vietnam Idol 2023 - Tập 13 | Liveshow 4 | The Remix: Hòa Âm Ánh Sáng,VIDEO,PERFORMANCE,OFFICIAL_SHOW_CHANNEL,EPISODE,OFFICIAL_PLAYLIST_COLLECTION,NEEDS_REVIEW,CANONICAL_OVERLAP,2023-10-01T05:38:18.000Z,5995,1121248,,,available,dVodxnWflcxI3rcZk,https://www.youtube.com/watch?v=kUa-crHygzQ
youtube,aJhsf1TxKys,https://www.youtube.com/watch?v=aJhsf1TxKys&t=6097s,VNIDOL,VNIDOL_2023,Vietnam Idol 2023 - Tập 12 | Liveshow 3: Nét Dân Gian,VIDEO,PERFORMANCE,OFFICIAL_SHOW_CHANNEL,EPISODE,OFFICIAL_PLAYLIST_COLLECTION,NEEDS_REVIEW,CANONICAL_OVERLAP,2023-09-24T08:46:36.000Z,6631,1240540,,,available,dVodxnWflcxI3rcZk,https://www.youtube.com/watch?v=aJhsf1TxKys&t=6097s
youtube,HRdExJFG7WU,https://www.youtube.com/watch?v=HRdExJFG7WU&list=RDHRdExJFG7WU&start_radio=1,VNIDOL,VNIDOL_2023,Hồ Võ Thanh Thảo làm say đắm bao người với Yêu Xa | Vietnam Idol 2023,VIDEO,UNKNOWN,OFFICIAL_SHOW_CHANNEL,SEASON,OFFICIAL_PLAYLIST_COLLECTION,NEEDS_REVIEW,NEEDS_REVIEW,2023-07-13T08:00:06.000Z,212,169683,,,available,dVodxnWflcxI3rcZk,https://www.youtube.com/watch?v=HRdExJFG7WU&list=RDHRdExJFG7WU&start_radio=1
youtube,b5JbPnht1VY,https://www.youtube.com/watch?v=b5JbPnht1VY&list=RDb5JbPnht1VY&start_radio=1,VNIDOL,VNIDOL_2023,NHÉ ANH - HỒ VÕ THANH THẢO thổi làn gió mới vào HIT của Mỹ Tâm | Vietnam Idol 2023,VIDEO,UNKNOWN,OFFICIAL_SHOW_CHANNEL,SEASON,OFFICIAL_PLAYLIST_COLLECTION,NEEDS_REVIEW,NEEDS_REVIEW,2023-09-06T08:00:13.000Z,365,486252,,,available,dVodxnWflcxI3rcZk,https://www.youtube.com/watch?v=b5JbPnht1VY&list=RDb5JbPnht1VY&start_radio=1
youtube,6GzEsRlOytA,https://www.youtube.com/watch?v=6GzEsRlOytA&list=RD6GzEsRlOytA&start_radio=1,VNIDOL,VNIDOL_2023,Lamoon Diễm Hằng cực đáng yêu trong ca khúc tự sáng tác Nhỏ Học Chung Trường Lớn Lên Chung Đường,VIDEO,UNKNOWN,OFFICIAL_SHOW_CHANNEL,SEASON,OFFICIAL_PLAYLIST_COLLECTION,NEEDS_REVIEW,NEEDS_REVIEW,2023-08-02T02:01:26.000Z,167,92825,,,available,dVodxnWflcxI3rcZk,https://www.youtube.com/watch?v=6GzEsRlOytA&list=RD6GzEsRlOytA&start_radio=1
youtube,qrALYFAmjgA,https://www.youtube.com/watch?v=qrALYFAmjgA&list=RDqrALYFAmjgA&start_radio=1,VNIDOL,VNIDOL_2023,"DẠ VŨ - HÀ AN HUY chiêu đãi bữa tiệc âm nhạc ma mị bằng giọng hát ""siêu cuốn"" | Vietnam Idol 2023",VIDEO,UNKNOWN,OFFICIAL_SHOW_CHANNEL,SEASON,OFFICIAL_PLAYLIST_COLLECTION,NEEDS_REVIEW,NEEDS_REVIEW,2023-10-21T02:00:29.000Z,220,330263,,,available,dVodxnWflcxI3rcZk,https://www.youtube.com/watch?v=qrALYFAmjgA&list=RDqrALYFAmjgA&start_radio=1
youtube,6QMYhR4Nf8Y,https://www.youtube.com/watch?v=6QMYhR4Nf8Y&list=RD6QMYhR4Nf8Y&start_radio=1,VNIDOL,VNIDOL_2023,RƠI - HÀ AN HUY | Tiết mục bứt phá của tân Quán Quân Vietnam Idol 2023 tại đêm chung kết,VIDEO,PERFORMANCE,OFFICIAL_SHOW_CHANNEL,EPISODE,OFFICIAL_PLAYLIST_COLLECTION,ACCEPTED,ACCEPTED,2023-10-27T08:00:03.000Z,238,125807,,,available,dVodxnWflcxI3rcZk,https://www.youtube.com/watch?v=6QMYhR4Nf8Y&list=RD6QMYhR4Nf8Y&start_radio=1
youtube,SrR1Nqxm9pU,https://www.youtube.com/watch?v=SrR1Nqxm9pU&list=RDSrR1Nqxm9pU&start_radio=1,VNIDOL,VNIDOL_2023,HÀ AN HUY ngọt ngào và da diết với TRĂNG DƯỚI CHÂN MÌNH | Vietnam Idol 2023,VIDEO,UNKNOWN,OFFICIAL_SHOW_CHANNEL,SEASON,OFFICIAL_PLAYLIST_COLLECTION,NEEDS_REVIEW,NEEDS_REVIEW,2023-09-22T05:00:18.000Z,319,197173,,,available,dVodxnWflcxI3rcZk,https://www.youtube.com/watch?v=SrR1Nqxm9pU&list=RDSrR1Nqxm9pU&start_radio=1
youtube,Gusgf2D7RRc,https://www.youtube.com/watch?v=Gusgf2D7RRc&list=RDGusgf2D7RRc&start_radio=1,VNIDOL,VNIDOL_2023,Đau Để Trưởng Thành - Quốc Vương (MV Lyrics) | Vietnam Idol 2023,VIDEO,MUSIC_ASSET,OFFICIAL_SHOW_CHANNEL,SEASON,OFFICIAL_PLAYLIST_COLLECTION,ACCEPTED,ACCEPTED,2023-08-25T02:00:06.000Z,234,232073,,,available,dVodxnWflcxI3rcZk,https://www.youtube.com/watch?v=Gusgf2D7RRc&list=RDGusgf2D7RRc&start_radio=1
youtube,YkGVjqImVTw,https://www.youtube.com/watch?v=YkGVjqImVTw&list=RDYkGVjqImVTw&start_radio=1,VNIDOL,VNIDOL_2023,Chạm đến trái tim với Ưóc Mơ Của Mẹ - Vương Thu Hà | Vietnam Idol 2023,VIDEO,UNKNOWN,OFFICIAL_SHOW_CHANNEL,SEASON,OFFICIAL_PLAYLIST_COLLECTION,NEEDS_REVIEW,NEEDS_REVIEW,2023-07-26T02:00:12.000Z,201,11710,,,available,dVodxnWflcxI3rcZk,https://www.youtube.com/watch?v=YkGVjqImVTw&list=RDYkGVjqImVTw&start_radio=1
youtube,jbj5zLiZLCU,https://www.youtube.com/watch?v=jbj5zLiZLCU&list=RDjbj5zLiZLCU&start_radio=1,VNIDOL,VNIDOL_2023,ĐÀO LIỄU - HÀ AN HUY kết hợp cùng mẹ MINH PHƯƠNG thăng hoa trên sân khấu | Vietnam Idol 2023,VIDEO,UNKNOWN,OFFICIAL_SHOW_CHANNEL,SEASON,OFFICIAL_PLAYLIST_COLLECTION,NEEDS_REVIEW,NEEDS_REVIEW,2023-09-28T02:00:14.000Z,250,113679,,,available,dVodxnWflcxI3rcZk,https://www.youtube.com/watch?v=jbj5zLiZLCU&list=RDjbj5zLiZLCU&start_radio=1
youtube,Qfbw9xgSVdM,https://www.youtube.com/watch?v=Qfbw9xgSVdM&list=RDQfbw9xgSVdM&start_radio=1,VNIDOL,VNIDOL_2023,Em Của Ngày Hôm Qua - Sơn Tùng MTP Bùng Nổ Trên Vietnam Idol 2023 | Màn Trình Diễn Kinh Điển,VIDEO,UNKNOWN,UNVERIFIED,SEASON,INFERRED,NEEDS_REVIEW,NEEDS_REVIEW,2024-10-06T02:20:11.000Z,232,320955,,,available,dVodxnWflcxI3rcZk,https://www.youtube.com/watch?v=Qfbw9xgSVdM&list=RDQfbw9xgSVdM&start_radio=1
youtube,6RG4EyVH2e8,https://www.youtube.com/watch?v=6RG4EyVH2e8&list=RD6RG4EyVH2e8&start_radio=1,VNIDOL,VNIDOL_2023,"Một giọng hát rất ""Ngọt"" rất ""Thắng"" Lê Quốc Vương - Lần Cuối | Vietnam Idol 2023",VIDEO,UNKNOWN,OFFICIAL_SHOW_CHANNEL,SEASON,OFFICIAL_PLAYLIST_COLLECTION,NEEDS_REVIEW,NEEDS_REVIEW,2023-07-25T08:00:02.000Z,166,117612,,,available,dVodxnWflcxI3rcZk,https://www.youtube.com/watch?v=6RG4EyVH2e8&list=RD6RG4EyVH2e8&start_radio=1
youtube,Ie2tXi0V7PY,https://www.youtube.com/watch?v=Ie2tXi0V7PY&list=RDIe2tXi0V7PY&start_radio=1,VNIDOL,VNIDOL_2023,PiaLinh làm mưa làm gió Vietnam Idol với HIT Chân Ái,VIDEO,UNKNOWN,OFFICIAL_SHOW_CHANNEL,SEASON,OFFICIAL_PLAYLIST_COLLECTION,NEEDS_REVIEW,NEEDS_REVIEW,2023-07-14T08:00:09.000Z,221,184855,,,available,dVodxnWflcxI3rcZk,https://www.youtube.com/watch?v=Ie2tXi0V7PY&list=RDIe2tXi0V7PY&start_radio=1
youtube,_AKsbfgDnWQ,https://www.youtube.com/watch?v=_AKsbfgDnWQ&list=RD_AKsbfgDnWQ&start_radio=1,VNIDOL,VNIDOL_2023,"Hà Uyển Linh ""GIẬN ANH"" khiến nhạc sĩ Huy Tuấn phải lên tiếng S.O.S giải cứu BGK | Vietnam Idol 2023",VIDEO,UNKNOWN,OFFICIAL_SHOW_CHANNEL,SEASON,OFFICIAL_PLAYLIST_COLLECTION,NEEDS_REVIEW,NEEDS_REVIEW,2023-08-27T05:00:14.000Z,204,180089,,,available,dVodxnWflcxI3rcZk,https://www.youtube.com/watch?v=_AKsbfgDnWQ&list=RD_AKsbfgDnWQ&start_radio=1
youtube,UNrXcs15K68,https://www.youtube.com/watch?v=UNrXcs15K68&list=RDUNrXcs15K68&start_radio=1,VNIDOL,VNIDOL_2023,"Giảng viên 19 tuổi HÀ MINH ""cướp"" HIT Uyên Linh GIỮA ĐẠI LỘ ĐÔNG TÂY?",VIDEO,UNKNOWN,OFFICIAL_SHOW_CHANNEL,SEASON,OFFICIAL_PLAYLIST_COLLECTION,NEEDS_REVIEW,NEEDS_REVIEW,2023-07-17T12:00:18.000Z,209,786745,,,available,dVodxnWflcxI3rcZk,https://www.youtube.com/watch?v=UNrXcs15K68&list=RDUNrXcs15K68&start_radio=1
youtube,CMEH9YQMh7Y,https://www.youtube.com/watch?v=CMEH9YQMh7Y&list=RDCMEH9YQMh7Y&start_radio=1,VNIDOL,VNIDOL_2023,"LÊ KHOA ""nhuộm tím"" sân khấu Vietnam Idol, biến hóa khôn lường với 1 CỌNG TÓC MAI",VIDEO,UNKNOWN,OFFICIAL_SHOW_CHANNEL,SEASON,OFFICIAL_PLAYLIST_COLLECTION,NEEDS_REVIEW,NEEDS_REVIEW,2023-09-13T12:00:09.000Z,449,15277,,,available,dVodxnWflcxI3rcZk,https://www.youtube.com/watch?v=CMEH9YQMh7Y&list=RDCMEH9YQMh7Y&start_radio=1
youtube,MpAPgDEGqGo,https://www.youtube.com/watch?v=MpAPgDEGqGo,VNIDOL,VNIDOL_2023,HỒ VĂN CƯỜNG | Vietnam Idols Kids 2016 | THẦN TƯỢNG ÂM NHẠC NHÍ 2016,VIDEO,UNKNOWN,UNVERIFIED,SEASON,INFERRED,NEEDS_REVIEW,NEEDS_REVIEW,2016-12-21T12:30:00.000Z,1251,35015582,,,available,dVodxnWflcxI3rcZk,https://www.youtube.com/watch?v=MpAPgDEGqGo
youtube,tLEfYxOKzMo,https://www.youtube.com/watch?v=tLEfYxOKzMo,VNIDOL,VNIDOL_2023,1001 biểu cảm đáng yêu của Mỹ Tâm (Phần 2),VIDEO,UNKNOWN,OFFICIAL_SHOW_CHANNEL,SEASON,OFFICIAL_PLAYLIST_COLLECTION,NEEDS_REVIEW,NEEDS_REVIEW,2023-07-20T12:00:44.000Z,293,3230,,,available,dVodxnWflcxI3rcZk,https://www.youtube.com/watch?v=tLEfYxOKzMo
youtube,IuTIm4GmFXU,https://www.youtube.com/watch?v=IuTIm4GmFXU&list=RDIuTIm4GmFXU&start_radio=1,VNIDOL,VNIDOL_2023,"THU HIỀN HELLEN ""nóng bỏng mắt"" khi hát hit của Bảo Anh AI CẦN AI | Vietnam Idol 2023",VIDEO,UNKNOWN,OFFICIAL_SHOW_CHANNEL,SEASON,OFFICIAL_PLAYLIST_COLLECTION,NEEDS_REVIEW,NEEDS_REVIEW,2023-09-12T05:00:08.000Z,482,14530,,,available,dVodxnWflcxI3rcZk,https://www.youtube.com/watch?v=IuTIm4GmFXU&list=RDIuTIm4GmFXU&start_radio=1
youtube,p8itmzr96_Y,https://www.youtube.com/watch?v=p8itmzr96_Y&list=RDp8itmzr96_Y&start_radio=1,VNIDOL,VNIDOL_2023,Một nốt trầm buồn khi nghe Nguyễn Thuỳ Diệu Tuyết hát Vì Yêu Ai Đó Quá Nhiều | Vietnam Idol 2023,VIDEO,UNKNOWN,OFFICIAL_SHOW_CHANNEL,SEASON,OFFICIAL_PLAYLIST_COLLECTION,NEEDS_REVIEW,NEEDS_REVIEW,2023-08-07T02:00:16.000Z,167,44541,,,available,dVodxnWflcxI3rcZk,https://www.youtube.com/watch?v=p8itmzr96_Y&list=RDp8itmzr96_Y&start_radio=1
youtube,jPAPuSXtcho,https://www.youtube.com/watch?v=jPAPuSXtcho&list=RDjPAPuSXtcho&start_radio=1,VNIDOL,VNIDOL_2023,VIETNAM IDOL 2023 | Tập 16 | Khách mời Tăng Duy Tân - Anh đã loop trong niềm đau này,VIDEO,UNKNOWN,UNVERIFIED,EPISODE,INFERRED,NEEDS_REVIEW,NEEDS_REVIEW,2025-01-18T08:44:21.000Z,179,14166,,,available,dVodxnWflcxI3rcZk,https://www.youtube.com/watch?v=jPAPuSXtcho&list=RDjPAPuSXtcho&start_radio=1
youtube,ypjokRJkwEA,https://www.youtube.com/watch?v=ypjokRJkwEA&list=RDypjokRJkwEA&start_radio=1,VNIDOL,VNIDOL_2023,GIÁ NHƯ MÌNH ĐỪNG YÊU NHAU một phiên bản rất khác của QUANG TRUNG tại Vietnam Idol 2023,VIDEO,UNKNOWN,OFFICIAL_SHOW_CHANNEL,SEASON,OFFICIAL_PLAYLIST_COLLECTION,NEEDS_REVIEW,NEEDS_REVIEW,2023-07-17T03:00:33.000Z,204,90468,,,available,dVodxnWflcxI3rcZk,https://www.youtube.com/watch?v=ypjokRJkwEA&list=RDypjokRJkwEA&start_radio=1
youtube,X5BdEg0KuQA,https://www.youtube.com/watch?v=X5BdEg0KuQA&list=RDX5BdEg0KuQA&start_radio=1,VNIDOL,VNIDOL_2023,Với Anh Em Là Cô Bé - Nguyễn Thanh Hường | Vietnam Idol 2023,VIDEO,UNKNOWN,OFFICIAL_SHOW_CHANNEL,SEASON,OFFICIAL_PLAYLIST_COLLECTION,NEEDS_REVIEW,NEEDS_REVIEW,2023-07-25T12:00:23.000Z,113,14269,,,available,dVodxnWflcxI3rcZk,https://www.youtube.com/watch?v=X5BdEg0KuQA&list=RDX5BdEg0KuQA&start_radio=1
youtube,Kkul3GqUlwY,https://www.youtube.com/watch?v=Kkul3GqUlwY&list=RDKkul3GqUlwY&start_radio=1,VNIDOL,VNIDOL_2023,"Hát hit MƯA THÁNG SÁU của Hứa Kim Tuyền, đạo diễn Nguyễn Quang Dũng nhận xét HÀ MINH bị nhạt?",VIDEO,UNKNOWN,OFFICIAL_SHOW_CHANNEL,SEASON,OFFICIAL_PLAYLIST_COLLECTION,NEEDS_REVIEW,NEEDS_REVIEW,2023-09-12T02:00:07.000Z,511,10531,,,available,dVodxnWflcxI3rcZk,https://www.youtube.com/watch?v=Kkul3GqUlwY&list=RDKkul3GqUlwY&start_radio=1
youtube,JXgicOYbNAw,https://www.youtube.com/watch?v=JXgicOYbNAw&list=RDJXgicOYbNAw&start_radio=1,VNIDOL,VNIDOL_2023,"Thanh Hiền đầy nội lực Gửi Ngàn Lời Yêu đến Mỹ Tâm, xuất sắc chinh phục BGK | Vietnam Idol 2023",VIDEO,UNKNOWN,OFFICIAL_SHOW_CHANNEL,SEASON,OFFICIAL_PLAYLIST_COLLECTION,NEEDS_REVIEW,NEEDS_REVIEW,2023-08-01T02:00:07.000Z,174,57947,,,available,dVodxnWflcxI3rcZk,https://www.youtube.com/watch?v=JXgicOYbNAw&list=RDJXgicOYbNAw&start_radio=1
youtube,jKgbBAiuAEA,https://www.youtube.com/watch?v=jKgbBAiuAEA&list=RDjKgbBAiuAEA&start_radio=1,VNIDOL,VNIDOL_2023,JACK - J97 | Live INTRO & XÓA TÊN ANH ĐI | Vietnam Idol 2023 | 621 OFFICIAL,VIDEO,UNKNOWN,UNVERIFIED,SEASON,INFERRED,NEEDS_REVIEW,NEEDS_REVIEW,2023-09-02T17:26:07.000Z,291,129472,,,available,dVodxnWflcxI3rcZk,https://www.youtube.com/watch?v=jKgbBAiuAEA&list=RDjKgbBAiuAEA&start_radio=1
youtube,012UkqvOyQo,https://www.youtube.com/watch?v=012UkqvOyQo&list=RD012UkqvOyQo&start_radio=1,VNIDOL,VNIDOL_2023,EM ĐÃ BIẾT - HÀ MINH đầy nhẹ nhàng và bay bổng trong Đêm Nhạc Thần Tượng | Vietnam Idol 2023,VIDEO,UNKNOWN,OFFICIAL_SHOW_CHANNEL,SEASON,OFFICIAL_PLAYLIST_COLLECTION,NEEDS_REVIEW,NEEDS_REVIEW,2023-09-06T05:00:00.000Z,341,68584,,,available,dVodxnWflcxI3rcZk,https://www.youtube.com/watch?v=012UkqvOyQo&list=RD012UkqvOyQo&start_radio=1
youtube,fssgCx6DTK4,https://www.youtube.com/watch?v=fssgCx6DTK4,VNIDOL,VNIDOL_2023,Vietnam Idol 2023 | U.S. Audition EP.1: Sydney Le - Thuan Nguyen - Quang Huy Nguyen - Theresa Nguyen,VIDEO,UNKNOWN,UNVERIFIED,EPISODE,INFERRED,NEEDS_REVIEW,NEEDS_REVIEW,2023-07-28T03:00:30.000Z,1594,264681,,,available,dVodxnWflcxI3rcZk,https://www.youtube.com/watch?v=fssgCx6DTK4
youtube,F9NUMucPwQ0,https://www.youtube.com/watch?v=F9NUMucPwQ0&list=RDF9NUMucPwQ0&start_radio=1,VNIDOL,VNIDOL_2023,Phạm Xuân Định nhận vé vàng thuyết phục với Ngôi Thứ 3 | Vietnam Idol 2023,VIDEO,UNKNOWN,OFFICIAL_SHOW_CHANNEL,SEASON,OFFICIAL_PLAYLIST_COLLECTION,NEEDS_REVIEW,NEEDS_REVIEW,2023-07-24T05:00:10.000Z,144,192665,,,available,dVodxnWflcxI3rcZk,https://www.youtube.com/watch?v=F9NUMucPwQ0&list=RDF9NUMucPwQ0&start_radio=1
youtube,2IxsIrPIgjk,https://www.youtube.com/watch?v=2IxsIrPIgjk&list=RD2IxsIrPIgjk&start_radio=1,VNIDOL,VNIDOL_2023,"Mỹ Tâm đứng ngồi không yên khi nghe Nguyễn Tri Thức hát ""Không Cần"" | Vietnam Idol 2023",VIDEO,UNKNOWN,OFFICIAL_SHOW_CHANNEL,SEASON,OFFICIAL_PLAYLIST_COLLECTION,NEEDS_REVIEW,NEEDS_REVIEW,2023-08-08T02:07:49.000Z,134,88769,,,available,dVodxnWflcxI3rcZk,https://www.youtube.com/watch?v=2IxsIrPIgjk&list=RD2IxsIrPIgjk&start_radio=1
youtube,QY-z9fFV7Us,https://www.youtube.com/watch?v=QY-z9fFV7Us,VNIDOL,VNIDOL_2023,"Cặp đôi Quốc Vương - Phương Anh và những điều ""chưa từng có tiền lệ"" | Vietnam Idol 2023",VIDEO,UNKNOWN,OFFICIAL_SHOW_CHANNEL,SEASON,OFFICIAL_PLAYLIST_COLLECTION,NEEDS_REVIEW,NEEDS_REVIEW,2023-07-26T05:00:11.000Z,655,69165,,,available,dVodxnWflcxI3rcZk,https://www.youtube.com/watch?v=QY-z9fFV7Us
youtube,qpcNUfStkA0,https://www.youtube.com/watch?v=qpcNUfStkA0&list=RDqpcNUfStkA0&start_radio=1,VNIDOL,VNIDOL_2023,Nguyễn Lâm Phúc Tâm Sự Cùng Người Lạ đi thẳng vào vòng trong | Vietnam Idol 2023,VIDEO,UNKNOWN,OFFICIAL_SHOW_CHANNEL,SEASON,OFFICIAL_PLAYLIST_COLLECTION,NEEDS_REVIEW,NEEDS_REVIEW,2023-07-12T13:13:04.000Z,501,102488,,,available,dVodxnWflcxI3rcZk,https://www.youtube.com/watch?v=qpcNUfStkA0&list=RDqpcNUfStkA0&start_radio=1
youtube,coU2VstMJ9Q,https://www.youtube.com/watch?v=coU2VstMJ9Q&list=RDcoU2VstMJ9Q&start_radio=1,VNIDOL,VNIDOL_2023,NGƯỜI HÃY QUÊN EM ĐI - HÀ AN HUY nhẹ nhàng và đầy tinh tế với siêu hit Mỹ Tâm | Vietnam Idol 2023,VIDEO,UNKNOWN,OFFICIAL_SHOW_CHANNEL,SEASON,OFFICIAL_PLAYLIST_COLLECTION,NEEDS_REVIEW,NEEDS_REVIEW,2023-10-11T02:00:24.000Z,237,185880,,,available,dVodxnWflcxI3rcZk,https://www.youtube.com/watch?v=coU2VstMJ9Q&list=RDcoU2VstMJ9Q&start_radio=1
youtube,66X7FO6QuQI,https://www.youtube.com/watch?v=66X7FO6QuQI&list=RD66X7FO6QuQI&start_radio=1,VNIDOL,VNIDOL_2023,Khói - Hà An Huy gây sốt khi làm mới hit của Khắc Hưng trên sân khấu Vietnam Idol 2023,VIDEO,UNKNOWN,OFFICIAL_SHOW_CHANNEL,SEASON,OFFICIAL_PLAYLIST_COLLECTION,NEEDS_REVIEW,NEEDS_REVIEW,2023-09-11T08:00:02.000Z,420,158141,,,available,dVodxnWflcxI3rcZk,https://www.youtube.com/watch?v=66X7FO6QuQI&list=RD66X7FO6QuQI&start_radio=1
youtube,htxq8QBi9zc,https://www.youtube.com/watch?v=htxq8QBi9zc&list=RDhtxq8QBi9zc&start_radio=1,VNIDOL,VNIDOL_2023,DƯỚI ÁNH ĐÈN SÂN KHẤU - HÀ MINH nhìn lại hành trình đầy rực rỡ tại Vietnam Idol 2023,VIDEO,RECAP,OFFICIAL_SHOW_CHANNEL,SEASON,OFFICIAL_PLAYLIST_COLLECTION,ACCEPTED,ACCEPTED,2023-10-26T02:00:28.000Z,334,43383,,,available,dVodxnWflcxI3rcZk,https://www.youtube.com/watch?v=htxq8QBi9zc&list=RDhtxq8QBi9zc&start_radio=1
youtube,ZVEtUzN6G9w,https://www.youtube.com/watch?v=ZVEtUzN6G9w,VNIDOL,VNIDOL_2023,"Hồ Võ Thanh Thảo ngọt ngào Yêu Xa, bất ngờ nhận vé VÀNG vào thẳng vòng Nhà Hát | Vietnam Idol 2023",VIDEO,UNKNOWN,OFFICIAL_SHOW_CHANNEL,SEASON,OFFICIAL_PLAYLIST_COLLECTION,NEEDS_REVIEW,NEEDS_REVIEW,2023-07-12T14:00:33.000Z,668,431008,,,available,dVodxnWflcxI3rcZk,https://www.youtube.com/watch?v=ZVEtUzN6G9w
youtube,356W2EvCoiw,https://www.youtube.com/watch?v=356W2EvCoiw&list=RD356W2EvCoiw&start_radio=1,VNIDOL,VNIDOL_2023,Là Sao Em Ơi - Quang Huy người kể chuyện tình hát bằng cả tiếng lòng | Vietnam Idol 2023,VIDEO,UNKNOWN,OFFICIAL_SHOW_CHANNEL,SEASON,OFFICIAL_PLAYLIST_COLLECTION,NEEDS_REVIEW,NEEDS_REVIEW,2023-08-23T05:00:00.000Z,220,60418,,,available,dVodxnWflcxI3rcZk,https://www.youtube.com/watch?v=356W2EvCoiw&list=RD356W2EvCoiw&start_radio=1
youtube,m4DYz1fxX-E,https://www.youtube.com/watch?v=m4DYz1fxX-E&list=RDm4DYz1fxX-E&start_radio=1,VNIDOL,VNIDOL_2023,NẾU MỘT MAI TÔI BAY LÊN TRỜI - XUÂN ĐỊNH K.Y chinh phục triệu trái tim khán giả Vietnam Idol 2023,VIDEO,UNKNOWN,OFFICIAL_SHOW_CHANNEL,SEASON,OFFICIAL_PLAYLIST_COLLECTION,NEEDS_REVIEW,NEEDS_REVIEW,2023-09-06T12:00:39.000Z,326,243172,,,available,dVodxnWflcxI3rcZk,https://www.youtube.com/watch?v=m4DYz1fxX-E&list=RDm4DYz1fxX-E&start_radio=1
youtube,2-sk9RyE8Go,https://www.youtube.com/watch?v=2-sk9RyE8Go&list=RD2-sk9RyE8Go&start_radio=1,VNIDOL,VNIDOL_2023,VŨ HIỀN HELLEN và nỗi đau khôn xiết tận cùng với hit ĐÂU CHỈ RIÊNG EM của Mỹ Tâm | Vietnam Idol 2023,VIDEO,UNKNOWN,OFFICIAL_SHOW_CHANNEL,SEASON,OFFICIAL_PLAYLIST_COLLECTION,NEEDS_REVIEW,NEEDS_REVIEW,2023-10-10T12:00:02.000Z,235,285142,,,available,dVodxnWflcxI3rcZk,https://www.youtube.com/watch?v=2-sk9RyE8Go&list=RD2-sk9RyE8Go&start_radio=1
youtube,xv1rI75Ny8U,https://www.youtube.com/watch?v=xv1rI75Ny8U&list=RDxv1rI75Ny8U&start_radio=1,VNIDOL,VNIDOL_2023,HÀ AN HUY và phiên bản NGÃ TƯ KHÔNG ĐÈN siêu dính tại đêm Liveshow 4 | Vietnam Idol 2023,VIDEO,PERFORMANCE,OFFICIAL_SHOW_CHANNEL,SEASON,OFFICIAL_PLAYLIST_COLLECTION,ACCEPTED,ACCEPTED,2023-10-05T02:00:30.000Z,233,18786,,,available,dVodxnWflcxI3rcZk,https://www.youtube.com/watch?v=xv1rI75Ny8U&list=RDxv1rI75Ny8U&start_radio=1
youtube,GIYXKawNCHU,https://www.youtube.com/watch?v=GIYXKawNCHU&list=RDGIYXKawNCHU&start_radio=1,VNIDOL,VNIDOL_2023,"Nguyễn Thành Đạt vừa đàn vừa hát Nửa Thập Kỷ (Hoàng Dũng) khiến Mỹ Tâm ""không thể kiềm chế""",VIDEO,UNKNOWN,OFFICIAL_SHOW_CHANNEL,SEASON,OFFICIAL_PLAYLIST_COLLECTION,NEEDS_REVIEW,NEEDS_REVIEW,2023-07-31T02:21:41.000Z,211,108986,,,available,dVodxnWflcxI3rcZk,https://www.youtube.com/watch?v=GIYXKawNCHU&list=RDGIYXKawNCHU&start_radio=1
youtube,x3mI_dLvw1E,https://www.youtube.com/watch?v=x3mI_dLvw1E,VNIDOL,VNIDOL_2023,"Kiếp nạn thứ 81 của Mỹ Tâm và sự thật ""TÂM LINH"" sau chiếc vé vàng | Vietnam Idol 2023",VIDEO,UNKNOWN,OFFICIAL_SHOW_CHANNEL,SEASON,OFFICIAL_PLAYLIST_COLLECTION,NEEDS_REVIEW,NEEDS_REVIEW,2023-07-28T02:00:31.000Z,153,3412,,,available,dVodxnWflcxI3rcZk,https://www.youtube.com/watch?v=x3mI_dLvw1E
youtube,QtTu_RoZCBQ,https://www.youtube.com/watch?v=QtTu_RoZCBQ,VNIDOL,VNIDOL_2023,Sơn Tùng MTP - Em của ngày hôm qua Live - Chung kết Vietnam Idol 21102023,VIDEO,UNKNOWN,UNVERIFIED,EPISODE,INFERRED,NEEDS_REVIEW,NEEDS_REVIEW,2023-10-23T05:50:38.000Z,436,95988,,,available,dVodxnWflcxI3rcZk,https://www.youtube.com/watch?v=QtTu_RoZCBQ
youtube,DbK36FJsQh4,https://www.youtube.com/watch?v=DbK36FJsQh4,VNIDOL,VNIDOL_2023,Vietnam Idol 2012 - Kết quả Gala 3 - Rain Over Me - Top 8,VIDEO,UNKNOWN,OFFICIAL_SHOW_CHANNEL,SEASON,OFFICIAL_PLAYLIST_COLLECTION,NEEDS_REVIEW,NEEDS_REVIEW,2012-11-09T14:33:46.000Z,246,63062,,,available,dVodxnWflcxI3rcZk,https://www.youtube.com/watch?v=DbK36FJsQh4
youtube,lQ1FgGEnxiA,https://www.youtube.com/watch?v=lQ1FgGEnxiA,VNIDOL,VNIDOL_2023,VIETNAM IDOL KIDS 2017 - TẬP 11 - GALA 6 - FULL HD,VIDEO,UNKNOWN,UNVERIFIED,EPISODE,INFERRED,NEEDS_REVIEW,NEEDS_REVIEW,2017-07-14T13:43:01.000Z,3915,63501,,,available,dVodxnWflcxI3rcZk,https://www.youtube.com/watch?v=lQ1FgGEnxiA
youtube,WqliTffiozg,https://www.youtube.com/watch?v=WqliTffiozg,VNIDOL,VNIDOL_2023,Vietnam Idol 2023 - Tập 11 | Liveshow 2: Năm Sinh & Những Khoảnh Khắc Đáng Nhớ,VIDEO,PERFORMANCE,OFFICIAL_SHOW_CHANNEL,EPISODE,OFFICIAL_PLAYLIST_COLLECTION,NEEDS_REVIEW,CANONICAL_OVERLAP,2023-09-17T05:06:47.000Z,7105,1088576,,,available,dVodxnWflcxI3rcZk,https://www.youtube.com/watch?v=WqliTffiozg
youtube,Tua7IjtxPWA,https://www.youtube.com/watch?v=Tua7IjtxPWA&list=PLJSRfYQoW3dlrKn-U263kJN6t8JogGz0r&index=1,NHVDDP,NHVDDP_2024,"Nữ Hoàng Vũ Đạo Đường Phố | Tập 15 | So Fire dễ thương và tỏa sáng, “loi choi” cùng “Tò Te Tí”",VIDEO,UNKNOWN,PRIMARY_BROADCASTER,EPISODE,OFFICIAL_PLAYLIST_COLLECTION,NEEDS_REVIEW,NEEDS_REVIEW,2024-11-12T07:53:44.000Z,260,2351,,,available,c78HBFzRv6MDmbCg3,https://www.youtube.com/watch?v=Tua7IjtxPWA&list=PLJSRfYQoW3dlrKn-U263kJN6t8JogGz0r&index=1
youtube,jyNIIb4Vzj4,https://www.youtube.com/watch?v=jyNIIb4Vzj4&list=PLJSRfYQoW3dlrKn-U263kJN6t8JogGz0r&index=10,NHVDDP,NHVDDP_2024,Nữ Hoàng Vũ Đạo Đường Phố | Tập 11 | Siêu đội hình đầy chất Hip-hop từ SS Warriorz,VIDEO,UNKNOWN,PRIMARY_BROADCASTER,EPISODE,OFFICIAL_PLAYLIST_COLLECTION,NEEDS_REVIEW,NEEDS_REVIEW,2024-10-14T06:00:25.000Z,279,765,,,available,c78HBFzRv6MDmbCg3,https://www.youtube.com/watch?v=jyNIIb4Vzj4&list=PLJSRfYQoW3dlrKn-U263kJN6t8JogGz0r&index=10
youtube,4VA5JTktIBQ,https://www.youtube.com/watch?v=4VA5JTktIBQ&list=PLJSRfYQoW3dlrKn-U263kJN6t8JogGz0r&index=7,NHVDDP,NHVDDP_2024,Nữ Hoàng Vũ Đạo Đường Phố |Tập 12| HaNoi X-Girls “bung lụa” cùng thanh âm Hà Nội!,VIDEO,UNKNOWN,PRIMARY_BROADCASTER,EPISODE,OFFICIAL_PLAYLIST_COLLECTION,NEEDS_REVIEW,NEEDS_REVIEW,2024-10-18T04:00:03.000Z,285,3823,,,available,c78HBFzRv6MDmbCg3,https://www.youtube.com/watch?v=4VA5JTktIBQ&list=PLJSRfYQoW3dlrKn-U263kJN6t8JogGz0r&index=7
youtube,L916R-5CvPM,https://www.youtube.com/watch?v=L916R-5CvPM&list=PLJSRfYQoW3dlrKn-U263kJN6t8JogGz0r&index=17,NHVDDP,NHVDDP_2024,Nữ Hoàng Vũ Đạo Đường Phố |Tập 10| Thét gào với sàn đấu bốc lửa giữa Mai Thiên Quân và SHIN,VIDEO,UNKNOWN,PRIMARY_BROADCASTER,EPISODE,OFFICIAL_PLAYLIST_COLLECTION,NEEDS_REVIEW,NEEDS_REVIEW,2024-10-03T06:30:07.000Z,205,1007,,,available,c78HBFzRv6MDmbCg3,https://www.youtube.com/watch?v=L916R-5CvPM&list=PLJSRfYQoW3dlrKn-U263kJN6t8JogGz0r&index=17
youtube,ChZ1BBGYGJc,https://www.youtube.com/watch?v=ChZ1BBGYGJc&list=PLJSRfYQoW3dlrKn-U263kJN6t8JogGz0r&index=8,NHVDDP,NHVDDP_2024,Nữ Hoàng Vũ Đạo Đường Phố | Tập 12 | Mãn nhãn trước độ đồng đều của “đội cứu hỏa” SO FIRE Crew,VIDEO,UNKNOWN,PRIMARY_BROADCASTER,EPISODE,OFFICIAL_PLAYLIST_COLLECTION,NEEDS_REVIEW,NEEDS_REVIEW,2024-10-15T09:30:04.000Z,261,2931,,,available,c78HBFzRv6MDmbCg3,https://www.youtube.com/watch?v=ChZ1BBGYGJc&list=PLJSRfYQoW3dlrKn-U263kJN6t8JogGz0r&index=8
youtube,bRws8hLBkYA,https://www.youtube.com/watch?v=bRws8hLBkYA&list=PLJSRfYQoW3dlrKn-U263kJN6t8JogGz0r&index=14,NHVDDP,NHVDDP_2024,Nữ Hoàng Vũ Đạo Đường Phố | Tập 11 | “Ngọn lửa” của OOPS! khiến các đối thủ phải e dè,VIDEO,UNKNOWN,PRIMARY_BROADCASTER,EPISODE,OFFICIAL_PLAYLIST_COLLECTION,NEEDS_REVIEW,NEEDS_REVIEW,2024-10-09T06:30:19.000Z,263,1539,,,available,c78HBFzRv6MDmbCg3,https://www.youtube.com/watch?v=bRws8hLBkYA&list=PLJSRfYQoW3dlrKn-U263kJN6t8JogGz0r&index=14
youtube,9NL9gYnsxRU,https://www.youtube.com/watch?v=9NL9gYnsxRU&list=PLJSRfYQoW3dlrKn-U263kJN6t8JogGz0r&index=2,NHVDDP,NHVDDP_2024,"Nữ hoàng vũ đạo đường phố |Tập 15| So Fire “bùng nổ"" rực rỡ như pháo hoa trong đêm chung kết!",VIDEO,UNKNOWN,PRIMARY_BROADCASTER,EPISODE,OFFICIAL_PLAYLIST_COLLECTION,NEEDS_REVIEW,NEEDS_REVIEW,2024-11-05T12:00:11.000Z,162,1491,,,available,c78HBFzRv6MDmbCg3,https://www.youtube.com/watch?v=9NL9gYnsxRU&list=PLJSRfYQoW3dlrKn-U263kJN6t8JogGz0r&index=2
youtube,zIk9YrGXkSs,https://www.youtube.com/watch?v=zIk9YrGXkSs&list=PLJSRfYQoW3dlrKn-U263kJN6t8JogGz0r&index=12,NHVDDP,NHVDDP_2024,"Nữ Hoàng Vũ Đạo Đường Phố |Tập 11| FED cùng Ciin mang cơn lốc qua các vũ đạo “chất lừ""",VIDEO,UNKNOWN,PRIMARY_BROADCASTER,EPISODE,OFFICIAL_PLAYLIST_COLLECTION,NEEDS_REVIEW,NEEDS_REVIEW,2024-10-10T07:05:36.000Z,265,20127,,,available,c78HBFzRv6MDmbCg3,https://www.youtube.com/watch?v=zIk9YrGXkSs&list=PLJSRfYQoW3dlrKn-U263kJN6t8JogGz0r&index=12
youtube,yZPrz88i-Rs,https://www.youtube.com/watch?v=yZPrz88i-Rs&list=PLJSRfYQoW3dlrKn-U263kJN6t8JogGz0r&index=6,NHVDDP,NHVDDP_2024,HaNoi X-Girls “bung lụa” cùng thanh âm Hà Nội!,VIDEO,UNKNOWN,PRIMARY_BROADCASTER,SEASON,OFFICIAL_PLAYLIST_COLLECTION,NEEDS_REVIEW,NEEDS_REVIEW,2024-10-18T05:30:25.000Z,55,3029,,,available,c78HBFzRv6MDmbCg3,https://www.youtube.com/watch?v=yZPrz88i-Rs&list=PLJSRfYQoW3dlrKn-U263kJN6t8JogGz0r&index=6
youtube,Hcv7pu_7XMc,https://www.youtube.com/watch?v=Hcv7pu_7XMc&list=PLJSRfYQoW3dlrKn-U263kJN6t8JogGz0r&index=9,NHVDDP,NHVDDP_2024,"Nữ Hoàng Vũ Đạo Đường Phố | Tập 12 | F.E.D vỡ òa khi lội ngược dòng, tiến thẳng vào đêm chung kết",VIDEO,UNKNOWN,PRIMARY_BROADCASTER,EPISODE,OFFICIAL_PLAYLIST_COLLECTION,NEEDS_REVIEW,NEEDS_REVIEW,2024-10-15T08:15:00.000Z,51,2822,,,available,c78HBFzRv6MDmbCg3,https://www.youtube.com/watch?v=Hcv7pu_7XMc&list=PLJSRfYQoW3dlrKn-U263kJN6t8JogGz0r&index=9
youtube,-H8-h4jsRvk,https://www.youtube.com/watch?v=-H8-h4jsRvk&list=PLJSRfYQoW3dlrKn-U263kJN6t8JogGz0r&index=23,NHVDDP,NHVDDP_2024,Nữ Hoàng Vũ Đạo Đường Phố | Tập 8 | HaNoi X-Girl bùng nổ sân khấu trận đấu sống còn,VIDEO,UNKNOWN,PRIMARY_BROADCASTER,EPISODE,OFFICIAL_PLAYLIST_COLLECTION,NEEDS_REVIEW,NEEDS_REVIEW,2024-09-19T07:31:10.000Z,213,922,,,available,c78HBFzRv6MDmbCg3,https://www.youtube.com/watch?v=-H8-h4jsRvk&list=PLJSRfYQoW3dlrKn-U263kJN6t8JogGz0r&index=23
youtube,pOq36klOdUM,https://www.youtube.com/watch?v=pOq36klOdUM&list=PLJSRfYQoW3dlrKn-U263kJN6t8JogGz0r&index=22,NHVDDP,NHVDDP_2024,Nữ Hoàng Vũ Đạo Đường Phố | Tập 8 | HaNoi X-Girl bùng nổ sân khấu trận đấu sống còn,VIDEO,UNKNOWN,PRIMARY_BROADCASTER,EPISODE,OFFICIAL_PLAYLIST_COLLECTION,NEEDS_REVIEW,NEEDS_REVIEW,2024-09-19T08:00:35.000Z,59,2983,,,available,c78HBFzRv6MDmbCg3,https://www.youtube.com/watch?v=pOq36klOdUM&list=PLJSRfYQoW3dlrKn-U263kJN6t8JogGz0r&index=22
youtube,kSE_KVOSi28,https://www.youtube.com/watch?v=kSE_KVOSi28&list=PLJSRfYQoW3dlrKn-U263kJN6t8JogGz0r&index=16,NHVDDP,NHVDDP_2024,Thét gào với sàn đấu bốc lửa giữa Mai Thiên Quân và SHIN,VIDEO,UNKNOWN,PRIMARY_BROADCASTER,SEASON,OFFICIAL_PLAYLIST_COLLECTION,NEEDS_REVIEW,NEEDS_REVIEW,2024-10-03T07:00:30.000Z,53,1843,,,available,c78HBFzRv6MDmbCg3,https://www.youtube.com/watch?v=kSE_KVOSi28&list=PLJSRfYQoW3dlrKn-U263kJN6t8JogGz0r&index=16
youtube,FR8_XKE2Psc,https://www.youtube.com/watch?v=FR8_XKE2Psc&list=PLJSRfYQoW3dlrKn-U263kJN6t8JogGz0r&index=18,NHVDDP,NHVDDP_2024,Nữ Hoàng Vũ Đạo Đường Phố | Tập 10 | Các chiến binh đấu hết mình trong vòng đấu loại đầu tiên,VIDEO,UNKNOWN,PRIMARY_BROADCASTER,EPISODE,OFFICIAL_PLAYLIST_COLLECTION,NEEDS_REVIEW,NEEDS_REVIEW,2024-10-03T05:45:00.000Z,267,1447,,,available,c78HBFzRv6MDmbCg3,https://www.youtube.com/watch?v=FR8_XKE2Psc&list=PLJSRfYQoW3dlrKn-U263kJN6t8JogGz0r&index=18
youtube,FPKouqoV1Ko,https://www.youtube.com/watch?v=FPKouqoV1Ko&list=PLJSRfYQoW3dlrKn-U263kJN6t8JogGz0r&index=20,NHVDDP,NHVDDP_2024,Nữ Hoàng Vũ Đạo Đường Phố | Tập 8 | Bùng nổ với sự xuất hiện của “BADA LEE”,VIDEO,UNKNOWN,PRIMARY_BROADCASTER,EPISODE,OFFICIAL_PLAYLIST_COLLECTION,NEEDS_REVIEW,NEEDS_REVIEW,2024-09-24T07:00:06.000Z,200,1922,,,available,c78HBFzRv6MDmbCg3,https://www.youtube.com/watch?v=FPKouqoV1Ko&list=PLJSRfYQoW3dlrKn-U263kJN6t8JogGz0r&index=20
youtube,wA2gFjZdbpk,https://www.youtube.com/watch?v=wA2gFjZdbpk&list=PLJSRfYQoW3dlrKn-U263kJN6t8JogGz0r&index=34,NHVDDP,NHVDDP_2024,Nữ Hoàng Vũ Đạo Đường Phố | Tập 3 | Minga – Vergina – Groovie làm “tan chảy” Marshmallow,VIDEO,UNKNOWN,PRIMARY_BROADCASTER,EPISODE,OFFICIAL_PLAYLIST_COLLECTION,NEEDS_REVIEW,NEEDS_REVIEW,2024-08-12T14:00:50.000Z,47,51085,,,available,c78HBFzRv6MDmbCg3,https://www.youtube.com/watch?v=wA2gFjZdbpk&list=PLJSRfYQoW3dlrKn-U263kJN6t8JogGz0r&index=34
youtube,lnVmE9-TjAg,https://www.youtube.com/watch?v=lnVmE9-TjAg&list=PLJSRfYQoW3dlrKn-U263kJN6t8JogGz0r&index=39,NHVDDP,NHVDDP_2024,Nữ Hoàng Vũ Đạo Đường Phố | Tập 2 | Trận chiến tìm ra “bông hồng” thật sự của Linh PC và Rosie,VIDEO,UNKNOWN,PRIMARY_BROADCASTER,EPISODE,OFFICIAL_PLAYLIST_COLLECTION,NEEDS_REVIEW,NEEDS_REVIEW,2024-08-09T13:15:06.000Z,365,37154,,,available,c78HBFzRv6MDmbCg3,https://www.youtube.com/watch?v=lnVmE9-TjAg&list=PLJSRfYQoW3dlrKn-U263kJN6t8JogGz0r&index=39
youtube,IfNv1umcw34,https://www.youtube.com/watch?v=IfNv1umcw34&list=PLJSRfYQoW3dlrKn-U263kJN6t8JogGz0r&index=29,NHVDDP,NHVDDP_2024,"Không có chuyện ""cướp"" được vũ đạo FED Cộ đâu",VIDEO,UNKNOWN,PRIMARY_BROADCASTER,SEASON,OFFICIAL_PLAYLIST_COLLECTION,NEEDS_REVIEW,NEEDS_REVIEW,2024-08-21T02:00:06.000Z,55,7699,,,available,c78HBFzRv6MDmbCg3,https://www.youtube.com/watch?v=IfNv1umcw34&list=PLJSRfYQoW3dlrKn-U263kJN6t8JogGz0r&index=29
youtube,_ds0XZOGdLA,https://www.youtube.com/watch?v=_ds0XZOGdLA&list=PLJSRfYQoW3dlrKn-U263kJN6t8JogGz0r&index=42,NHVDDP,NHVDDP_2024,Nữ Hoàng Vũ Đạo Đường Phố | Tập 2 |  Lần đầu phá luật xuất hiện “2 màn tái đấu” cực chiến,VIDEO,UNKNOWN,PRIMARY_BROADCASTER,EPISODE,OFFICIAL_PLAYLIST_COLLECTION,NEEDS_REVIEW,NEEDS_REVIEW,2024-08-09T08:36:35.000Z,448,4472,,,available,c78HBFzRv6MDmbCg3,https://www.youtube.com/watch?v=_ds0XZOGdLA&list=PLJSRfYQoW3dlrKn-U263kJN6t8JogGz0r&index=42
youtube,ovttO7B7qfo,https://www.youtube.com/watch?v=ovttO7B7qfo&list=PLJSRfYQoW3dlrKn-U263kJN6t8JogGz0r&index=41,NHVDDP,NHVDDP_2024,Nữ Hoàng Vũ Đạo Đường Phố | Tập 2 |  “Oan gia ngõ hẹp” cuộc chiến căng cực của Lu và KYY,VIDEO,UNKNOWN,PRIMARY_BROADCASTER,EPISODE,OFFICIAL_PLAYLIST_COLLECTION,NEEDS_REVIEW,NEEDS_REVIEW,2024-08-09T09:30:21.000Z,245,19120,,,available,c78HBFzRv6MDmbCg3,https://www.youtube.com/watch?v=ovttO7B7qfo&list=PLJSRfYQoW3dlrKn-U263kJN6t8JogGz0r&index=41
youtube,wiJOqhjg0og,https://www.youtube.com/watch?v=wiJOqhjg0og&list=PLJSRfYQoW3dlrKn-U263kJN6t8JogGz0r&index=40,NHVDDP,NHVDDP_2024,Trận chiến tìm ra “bông hồng” thật sự của Linh PC và Rosie,VIDEO,UNKNOWN,PRIMARY_BROADCASTER,SEASON,OFFICIAL_PLAYLIST_COLLECTION,NEEDS_REVIEW,NEEDS_REVIEW,2024-08-09T12:15:05.000Z,59,2283,,,available,c78HBFzRv6MDmbCg3,https://www.youtube.com/watch?v=wiJOqhjg0og&list=PLJSRfYQoW3dlrKn-U263kJN6t8JogGz0r&index=40
youtube,_Y_4Jtyt6SA,https://www.youtube.com/watch?v=_Y_4Jtyt6SA&list=PLJSRfYQoW3dlrKn-U263kJN6t8JogGz0r&index=31,NHVDDP,NHVDDP_2024,“Tức nước vỡ bờ” Salad quyết định dừng lại…,VIDEO,UNKNOWN,PRIMARY_BROADCASTER,SEASON,OFFICIAL_PLAYLIST_COLLECTION,NEEDS_REVIEW,NEEDS_REVIEW,2024-08-19T14:00:35.000Z,59,2477,,,available,c78HBFzRv6MDmbCg3,https://www.youtube.com/watch?v=_Y_4Jtyt6SA&list=PLJSRfYQoW3dlrKn-U263kJN6t8JogGz0r&index=31
youtube,z2_54GZwNKs,https://www.youtube.com/watch?v=z2_54GZwNKs&list=PLJSRfYQoW3dlrKn-U263kJN6t8JogGz0r&index=37,NHVDDP,NHVDDP_2024,Nữ Hoàng Vũ Đạo Đường Phố | Tập 3 | Mai Thiên Quân “bại trận” dưới tay Shin,VIDEO,UNKNOWN,PRIMARY_BROADCASTER,EPISODE,OFFICIAL_PLAYLIST_COLLECTION,NEEDS_REVIEW,NEEDS_REVIEW,2024-08-12T11:01:02.000Z,595,18349,,,available,c78HBFzRv6MDmbCg3,https://www.youtube.com/watch?v=z2_54GZwNKs&list=PLJSRfYQoW3dlrKn-U263kJN6t8JogGz0r&index=37
youtube,6N_lgzv3wFs,https://www.youtube.com/watch?v=6N_lgzv3wFs&list=PLJSRfYQoW3dlrKn-U263kJN6t8JogGz0r&index=27,NHVDDP,NHVDDP_2024,"Nữ Hoàng Vũ Đạo Đường Phố - Tập 5 | FED Cộ cua gắt, chỉ điểm BONGPLAYBANG là vũ công yếu nhất",VIDEO,UNKNOWN,PRIMARY_BROADCASTER,EPISODE,OFFICIAL_PLAYLIST_COLLECTION,NEEDS_REVIEW,NEEDS_REVIEW,2024-08-29T09:30:04.000Z,378,14627,,,available,c78HBFzRv6MDmbCg3,https://www.youtube.com/watch?v=6N_lgzv3wFs&list=PLJSRfYQoW3dlrKn-U263kJN6t8JogGz0r&index=27
youtube,CPmD7uSgisE,https://www.youtube.com/watch?v=CPmD7uSgisE&list=PLJSRfYQoW3dlrKn-U263kJN6t8JogGz0r&index=13,NHVDDP,NHVDDP_2024,Các chiến binh “gai góc” SS WarriorZ nay đã rơi lệ,VIDEO,UNKNOWN,PRIMARY_BROADCASTER,SEASON,OFFICIAL_PLAYLIST_COLLECTION,NEEDS_REVIEW,NEEDS_REVIEW,2024-10-09T07:15:00.000Z,58,1214,,,available,c78HBFzRv6MDmbCg3,https://www.youtube.com/watch?v=CPmD7uSgisE&list=PLJSRfYQoW3dlrKn-U263kJN6t8JogGz0r&index=13
youtube,tQhiPGEV804,https://www.youtube.com/watch?v=tQhiPGEV804&list=PLJSRfYQoW3dlrKn-U263kJN6t8JogGz0r&index=32,NHVDDP,NHVDDP_2024,Nữ Hoàng Vũ Đạo Đường Phố | Tập 4 | Các trưởng nhóm “cực nóng” trên con đường “cướp” vũ đạo,VIDEO,UNKNOWN,PRIMARY_BROADCASTER,EPISODE,OFFICIAL_PLAYLIST_COLLECTION,NEEDS_REVIEW,NEEDS_REVIEW,2024-08-19T08:30:26.000Z,396,30864,,,available,c78HBFzRv6MDmbCg3,https://www.youtube.com/watch?v=tQhiPGEV804&list=PLJSRfYQoW3dlrKn-U263kJN6t8JogGz0r&index=32
youtube,IKaPCYMshFg,https://www.youtube.com/watch?v=IKaPCYMshFg&list=PLJSRfYQoW3dlrKn-U263kJN6t8JogGz0r&index=33,NHVDDP,NHVDDP_2024,Nữ Hoàng Vũ Đạo Đường Phố - Tập 4 | Nhiệm vụ cấp bậc (17/8/2024),VIDEO,UNKNOWN,PRIMARY_BROADCASTER,EPISODE,OFFICIAL_PLAYLIST_COLLECTION,NEEDS_REVIEW,NEEDS_REVIEW,2024-08-17T14:00:15.000Z,3137,98303,,,available,c78HBFzRv6MDmbCg3,https://www.youtube.com/watch?v=IKaPCYMshFg&list=PLJSRfYQoW3dlrKn-U263kJN6t8JogGz0r&index=33
youtube,z-MiG42piqY,https://www.youtube.com/watch?v=z-MiG42piqY&list=PLJSRfYQoW3dlrKn-U263kJN6t8JogGz0r&index=36,NHVDDP,NHVDDP_2024,Nữ Hoàng Vũ Đạo Đường Phố | Tập 2 | Màn thách đấu cảm động giữa 2 người bạn tri kỷ Mayonair và Cộ,VIDEO,UNKNOWN,PRIMARY_BROADCASTER,EPISODE,OFFICIAL_PLAYLIST_COLLECTION,NEEDS_REVIEW,NEEDS_REVIEW,2024-08-12T12:01:05.000Z,323,25389,,,available,c78HBFzRv6MDmbCg3,https://www.youtube.com/watch?v=z-MiG42piqY&list=PLJSRfYQoW3dlrKn-U263kJN6t8JogGz0r&index=36
youtube,7U2NWuFAOv8,https://www.youtube.com/watch?v=7U2NWuFAOv8&list=PLJSRfYQoW3dlrKn-U263kJN6t8JogGz0r&index=35,NHVDDP,NHVDDP_2024,2 Ngày 1 Đêm - Mùa 3 | Tập 8 | Phương Anh Đào - Hữu Đằng “anh em hạt nhài” mang quạ phủ sóng,VIDEO,UNKNOWN,PRIMARY_BROADCASTER,EPISODE,OFFICIAL_PLAYLIST_COLLECTION,NEEDS_REVIEW,NEEDS_REVIEW,2024-08-12T13:00:08.000Z,191,9439,,,available,c78HBFzRv6MDmbCg3,https://www.youtube.com/watch?v=7U2NWuFAOv8&list=PLJSRfYQoW3dlrKn-U263kJN6t8JogGz0r&index=35
youtube,18Om1Z4AkPU,https://www.youtube.com/watch?v=18Om1Z4AkPU&list=PLY-AuYi7sTugYnwSrAy9DQtC-sAoitZDJ&index=23,2N1D,2N1D_S2,"Chỉ còn 2 NGÀY nữa!! Diệu Lâm cô nương núp lùm ""huỷ hoại"" nhan sắc HIEUTHUHAI | 2 Ngày 1 Đêm Mùa 2",VIDEO,UNKNOWN,OFFICIAL_SHOW_CHANNEL,SEASON,OFFICIAL_PLAYLIST_COLLECTION,NEEDS_REVIEW,NEEDS_REVIEW,2023-09-29T13:00:01.000Z,373,162993,,,available,E7hmhsxT1EyJjWMbe,https://www.youtube.com/watch?v=18Om1Z4AkPU&list=PLY-AuYi7sTugYnwSrAy9DQtC-sAoitZDJ&index=23
youtube,0tYQFSvQacI,https://www.youtube.com/watch?v=0tYQFSvQacI&list=PLY-AuYi7sTugYnwSrAy9DQtC-sAoitZDJ&index=25,2N1D,2N1D_S2,2 Ngày 1 Đêm Việt Nam - Mùa 2 đã trở lại | Official Trailer,VIDEO,TEASER_PREVIEW,OFFICIAL_SHOW_CHANNEL,SEASON,OFFICIAL_PLAYLIST_COLLECTION,ACCEPTED,ACCEPTED,2023-09-27T13:22:51.000Z,78,260083,,,available,E7hmhsxT1EyJjWMbe,https://www.youtube.com/watch?v=0tYQFSvQacI&list=PLY-AuYi7sTugYnwSrAy9DQtC-sAoitZDJ&index=25
youtube,OqRc822B6fs,https://www.youtube.com/watch?v=OqRc822B6fs&list=PLY-AuYi7sTugYnwSrAy9DQtC-sAoitZDJ&index=21,2N1D,2N1D_S2,Chỉ còn 1 NGÀY nữa!! Có ai hóng anh em tụi tui tiểu phẩm hông? | 2 Ngày 1 Đêm Mùa 2,VIDEO,UNKNOWN,OFFICIAL_SHOW_CHANNEL,SEASON,OFFICIAL_PLAYLIST_COLLECTION,NEEDS_REVIEW,NEEDS_REVIEW,2023-09-30T13:00:16.000Z,77,64897,,,available,E7hmhsxT1EyJjWMbe,https://www.youtube.com/watch?v=OqRc822B6fs&list=PLY-AuYi7sTugYnwSrAy9DQtC-sAoitZDJ&index=21
youtube,i6y1UAQwGvA,https://www.youtube.com/watch?v=i6y1UAQwGvA&list=PLY-AuYi7sTugYnwSrAy9DQtC-sAoitZDJ&index=20,2N1D,2N1D_S2,"Đón xem TỐI NAY !! Sẵn sàng với những trận cười ""vô tri"" cùng 2 Ngày 1 Đêm Mùa 2 chưa cả nhà ơii",VIDEO,TEASER_PREVIEW,OFFICIAL_SHOW_CHANNEL,SEASON,OFFICIAL_PLAYLIST_COLLECTION,ACCEPTED,ACCEPTED,2023-10-01T04:00:32.000Z,149,122626,,,available,E7hmhsxT1EyJjWMbe,https://www.youtube.com/watch?v=i6y1UAQwGvA&list=PLY-AuYi7sTugYnwSrAy9DQtC-sAoitZDJ&index=20
youtube,RRVFuLHKLB4,https://www.youtube.com/watch?v=RRVFuLHKLB4&list=PLY-AuYi7sTugYnwSrAy9DQtC-sAoitZDJ&index=22,2N1D,2N1D_S2,"Teaser Tập 32 - 2 Ngày 1 Đêm Mùa 2: Ngô Kiến Huy liệu có thoát khỏi vận đen với ""ly nước may mắn""?",VIDEO,TEASER_PREVIEW,OFFICIAL_SHOW_CHANNEL,EPISODE,OFFICIAL_PLAYLIST_COLLECTION,ACCEPTED,ACCEPTED,2023-09-30T03:00:15.000Z,174,366580,,,available,E7hmhsxT1EyJjWMbe,https://www.youtube.com/watch?v=RRVFuLHKLB4&list=PLY-AuYi7sTugYnwSrAy9DQtC-sAoitZDJ&index=22
youtube,-0zOfN0IOzM,https://www.youtube.com/watch?v=-0zOfN0IOzM&list=PLY-AuYi7sTugYnwSrAy9DQtC-sAoitZDJ&index=24,2N1D,2N1D_S2,Chỉ còn 3 NGÀY nữa!! Ngô Kiến Huy bị hội anh em xa lánh vì sợ lây vận xui | 2 Ngày 1 Đêm Mùa 2,VIDEO,UNKNOWN,OFFICIAL_SHOW_CHANNEL,SEASON,OFFICIAL_PLAYLIST_COLLECTION,NEEDS_REVIEW,NEEDS_REVIEW,2023-09-28T13:00:00.000Z,208,103094,,,available,E7hmhsxT1EyJjWMbe,https://www.youtube.com/watch?v=-0zOfN0IOzM&list=PLY-AuYi7sTugYnwSrAy9DQtC-sAoitZDJ&index=24
youtube,roKPJPeXkBg,https://www.youtube.com/watch?v=roKPJPeXkBg&list=PLY-AuYi7sTujnjUSFEFLK6a5FX_CQ7_14&index=10,2N1D,2N1D_S4,HURRYKNG và HIEUTHUHAI chu đáo chuẩn bị quà trung thu tặng cho các anh | BTS 2 Ngày 1 Đêm,VIDEO,BEHIND_THE_SCENES,OFFICIAL_SHOW_CHANNEL,SEASON,OFFICIAL_PLAYLIST_COLLECTION,ACCEPTED,ACCEPTED,2025-11-20T12:01:45.000Z,486,34360,,,available,jor29WGcY0dRP3940,https://www.youtube.com/watch?v=roKPJPeXkBg&list=PLY-AuYi7sTujnjUSFEFLK6a5FX_CQ7_14&index=10
youtube,1hdVrgv64uA,https://www.youtube.com/watch?v=1hdVrgv64uA&list=PLY-AuYi7sTujnjUSFEFLK6a5FX_CQ7_14&index=7,2N1D,2N1D_S4,"2 Ngày 1 Đêm Mùa 4-Tập 92: Dương Lâm ""ú ớ"" với thử thách tiếng Anh, Trường Giang bất ngờ ""bị phạt""",VIDEO,CAST_CONTENT,OFFICIAL_SHOW_CHANNEL,EPISODE,OFFICIAL_PLAYLIST_COLLECTION,NEEDS_REVIEW,CANONICAL_OVERLAP,2025-12-11T13:30:06.000Z,7516,992938,,,available,jor29WGcY0dRP3940,https://www.youtube.com/watch?v=1hdVrgv64uA&list=PLY-AuYi7sTujnjUSFEFLK6a5FX_CQ7_14&index=7
youtube,2V20IKyMqnM,https://www.youtube.com/watch?v=2V20IKyMqnM&list=PLY-AuYi7sTujnjUSFEFLK6a5FX_CQ7_14&index=2,2N1D,2N1D_S4,"Say Hi Rực Rỡ - Tập 3: Hội anh trai trốn khỏi rừng, hé lộ cuốn nhật kí ""cảm lạnh"" 80 trang",VIDEO,UNKNOWN,PRIMARY_PRODUCER,EPISODE,OFFICIAL_PLAYLIST_COLLECTION,NEEDS_REVIEW,NEEDS_REVIEW,2026-06-21T13:00:07.000Z,6389,2379001,,,available,jor29WGcY0dRP3940,https://www.youtube.com/watch?v=2V20IKyMqnM&list=PLY-AuYi7sTujnjUSFEFLK6a5FX_CQ7_14&index=2
youtube,9dAUdlhVwdk,https://www.youtube.com/watch?v=9dAUdlhVwdk,RMVN,RMVN_S1,Chạy Đi Chờ Chi Tập 3   Runninn Man Viet Nam   Khi đồng đội cũng là kẻ địch,VIDEO,UNKNOWN,UNVERIFIED,EPISODE,INFERRED,NEEDS_REVIEW,NEEDS_REVIEW,2019-04-19T04:09:33.000Z,90,1442,,,available,5FdSgMJjlO0HleCys,https://www.youtube.com/watch?v=9dAUdlhVwdk
youtube,SvqUu3pcHgc,https://www.youtube.com/watch?v=SvqUu3pcHgc,RMVN,RMVN_S1,RUNNING MAN VIETNAM 2026 - CHẠY NGAY ĐI | TẬP 01: Chúng tôi là Gia tộc R,VIDEO,UNKNOWN,OFFICIAL_SHOW_CHANNEL,EPISODE,OFFICIAL_PLAYLIST_COLLECTION,NEEDS_REVIEW,NEEDS_REVIEW,2026-07-24T14:30:06.000Z,9532,11911631,,,available,5FdSgMJjlO0HleCys,https://www.youtube.com/watch?v=SvqUu3pcHgc
youtube,o5zUpDas4K4,https://www.youtube.com/watch?v=o5zUpDas4K4,RMVN,RMVN_S1,Chạy đi chờ chi tập 10 full HD,VIDEO,UNKNOWN,UNVERIFIED,EPISODE,INFERRED,NEEDS_REVIEW,NEEDS_REVIEW,2019-05-25T04:02:44.000Z,287,12235,,,available,5FdSgMJjlO0HleCys,https://www.youtube.com/watch?v=o5zUpDas4K4
youtube,usdE608xz5Y,https://www.youtube.com/watch?v=usdE608xz5Y,RMVN,RMVN_S1,CHẠY ĐI CHỜ CHI | TẬP 15 full | CUỘC VUI KHI KẾT THÚC MÙA 1,VIDEO,UNKNOWN,UNVERIFIED,EPISODE,INFERRED,NEEDS_REVIEW,NEEDS_REVIEW,2019-07-23T13:50:02.000Z,4119,809,,,available,5FdSgMJjlO0HleCys,https://www.youtube.com/watch?v=usdE608xz5Y
youtube,WaIg1AA5ufU,https://www.youtube.com/watch?v=WaIg1AA5ufU,RMVN,RMVN_S1,"Chạy Đi Chờ Chi | Cái kết đắng cho những kẻ thích ""gieo nghiệp""",VIDEO,UNKNOWN,OFFICIAL_SHOW_CHANNEL,SEASON,OFFICIAL_PLAYLIST_COLLECTION,NEEDS_REVIEW,NEEDS_REVIEW,2019-04-09T11:40:25.000Z,87,18923,,,available,5FdSgMJjlO0HleCys,https://www.youtube.com/watch?v=WaIg1AA5ufU
youtube,RPQH6HcZU0k,https://www.youtube.com/watch?v=RPQH6HcZU0k,RMVN,RMVN_S1,Chạy Đi Chờ Chi - Tập 11 FULL - LAN NGỌC trở thành TỘI ĐỒ (Phần tiếp theo),VIDEO,UNKNOWN,UNVERIFIED,EPISODE,INFERRED,NEEDS_REVIEW,NEEDS_REVIEW,2019-06-19T04:07:10.000Z,2535,751,,,available,5FdSgMJjlO0HleCys,https://www.youtube.com/watch?v=RPQH6HcZU0k
youtube,wF5xVVlw6Lw,https://www.youtube.com/watch?v=wF5xVVlw6Lw,RMVN,RMVN_S1,Chạy đi chờ chi full tập 11 trấn thành thắng toàn tập toàn tập,VIDEO,UNKNOWN,UNVERIFIED,EPISODE,INFERRED,NEEDS_REVIEW,NEEDS_REVIEW,2019-06-22T13:36:47.000Z,2218,575,,,available,5FdSgMJjlO0HleCys,https://www.youtube.com/watch?v=wF5xVVlw6Lw
youtube,YT1bNRt9KPc,https://www.youtube.com/watch?v=YT1bNRt9KPc,RMVN,RMVN_S1,Chạy Đi Chờ Chi Tập 9... Full HD ... Vô Cùng Kịch Tính.................................,VIDEO,UNKNOWN,UNVERIFIED,EPISODE,INFERRED,NEEDS_REVIEW,NEEDS_REVIEW,2019-06-04T16:56:36.000Z,158,2212,,,available,5FdSgMJjlO0HleCys,https://www.youtube.com/watch?v=YT1bNRt9KPc
youtube,k85LWnjmN-I,https://www.youtube.com/watch?v=k85LWnjmN-I,RMVN,RMVN_S1,CHẠY ĐI CHỜ CHI - TẬP 11 FULL | TIẾT VĂN NGÔN NGỮ HÌNH THỂ - TRẤN THÀNH NGẪU HỨNG HỦY HOẠI ĐÁP ÁN,VIDEO,UNKNOWN,UNVERIFIED,EPISODE,INFERRED,NEEDS_REVIEW,NEEDS_REVIEW,2019-06-22T19:55:04.000Z,253,195,,,available,5FdSgMJjlO0HleCys,https://www.youtube.com/watch?v=k85LWnjmN-I
youtube,pE9rVqMqaIY,https://www.youtube.com/watch?v=pE9rVqMqaIY,RMVN,RMVN_S1,Chạy Đi Chờ Chi Tập 8... Full HD Khủng Long Trấn Thành trượt chân té ngã,VIDEO,UNKNOWN,UNVERIFIED,EPISODE,INFERRED,NEEDS_REVIEW,NEEDS_REVIEW,2019-05-31T08:14:33.000Z,68,2387,,,available,5FdSgMJjlO0HleCys,https://www.youtube.com/watch?v=pE9rVqMqaIY
youtube,mfSwv7eg5_Q,https://www.youtube.com/watch?v=mfSwv7eg5_Q,RMVN,RMVN_S1,CHẠY ĐI CHỜ CHI - TẬP 10 FULL | CÁI KẾT CỦA ĐỘI TRẤN THÀNH - LAN NGỌC | 15/6/2019,VIDEO,UNKNOWN,UNVERIFIED,EPISODE,INFERRED,NEEDS_REVIEW,NEEDS_REVIEW,2019-06-16T05:02:33.000Z,205,18,,,available,5FdSgMJjlO0HleCys,https://www.youtube.com/watch?v=mfSwv7eg5_Q
youtube,a5v6S8ADOE4,https://www.youtube.com/watch?v=a5v6S8ADOE4,RMVN,RMVN_S1,Chạy Đi Chờ Chi Tập 9 Running man VIỆT NAM,VIDEO,UNKNOWN,UNVERIFIED,EPISODE,INFERRED,NEEDS_REVIEW,NEEDS_REVIEW,2019-06-19T16:39:41.000Z,327,241,,,available,5FdSgMJjlO0HleCys,https://www.youtube.com/watch?v=a5v6S8ADOE4
youtube,P1w9x7KirNg,https://www.youtube.com/watch?v=P1w9x7KirNg,RMVN,RMVN_S1,CHẠY ĐI CHỜ CHI TẬP 4 FULL ! PArt 1,VIDEO,UNKNOWN,UNVERIFIED,EPISODE,INFERRED,NEEDS_REVIEW,NEEDS_REVIEW,2019-04-27T20:50:50.000Z,2218,6862,,,available,5FdSgMJjlO0HleCys,https://www.youtube.com/watch?v=P1w9x7KirNg
youtube,GayW8mhNg-0,https://www.youtube.com/watch?v=GayW8mhNg-0,RMVN,RMVN_S1,Chạy Đi Chờ Chi Tập 11 Full Trailer - Cuộc Chiến Học Đường Kết Thúc,VIDEO,TEASER_PREVIEW,UNVERIFIED,EPISODE,INFERRED,NEEDS_REVIEW,NEEDS_REVIEW,2019-06-20T06:47:29.000Z,61,317,,,available,5FdSgMJjlO0HleCys,https://www.youtube.com/watch?v=GayW8mhNg-0
youtube,SJGAFjcWdOk,https://www.youtube.com/watch?v=SJGAFjcWdOk,RMVN,RMVN_S1,Chạy Đi Chờ Chi  tập 12 Trailer -  ngô kiến huy bị zí,VIDEO,TEASER_PREVIEW,UNVERIFIED,EPISODE,INFERRED,NEEDS_REVIEW,NEEDS_REVIEW,2019-06-28T07:30:54.000Z,62,99,,,available,5FdSgMJjlO0HleCys,https://www.youtube.com/watch?v=SJGAFjcWdOk
youtube,cDEVO3tmiHM,https://www.youtube.com/watch?v=cDEVO3tmiHM,RMVN,RMVN_S1,[TEASER] ĐÔNG NHI & SONG LUÂN - TRONG 'CHẠY ĐI CHỜ CHI' TẬP 13,VIDEO,TEASER_PREVIEW,UNVERIFIED,EPISODE,INFERRED,NEEDS_REVIEW,NEEDS_REVIEW,2019-07-09T13:05:33.000Z,199,1299,,,available,5FdSgMJjlO0HleCys,https://www.youtube.com/watch?v=cDEVO3tmiHM
youtube,O7r6MNRLFGw,https://www.youtube.com/watch?v=O7r6MNRLFGw,RMVN,RMVN_S1,Chạy Đi chờ chi Tập 10 full,VIDEO,UNKNOWN,UNVERIFIED,EPISODE,INFERRED,NEEDS_REVIEW,NEEDS_REVIEW,2019-06-20T02:43:53.000Z,46,96,,,available,5FdSgMJjlO0HleCys,https://www.youtube.com/watch?v=O7r6MNRLFGw
youtube,BlP5aCE63RQ,https://www.youtube.com/watch?v=BlP5aCE63RQ,RMVN,RMVN_S1,Chạy Đi Chờ Chi Tập 6 Hài Đau Ruột,VIDEO,UNKNOWN,UNVERIFIED,EPISODE,INFERRED,NEEDS_REVIEW,NEEDS_REVIEW,2019-05-04T18:37:19.000Z,844,8222,,,available,5FdSgMJjlO0HleCys,https://www.youtube.com/watch?v=BlP5aCE63RQ
youtube,umr_IybeWls,https://www.youtube.com/watch?v=umr_IybeWls,RMVN,RMVN_S1,Chạy đi chờ chi - tập 11 full / cuộc chiến của các nhóm.,VIDEO,UNKNOWN,UNVERIFIED,EPISODE,INFERRED,NEEDS_REVIEW,NEEDS_REVIEW,2019-06-28T07:50:20.000Z,1220,66,,,available,5FdSgMJjlO0HleCys,https://www.youtube.com/watch?v=umr_IybeWls
youtube,le05nIY6GUk,https://www.youtube.com/watch?v=le05nIY6GUk,RMVN,RMVN_S1,Chạy đi Chờ Chi Tập 5 Full trailer và hậu trường !!,VIDEO,TEASER_PREVIEW,UNVERIFIED,EPISODE,INFERRED,NEEDS_REVIEW,NEEDS_REVIEW,2019-05-05T20:41:03.000Z,181,1540,,,available,5FdSgMJjlO0HleCys,https://www.youtube.com/watch?v=le05nIY6GUk
youtube,6-FLZBWEM6M,https://www.youtube.com/watch?v=6-FLZBWEM6M,RMVN,RMVN_S1,"Chạy Đi Chờ Chi tập 8 Trailler -  Được ăn cả, ngã là về ""0""",VIDEO,UNKNOWN,UNVERIFIED,EPISODE,INFERRED,NEEDS_REVIEW,NEEDS_REVIEW,2019-05-31T02:26:51.000Z,87,136,,,available,5FdSgMJjlO0HleCys,https://www.youtube.com/watch?v=6-FLZBWEM6M
youtube,Aqb165egTCw,https://www.youtube.com/watch?v=Aqb165egTCw,RMVN,RMVN_S1,"Chạy Đi Chờ Chi - Tập 14 Full | Ninh Dương Lan Ngoc, Jun Phạm Tiết Lộ  Sinh Nhật Bắp.",VIDEO,UNKNOWN,UNVERIFIED,EPISODE,INFERRED,NEEDS_REVIEW,NEEDS_REVIEW,2019-07-13T13:49:02.000Z,4690,344,,,available,5FdSgMJjlO0HleCys,https://www.youtube.com/watch?v=Aqb165egTCw
youtube,gV4OpABShfs,https://www.youtube.com/watch?v=gV4OpABShfs,RMVN,RMVN_S1,"Chạy Đi Chờ Chi tập 14 cùng Đông Nhi,Song Luân thử thách đầy cam ro",VIDEO,CAST_CONTENT,UNVERIFIED,EPISODE,INFERRED,NEEDS_REVIEW,NEEDS_REVIEW,2019-07-09T12:21:56.000Z,98,1048,,,available,5FdSgMJjlO0HleCys,https://www.youtube.com/watch?v=gV4OpABShfs
youtube,3eGanhBJ3BI,https://www.youtube.com/watch?v=3eGanhBJ3BI,RMVN,RMVN_S1,CHẠY ĐI CHỜ CHI - TẬP 11 - NINH DƯƠNG LAN NGỌC,VIDEO,UNKNOWN,UNVERIFIED,EPISODE,INFERRED,NEEDS_REVIEW,NEEDS_REVIEW,2020-09-04T02:17:07.000Z,547,74,,,available,5FdSgMJjlO0HleCys,https://www.youtube.com/watch?v=3eGanhBJ3BI
youtube,jIpx3W0isL0,https://www.youtube.com/watch?v=jIpx3W0isL0,RMVN,RMVN_S1,"Chạy Đi Chờ Chi - Tập 5 - ""DỜI LỊCH PHÁT SÓNG"" thứ 7 tuần này ngày 11-5",VIDEO,UNKNOWN,UNVERIFIED,EPISODE,INFERRED,NEEDS_REVIEW,NEEDS_REVIEW,2019-05-10T16:28:02.000Z,120,223,,,available,5FdSgMJjlO0HleCys,https://www.youtube.com/watch?v=jIpx3W0isL0
youtube,ULA4foakRwo,https://www.youtube.com/watch?v=ULA4foakRwo,RMVN,RMVN_S1,"Chạy Đi Chờ Chi  Tập 10  Tiết học TOÁN khó nhằn, đội nào chiến thắng   Running man Việt Nam   Video",VIDEO,UNKNOWN,UNVERIFIED,EPISODE,INFERRED,NEEDS_REVIEW,NEEDS_REVIEW,2019-06-18T14:40:51.000Z,1291,6,,,available,5FdSgMJjlO0HleCys,https://www.youtube.com/watch?v=ULA4foakRwo
youtube,eJSG3dbr-EQ,https://www.youtube.com/watch?v=eJSG3dbr-EQ,RMVN,RMVN_S1,Chạy Đi Chờ Chi Tập 8 Full Trailler - Cuộc Chiến 7 Người 1 Chiến Thắng Sẽ Như Thế Nào?,VIDEO,UNKNOWN,UNVERIFIED,EPISODE,INFERRED,NEEDS_REVIEW,NEEDS_REVIEW,2019-05-31T02:08:14.000Z,37,91,,,available,5FdSgMJjlO0HleCys,https://www.youtube.com/watch?v=eJSG3dbr-EQ
youtube,A0f7fGH-N40,https://www.youtube.com/watch?v=A0f7fGH-N40,RMVN,RMVN_S1,HẬU TRƯỜNG CHẠY ĐI CHỜ CHI TẬP 13 | LAN NGỌC & NGÔ KIẾN HUY TRỜI SINH 1 CẶP,VIDEO,BEHIND_THE_SCENES,UNVERIFIED,EPISODE,INFERRED,NEEDS_REVIEW,NEEDS_REVIEW,2019-07-03T14:49:27.000Z,54,4753,,,available,5FdSgMJjlO0HleCys,https://www.youtube.com/watch?v=A0f7fGH-N40
youtube,nu2SrNQ6DQk,https://www.youtube.com/watch?v=nu2SrNQ6DQk,RMVN,RMVN_S1,"CHẠY ĐI CHỜ CHI - TẬP 7 FULL | ""Lật mặt"" kẻ phản bội không ngờ | CDCC #7 | 25/5/2019",VIDEO,UNKNOWN,UNVERIFIED,EPISODE,INFERRED,NEEDS_REVIEW,NEEDS_REVIEW,2019-05-25T15:51:51.000Z,30,88,,,available,5FdSgMJjlO0HleCys,https://www.youtube.com/watch?v=nu2SrNQ6DQk
youtube,MXp7IaLIVjw,https://www.youtube.com/watch?v=MXp7IaLIVjw,RMVN,RMVN_S1,"Chạy Đi Chờ Chi | TẬP 5 FULL HD| Lan Ngọc, Lâm Vỹ Dạ đảm đang đi chợ tại siêu thị rủng rỉnh",VIDEO,UNKNOWN,UNVERIFIED,EPISODE,INFERRED,NEEDS_REVIEW,NEEDS_REVIEW,2019-05-11T16:09:25.000Z,207,2710,,,available,5FdSgMJjlO0HleCys,https://www.youtube.com/watch?v=MXp7IaLIVjw
youtube,C3qs0Smiyc4,https://www.youtube.com/watch?v=C3qs0Smiyc4,RMVN,RMVN_S1,CHẠY ĐI CHỜ CHI | Teaser tập 9: Người ấy là ai?,VIDEO,TEASER_PREVIEW,PRIMARY_BROADCASTER,EPISODE,OFFICIAL_PLAYLIST_COLLECTION,ACCEPTED,ACCEPTED,2019-06-05T15:26:29.000Z,46,125188,,,available,5FdSgMJjlO0HleCys,https://www.youtube.com/watch?v=C3qs0Smiyc4
youtube,-Hd7uzyjoXY,https://www.youtube.com/watch?v=-Hd7uzyjoXY,RMVN,RMVN_S1,Chạy đi chờ chi tập 15| Truơng Thế Vinh cướp xe - Bí Kíp Chiến Thắng Running Man,VIDEO,UNKNOWN,UNVERIFIED,EPISODE,INFERRED,NEEDS_REVIEW,NEEDS_REVIEW,2019-07-24T10:33:30.000Z,20,83,,,available,5FdSgMJjlO0HleCys,https://www.youtube.com/watch?v=-Hd7uzyjoXY
youtube,T_CkWEs9jVg,https://www.youtube.com/watch?v=T_CkWEs9jVg,RMVN,RMVN_S1,CHẠY ĐI CHỜ CHI - TẬP 11 FULL |Tiết Văn Ngôn Ngữ Hình Thể - LAN NGỌC HÓA THÂN AVATA SIÊU HÀI,VIDEO,UNKNOWN,UNVERIFIED,EPISODE,INFERRED,NEEDS_REVIEW,NEEDS_REVIEW,2019-06-22T19:25:24.000Z,299,109,,,available,5FdSgMJjlO0HleCys,https://www.youtube.com/watch?v=T_CkWEs9jVg
youtube,tbgAXH19OUQ,https://www.youtube.com/watch?v=tbgAXH19OUQ,RMVN,RMVN_S1,Chạy Đi Chờ Chi  Tập 16 FULL Trấn Thành có là người chiến thắng cuối cùng   Running Man Việt Nam,VIDEO,UNKNOWN,UNVERIFIED,EPISODE,INFERRED,NEEDS_REVIEW,NEEDS_REVIEW,2019-07-23T16:58:32.000Z,118,2683,,,available,5FdSgMJjlO0HleCys,https://www.youtube.com/watch?v=tbgAXH19OUQ
youtube,Rg0NKPVgr20,https://www.youtube.com/watch?v=Rg0NKPVgr20,RMVN,RMVN_S1,Chạy Đi Chờ Chi Tập 8 Full -ở lại zombie giết CS GO - Zombie Escape Mod,VIDEO,UNKNOWN,UNVERIFIED,EPISODE,INFERRED,NEEDS_REVIEW,NEEDS_REVIEW,2019-05-30T07:47:01.000Z,691,177,,,available,5FdSgMJjlO0HleCys,https://www.youtube.com/watch?v=Rg0NKPVgr20
youtube,f56GvK-0fDY,https://www.youtube.com/watch?v=f56GvK-0fDY,RMVN,RMVN_S1,Khoảnh khắc bá đạo của Chạy đi chờ chi tập 10,VIDEO,HIGHLIGHT,UNVERIFIED,EPISODE,INFERRED,NEEDS_REVIEW,NEEDS_REVIEW,2019-06-16T11:36:24.000Z,112,50,,,available,5FdSgMJjlO0HleCys,https://www.youtube.com/watch?v=f56GvK-0fDY
youtube,6pqkh6vsO_c,https://www.youtube.com/watch?v=6pqkh6vsO_c,RMVN,RMVN_S1,"CHẠY ĐI CHỜ CHI tập 2|Running Man việt nam: Nam Thư giật tóc Lan Ngọc, ai sẽ thắng",VIDEO,UNKNOWN,UNVERIFIED,EPISODE,INFERRED,NEEDS_REVIEW,NEEDS_REVIEW,2019-04-13T13:48:53.000Z,616,268,,,available,5FdSgMJjlO0HleCys,https://www.youtube.com/watch?v=6pqkh6vsO_c
youtube,8pLICXJPc3Y,https://www.youtube.com/watch?v=8pLICXJPc3Y,RMVN,RMVN_S1,"Chạy Đi Chờ Chi Tập 9 - Lan Ngọc Bị Trấn Thành Đạp, Bản Việt Bị Nhận Xét Bạo Lực",VIDEO,UNKNOWN,UNVERIFIED,EPISODE,INFERRED,NEEDS_REVIEW,NEEDS_REVIEW,2019-06-06T04:36:21.000Z,270,1938,,,available,5FdSgMJjlO0HleCys,https://www.youtube.com/watch?v=8pLICXJPc3Y
youtube,vspeU64hf4c,https://www.youtube.com/watch?v=vspeU64hf4c,RMVN,RMVN_S1,Chạy đi chờ chi tập 15 |  Jun chơi xấu Bé Mèo Lan Ngọc - Lừa lọc nhau à :)),VIDEO,UNKNOWN,UNVERIFIED,EPISODE,INFERRED,NEEDS_REVIEW,NEEDS_REVIEW,2019-07-24T10:22:08.000Z,21,69,,,available,5FdSgMJjlO0HleCys,https://www.youtube.com/watch?v=vspeU64hf4c
youtube,q3VlPx_InM4,https://www.youtube.com/watch?v=q3VlPx_InM4,RMVN,RMVN_S1,"Chạy Đi Chờ Chi  Tập 13 FULL  Cặp song sinh Trấn Thành, Tóc Tiên hợp lực trong cuộc đua dân gian",VIDEO,UNKNOWN,UNVERIFIED,EPISODE,INFERRED,NEEDS_REVIEW,NEEDS_REVIEW,2019-07-07T18:50:38.000Z,4432,3,,,available,5FdSgMJjlO0HleCys,https://www.youtube.com/watch?v=q3VlPx_InM4
youtube,my2pqr6nB0M,https://www.youtube.com/watch?v=my2pqr6nB0M,RMVN,RMVN_S1,Rungning Man Việt Nam - Chạy Đi Chờ Chi Tập 1 (cut) #RM #VN #CDCC,VIDEO,UNKNOWN,UNVERIFIED,EPISODE,INFERRED,NEEDS_REVIEW,NEEDS_REVIEW,2019-04-13T07:50:19.000Z,51,80,,,available,5FdSgMJjlO0HleCys,https://www.youtube.com/watch?v=my2pqr6nB0M
youtube,MMuVJVCk8aE,https://www.youtube.com/watch?v=MMuVJVCk8aE,RMVN,RMVN_S1,CHẠY ĐI CHỜ CHI - TẬP 10 Tại Trường Quốc Tế Bắc Mỹ SNA,VIDEO,UNKNOWN,UNVERIFIED,EPISODE,INFERRED,NEEDS_REVIEW,NEEDS_REVIEW,2019-06-15T15:08:54.000Z,2076,678,,,available,5FdSgMJjlO0HleCys,https://www.youtube.com/watch?v=MMuVJVCk8aE
youtube,lK-g_wRRv2o,https://www.youtube.com/watch?v=lK-g_wRRv2o,RMVN,RMVN_S1,"Chạy Đi Chờ Chi | ""Lên đồ"" sang chảnh không ai bằng dàn cast Chạy Đi Chờ Chi",VIDEO,UNKNOWN,OFFICIAL_SHOW_CHANNEL,SEASON,OFFICIAL_PLAYLIST_COLLECTION,NEEDS_REVIEW,NEEDS_REVIEW,2019-04-06T02:55:00.000Z,89,86241,,,available,5FdSgMJjlO0HleCys,https://www.youtube.com/watch?v=lK-g_wRRv2o
youtube,p5MSsEPGY9g,https://www.youtube.com/watch?v=p5MSsEPGY9g,RMVN,RMVN_S1,"RUN MOMENTS #7: CƯỜI NỘI THƯƠNG với các game dưới nước, Trấn Thành - Anh Tú Atus ""NGƯỢNG CHÍN MẶT""",VIDEO,UNKNOWN,OFFICIAL_SHOW_CHANNEL,SEASON,OFFICIAL_PLAYLIST_COLLECTION,NEEDS_REVIEW,NEEDS_REVIEW,2026-02-10T12:00:00.000Z,4407,357652,,,available,5FdSgMJjlO0HleCys,https://www.youtube.com/watch?v=p5MSsEPGY9g
youtube,eM6Gy8i_jmc,https://www.youtube.com/watch?v=eM6Gy8i_jmc,RMVN,RMVN_S1,Chạy Đi Chờ Chi tập 10(xem muốn vỡ bụng ) Các Thanh Niên Yếu Đuối,VIDEO,UNKNOWN,UNVERIFIED,EPISODE,INFERRED,NEEDS_REVIEW,NEEDS_REVIEW,2019-05-01T22:48:45.000Z,820,797,,,available,5FdSgMJjlO0HleCys,https://www.youtube.com/watch?v=eM6Gy8i_jmc
youtube,d4TrLIuxgTk,https://www.youtube.com/watch?v=d4TrLIuxgTk,RMVN,RMVN_S1,Chạy đi chờ chi tập 14 Đông Nhi khẳng định Trấn Thành chơi dơ nhất,VIDEO,UNKNOWN,UNVERIFIED,EPISODE,INFERRED,NEEDS_REVIEW,NEEDS_REVIEW,2019-07-09T13:09:45.000Z,27,1339,,,available,5FdSgMJjlO0HleCys,https://www.youtube.com/watch?v=d4TrLIuxgTk
youtube,ZD90SxLvTl8,https://www.youtube.com/watch?v=ZD90SxLvTl8,RMVN,RMVN_S1,"RUNCUT #13: Út Tuấn, Năm Phát Á KHẨU, Tám Trung GHI ĐIỂM TUYỆT ĐỐI trước thử thách Tiếng Anh | RM3",VIDEO,CAST_CONTENT,OFFICIAL_SHOW_CHANNEL,SEASON,OFFICIAL_PLAYLIST_COLLECTION,ACCEPTED,ACCEPTED,2025-10-20T03:53:49.000Z,1103,2306537,,,available,5FdSgMJjlO0HleCys,https://www.youtube.com/watch?v=ZD90SxLvTl8
youtube,YWtC4G1JAgA,https://www.youtube.com/watch?v=YWtC4G1JAgA,RMVN,RMVN_S1,Đây là lần đầu tiên 7 thành viên đoàn kết như MỘT | CHẠY ĐI CHỜ CHI | CDCC #7 | 25/5/2019,VIDEO,UNKNOWN,PRIMARY_BROADCASTER,SEASON,OFFICIAL_PLAYLIST_COLLECTION,NEEDS_REVIEW,NEEDS_REVIEW,2019-05-27T13:00:07.000Z,795,3842389,,,available,5FdSgMJjlO0HleCys,https://www.youtube.com/watch?v=YWtC4G1JAgA
youtube,nD70yPpVEXU,https://www.youtube.com/watch?v=nD70yPpVEXU,RMVN,RMVN_S1,Chạy đi chờ chi tập 9 | Ngô Kiến Huy số nhọ liên luỵ cả Hari Won,VIDEO,UNKNOWN,UNVERIFIED,EPISODE,INFERRED,NEEDS_REVIEW,NEEDS_REVIEW,2019-09-12T07:52:19.000Z,242,102,,,available,5FdSgMJjlO0HleCys,https://www.youtube.com/watch?v=nD70yPpVEXU
youtube,EKy9R11Zt8I,https://www.youtube.com/watch?v=EKy9R11Zt8I,RMVN,RMVN_S1,"RUNCUT #49: Út Quân trót dại tin lầm người, bé Bỉnh TÂM PHỤC KHẨU PHỤC Ngọc Nữ vì độ chịu chơi | RM3",VIDEO,UNKNOWN,OFFICIAL_SHOW_CHANNEL,SEASON,OFFICIAL_PLAYLIST_COLLECTION,NEEDS_REVIEW,NEEDS_REVIEW,2025-12-15T13:26:38.000Z,1295,283216,,,available,5FdSgMJjlO0HleCys,https://www.youtube.com/watch?v=EKy9R11Zt8I
youtube,AoHvudkCKu8,https://www.youtube.com/watch?v=AoHvudkCKu8,RMVN,RMVN_S1,"Trường Giang cười điên Lan Ngọc líu lưỡi nói tiếng Hàn, bị vòi rồng hành lên hành xuống sặc nước",VIDEO,UNKNOWN,UNVERIFIED,SEASON,INFERRED,NEEDS_REVIEW,NEEDS_REVIEW,2021-11-10T04:28:54.000Z,1429,2941587,,,available,5FdSgMJjlO0HleCys,https://www.youtube.com/watch?v=AoHvudkCKu8
youtube,Q0YqIUCybz4,https://www.youtube.com/watch?v=Q0YqIUCybz4,RMVN,RMVN_S1,"RUNCUT #19: ""TRẮNG BÓC À ANH ƠI"", ""bò biển"" Trấn Thành THÁCH THỨC KINH NGƯ Ánh Viên và cái kết | RM3",VIDEO,UNKNOWN,OFFICIAL_SHOW_CHANNEL,SEASON,OFFICIAL_PLAYLIST_COLLECTION,NEEDS_REVIEW,NEEDS_REVIEW,2025-10-28T10:46:56.000Z,228,101940,,,available,5FdSgMJjlO0HleCys,https://www.youtube.com/watch?v=Q0YqIUCybz4
youtube,QyVTnBCRs1Y,https://www.youtube.com/watch?v=QyVTnBCRs1Y,RMVN,RMVN_S1,"Running Man Vietnam Chơi Là Chạy - Tập 2 | Jun Phạm tạo kì tích, Đức Phúc bầm dập vì thảm mát xa",VIDEO,UNKNOWN,OFFICIAL_SHOW_CHANNEL,EPISODE,OFFICIAL_PLAYLIST_COLLECTION,NEEDS_REVIEW,NEEDS_REVIEW,2021-10-12T03:09:53.000Z,4538,4408677,,,available,5FdSgMJjlO0HleCys,https://www.youtube.com/watch?v=QyVTnBCRs1Y
youtube,ebqd7dcHcxA,https://www.youtube.com/watch?v=ebqd7dcHcxA,RMVN,RMVN_S1,"RUNCUT #50: Quang Tuấn đặt niềm tin sai người, Bùi Công Nam có cố gắng nhưng không đáng kể | RM3",VIDEO,UNKNOWN,OFFICIAL_SHOW_CHANNEL,SEASON,OFFICIAL_PLAYLIST_COLLECTION,NEEDS_REVIEW,NEEDS_REVIEW,2025-12-16T13:36:24.000Z,2043,157063,,,available,5FdSgMJjlO0HleCys,https://www.youtube.com/watch?v=ebqd7dcHcxA
youtube,UaUKKHJnbzs,https://www.youtube.com/watch?v=UaUKKHJnbzs,RMVN,RMVN_S1,"RUNCUT #58: Công chúa bị Huỳnh Lập ""PHONG ẤN"", lộ diện KHẮC TINH MỚI của ""BÒ BIỂN"" - Uyển Ân | RM3",VIDEO,UNKNOWN,OFFICIAL_SHOW_CHANNEL,SEASON,OFFICIAL_PLAYLIST_COLLECTION,NEEDS_REVIEW,NEEDS_REVIEW,2025-12-29T14:06:24.000Z,1860,328000,,,available,5FdSgMJjlO0HleCys,https://www.youtube.com/watch?v=UaUKKHJnbzs
youtube,qzC5XiVb4tA,https://www.youtube.com/watch?v=qzC5XiVb4tA,RMVN,RMVN_S1,"RM2026 | Thần Cún Anh Tú Atus ""SÂN SI"", Thần Mèo Quân A.P ""RỐI LOẠN NGÔN TỪ"" trong CHÚA TỂ THỜI GIAN",VIDEO,UNKNOWN,PRIMARY_PRODUCER,SEASON,OFFICIAL_PLAYLIST_COLLECTION,NEEDS_REVIEW,NEEDS_REVIEW,2026-07-14T04:15:16.000Z,100,78216,,,available,5FdSgMJjlO0HleCys,https://www.youtube.com/watch?v=qzC5XiVb4tA
youtube,gSrszHYPjI8,https://www.youtube.com/watch?v=gSrszHYPjI8,RMVN,RMVN_S1,"RUNNING RAW #4: Thương Hai Thành vẫn ""TIN TƯỞNG"" Sáu Tút,  Tư Ngọc định ""HÙA"" theo xé Hai | RMVN2026",VIDEO,UNKNOWN,OFFICIAL_SHOW_CHANNEL,SEASON,OFFICIAL_PLAYLIST_COLLECTION,NEEDS_REVIEW,NEEDS_REVIEW,2026-08-06T10:00:38.000Z,884,233060,,,available,5FdSgMJjlO0HleCys,https://www.youtube.com/watch?v=gSrszHYPjI8
youtube,wqjGv_jWLtI,https://www.youtube.com/watch?v=wqjGv_jWLtI,RMVN,RMVN_S1,"RUNCUT #38: Lan Ngọc mở hội “GIẶT GIŨ”, ra sức dụ dỗ hoàng tử Atus nhưng BẤT THÀNH | RM3",VIDEO,UNKNOWN,OFFICIAL_SHOW_CHANNEL,SEASON,OFFICIAL_PLAYLIST_COLLECTION,NEEDS_REVIEW,NEEDS_REVIEW,2025-11-24T08:09:13.000Z,1850,336325,,,available,5FdSgMJjlO0HleCys,https://www.youtube.com/watch?v=wqjGv_jWLtI
youtube,Yj8BPShct2Y,https://www.youtube.com/watch?v=Yj8BPShct2Y,RMVN,RMVN_S1,RUNNING MAN VIETNAM 2026 - CHẠY NGAY ĐI | TẬP 03: Lò Đào Tạo Thủ Lĩnh,VIDEO,UNKNOWN,OFFICIAL_SHOW_CHANNEL,EPISODE,OFFICIAL_PLAYLIST_COLLECTION,NEEDS_REVIEW,NEEDS_REVIEW,2026-08-07T14:29:06.000Z,7323,6813271,,,available,5FdSgMJjlO0HleCys,https://www.youtube.com/watch?v=Yj8BPShct2Y
youtube,kXcUk83DBz8,https://www.youtube.com/watch?v=kXcUk83DBz8,RMVN,RMVN_S1,Chạy đi chờ chi tập 12 Full HD (hậu trường tập 12),VIDEO,BEHIND_THE_SCENES,UNVERIFIED,EPISODE,INFERRED,NEEDS_REVIEW,NEEDS_REVIEW,2019-06-23T13:09:50.000Z,496,818,,,available,5FdSgMJjlO0HleCys,https://www.youtube.com/watch?v=kXcUk83DBz8
youtube,IJjbk9oTVno,https://www.youtube.com/watch?v=IJjbk9oTVno,RMVN,RMVN_S1,"Chạy Đi Chờ Chi Tập 3 FULL Trấn Thành,Ưng Hoàng Phúc mệt lả cuộc đua đĩa nhạc   Running Man ViệtNam",VIDEO,UNKNOWN,UNVERIFIED,EPISODE,INFERRED,NEEDS_REVIEW,NEEDS_REVIEW,2019-06-27T06:20:27.000Z,4298,48,,,available,5FdSgMJjlO0HleCys,https://www.youtube.com/watch?v=IJjbk9oTVno
youtube,FZFsIw3nTiU,https://www.youtube.com/watch?v=FZFsIw3nTiU,RMVN,RMVN_S1,"RM+ #:3 Cười xỉu trước thử thách ĐOÁN TỪ KHÔNG DẤU, lộ diện VUA TRÒ CHƠI | RM3",VIDEO,CAST_CONTENT,PRIMARY_PRODUCER,SEASON,OFFICIAL_PLAYLIST_COLLECTION,ACCEPTED,ACCEPTED,2025-12-09T11:30:13.000Z,1096,680022,,,available,5FdSgMJjlO0HleCys,https://www.youtube.com/watch?v=FZFsIw3nTiU
youtube,BP46nEogy8o,https://www.youtube.com/watch?v=BP46nEogy8o,RMVN,RMVN_S1,Chạy đi chờ chi tập 9 | Trấn Thành tát Hariwon không trượt phát Nào,VIDEO,UNKNOWN,UNVERIFIED,EPISODE,INFERRED,NEEDS_REVIEW,NEEDS_REVIEW,2019-06-09T07:16:28.000Z,29,366,,,available,5FdSgMJjlO0HleCys,https://www.youtube.com/watch?v=BP46nEogy8o
youtube,M1n9_EHCQ_Y,https://www.youtube.com/watch?v=M1n9_EHCQ_Y,RMVN,RMVN_S1,"RUNCUT #16: Atus, Diệu Nhi ""vờn nhau"" bùng nổ truyền thông trong Cùng em băng qua đại dương | RM3",VIDEO,UNKNOWN,OFFICIAL_SHOW_CHANNEL,SEASON,OFFICIAL_PLAYLIST_COLLECTION,NEEDS_REVIEW,NEEDS_REVIEW,2025-10-27T14:04:10.000Z,1409,1198744,,,available,5FdSgMJjlO0HleCys,https://www.youtube.com/watch?v=M1n9_EHCQ_Y
youtube,t9t1v-MQS4A,https://www.youtube.com/watch?v=t9t1v-MQS4A,RMVN,RMVN_S1,"RUNCUT #53: Ùi Uôi TRUYỀN THÔNG BẨN bài hát mới, cậu ba nhảy bất chấp để THỔI TẮT NẾN bằng EO | RM3",VIDEO,UNKNOWN,OFFICIAL_SHOW_CHANNEL,SEASON,OFFICIAL_PLAYLIST_COLLECTION,NEEDS_REVIEW,NEEDS_REVIEW,2025-12-23T14:25:54.000Z,1943,302124,,,available,5FdSgMJjlO0HleCys,https://www.youtube.com/watch?v=t9t1v-MQS4A
youtube,lpqMz0pCbzU,https://www.youtube.com/watch?v=lpqMz0pCbzU,RMVN,RMVN_S1,"RUNCUT #82: Trấn Thành - Lan Ngọc ăn cơm CHAN NƯỚC MẮT, Quang Trung giải quyết ""TƯ THÙ"" cá nhân",VIDEO,UNKNOWN,OFFICIAL_SHOW_CHANNEL,SEASON,OFFICIAL_PLAYLIST_COLLECTION,NEEDS_REVIEW,NEEDS_REVIEW,2026-01-19T05:45:00.000Z,1467,147832,,,available,5FdSgMJjlO0HleCys,https://www.youtube.com/watch?v=lpqMz0pCbzU
youtube,_wmjvnRDBIM,https://www.youtube.com/watch?v=_wmjvnRDBIM,RMVN,RMVN_S1,Chạy đi chờ chi tập 9 | cuộc đấu khốc liệt của các cô gái trong chạy đí chờ chi.,VIDEO,UNKNOWN,UNVERIFIED,EPISODE,INFERRED,NEEDS_REVIEW,NEEDS_REVIEW,2019-09-12T07:46:06.000Z,223,66,,,available,5FdSgMJjlO0HleCys,https://www.youtube.com/watch?v=_wmjvnRDBIM
youtube,0JOYSaGVJ90,https://www.youtube.com/watch?v=0JOYSaGVJ90,RMVN,RMVN_S1,"RUNCUT #47: Neko Lê LIÊN TỤC DÍNH BẪY, Trấn Thành hết ga hết số trước thử thách ❌ THỬ TẠI NHÀ | RM3",VIDEO,CAST_CONTENT,OFFICIAL_SHOW_CHANNEL,SEASON,OFFICIAL_PLAYLIST_COLLECTION,ACCEPTED,ACCEPTED,2025-12-15T10:29:08.000Z,1617,150468,,,available,5FdSgMJjlO0HleCys,https://www.youtube.com/watch?v=0JOYSaGVJ90
youtube,SPE8WrdkWv4,https://www.youtube.com/watch?v=SPE8WrdkWv4,RMVN,RMVN_S1,"RUNCUT #22: Song Nhi, Lan Ngọc ""xanh mặt"", Hậu Hoàng đánh lạc hướng não bộ để chiến thắng | RM3",VIDEO,UNKNOWN,OFFICIAL_SHOW_CHANNEL,SEASON,OFFICIAL_PLAYLIST_COLLECTION,NEEDS_REVIEW,NEEDS_REVIEW,2025-10-28T13:56:27.000Z,1920,685440,,,available,5FdSgMJjlO0HleCys,https://www.youtube.com/watch?v=SPE8WrdkWv4
youtube,GTBHKzIkQk8,https://www.youtube.com/watch?v=GTBHKzIkQk8,RMVN,RMVN_S1,"RUNNING RAW #2: Út Tuấn CHẾCH LẶNG vì Mẹ ""chơi kì"", Sáu Tút chứng nhận LIÊM trong tập này | RMVN2026",VIDEO,UNKNOWN,OFFICIAL_SHOW_CHANNEL,SEASON,OFFICIAL_PLAYLIST_COLLECTION,NEEDS_REVIEW,NEEDS_REVIEW,2026-07-29T10:00:36.000Z,858,211990,,,available,5FdSgMJjlO0HleCys,https://www.youtube.com/watch?v=GTBHKzIkQk8
youtube,ZnXuXi9zXFQ,https://www.youtube.com/watch?v=ZnXuXi9zXFQ,RMVN,RMVN_S1,"Running Man Vietnam Chơi Là Chạy - Tập 1 | Thúy Ngân ""xé bay"" Lan Ngọc, ""đè"" Liên Bỉnh Phát 1 đấu 1",VIDEO,UNKNOWN,OFFICIAL_SHOW_CHANNEL,EPISODE,OFFICIAL_PLAYLIST_COLLECTION,NEEDS_REVIEW,NEEDS_REVIEW,2021-09-20T11:44:38.000Z,4660,10134414,,,available,5FdSgMJjlO0HleCys,https://www.youtube.com/watch?v=ZnXuXi9zXFQ
youtube,Bbooo-jFs-U,https://www.youtube.com/watch?v=Bbooo-jFs-U&list=PLG7CUxrpEOnfzfuMy-SQsENMcthLsO_v-&index=10,RMVN,RMVN_S2,"Teaser tập 13: Cuộc đua cặp đôi đã trở lại, hãy đoán xem cặp đôi nào chiến thắng Running Man Vietnam",VIDEO,TEASER_PREVIEW,OFFICIAL_SHOW_CHANNEL,EPISODE,OFFICIAL_PLAYLIST_COLLECTION,ACCEPTED,ACCEPTED,2021-12-11T04:10:30.000Z,70,778451,,,available,9TfG2Ia9jXssoJSJt,https://www.youtube.com/watch?v=Bbooo-jFs-U&list=PLG7CUxrpEOnfzfuMy-SQsENMcthLsO_v-&index=10
youtube,-BKTwSVrYX8,https://www.youtube.com/watch?v=-BKTwSVrYX8&list=PLG7CUxrpEOnfzfuMy-SQsENMcthLsO_v-&index=12,RMVN,RMVN_S2,"Teaser tập 12: Trận chiến khốc liệt lại bắt đầu, liệu có bất ngờ nào xảy ra? | Running Man Vietnam",VIDEO,TEASER_PREVIEW,OFFICIAL_SHOW_CHANNEL,EPISODE,OFFICIAL_PLAYLIST_COLLECTION,ACCEPTED,ACCEPTED,2021-12-04T04:00:01.000Z,81,695386,,,available,9TfG2Ia9jXssoJSJt,https://www.youtube.com/watch?v=-BKTwSVrYX8&list=PLG7CUxrpEOnfzfuMy-SQsENMcthLsO_v-&index=12
youtube,6qOYG_3WADU,https://www.youtube.com/watch?v=6qOYG_3WADU&list=PLG7CUxrpEOnfzfuMy-SQsENMcthLsO_v-&index=8,RMVN,RMVN_S2,"Teaser tập 14: Jun Phạm sợ hãi với thử thách mới, cặp đôi nào sẽ chiến thắng? | RUNNING MAN VIETNAM",VIDEO,TEASER_PREVIEW,OFFICIAL_SHOW_CHANNEL,EPISODE,OFFICIAL_PLAYLIST_COLLECTION,ACCEPTED,ACCEPTED,2021-12-18T04:00:01.000Z,71,728638,,,available,9TfG2Ia9jXssoJSJt,https://www.youtube.com/watch?v=6qOYG_3WADU&list=PLG7CUxrpEOnfzfuMy-SQsENMcthLsO_v-&index=8
youtube,kE52i0rmYqY,https://www.youtube.com/watch?v=kE52i0rmYqY&list=PLG7CUxrpEOnfzfuMy-SQsENMcthLsO_v-&index=24,RMVN,RMVN_S2,Teaser Tập 7: Ngân chạy đi Ngân! Trương Thế Vinh có phá được vòng vây? | Running Man Vietnam,VIDEO,TEASER_PREVIEW,OFFICIAL_SHOW_CHANNEL,EPISODE,OFFICIAL_PLAYLIST_COLLECTION,ACCEPTED,ACCEPTED,2021-10-30T04:00:28.000Z,72,707984,,,available,9TfG2Ia9jXssoJSJt,https://www.youtube.com/watch?v=kE52i0rmYqY&list=PLG7CUxrpEOnfzfuMy-SQsENMcthLsO_v-&index=24
youtube,YRlT83AGLAA,https://www.youtube.com/watch?v=YRlT83AGLAA&list=PLG7CUxrpEOnfzfuMy-SQsENMcthLsO_v-&index=19,RMVN,RMVN_S2,"Teaser tập 9: Lan Ngọc giằng co Thuý Ngân, liệu có màn lội ngược dòng? | Running Man Vietnam",VIDEO,TEASER_PREVIEW,OFFICIAL_SHOW_CHANNEL,EPISODE,OFFICIAL_PLAYLIST_COLLECTION,ACCEPTED,ACCEPTED,2021-11-13T04:00:12.000Z,70,990991,,,available,9TfG2Ia9jXssoJSJt,https://www.youtube.com/watch?v=YRlT83AGLAA&list=PLG7CUxrpEOnfzfuMy-SQsENMcthLsO_v-&index=19
youtube,ffMvm5iefIQ,https://www.youtube.com/watch?v=ffMvm5iefIQ&list=PLG7CUxrpEOnfzfuMy-SQsENMcthLsO_v-&index=14,RMVN,RMVN_S2,"Teaser tập 11: Những bí mật sẽ được bật mí, những nỗi lòng sẽ được bộc bạch tại Running Man Vietnam",VIDEO,TEASER_PREVIEW,OFFICIAL_SHOW_CHANNEL,EPISODE,OFFICIAL_PLAYLIST_COLLECTION,ACCEPTED,ACCEPTED,2021-11-27T04:21:13.000Z,100,963763,,,available,9TfG2Ia9jXssoJSJt,https://www.youtube.com/watch?v=ffMvm5iefIQ&list=PLG7CUxrpEOnfzfuMy-SQsENMcthLsO_v-&index=14
youtube,s532wIKJFRs,https://www.youtube.com/watch?v=s532wIKJFRs&list=PLG7CUxrpEOnfzfuMy-SQsENMcthLsO_v-&index=21,RMVN,RMVN_S2,"Teaser Tập 8: Cuộc chiến cặp đôi bắt đầu, đội nào sẽ là bá chủ tuần này? | Running Man Vietnam",VIDEO,TEASER_PREVIEW,OFFICIAL_SHOW_CHANNEL,EPISODE,OFFICIAL_PLAYLIST_COLLECTION,ACCEPTED,ACCEPTED,2021-11-06T04:03:46.000Z,66,833043,,,available,9TfG2Ia9jXssoJSJt,https://www.youtube.com/watch?v=s532wIKJFRs&list=PLG7CUxrpEOnfzfuMy-SQsENMcthLsO_v-&index=21
youtube,__j2OLHuRgs,https://www.youtube.com/watch?v=__j2OLHuRgs&list=PLG7CUxrpEOnfzfuMy-SQsENMcthLsO_v-&index=28,RMVN,RMVN_S2,"Teaser Tập 5: Điều gì khiến Thúy Ngân mếu máo ""Không ai coi em là con gái !"" | Running Man Vietnam",VIDEO,TEASER_PREVIEW,OFFICIAL_SHOW_CHANNEL,EPISODE,OFFICIAL_PLAYLIST_COLLECTION,ACCEPTED,ACCEPTED,2021-10-16T04:00:10.000Z,69,846797,,,available,9TfG2Ia9jXssoJSJt,https://www.youtube.com/watch?v=__j2OLHuRgs&list=PLG7CUxrpEOnfzfuMy-SQsENMcthLsO_v-&index=28
youtube,_YB8auP_YCY,https://www.youtube.com/watch?v=_YB8auP_YCY&list=PLG7CUxrpEOnfzfuMy-SQsENMcthLsO_v-&index=1,RMVN,RMVN_S2,"KHI CÁC NGỌC NỮ ĐÁ BANH: Lan Ngọc, Phương Anh Đào bị ăn thẻ, Thúy Ngân, Jun Vũ lăn xả hết mình",VIDEO,UNKNOWN,OFFICIAL_SHOW_CHANNEL,SEASON,OFFICIAL_PLAYLIST_COLLECTION,NEEDS_REVIEW,NEEDS_REVIEW,2022-07-05T11:45:00.000Z,723,55800,,,available,9TfG2Ia9jXssoJSJt,https://www.youtube.com/watch?v=_YB8auP_YCY&list=PLG7CUxrpEOnfzfuMy-SQsENMcthLsO_v-&index=1
youtube,UNitimNvbXk,https://www.youtube.com/watch?v=UNitimNvbXk&list=PLG7CUxrpEOnfzfuMy-SQsENMcthLsO_v-&index=30,RMVN,RMVN_S2,"Teaser Running Man Vietnam Tập 4 | Đại chiến sắp bắt đầu, ai sẽ là người tỏa sáng trong tuần này",VIDEO,TEASER_PREVIEW,OFFICIAL_SHOW_CHANNEL,EPISODE,OFFICIAL_PLAYLIST_COLLECTION,ACCEPTED,ACCEPTED,2021-10-09T05:05:09.000Z,63,506750,,,available,9TfG2Ia9jXssoJSJt,https://www.youtube.com/watch?v=UNitimNvbXk&list=PLG7CUxrpEOnfzfuMy-SQsENMcthLsO_v-&index=30
youtube,HVq6n_c64y8,https://www.youtube.com/watch?v=HVq6n_c64y8&list=PLG7CUxrpEOnfzfuMy-SQsENMcthLsO_v-&index=31,RMVN,RMVN_S2,"Teaser Running Man Vietnam Tập 3 | Dàn cast hóa thân thành học trò, ai là học sinh cá biệt ?",VIDEO,TEASER_PREVIEW,OFFICIAL_SHOW_CHANNEL,EPISODE,OFFICIAL_PLAYLIST_COLLECTION,ACCEPTED,ACCEPTED,2021-10-02T05:22:42.000Z,66,368409,,,available,9TfG2Ia9jXssoJSJt,https://www.youtube.com/watch?v=HVq6n_c64y8&list=PLG7CUxrpEOnfzfuMy-SQsENMcthLsO_v-&index=31
youtube,mCtunE2F2QI,https://www.youtube.com/watch?v=mCtunE2F2QI&list=PLG7CUxrpEOnfzfuMy-SQsENMcthLsO_v-&index=16,RMVN,RMVN_S2,"Teaser tập 10: Cuộc chiến giành ngôi vị kẻ mạnh nhất Running Man Vietnam, nghẹt thở từng giây",VIDEO,TEASER_PREVIEW,OFFICIAL_SHOW_CHANNEL,EPISODE,OFFICIAL_PLAYLIST_COLLECTION,ACCEPTED,ACCEPTED,2021-11-20T04:21:25.000Z,72,1356581,,,available,9TfG2Ia9jXssoJSJt,https://www.youtube.com/watch?v=mCtunE2F2QI&list=PLG7CUxrpEOnfzfuMy-SQsENMcthLsO_v-&index=16
youtube,ID2oP7kaZLA,https://www.youtube.com/watch?v=ID2oP7kaZLA&list=PLG7CUxrpEOnfzfuMy-SQsENMcthLsO_v-&index=4,RMVN,RMVN_S2,"Teaser tập 16: Đại chiến tìm ngôi vị kẻ mạnh, Lan Ngọc la hét, Jun Phạm sợ hãi | RUNNING MAN VIETNAM",VIDEO,TEASER_PREVIEW,OFFICIAL_SHOW_CHANNEL,EPISODE,OFFICIAL_PLAYLIST_COLLECTION,ACCEPTED,ACCEPTED,2022-01-01T04:08:32.000Z,67,459629,,,available,9TfG2Ia9jXssoJSJt,https://www.youtube.com/watch?v=ID2oP7kaZLA&list=PLG7CUxrpEOnfzfuMy-SQsENMcthLsO_v-&index=4
youtube,VFSVwB0oQDU,https://www.youtube.com/watch?v=VFSVwB0oQDU&list=PLG7CUxrpEOnfzfuMy-SQsENMcthLsO_v-&index=2,RMVN,RMVN_S2,Official MV Lof Is My Life - SOFIA | special guest Trường Giang x Thúy Ngân | Hạnh Phúc Là Lựa Chọn,VIDEO,MUSIC_ASSET,OFFICIAL_SHOW_CHANNEL,SEASON,OFFICIAL_PLAYLIST_COLLECTION,ACCEPTED,ACCEPTED,2022-05-29T13:00:27.000Z,423,110294,,,available,9TfG2Ia9jXssoJSJt,https://www.youtube.com/watch?v=VFSVwB0oQDU&list=PLG7CUxrpEOnfzfuMy-SQsENMcthLsO_v-&index=2
youtube,nNvJew9okl0,https://www.youtube.com/watch?v=nNvJew9okl0&list=PLG7CUxrpEOnfzfuMy-SQsENMcthLsO_v-&index=26,RMVN,RMVN_S2,"Teaser Tập 6: Thuý Ngân lại đối đầu Karik, trận chiến bùn lầy đã có mặt tại Running Man Vietnam",VIDEO,TEASER_PREVIEW,OFFICIAL_SHOW_CHANNEL,EPISODE,OFFICIAL_PLAYLIST_COLLECTION,ACCEPTED,ACCEPTED,2021-10-23T04:00:30.000Z,68,776281,,,available,9TfG2Ia9jXssoJSJt,https://www.youtube.com/watch?v=nNvJew9okl0&list=PLG7CUxrpEOnfzfuMy-SQsENMcthLsO_v-&index=26
youtube,MT2gBP3Q7lw,https://www.youtube.com/watch?v=MT2gBP3Q7lw&list=PLG7CUxrpEOnfzfuMy-SQsENMcthLsO_v-&index=6,RMVN,RMVN_S2,"Teaser tập 15: Bị người bí ẩn truy tìm, Thúy Ngân hoảng hốt, Lan Ngọc ẩn núp | RUNNING MAN VIETNAM",VIDEO,TEASER_PREVIEW,OFFICIAL_SHOW_CHANNEL,EPISODE,OFFICIAL_PLAYLIST_COLLECTION,ACCEPTED,ACCEPTED,2021-12-25T04:14:23.000Z,72,608257,,,available,9TfG2Ia9jXssoJSJt,https://www.youtube.com/watch?v=MT2gBP3Q7lw&list=PLG7CUxrpEOnfzfuMy-SQsENMcthLsO_v-&index=6
youtube,IIyzLmVrpKo,https://www.youtube.com/watch?v=IIyzLmVrpKo&list=PLxNMBnO9F8FOdZR7YLDrrT0bk3WaYyApf&index=10,RMVN,RMVN_S3,RUNNING MAN VIETNAM MÙA 3 - CHẠY NGAY ĐI | HỒI ỨC: Nhìn Lại Hồi 1 & 2,VIDEO,RECAP,PRIMARY_PRODUCER,SEASON,OFFICIAL_PLAYLIST_COLLECTION,ACCEPTED,ACCEPTED,2025-12-06T00:58:06.000Z,68456,3140684,,,available,FH9kxLbGuuiAEs6P6,https://www.youtube.com/watch?v=IIyzLmVrpKo&list=PLxNMBnO9F8FOdZR7YLDrrT0bk3WaYyApf&index=10
youtube,hFWyNOsEiH8,https://www.youtube.com/watch?v=hFWyNOsEiH8&list=PLxNMBnO9F8FOdZR7YLDrrT0bk3WaYyApf&index=17,RMVN,RMVN_S3,RUNNING MAN VIETNAM MÙA 3 - CHẠY NGAY ĐI | HỒI ỨC: Nhìn Lại Hồi 3 & 4,VIDEO,RECAP,PRIMARY_PRODUCER,SEASON,OFFICIAL_PLAYLIST_COLLECTION,ACCEPTED,ACCEPTED,2026-01-31T03:00:06.000Z,51103,972263,,,available,FH9kxLbGuuiAEs6P6,https://www.youtube.com/watch?v=hFWyNOsEiH8&list=PLxNMBnO9F8FOdZR7YLDrrT0bk3WaYyApf&index=17
youtube,f5wG6wLaG3s,https://www.youtube.com/watch?v=f5wG6wLaG3s,RMVN,RMVN_2026,Running Man Việt Nam 2026 - Chạy Ngay Đi | Tập 3 (7/8/2026),VIDEO,UNKNOWN,PRIMARY_BROADCASTER,EPISODE,OFFICIAL_PLAYLIST_COLLECTION,NEEDS_REVIEW,NEEDS_REVIEW,2026-08-07T15:45:34.000Z,5312,192042,,,available,dAdUbIUQCZtcUuBwM,https://www.youtube.com/watch?v=f5wG6wLaG3s
youtube,c2xY4KELqlc,https://www.youtube.com/watch?v=c2xY4KELqlc,RMVN,RMVN_2026,( Ngoại Reaction ) Tập 3 RUNNING MAN VIETNAM 2026 - CHẠY NGAY ĐI 2026 | GAME 1,VIDEO,REACTION_COMMENTARY,UNVERIFIED,EPISODE,INFERRED,NEEDS_REVIEW,NEEDS_REVIEW,2026-08-10T11:53:58.000Z,2005,24229,,,available,dAdUbIUQCZtcUuBwM,https://www.youtube.com/watch?v=c2xY4KELqlc
youtube,SvqUu3pcHgc,https://www.youtube.com/watch?v=SvqUu3pcHgc,RMVN,RMVN_2026,RUNNING MAN VIETNAM 2026 - CHẠY NGAY ĐI | TẬP 01: Chúng tôi là Gia tộc R,VIDEO,UNKNOWN,OFFICIAL_SHOW_CHANNEL,EPISODE,OFFICIAL_PLAYLIST_COLLECTION,NEEDS_REVIEW,NEEDS_REVIEW,2026-07-24T14:30:06.000Z,9532,11914458,,,available,dAdUbIUQCZtcUuBwM,https://www.youtube.com/watch?v=SvqUu3pcHgc
youtube,zLf4MYLM50Y,https://www.youtube.com/watch?v=zLf4MYLM50Y,RMVN,RMVN_2026,Running Man Việt Nam 2026 - Chạy Ngay Đi | Tập 1 (24/7/2026),VIDEO,UNKNOWN,PRIMARY_BROADCASTER,EPISODE,OFFICIAL_PLAYLIST_COLLECTION,NEEDS_REVIEW,NEEDS_REVIEW,2026-07-24T15:45:02.000Z,5392,346570,,,available,dAdUbIUQCZtcUuBwM,https://www.youtube.com/watch?v=zLf4MYLM50Y
youtube,k68K1Nnew40,https://www.youtube.com/watch?v=k68K1Nnew40,RMVN,RMVN_2026,Running Man Việt Nam 2026 - Chạy Ngay Đi | Tập 2 (31/7/2026),VIDEO,UNKNOWN,PRIMARY_BROADCASTER,EPISODE,OFFICIAL_PLAYLIST_COLLECTION,NEEDS_REVIEW,NEEDS_REVIEW,2026-07-31T15:45:10.000Z,5202,153705,,,available,dAdUbIUQCZtcUuBwM,https://www.youtube.com/watch?v=k68K1Nnew40
youtube,kpnxuD-S0Y0,https://www.youtube.com/watch?v=kpnxuD-S0Y0,RMVN,RMVN_2026,Running Man Vietnam 3 - Chạy Ngay Đi | Tập 15 (17/1/2026),VIDEO,UNKNOWN,PRIMARY_BROADCASTER,EPISODE,OFFICIAL_PLAYLIST_COLLECTION,NEEDS_REVIEW,NEEDS_REVIEW,2026-01-17T14:01:24.000Z,5174,458423,,,available,dAdUbIUQCZtcUuBwM,https://www.youtube.com/watch?v=kpnxuD-S0Y0
youtube,R84JUqGHuvw,https://www.youtube.com/watch?v=R84JUqGHuvw,RMVN,RMVN_2026,( Ngoại Reaction ) Tập 3 RUNNING MAN VIETNAM 2026 - CHẠY NGAY ĐI 2026 | GAME 2,VIDEO,REACTION_COMMENTARY,UNVERIFIED,EPISODE,INFERRED,NEEDS_REVIEW,NEEDS_REVIEW,2026-08-10T11:55:09.000Z,3448,24313,,,available,dAdUbIUQCZtcUuBwM,https://www.youtube.com/watch?v=R84JUqGHuvw
youtube,yHEQOxDIMI8,https://www.youtube.com/watch?v=yHEQOxDIMI8,RMVN,RMVN_2026,( Ngoại Reaction ) Tập 3 RUNNING MAN VIETNAM 2026 - CHẠY NGAY ĐI 2026 | GAME 3,VIDEO,REACTION_COMMENTARY,UNVERIFIED,EPISODE,INFERRED,NEEDS_REVIEW,NEEDS_REVIEW,2026-08-10T11:56:10.000Z,2984,20141,,,available,dAdUbIUQCZtcUuBwM,https://www.youtube.com/watch?v=yHEQOxDIMI8
youtube,hFWyNOsEiH8,https://www.youtube.com/watch?v=hFWyNOsEiH8,RMVN,RMVN_2026,RUNNING MAN VIETNAM MÙA 3 - CHẠY NGAY ĐI | HỒI ỨC: Nhìn Lại Hồi 3 & 4,VIDEO,RECAP,PRIMARY_PRODUCER,SEASON,OFFICIAL_PLAYLIST_COLLECTION,ACCEPTED,ACCEPTED,2026-01-31T03:00:06.000Z,51103,972920,,,available,dAdUbIUQCZtcUuBwM,https://www.youtube.com/watch?v=hFWyNOsEiH8
youtube,AZJ1gzPJPJo,https://www.youtube.com/watch?v=AZJ1gzPJPJo,RMVN,RMVN_2026,"Làm Ngay Đi #1: Mẹ giao nhiệm vụ hệ thống cho Tư Ngọc và cái kết Sáu Tút bị ""LÀM PHIỀN"" | RMVN2026",VIDEO,UNKNOWN,OFFICIAL_SHOW_CHANNEL,SEASON,OFFICIAL_PLAYLIST_COLLECTION,NEEDS_REVIEW,NEEDS_REVIEW,2026-08-03T12:15:12.000Z,353,165141,,,available,dAdUbIUQCZtcUuBwM,https://www.youtube.com/watch?v=AZJ1gzPJPJo
youtube,IIyzLmVrpKo,https://www.youtube.com/watch?v=IIyzLmVrpKo,RMVN,RMVN_2026,RUNNING MAN VIETNAM MÙA 3 - CHẠY NGAY ĐI | HỒI ỨC: Nhìn Lại Hồi 1 & 2,VIDEO,RECAP,PRIMARY_PRODUCER,SEASON,OFFICIAL_PLAYLIST_COLLECTION,ACCEPTED,ACCEPTED,2025-12-06T00:58:06.000Z,68456,3141720,,,available,dAdUbIUQCZtcUuBwM,https://www.youtube.com/watch?v=IIyzLmVrpKo
youtube,_ZLr_1LWAKM,https://www.youtube.com/watch?v=_ZLr_1LWAKM,RMVN,RMVN_2026,Running Man Vietnam 3 - Chạy Ngay Đi | Tập 16 (24/1/2026),VIDEO,UNKNOWN,PRIMARY_BROADCASTER,EPISODE,OFFICIAL_PLAYLIST_COLLECTION,NEEDS_REVIEW,NEEDS_REVIEW,2026-01-24T14:01:03.000Z,4722,1660109,,,available,dAdUbIUQCZtcUuBwM,https://www.youtube.com/watch?v=_ZLr_1LWAKM
youtube,OyMsbGTYVTg,https://www.youtube.com/watch?v=OyMsbGTYVTg,RMVN,RMVN_2026,"RUNNING RAW #1: Mẹ - Tám Quân và full cuộc gặp BÍ MẬT để giao NHIỆM VỤ HỆ THỐNG, ""phản bội"" anh em",VIDEO,UNKNOWN,OFFICIAL_SHOW_CHANNEL,SEASON,OFFICIAL_PLAYLIST_COLLECTION,NEEDS_REVIEW,NEEDS_REVIEW,2026-07-26T13:00:03.000Z,534,24601,,,available,dAdUbIUQCZtcUuBwM,https://www.youtube.com/watch?v=OyMsbGTYVTg
youtube,u2-N7_8_cec,https://www.youtube.com/watch?v=u2-N7_8_cec,RMVN,RMVN_2026,Running Man Vietnam 3 - Chạy Ngay Đi | Tập 1 (04/10/2025),VIDEO,UNKNOWN,PRIMARY_BROADCASTER,EPISODE,OFFICIAL_PLAYLIST_COLLECTION,NEEDS_REVIEW,NEEDS_REVIEW,2025-10-04T14:01:34.000Z,5317,902142,,,available,dAdUbIUQCZtcUuBwM,https://www.youtube.com/watch?v=u2-N7_8_cec
youtube,20Tn1QcNeW4,https://www.youtube.com/watch?v=20Tn1QcNeW4,RMVN,RMVN_2026,Say Hi Rực Rỡ | Tập 10 (9/8/2026),VIDEO,UNKNOWN,PRIMARY_BROADCASTER,EPISODE,OFFICIAL_PLAYLIST_COLLECTION,NEEDS_REVIEW,NEEDS_REVIEW,2026-08-09T15:00:21.000Z,4768,10036,,,available,dAdUbIUQCZtcUuBwM,https://www.youtube.com/watch?v=20Tn1QcNeW4
youtube,pbNMS_wL4QY,https://www.youtube.com/watch?v=pbNMS_wL4QY,RMVN,RMVN_2026,Running Man Vietnam 3 - Chạy Ngay Đi | Tập 14 (10/1/2026),VIDEO,UNKNOWN,PRIMARY_BROADCASTER,EPISODE,OFFICIAL_PLAYLIST_COLLECTION,NEEDS_REVIEW,NEEDS_REVIEW,2026-01-10T14:01:27.000Z,4835,307058,,,available,dAdUbIUQCZtcUuBwM,https://www.youtube.com/watch?v=pbNMS_wL4QY
youtube,rksxDNRcwig,https://www.youtube.com/watch?v=rksxDNRcwig,GDHAHA,GDHAHA_S1,"Chặng Miền Tây: Gì cũng dám thoại, Út Dâu & Chú 6 quẩy cực căng | Sẵn Đây Gia Đình Haha Nói Luôn",VIDEO,UNKNOWN,UNVERIFIED,SEASON,INFERRED,NEEDS_REVIEW,NEEDS_REVIEW,2025-11-26T13:00:06.000Z,15985,102380,,,available,7Kw6a9f9wseVSZBaW,https://www.youtube.com/watch?v=rksxDNRcwig
youtube,Xu_LajP3WgE,https://www.youtube.com/watch?v=Xu_LajP3WgE,GDHAHA,GDHAHA_S1,Chuyện Nhà HaHa - Tập 16 | Chú Thím Chín Cường đón “đàn con” về sum họp UM SÙM ngày Tết Trung Thu,VIDEO,UNKNOWN,OFFICIAL_DISTRIBUTION_PARTNER,EPISODE,OFFICIAL_PLAYLIST_COLLECTION,NEEDS_REVIEW,NEEDS_REVIEW,2025-10-14T13:30:06.000Z,1991,849138,,,available,7Kw6a9f9wseVSZBaW,https://www.youtube.com/watch?v=Xu_LajP3WgE
youtube,eK2A98CETto,https://www.youtube.com/watch?v=eK2A98CETto,GDHAHA,GDHAHA_S1,Gia Đình Haha [ CHUYỆN CHƯA KỂ ] | Đi uống trà Duy Khánh Make - up cỡ này thì ai làm lại,VIDEO,UNKNOWN,PRIMARY_PRODUCER,SEASON,OFFICIAL_PLAYLIST_COLLECTION,NEEDS_REVIEW,NEEDS_REVIEW,2026-02-13T05:00:57.000Z,5936,37437,,,available,7Kw6a9f9wseVSZBaW,https://www.youtube.com/watch?v=eK2A98CETto
youtube,hJiDlrOB_Xk,https://www.youtube.com/watch?v=hJiDlrOB_Xk,GDHAHA,GDHAHA_S1,CẢ NGÀY HAHA [ CHẶNG ĐẶC BIỆT ] | Ngày trở về Bản Liền – lặng yên một chút để thương nhau nhiều hơn,VIDEO,UNKNOWN,PRIMARY_PRODUCER_BROADCASTER,SEASON,OFFICIAL_PLAYLIST_COLLECTION,NEEDS_REVIEW,NEEDS_REVIEW,2026-02-21T05:00:06.000Z,44191,255751,,,available,7Kw6a9f9wseVSZBaW,https://www.youtube.com/watch?v=hJiDlrOB_Xk
youtube,pB-AoylTecw,https://www.youtube.com/watch?v=pB-AoylTecw,GDHAHA,GDHAHA_S1,Gia đình Haha - Tập 15 | Hành trình cuối khép lại bằng khoảnh khắc khiến cả nhà bật khóc,VIDEO,HIGHLIGHT,PRIMARY_PRODUCER_BROADCASTER,EPISODE,OFFICIAL_PLAYLIST_COLLECTION,NEEDS_REVIEW,CANONICAL_OVERLAP,2025-09-20T13:30:06.000Z,17385,9952328,,,available,7Kw6a9f9wseVSZBaW,https://www.youtube.com/watch?v=pB-AoylTecw
youtube,zLpDAmStB6k,https://www.youtube.com/watch?v=zLpDAmStB6k,GDHAHA,GDHAHA_S1,"Gia Đình Haha - Tập 8 | Tạm biệt Quảng Ngãi, Dàn Cast đổ bộ Miền Tây với thử thách mới toanh",VIDEO,CAST_CONTENT,PRIMARY_PRODUCER_BROADCASTER,EPISODE,OFFICIAL_PLAYLIST_COLLECTION,NEEDS_REVIEW,CANONICAL_OVERLAP,2025-08-02T13:30:06.000Z,12260,7302012,,,available,7Kw6a9f9wseVSZBaW,https://www.youtube.com/watch?v=zLpDAmStB6k
youtube,al3bP-8pgBs,https://www.youtube.com/watch?v=al3bP-8pgBs,GDHAHA,GDHAHA_S1,Gia đình Haha - Chặng 1 Full | Bản Liền - Nơi khởi đầu của những cảm xúc lắng đọng,VIDEO,UNKNOWN,PRIMARY_PRODUCER_BROADCASTER,SEASON,OFFICIAL_PLAYLIST_COLLECTION,NEEDS_REVIEW,NEEDS_REVIEW,2025-09-27T01:00:06.000Z,42842,748623,,,available,7Kw6a9f9wseVSZBaW,https://www.youtube.com/watch?v=al3bP-8pgBs
youtube,fCz7mvmQGYY,https://www.youtube.com/watch?v=fCz7mvmQGYY,GDHAHA,GDHAHA_S1,Ngày trở về Bản Liền - Niềm vui của Dàn Cast x100 | Sẵn Đây Gia Đình Haha Nói Luôn,VIDEO,UNKNOWN,PRIMARY_PRODUCER,SEASON,OFFICIAL_PLAYLIST_COLLECTION,NEEDS_REVIEW,NEEDS_REVIEW,2026-03-08T13:30:43.000Z,15967,26516,,,available,7Kw6a9f9wseVSZBaW,https://www.youtube.com/watch?v=fCz7mvmQGYY
youtube,yV9C0enIliA,https://www.youtube.com/watch?v=yV9C0enIliA,GDHAHA,GDHAHA_S1,Chuyện Nhà HaHa - Tập 11 | Rhymastic LẶNG vì “kho báu đậm đà” của (S)TRONG & Tóc Tiên?,VIDEO,UNKNOWN,OFFICIAL_DISTRIBUTION_PARTNER,EPISODE,OFFICIAL_PLAYLIST_COLLECTION,NEEDS_REVIEW,NEEDS_REVIEW,2025-09-02T13:30:06.000Z,4931,804749,,,available,7Kw6a9f9wseVSZBaW,https://www.youtube.com/watch?v=yV9C0enIliA
youtube,Z1dR2y2XcN0,https://www.youtube.com/watch?v=Z1dR2y2XcN0,GDHAHA,GDHAHA_S1,"Chuyện Nhà HaHa - Tập 09 | Thanh Duy, Bùi Công Nam “HÁT KHÔNG LẠI” Thím Chín?",VIDEO,UNKNOWN,OFFICIAL_DISTRIBUTION_PARTNER,EPISODE,OFFICIAL_PLAYLIST_COLLECTION,NEEDS_REVIEW,NEEDS_REVIEW,2025-08-19T13:30:06.000Z,4207,821110,,,available,7Kw6a9f9wseVSZBaW,https://www.youtube.com/watch?v=Z1dR2y2XcN0
youtube,PJuo6ZhBR48,https://www.youtube.com/watch?v=PJuo6ZhBR48,GDHAHA,GDHAHA_S1,"HAHA KHÔNG ""ZẤU"" | Gia Đình Haha chưa từng kể: Những cảm xúc chưa từng lên sóng tại chặng 1",VIDEO,UNKNOWN,PRIMARY_PRODUCER_BROADCASTER,SEASON,OFFICIAL_PLAYLIST_COLLECTION,NEEDS_REVIEW,NEEDS_REVIEW,2025-07-30T13:00:48.000Z,1016,543411,,,available,7Kw6a9f9wseVSZBaW,https://www.youtube.com/watch?v=PJuo6ZhBR48
youtube,fMAQbWv2h2k,https://www.youtube.com/watch?v=fMAQbWv2h2k,GDHAHA,GDHAHA_S1,"Gia Đình Haha - Tập 6 | Dàn cast mở concert giữa đồng, BB Trần & Bùi Lan Hương bối rối khi gặp sự cố",VIDEO,PERFORMANCE,PRIMARY_PRODUCER_BROADCASTER,EPISODE,OFFICIAL_PLAYLIST_COLLECTION,NEEDS_REVIEW,CANONICAL_OVERLAP,2025-07-19T13:30:06.000Z,9862,6279178,,,available,7Kw6a9f9wseVSZBaW,https://www.youtube.com/watch?v=fMAQbWv2h2k
youtube,uId0gJKD0PU,https://www.youtube.com/watch?v=uId0gJKD0PU,GDHAHA,GDHAHA_S1,"HAHA KHÔNG ""ZẤU"" | Gia Đình Haha chưa từng kể: Những kỉ niệm bất ngờ chưa từng phát sóng",VIDEO,UNKNOWN,PRIMARY_PRODUCER_BROADCASTER,SEASON,OFFICIAL_PLAYLIST_COLLECTION,NEEDS_REVIEW,NEEDS_REVIEW,2025-08-08T13:31:02.000Z,889,263216,,,available,7Kw6a9f9wseVSZBaW,https://www.youtube.com/watch?v=uId0gJKD0PU
youtube,A7O573siD6M,https://www.youtube.com/watch?v=A7O573siD6M,GDHAHA,GDHAHA_S1,"Chuyện Nhà HaHa - Tập 10 | “Bố” Chín Cường NÍU KÉO Jun Phạm, Duy Khánh & dàn cast ở lại?",VIDEO,UNKNOWN,OFFICIAL_DISTRIBUTION_PARTNER,EPISODE,OFFICIAL_PLAYLIST_COLLECTION,NEEDS_REVIEW,NEEDS_REVIEW,2025-08-26T13:30:06.000Z,3806,847446,,,available,7Kw6a9f9wseVSZBaW,https://www.youtube.com/watch?v=A7O573siD6M
youtube,9q10WK_xkmk,https://www.youtube.com/watch?v=9q10WK_xkmk,GDHAHA,GDHAHA_S1,Gia Đình Haha [ CHUYỆN CHƯA KỂ ] | Những ngày trời đầy ấp tình cảm giữa Dàn Cast & Chú Thím Chín,VIDEO,UNKNOWN,PRIMARY_PRODUCER,SEASON,OFFICIAL_PLAYLIST_COLLECTION,NEEDS_REVIEW,NEEDS_REVIEW,2026-02-16T05:00:11.000Z,10446,40199,,,available,7Kw6a9f9wseVSZBaW,https://www.youtube.com/watch?v=9q10WK_xkmk
youtube,zXRubDvD6do,https://www.youtube.com/watch?v=zXRubDvD6do,GDHAHA,GDHAHA_S1,Gia Đình Ha Ha | Duy Khánh & Thanh Duy hội tụ: Miền Tây bỗng hóa sân khấu hài không báo trước,VIDEO,UNKNOWN,PRIMARY_PRODUCER,SEASON,OFFICIAL_PLAYLIST_COLLECTION,NEEDS_REVIEW,NEEDS_REVIEW,2025-08-06T12:00:06.000Z,1530,162732,,,available,7Kw6a9f9wseVSZBaW,https://www.youtube.com/watch?v=zXRubDvD6do
youtube,riBN3YKaYh0,https://www.youtube.com/watch?v=riBN3YKaYh0,GDHAHA,GDHAHA_S1,"Gia Đình Haha | Vừa hết đêm dài tâm sự, Thanh Duy & Duy Khánh lại náo loạn khi đi chợ",VIDEO,UNKNOWN,PRIMARY_PRODUCER,SEASON,OFFICIAL_PLAYLIST_COLLECTION,NEEDS_REVIEW,NEEDS_REVIEW,2025-08-29T12:00:06.000Z,1569,239893,,,available,7Kw6a9f9wseVSZBaW,https://www.youtube.com/watch?v=riBN3YKaYh0
youtube,Ex9dPlUTpZM,https://www.youtube.com/watch?v=Ex9dPlUTpZM,GDHAHA,GDHAHA_S1,Lợp mái nhà cho chị Thông mà dàn cast nói chuyện mặn hơn muối | Gia Đình Haha [Chặng Đặc Biệt],VIDEO,UNKNOWN,UNVERIFIED,SEASON,INFERRED,NEEDS_REVIEW,NEEDS_REVIEW,2026-01-19T05:09:07.000Z,770,5138,,,available,7Kw6a9f9wseVSZBaW,https://www.youtube.com/watch?v=Ex9dPlUTpZM
youtube,wB8M2OntTFk,https://www.youtube.com/watch?v=wB8M2OntTFk,GDHAHA,GDHAHA_S1,"Bữa cơm ""căng như dây đàn"" của Dàn Cast HaHa và cái kết | Gia Đình Haha",VIDEO,UNKNOWN,UNVERIFIED,SEASON,INFERRED,NEEDS_REVIEW,NEEDS_REVIEW,2026-08-02T07:10:31.000Z,3072,10445,,,available,7Kw6a9f9wseVSZBaW,https://www.youtube.com/watch?v=wB8M2OntTFk
youtube,W-n7BnRkGVY,https://www.youtube.com/watch?v=W-n7BnRkGVY,GDHAHA,GDHAHA_S1,"HAHA KHÔNG ""ZẤU"" | Tổng hợp những khoảnh khắc Dàn Cast đi tham quan làng mà "" ỒN ƠI ỒN""",VIDEO,COMPILATION,PRIMARY_PRODUCER_BROADCASTER,SEASON,OFFICIAL_PLAYLIST_COLLECTION,ACCEPTED,ACCEPTED,2026-05-17T13:30:06.000Z,976,62522,,,available,7Kw6a9f9wseVSZBaW,https://www.youtube.com/watch?v=W-n7BnRkGVY
youtube,vuC2h5XSa4Y,https://www.youtube.com/watch?v=vuC2h5XSa4Y,GDHAHA,GDHAHA_S1,"Chuyện Bên Lề - Tập 1 | Ăn chung mâm kiểu Gia Đình HaHa: người ăn ít, người cười nhiều",VIDEO,UNKNOWN,UNVERIFIED,EPISODE,INFERRED,NEEDS_REVIEW,NEEDS_REVIEW,2026-04-08T13:00:06.000Z,5139,79147,,,available,7Kw6a9f9wseVSZBaW,https://www.youtube.com/watch?v=vuC2h5XSa4Y
youtube,5wXyQCvGWYc,https://www.youtube.com/watch?v=5wXyQCvGWYc,GDHAHA,GDHAHA_S1,Gia Đình HaHa Core [BST 13] | Những tiểu phẩm ê hề cười không ngớt từ Dàn Cast HaHa,VIDEO,UNKNOWN,OFFICIAL_DISTRIBUTION_PARTNER,SEASON,OFFICIAL_PLAYLIST_COLLECTION,NEEDS_REVIEW,NEEDS_REVIEW,2026-06-01T05:00:02.000Z,3315,8102,,,available,7Kw6a9f9wseVSZBaW,https://www.youtube.com/watch?v=5wXyQCvGWYc
youtube,9v5YHXWRGug,https://www.youtube.com/watch?v=9v5YHXWRGug,GDHAHA,GDHAHA_S1,Chuyện Nhà HaHa - Tập 13 | Cả gia đình “HỢP HOAN” chúc mừng Bùi Công Nam rồi tạm biệt Tóc Tiên?,VIDEO,UNKNOWN,OFFICIAL_DISTRIBUTION_PARTNER,EPISODE,OFFICIAL_PLAYLIST_COLLECTION,NEEDS_REVIEW,NEEDS_REVIEW,2025-09-16T13:30:06.000Z,4050,589295,,,available,7Kw6a9f9wseVSZBaW,https://www.youtube.com/watch?v=9v5YHXWRGug
youtube,3UdiCEi6Y40,https://www.youtube.com/watch?v=3UdiCEi6Y40,GDHAHA,GDHAHA_S1,Gia Đình HaHa - EP8 | Chia tay Quảng Ngãi - Bắt đầu hành trình mới tại Miền Tây,VIDEO,UNKNOWN,PRIMARY_PRODUCER,EPISODE,OFFICIAL_PLAYLIST_COLLECTION,NEEDS_REVIEW,NEEDS_REVIEW,2025-09-30T14:00:07.000Z,4922,22025,,,available,7Kw6a9f9wseVSZBaW,https://www.youtube.com/watch?v=3UdiCEi6Y40
youtube,99rHfB7cQgs,https://www.youtube.com/watch?v=99rHfB7cQgs,GDHAHA,GDHAHA_S1,Chuyện Chưa Kể - Tập 4 | Những thước phim cuối cùng tại Bản Liền | Sẵn Đây Gia Đình Haha Nói Luôn,VIDEO,UNKNOWN,UNVERIFIED,EPISODE,INFERRED,NEEDS_REVIEW,NEEDS_REVIEW,2025-12-31T13:00:06.000Z,9790,84000,,,available,7Kw6a9f9wseVSZBaW,https://www.youtube.com/watch?v=99rHfB7cQgs
youtube,-OrKwp7Z_CA,https://www.youtube.com/watch?v=-OrKwp7Z_CA,GDHAHA,GDHAHA_S1,Gia Đình Haha [Chặng Đặc Biệt] - HÉ LỘ TẬP 16 | Út Khánh bị anh Ba Nam phát hiện “PHÔNG BẠT”?,VIDEO,UNKNOWN,OFFICIAL_DISTRIBUTION_PARTNER,EPISODE,OFFICIAL_PLAYLIST_COLLECTION,NEEDS_REVIEW,NEEDS_REVIEW,2026-01-16T13:30:00.000Z,238,45909,,,available,7Kw6a9f9wseVSZBaW,https://www.youtube.com/watch?v=-OrKwp7Z_CA
youtube,CUeedqWNwMc,https://www.youtube.com/watch?v=CUeedqWNwMc,GDHAHA,GDHAHA_S1,Gia Đình Haha [ CHẶNG 4 ] | Tổng hợp combo hài – tếu xuyên suốt hành trình Đắk Lắk,VIDEO,COMPILATION,PRIMARY_PRODUCER,SEASON,OFFICIAL_PLAYLIST_COLLECTION,ACCEPTED,ACCEPTED,2026-02-10T13:00:23.000Z,20502,5502,,,available,7Kw6a9f9wseVSZBaW,https://www.youtube.com/watch?v=CUeedqWNwMc
youtube,pMtThiXV-DA,https://www.youtube.com/watch?v=pMtThiXV-DA,GDHAHA,GDHAHA_S1,Gia Đình Haha - EP 3 | Bản Liền – nơi tình thân gắn kết từng khoảnh khắc,VIDEO,HIGHLIGHT,PRIMARY_PRODUCER,EPISODE,OFFICIAL_PLAYLIST_COLLECTION,ACCEPTED,ACCEPTED,2025-09-17T14:01:22.000Z,4438,44636,,,available,7Kw6a9f9wseVSZBaW,https://www.youtube.com/watch?v=pMtThiXV-DA
youtube,zCQeUoxN7Hk,https://www.youtube.com/watch?v=zCQeUoxN7Hk,GDHAHA,GDHAHA_S1,Gieo Nụ Cười – Gặt Hạnh Phúc | Loạt mảng miếng GÂY SHOCK của MÁ BẢO trong GIA ĐÌNH HAHA,VIDEO,UNKNOWN,PRIMARY_PRODUCER_BROADCASTER,SEASON,OFFICIAL_PLAYLIST_COLLECTION,NEEDS_REVIEW,NEEDS_REVIEW,2026-07-15T13:30:17.000Z,2584,17955,,,available,7Kw6a9f9wseVSZBaW,https://www.youtube.com/watch?v=zCQeUoxN7Hk
youtube,WmkoXMqjycU,https://www.youtube.com/watch?v=WmkoXMqjycU,GDHAHA,GDHAHA_S1,Loạt khoảnh khắc Thanh Duy cất giọng ngọt lịm làm say lòng cả Miền Tây | Gia Đình Haha,VIDEO,HIGHLIGHT,UNVERIFIED,SEASON,INFERRED,NEEDS_REVIEW,NEEDS_REVIEW,2025-08-28T12:30:43.000Z,1808,215184,,,available,7Kw6a9f9wseVSZBaW,https://www.youtube.com/watch?v=WmkoXMqjycU
youtube,DKhgcQ28uB8,https://www.youtube.com/watch?v=DKhgcQ28uB8,GDHAHA,GDHAHA_S1,Chuyện Chưa Kể - Tập 1 | Top những tiểu phẩm ê hề ở Gia Đình HaHa | Sẵn Đây Gia Đình Haha Nói Luôn,VIDEO,UNKNOWN,UNVERIFIED,EPISODE,INFERRED,NEEDS_REVIEW,NEEDS_REVIEW,2025-12-10T13:00:06.000Z,6636,234887,,,available,7Kw6a9f9wseVSZBaW,https://www.youtube.com/watch?v=DKhgcQ28uB8
youtube,T-vOWYuZVFw,https://www.youtube.com/watch?v=T-vOWYuZVFw,GDHAHA,GDHAHA_S1,"Gia Đình Haha [Chặng Đặc Biệt] - HÉ LỘ TẬP 20 | Anh Hà - Chị Thông thử áo dài ""UM SÙM” vì Út Khánh?",VIDEO,UNKNOWN,OFFICIAL_DISTRIBUTION_PARTNER,EPISODE,OFFICIAL_PLAYLIST_COLLECTION,NEEDS_REVIEW,NEEDS_REVIEW,2026-02-13T13:30:36.000Z,397,34107,,,available,7Kw6a9f9wseVSZBaW,https://www.youtube.com/watch?v=T-vOWYuZVFw
youtube,i80MVGXOi94,https://www.youtube.com/watch?v=i80MVGXOi94,GDHAHA,GDHAHA_S1,Gieo Nụ Cười - Gặt Hạnh Phúc | Những tiểu phẩm vô tri cưỡi xĩu của Gia Đình Haha,VIDEO,UNKNOWN,PRIMARY_PRODUCER_BROADCASTER,SEASON,OFFICIAL_PLAYLIST_COLLECTION,NEEDS_REVIEW,NEEDS_REVIEW,2025-08-02T09:52:42.000Z,776,302574,,,available,7Kw6a9f9wseVSZBaW,https://www.youtube.com/watch?v=i80MVGXOi94
youtube,Qfzidf0hvRo,https://www.youtube.com/watch?v=Qfzidf0hvRo,GDHAHA,GDHAHA_S1,"HAHA KHÔNG ""ZẤU"" | Dở khóc dở cười với khoảnh khắc Má Bảo luôn là tâm điểm trong các cuộc NẤU XÓI",VIDEO,HIGHLIGHT,PRIMARY_PRODUCER_BROADCASTER,SEASON,OFFICIAL_PLAYLIST_COLLECTION,ACCEPTED,ACCEPTED,2026-05-24T13:30:15.000Z,999,72492,,,available,7Kw6a9f9wseVSZBaW,https://www.youtube.com/watch?v=Qfzidf0hvRo
youtube,wfcJDtMp8uo,https://www.youtube.com/watch?v=wfcJDtMp8uo,GDHAHA,GDHAHA_S1,"HAHA KHÔNG ""ZẤU"" | Lộ loạt khoảnh khắc cười mệt tại Gia Đình Haha",VIDEO,HIGHLIGHT,PRIMARY_PRODUCER_BROADCASTER,SEASON,OFFICIAL_PLAYLIST_COLLECTION,ACCEPTED,ACCEPTED,2025-08-13T13:31:01.000Z,934,512468,,,available,7Kw6a9f9wseVSZBaW,https://www.youtube.com/watch?v=wfcJDtMp8uo
youtube,9plPYoyb1ew,https://www.youtube.com/watch?v=9plPYoyb1ew,GDHAHA,GDHAHA_S1,Biết Chú 6 Jun Phạm hay cọc mà cứ ĐÙA CỢT GIỠN HỚT HOÀI | Gia Đình Haha,VIDEO,UNKNOWN,UNVERIFIED,SEASON,INFERRED,NEEDS_REVIEW,NEEDS_REVIEW,2026-08-05T10:38:46.000Z,3237,12581,,,available,7Kw6a9f9wseVSZBaW,https://www.youtube.com/watch?v=9plPYoyb1ew
youtube,nfMSnaLCs1A,https://www.youtube.com/watch?v=nfMSnaLCs1A,GDHAHA,GDHAHA_S1,"HAHA KHÔNG ""ZẤU"" | Má Bảo ê hề khi thu hoạch muối và cái kết",VIDEO,UNKNOWN,PRIMARY_PRODUCER_BROADCASTER,SEASON,OFFICIAL_PLAYLIST_COLLECTION,NEEDS_REVIEW,NEEDS_REVIEW,2026-05-10T13:30:52.000Z,1007,35782,,,available,7Kw6a9f9wseVSZBaW,https://www.youtube.com/watch?v=nfMSnaLCs1A
youtube,qEK0-koqJH8,https://www.youtube.com/watch?v=qEK0-koqJH8,GDHAHA,GDHAHA_S1,Cùng nhìn lại những tiết mục hát hò vừa hay vừa hề của Dàn Cast | Gia Đình Haha [Chặng Đặc Biệt],VIDEO,RECAP,UNVERIFIED,SEASON,INFERRED,NEEDS_REVIEW,NEEDS_REVIEW,2026-03-23T13:01:31.000Z,3140,18755,,,available,7Kw6a9f9wseVSZBaW,https://www.youtube.com/watch?v=qEK0-koqJH8
youtube,rxANURL_oUA,https://www.youtube.com/watch?v=rxANURL_oUA,GDHAHA,GDHAHA_S1,90% là âm nhạc: Thanh Duy bùng nổ giọng hát đỉnh cao | Gia Đình Haha,VIDEO,UNKNOWN,UNVERIFIED,SEASON,INFERRED,NEEDS_REVIEW,NEEDS_REVIEW,2025-08-15T11:01:33.000Z,856,67761,,,available,7Kw6a9f9wseVSZBaW,https://www.youtube.com/watch?v=rxANURL_oUA
youtube,FdlwiuUumn4,https://www.youtube.com/watch?v=FdlwiuUumn4,GDHAHA,GDHAHA_S1,"HAHA KHÔNG ""ZẤU"" | Má Bảo thoại câu nào chấn động câu đó & loạt thả miếng ê hề của Dàn Cast",VIDEO,UNKNOWN,PRIMARY_PRODUCER_BROADCASTER,SEASON,OFFICIAL_PLAYLIST_COLLECTION,NEEDS_REVIEW,NEEDS_REVIEW,2026-06-03T13:00:06.000Z,1020,56696,,,available,7Kw6a9f9wseVSZBaW,https://www.youtube.com/watch?v=FdlwiuUumn4
youtube,U4xrm1V9aBE,https://www.youtube.com/watch?v=U4xrm1V9aBE,GDHAHA,GDHAHA_S1,Gia Đình HaHa Core [BST 4] | Tổng hợp những tiểu phẩm của Dàn Cast tại Bản Liền,VIDEO,COMPILATION,OFFICIAL_DISTRIBUTION_PARTNER,SEASON,OFFICIAL_PLAYLIST_COLLECTION,ACCEPTED,ACCEPTED,2026-05-22T13:00:43.000Z,2979,15156,,,available,7Kw6a9f9wseVSZBaW,https://www.youtube.com/watch?v=U4xrm1V9aBE
youtube,-udZ-0Xma_E,https://www.youtube.com/watch?v=-udZ-0Xma_E,GDHAHA,GDHAHA_S1,Dàn Cast giải trí đào mương chill chill ở Miền Tây kiểu | Gia Đình HaHa [HIGHLIGHT],VIDEO,HIGHLIGHT,PRIMARY_PRODUCER_BROADCASTER,SEASON,OFFICIAL_PLAYLIST_COLLECTION,ACCEPTED,ACCEPTED,2026-06-04T13:30:07.000Z,10100,14635,,,available,7Kw6a9f9wseVSZBaW,https://www.youtube.com/watch?v=-udZ-0Xma_E
youtube,L7Rfx0bxNsM,https://www.youtube.com/watch?v=L7Rfx0bxNsM,GDHAHA,GDHAHA_S1,(S)TRONG Trọng Hiếu và loạt câu hỏi “vì sao” khiến cả nhà đứng hình | Gia Đình Haha,VIDEO,UNKNOWN,UNVERIFIED,SEASON,INFERRED,NEEDS_REVIEW,NEEDS_REVIEW,2025-09-26T10:00:45.000Z,1383,57118,,,available,7Kw6a9f9wseVSZBaW,https://www.youtube.com/watch?v=L7Rfx0bxNsM
youtube,6nsyqg_xhkg,https://www.youtube.com/watch?v=6nsyqg_xhkg,GDHAHA,GDHAHA_S1,(Reaction) Gia Đình Haha [Chặng Đặc Biệt] - Tập 19 (P1),VIDEO,REACTION_COMMENTARY,UNVERIFIED,EPISODE,INFERRED,NEEDS_REVIEW,NEEDS_REVIEW,2026-02-23T13:00:11.000Z,4972,2729,,,available,7Kw6a9f9wseVSZBaW,https://www.youtube.com/watch?v=6nsyqg_xhkg
youtube,W1cvZqVOF4I,https://www.youtube.com/watch?v=W1cvZqVOF4I,GDHAHA,GDHAHA_S1,Khoảnh khắc chơi nối từ bùng nổ tiếng cười của dàn cast Haha và chú thím Chín | Gia Đình Haha,VIDEO,HIGHLIGHT,UNVERIFIED,SEASON,INFERRED,NEEDS_REVIEW,NEEDS_REVIEW,2025-08-26T13:38:51.000Z,1096,94538,,,available,7Kw6a9f9wseVSZBaW,https://www.youtube.com/watch?v=W1cvZqVOF4I
youtube,PXLU68rzOME,https://www.youtube.com/watch?v=PXLU68rzOME,GDHAHA,GDHAHA_S1,Gia Đình Haha - FULL CHẶNG 4 | Hành trình Đắk Lắk khép lại trong sự thấu hiểu và cảm thông,VIDEO,UNKNOWN,PRIMARY_PRODUCER,SEASON,OFFICIAL_PLAYLIST_COLLECTION,NEEDS_REVIEW,NEEDS_REVIEW,2025-09-27T02:00:06.000Z,42100,176135,,,available,7Kw6a9f9wseVSZBaW,https://www.youtube.com/watch?v=PXLU68rzOME
youtube,8m7GugS6Wq8,https://www.youtube.com/watch?v=8m7GugS6Wq8,GDHAHA,GDHAHA_S1,"Gia Đình Haha - Tập 9 | Ái Phương bất ngờ góp mặt, Thử thách thu hoạch mật ong thêm kịch tính",VIDEO,CAST_CONTENT,PRIMARY_PRODUCER_BROADCASTER,EPISODE,OFFICIAL_PLAYLIST_COLLECTION,NEEDS_REVIEW,CANONICAL_OVERLAP,2025-08-09T13:30:06.000Z,10866,6569262,,,available,7Kw6a9f9wseVSZBaW,https://www.youtube.com/watch?v=8m7GugS6Wq8
youtube,-oDRqSVjVGY,https://www.youtube.com/watch?v=-oDRqSVjVGY,GDHAHA,GDHAHA_S1,Gia Đình Haha - FULL CHẶNG 2 | Những ký ức đậm sâu cùng Gia Đình Haha tại Quảng Ngãi,VIDEO,UNKNOWN,PRIMARY_PRODUCER,SEASON,OFFICIAL_PLAYLIST_COLLECTION,NEEDS_REVIEW,NEEDS_REVIEW,2025-08-09T04:00:06.000Z,30385,475716,,,available,7Kw6a9f9wseVSZBaW,https://www.youtube.com/watch?v=-oDRqSVjVGY
youtube,QRH9-zk2vWI,https://www.youtube.com/watch?v=QRH9-zk2vWI,GDHAHA,GDHAHA_S1,Gia Đình Haha - FULL CHẶNG 3 | Hành trình Miền Tây khép lại trong yêu thương và xúc động,VIDEO,UNKNOWN,PRIMARY_PRODUCER,SEASON,OFFICIAL_PLAYLIST_COLLECTION,NEEDS_REVIEW,NEEDS_REVIEW,2025-08-30T01:00:06.000Z,41860,674283,,,available,7Kw6a9f9wseVSZBaW,https://www.youtube.com/watch?v=QRH9-zk2vWI
youtube,VOUDn31Zy6M,https://www.youtube.com/watch?v=VOUDn31Zy6M,GDHAHA,GDHAHA_S1,Gia Đình Haha [ CHUYỆN CHƯA KỂ ] | Cứ ngỡ lên Bản Liền là du lịch nhưng dàn Cast đâu ngờ,VIDEO,UNKNOWN,PRIMARY_PRODUCER,SEASON,OFFICIAL_PLAYLIST_COLLECTION,NEEDS_REVIEW,NEEDS_REVIEW,2026-02-12T05:00:39.000Z,7934,54628,,,available,7Kw6a9f9wseVSZBaW,https://www.youtube.com/watch?v=VOUDn31Zy6M
youtube,wkSxi9bxuac,https://www.youtube.com/watch?v=wkSxi9bxuac,GDHAHA,GDHAHA_S1,"""Về Đây Chơi Nghen"" được Bùi Công Nam, Rhymastic sáng tác trong chặng cuối ở Miền Tây| Gia Đình Haha",VIDEO,UNKNOWN,UNVERIFIED,SEASON,INFERRED,NEEDS_REVIEW,NEEDS_REVIEW,2025-08-24T13:01:47.000Z,676,96378,,,available,7Kw6a9f9wseVSZBaW,https://www.youtube.com/watch?v=wkSxi9bxuac
youtube,AnW4-IJdPhA,https://www.youtube.com/watch?v=AnW4-IJdPhA,GDHAHA,GDHAHA_S1,"Gia Đình Haha - Tập 4 | Dàn cast mở concert bên bờ suối, Chị Thông bật khóc ngày tạm biệt",VIDEO,PERFORMANCE,PRIMARY_PRODUCER_BROADCASTER,EPISODE,OFFICIAL_PLAYLIST_COLLECTION,NEEDS_REVIEW,CANONICAL_OVERLAP,2025-07-05T13:30:06.000Z,12193,7597819,,,available,7Kw6a9f9wseVSZBaW,https://www.youtube.com/watch?v=AnW4-IJdPhA
youtube,kR1eKZoPde8,https://www.youtube.com/watch?v=kR1eKZoPde8,GDHAHA,GDHAHA_S1,Gia Đình Haha [Chặng Đặc Biệt] - Tập 16 | Ngày trở về Bản Liền mà ồn ơi là ồn,VIDEO,UNKNOWN,PRIMARY_PRODUCER,EPISODE,OFFICIAL_PLAYLIST_COLLECTION,NEEDS_REVIEW,NEEDS_REVIEW,2026-02-09T12:06:46.000Z,5329,24694,,,available,7Kw6a9f9wseVSZBaW,https://www.youtube.com/watch?v=kR1eKZoPde8
youtube,yFmxcQ-_3M0,https://www.youtube.com/watch?v=yFmxcQ-_3M0,GDHAHA,GDHAHA_S1,Gia Đình Haha | Cười xỉu với loạt game khiến dàn Cast Haha mất bình tĩnh,VIDEO,UNKNOWN,UNVERIFIED,SEASON,INFERRED,NEEDS_REVIEW,NEEDS_REVIEW,2025-07-23T13:30:06.000Z,2369,332414,,,available,7Kw6a9f9wseVSZBaW,https://www.youtube.com/watch?v=yFmxcQ-_3M0
youtube,q0tvU2MFyVA,https://www.youtube.com/watch?v=q0tvU2MFyVA&list=RDq0tvU2MFyVA&start_radio=1,GDHAHA,GDHAHA_S1,"Những Ngày Trời Bao La | Bùi Công Nam, Jun Phạm, Rhymastic, Ngọc Thanh Tâm, Duy Khánh  | Official MV",VIDEO,MUSIC_ASSET,UNVERIFIED,SEASON,INFERRED,NEEDS_REVIEW,NEEDS_REVIEW,2025-06-12T13:30:06.000Z,267,8803186,,,available,7Kw6a9f9wseVSZBaW,https://www.youtube.com/watch?v=q0tvU2MFyVA&list=RDq0tvU2MFyVA&start_radio=1
youtube,RLSklqoV6rU,https://www.youtube.com/watch?v=RLSklqoV6rU,GDHAHA,GDHAHA_S1,Khoảnh khắc chạm tim của chị Thông và dàn cast ngày trở về Bản Liền | Gia Đình Haha [Chặng Đặc Biệt],VIDEO,HIGHLIGHT,UNVERIFIED,SEASON,INFERRED,NEEDS_REVIEW,NEEDS_REVIEW,2026-01-26T13:00:51.000Z,1134,15919,,,available,7Kw6a9f9wseVSZBaW,https://www.youtube.com/watch?v=RLSklqoV6rU
youtube,egFpeoHYydI,https://www.youtube.com/watch?v=egFpeoHYydI,GDHAHA,GDHAHA_S1,"HAHA KHÔNG ""ZẤU"" | Má Bảo dí Bùi Công Nam tới cùng và cái kết hài xỉu",VIDEO,UNKNOWN,PRIMARY_PRODUCER_BROADCASTER,SEASON,OFFICIAL_PLAYLIST_COLLECTION,NEEDS_REVIEW,NEEDS_REVIEW,2026-06-17T13:00:24.000Z,778,20676,,,available,7Kw6a9f9wseVSZBaW,https://www.youtube.com/watch?v=egFpeoHYydI
youtube,jo1bQmCdJtg,https://www.youtube.com/watch?v=jo1bQmCdJtg,GDHAHA,GDHAHA_S1,"HAHA KHÔNG ""ZẤU"" | Bữa sáng rộn ràng đầy tiếng cười tại nhà Chú Điệp",VIDEO,UNKNOWN,PRIMARY_PRODUCER_BROADCASTER,SEASON,OFFICIAL_PLAYLIST_COLLECTION,NEEDS_REVIEW,NEEDS_REVIEW,2026-03-25T13:30:51.000Z,1256,109102,,,available,7Kw6a9f9wseVSZBaW,https://www.youtube.com/watch?v=jo1bQmCdJtg
youtube,1XGqcIT9vN8,https://www.youtube.com/watch?v=1XGqcIT9vN8,GDHAHA,GDHAHA_S1,"MÙA HÈ TẠI MIỀN TÂY | Cảnh thì thơ, còn Dàn Cast thì “tấu hài” không nghỉ",VIDEO,UNKNOWN,PRIMARY_PRODUCER_BROADCASTER,SEASON,OFFICIAL_PLAYLIST_COLLECTION,NEEDS_REVIEW,NEEDS_REVIEW,2026-04-23T13:00:09.000Z,17257,301575,,,available,7Kw6a9f9wseVSZBaW,https://www.youtube.com/watch?v=1XGqcIT9vN8
youtube,UGkPkY8oYTQ,https://www.youtube.com/watch?v=UGkPkY8oYTQ,GDHAHA,GDHAHA_S1,Gia Đình HaHa Core [BST 9] | Loạt những pha độc mồm độc miệng cực hài của Duy Khánh & Bùi Công Nam,VIDEO,UNKNOWN,OFFICIAL_DISTRIBUTION_PARTNER,SEASON,OFFICIAL_PLAYLIST_COLLECTION,NEEDS_REVIEW,NEEDS_REVIEW,2026-05-27T13:00:39.000Z,2994,33074,,,available,7Kw6a9f9wseVSZBaW,https://www.youtube.com/watch?v=UGkPkY8oYTQ
youtube,EcLenvocxF0,https://www.youtube.com/watch?v=EcLenvocxF0,GDHAHA,GDHAHA_S1,"HAHA KHÔNG ""ZẤU"" | BÙI CÔNG NAM BỊ MINH TUYẾT PHŨ, JUN PHẠM ""TƯƠNG TÁC"" DUY KHÁNH VÌ ÂM MƯU MỜ ÁM",VIDEO,UNKNOWN,PRIMARY_PRODUCER_BROADCASTER,SEASON,OFFICIAL_PLAYLIST_COLLECTION,NEEDS_REVIEW,NEEDS_REVIEW,2025-10-15T13:00:36.000Z,1588,113494,,,available,7Kw6a9f9wseVSZBaW,https://www.youtube.com/watch?v=EcLenvocxF0
youtube,NM55UutDBwM,https://www.youtube.com/watch?v=NM55UutDBwM,GDHAHA,GDHAHA_S1,Gia Đình Haha [Chặng Đặc Biệt] - HÉ LỘ TẬP 19 | Duy Khánh bị “QUÊ XỆ” vì anh Ba Nam và Bé Tôm?,VIDEO,UNKNOWN,OFFICIAL_DISTRIBUTION_PARTNER,EPISODE,OFFICIAL_PLAYLIST_COLLECTION,NEEDS_REVIEW,NEEDS_REVIEW,2026-02-06T13:30:24.000Z,300,18544,,,available,7Kw6a9f9wseVSZBaW,https://www.youtube.com/watch?v=NM55UutDBwM
youtube,U1KV3zwSWH4,https://www.youtube.com/watch?v=U1KV3zwSWH4,GDHAHA,GDHAHA_S1,"Gia Đình Haha [Chặng Đặc Biệt] - Tập 18 | Đi Hái Trà cứ ngỡ đi diễn tiểu phẩm, Dàn Cast ồn ơi ồn",VIDEO,UNKNOWN,PRIMARY_PRODUCER,EPISODE,OFFICIAL_PLAYLIST_COLLECTION,NEEDS_REVIEW,NEEDS_REVIEW,2026-02-13T11:00:53.000Z,4748,66664,,,available,7Kw6a9f9wseVSZBaW,https://www.youtube.com/watch?v=U1KV3zwSWH4
youtube,-LBiZymfNOQ,https://www.youtube.com/watch?v=-LBiZymfNOQ,GDHAHA,GDHAHA_S1,Chuyện Nhà HaHa - Tập 03 | Dàn cast SỐNG TRỌN những phút giây cuối được ở Bản Liền…,VIDEO,UNKNOWN,OFFICIAL_DISTRIBUTION_PARTNER,EPISODE,OFFICIAL_PLAYLIST_COLLECTION,NEEDS_REVIEW,NEEDS_REVIEW,2025-07-08T13:30:06.000Z,4895,942274,,,available,7Kw6a9f9wseVSZBaW,https://www.youtube.com/watch?v=-LBiZymfNOQ
youtube,dKkRUfavCOU,https://www.youtube.com/watch?v=dKkRUfavCOU&list=RDdKkRUfavCOU&start_radio=1,GDHAHA,GDHAHA_S1,"Liên khúc nhạc Gia Đình Haha sôi động - Jun Phạm, Rhymastic, Bùi Công Nam, Ngọc Thanh Tâm, Duy Khánh",VIDEO,UNKNOWN,UNVERIFIED,SEASON,INFERRED,NEEDS_REVIEW,NEEDS_REVIEW,2026-01-15T13:20:28.000Z,454,223197,,,available,7Kw6a9f9wseVSZBaW,https://www.youtube.com/watch?v=dKkRUfavCOU&list=RDdKkRUfavCOU&start_radio=1
youtube,RFYSM1iU9zc,https://www.youtube.com/watch?v=RFYSM1iU9zc,GDHAHA,GDHAHA_S1,Dàn Cast sum vầy bên bếp và sự tích đôi dép biết bay của Jun Phạm tặng cho Duy Khánh | Gia Đình Haha,VIDEO,UNKNOWN,UNVERIFIED,SEASON,INFERRED,NEEDS_REVIEW,NEEDS_REVIEW,2026-05-26T04:38:59.000Z,9019,35305,,,available,7Kw6a9f9wseVSZBaW,https://www.youtube.com/watch?v=RFYSM1iU9zc
youtube,KUU3O9WvC9U,https://www.youtube.com/watch?v=KUU3O9WvC9U,GDHAHA,GDHAHA_S1,Gia đình Haha - Chặng 4 Full | Đắk Lắk – Nơi lưu giữ bao yêu thương khó quên,VIDEO,UNKNOWN,PRIMARY_PRODUCER_BROADCASTER,SEASON,OFFICIAL_PLAYLIST_COLLECTION,NEEDS_REVIEW,NEEDS_REVIEW,2025-09-28T11:00:06.000Z,42002,317351,,,available,7Kw6a9f9wseVSZBaW,https://www.youtube.com/watch?v=KUU3O9WvC9U
youtube,c8x7Tqt1_ro,https://www.youtube.com/watch?v=c8x7Tqt1_ro,GDHAHA,GDHAHA_S1,Gia đình Haha - Chặng 3 Full | Miền Tây – Nơi chan chứa những tình cảm bất ngờ,VIDEO,UNKNOWN,PRIMARY_PRODUCER_BROADCASTER,SEASON,OFFICIAL_PLAYLIST_COLLECTION,NEEDS_REVIEW,NEEDS_REVIEW,2025-09-28T01:00:06.000Z,41913,607432,,,available,7Kw6a9f9wseVSZBaW,https://www.youtube.com/watch?v=c8x7Tqt1_ro
youtube,FZEmv_ITbRQ,https://www.youtube.com/watch?v=FZEmv_ITbRQ,GDHAHA,GDHAHA_S1,(REACTION) GIA ĐÌNH HA HA TẬP 12| Lạc lối với chiến thần ngôn ngữ Y Xì Tron tại Đắk Lắk,VIDEO,REACTION_COMMENTARY,UNVERIFIED,EPISODE,INFERRED,NEEDS_REVIEW,NEEDS_REVIEW,2025-09-01T04:44:01.000Z,11676,13225,,,available,7Kw6a9f9wseVSZBaW,https://www.youtube.com/watch?v=FZEmv_ITbRQ
youtube,CIh5yer5S5Y,https://www.youtube.com/watch?v=CIh5yer5S5Y,GDHAHA,GDHAHA_S1,Gia Đình HaHa - EP 12 | Dàn Cast trải nghiệm về quê Bùi Công Nam và cái kết,VIDEO,UNKNOWN,PRIMARY_PRODUCER,EPISODE,OFFICIAL_PLAYLIST_COLLECTION,NEEDS_REVIEW,NEEDS_REVIEW,2025-10-08T14:00:26.000Z,4662,17772,,,available,7Kw6a9f9wseVSZBaW,https://www.youtube.com/watch?v=CIh5yer5S5Y
youtube,TlvigQNLvrU,https://www.youtube.com/watch?v=TlvigQNLvrU,GDHAHA,GDHAHA_S1,"Chuyện Nhà HaHa - Tập 12 | Bùi Công Nam, Ngọc Thanh Tâm “CẠN LỜI” vì (S)TRONG?",VIDEO,UNKNOWN,OFFICIAL_DISTRIBUTION_PARTNER,EPISODE,OFFICIAL_PLAYLIST_COLLECTION,NEEDS_REVIEW,NEEDS_REVIEW,2025-09-09T13:30:06.000Z,3218,512496,,,available,7Kw6a9f9wseVSZBaW,https://www.youtube.com/watch?v=TlvigQNLvrU
youtube,DKFo-oYseQU,https://www.youtube.com/watch?v=DKFo-oYseQU&list=PLC_d5n_vB0CptpsuXpJwuxHpwWxlv1Tme&index=3,SNN,SNN_S1,Kem Xôi TV: Tập 1 | Lũ đàn ông bội bạc | Kem Xôi TV Season 3 | Hài Ngắn Hay Nhất 2022,VIDEO,UNKNOWN,UNVERIFIED,EPISODE,INFERRED,NEEDS_REVIEW,NEEDS_REVIEW,2022-07-28T14:00:13.000Z,532,134700,,,available,LbLnX8ftJbCHFUF5q,https://www.youtube.com/watch?v=DKFo-oYseQU&list=PLC_d5n_vB0CptpsuXpJwuxHpwWxlv1Tme&index=3
youtube,xUfuXW0HlUA,https://www.youtube.com/watch?v=xUfuXW0HlUA&list=PLC_d5n_vB0CptpsuXpJwuxHpwWxlv1Tme&index=4,SNN,SNN_S1,"TẬP 1 I MẸ VẮNG NHÀ BA LÀ SIÊU NHÂN l Khắc Việt, JustaTee, Đức Thịnh, L. Thế Thành làm ""siêu nhân""",VIDEO,UNKNOWN,OFFICIAL_SHOW_CHANNEL,EPISODE,OFFICIAL_PLAYLIST_COLLECTION,NEEDS_REVIEW,NEEDS_REVIEW,2022-04-28T14:30:13.000Z,3148,2985602,,,available,LbLnX8ftJbCHFUF5q,https://www.youtube.com/watch?v=xUfuXW0HlUA&list=PLC_d5n_vB0CptpsuXpJwuxHpwWxlv1Tme&index=4
youtube,Xj0s1aG2gNo,https://www.youtube.com/watch?v=Xj0s1aG2gNo&list=PLC_d5n_vB0CptpsuXpJwuxHpwWxlv1Tme&index=1,SNN,SNN_S1,"[Full] Thanh Duy và hành trình ""VƯỢT NGÀN CHÔNG GAI"" tại Sao Nhập Ngũ #saonhapngu #thanhduy",VIDEO,COMPILATION,OFFICIAL_SHOW_CHANNEL,SEASON,OFFICIAL_PLAYLIST_COLLECTION,ACCEPTED,ACCEPTED,2025-03-07T13:00:52.000Z,5872,216520,,,available,LbLnX8ftJbCHFUF5q,https://www.youtube.com/watch?v=Xj0s1aG2gNo&list=PLC_d5n_vB0CptpsuXpJwuxHpwWxlv1Tme&index=1
youtube,DKFo-oYseQU,https://www.youtube.com/watch?v=DKFo-oYseQU&list=PLC_d5n_vB0CrwHkJz3hUNhzdEMhzHiIvg&index=2,SNN,SNN_S2,Kem Xôi TV: Tập 1 | Lũ đàn ông bội bạc | Kem Xôi TV Season 3 | Hài Ngắn Hay Nhất 2022,VIDEO,UNKNOWN,UNVERIFIED,EPISODE,INFERRED,NEEDS_REVIEW,NEEDS_REVIEW,2022-07-28T14:00:13.000Z,532,134700,,,available,u3NnKFTFOhAhHDDJz,https://www.youtube.com/watch?v=DKFo-oYseQU&list=PLC_d5n_vB0CrwHkJz3hUNhzdEMhzHiIvg&index=2
youtube,xUfuXW0HlUA,https://www.youtube.com/watch?v=xUfuXW0HlUA&list=PLC_d5n_vB0CrwHkJz3hUNhzdEMhzHiIvg&index=3,SNN,SNN_S2,"TẬP 1 I MẸ VẮNG NHÀ BA LÀ SIÊU NHÂN l Khắc Việt, JustaTee, Đức Thịnh, L. Thế Thành làm ""siêu nhân""",VIDEO,UNKNOWN,OFFICIAL_SHOW_CHANNEL,EPISODE,OFFICIAL_PLAYLIST_COLLECTION,NEEDS_REVIEW,NEEDS_REVIEW,2022-04-28T14:30:13.000Z,3148,2985599,,,available,u3NnKFTFOhAhHDDJz,https://www.youtube.com/watch?v=xUfuXW0HlUA&list=PLC_d5n_vB0CrwHkJz3hUNhzdEMhzHiIvg&index=3
youtube,4OMVZNCm4ZA,https://www.youtube.com/watch?v=4OMVZNCm4ZA&list=PLC_d5n_vB0CrwHkJz3hUNhzdEMhzHiIvg&index=6,SNN,SNN_S2,"Sao nhập ngũ (SS2): TTBL | Tập 4 : Thử Thách Bản Lĩnh - Hot boy ""mong manh"" gục ngã trước giá lạnh",VIDEO,CAST_CONTENT,OFFICIAL_SHOW_CHANNEL,EPISODE,OFFICIAL_PLAYLIST_COLLECTION,NEEDS_REVIEW,CANONICAL_OVERLAP,2017-04-02T13:00:00.000Z,1739,1918653,,,available,u3NnKFTFOhAhHDDJz,https://www.youtube.com/watch?v=4OMVZNCm4ZA&list=PLC_d5n_vB0CrwHkJz3hUNhzdEMhzHiIvg&index=6
youtube,P4sLIqzsPGk,https://www.youtube.com/watch?v=P4sLIqzsPGk&list=PLC_d5n_vB0Cp3lgS7G06G9w1mChbxZUf_&index=8,SNN,SNN_S3,Sao nhập ngũ (SS3): KLT | Tập 8: Thử thách cuối cùng,VIDEO,CAST_CONTENT,OFFICIAL_SHOW_CHANNEL,EPISODE,OFFICIAL_PLAYLIST_COLLECTION,NEEDS_REVIEW,CANONICAL_OVERLAP,2017-09-10T03:39:12.000Z,1855,1408175,,,available,gLvCiuze5YXQxE3Ha,https://www.youtube.com/watch?v=P4sLIqzsPGk&list=PLC_d5n_vB0Cp3lgS7G06G9w1mChbxZUf_&index=8
youtube,xUfuXW0HlUA,https://www.youtube.com/watch?v=xUfuXW0HlUA&list=PLC_d5n_vB0CoGXjo5DpopjFxHny_Ep9hH&index=3,SNN,SNN_S5,"TẬP 1 I MẸ VẮNG NHÀ BA LÀ SIÊU NHÂN l Khắc Việt, JustaTee, Đức Thịnh, L. Thế Thành làm ""siêu nhân""",VIDEO,UNKNOWN,OFFICIAL_SHOW_CHANNEL,EPISODE,OFFICIAL_PLAYLIST_COLLECTION,NEEDS_REVIEW,NEEDS_REVIEW,2022-04-28T14:30:13.000Z,3148,2985602,,,available,ghsYKcYOGoFFvhmmg,https://www.youtube.com/watch?v=xUfuXW0HlUA&list=PLC_d5n_vB0CoGXjo5DpopjFxHny_Ep9hH&index=3
youtube,JZM_FC5vnoI,https://www.youtube.com/watch?v=JZM_FC5vnoI&list=PLC_d5n_vB0CoGXjo5DpopjFxHny_Ep9hH&index=1,SNN,SNN_S5,Thử thách đầu tiên - TẬP 1 | Sao nhập ngũ (SS5) : Không Gục Ngã,VIDEO,CAST_CONTENT,OFFICIAL_SHOW_CHANNEL,EPISODE,OFFICIAL_PLAYLIST_COLLECTION,NEEDS_REVIEW,CANONICAL_OVERLAP,2018-05-19T13:00:06.000Z,1831,1957206,,,available,ghsYKcYOGoFFvhmmg,https://www.youtube.com/watch?v=JZM_FC5vnoI&list=PLC_d5n_vB0CoGXjo5DpopjFxHny_Ep9hH&index=1
youtube,DKFo-oYseQU,https://www.youtube.com/watch?v=DKFo-oYseQU&list=PLC_d5n_vB0CoGXjo5DpopjFxHny_Ep9hH&index=2,SNN,SNN_S5,Kem Xôi TV: Tập 1 | Lũ đàn ông bội bạc | Kem Xôi TV Season 3 | Hài Ngắn Hay Nhất 2022,VIDEO,UNKNOWN,UNVERIFIED,EPISODE,INFERRED,NEEDS_REVIEW,NEEDS_REVIEW,2022-07-28T14:00:13.000Z,532,134700,,,available,ghsYKcYOGoFFvhmmg,https://www.youtube.com/watch?v=DKFo-oYseQU&list=PLC_d5n_vB0CoGXjo5DpopjFxHny_Ep9hH&index=2
youtube,28sPWDuiFfo,https://www.youtube.com/watch?v=28sPWDuiFfo&list=PLC_d5n_vB0CphKjGtYpd6u7LJvJ9l3WCd&index=7,SNN,SNN_S6,Thầy trò Đường Tăng vượt 8km đường rừng chật vật | Tập 6 - 8km đường rừng,VIDEO,UNKNOWN,OFFICIAL_SHOW_CHANNEL,EPISODE,OFFICIAL_PLAYLIST_COLLECTION,NEEDS_REVIEW,NEEDS_REVIEW,2018-08-18T08:00:01.000Z,1818,570744,,,available,mdhkYFZw37CBLWLMe,https://www.youtube.com/watch?v=28sPWDuiFfo&list=PLC_d5n_vB0CphKjGtYpd6u7LJvJ9l3WCd&index=7
youtube,xUfuXW0HlUA,https://www.youtube.com/watch?v=xUfuXW0HlUA&list=PLC_d5n_vB0CphKjGtYpd6u7LJvJ9l3WCd&index=1,SNN,SNN_S6,"TẬP 1 I MẸ VẮNG NHÀ BA LÀ SIÊU NHÂN l Khắc Việt, JustaTee, Đức Thịnh, L. Thế Thành làm ""siêu nhân""",VIDEO,UNKNOWN,OFFICIAL_SHOW_CHANNEL,EPISODE,OFFICIAL_PLAYLIST_COLLECTION,NEEDS_REVIEW,NEEDS_REVIEW,2022-04-28T14:30:13.000Z,3148,2985602,,,available,mdhkYFZw37CBLWLMe,https://www.youtube.com/watch?v=xUfuXW0HlUA&list=PLC_d5n_vB0CphKjGtYpd6u7LJvJ9l3WCd&index=1
youtube,auHnlXFV3Pk,https://www.youtube.com/watch?v=auHnlXFV3Pk&list=PLC_d5n_vB0CphKjGtYpd6u7LJvJ9l3WCd&index=3,SNN,SNN_S6,"Đại Nhân, Xuân Nghị, Juun Đăng Dũng vật vã vượt qua thử thách| Tập 2 - Bí mật sau chiếc mặt nạ",VIDEO,CAST_CONTENT,OFFICIAL_SHOW_CHANNEL,EPISODE,OFFICIAL_PLAYLIST_COLLECTION,ACCEPTED,ACCEPTED,2018-07-21T08:09:59.000Z,1824,2154173,,,available,mdhkYFZw37CBLWLMe,https://www.youtube.com/watch?v=auHnlXFV3Pk&list=PLC_d5n_vB0CphKjGtYpd6u7LJvJ9l3WCd&index=3
youtube,9EwdT_JGCBk,https://www.youtube.com/watch?v=9EwdT_JGCBk&list=PLC_d5n_vB0CphKjGtYpd6u7LJvJ9l3WCd&index=4,SNN,SNN_S6,"Sốc với bản lĩnh của Đại Nhân, Xuân Nghị và Juun | Tập 3 - Không khoan nhượng",VIDEO,UNKNOWN,OFFICIAL_SHOW_CHANNEL,EPISODE,OFFICIAL_PLAYLIST_COLLECTION,NEEDS_REVIEW,NEEDS_REVIEW,2018-07-28T08:00:00.000Z,1730,1395939,,,available,mdhkYFZw37CBLWLMe,https://www.youtube.com/watch?v=9EwdT_JGCBk&list=PLC_d5n_vB0CphKjGtYpd6u7LJvJ9l3WCd&index=4
youtube,IBGnrO4nf40,https://www.youtube.com/watch?v=IBGnrO4nf40&list=PLC_d5n_vB0CphKjGtYpd6u7LJvJ9l3WCd&index=6,SNN,SNN_S6,"Đại Nhân bật khóc, Juun Đăng Dũng ngất trên thao trường | Tập 4 - Bước chuyển",VIDEO,UNKNOWN,OFFICIAL_SHOW_CHANNEL,EPISODE,OFFICIAL_PLAYLIST_COLLECTION,NEEDS_REVIEW,NEEDS_REVIEW,2018-08-04T08:00:00.000Z,1759,1392267,,,available,mdhkYFZw37CBLWLMe,https://www.youtube.com/watch?v=IBGnrO4nf40&list=PLC_d5n_vB0CphKjGtYpd6u7LJvJ9l3WCd&index=6
youtube,ODSk3vAIFqc,https://www.youtube.com/watch?v=ODSk3vAIFqc&list=PLC_d5n_vB0CqDKc1F_pBYsL8ma1oaAP4n&index=14,SNN,SNN_S8,"Trailer Tập 2 - Sao nhập ngũ Mùa 8 | Mạc Văn Khoa, Quang Đăng, Mr T - Cận Chiến Như Aquaman",VIDEO,TEASER_PREVIEW,OFFICIAL_SHOW_CHANNEL,EPISODE,OFFICIAL_PLAYLIST_COLLECTION,ACCEPTED,ACCEPTED,2019-01-10T09:00:02.000Z,74,258872,,,available,COSBd4Rgf6dS5Wpji,https://www.youtube.com/watch?v=ODSk3vAIFqc&list=PLC_d5n_vB0CqDKc1F_pBYsL8ma1oaAP4n&index=14
youtube,ZWKYPJqYRaY,https://www.youtube.com/watch?v=ZWKYPJqYRaY&list=PLC_d5n_vB0CqDKc1F_pBYsL8ma1oaAP4n&index=13,SNN,SNN_S8,"Trailer Tập 3 - Sao nhập ngũ Mùa 8 | Mạc Văn Khoa, Mr T, Quang Đăng",VIDEO,TEASER_PREVIEW,OFFICIAL_SHOW_CHANNEL,EPISODE,OFFICIAL_PLAYLIST_COLLECTION,ACCEPTED,ACCEPTED,2019-01-17T09:00:03.000Z,63,71541,,,available,COSBd4Rgf6dS5Wpji,https://www.youtube.com/watch?v=ZWKYPJqYRaY&list=PLC_d5n_vB0CqDKc1F_pBYsL8ma1oaAP4n&index=13
youtube,wxqjWV-a0xo,https://www.youtube.com/watch?v=wxqjWV-a0xo&list=PLC_d5n_vB0CqDKc1F_pBYsL8ma1oaAP4n&index=18,SNN,SNN_S8,"Trailer Tập 7 - Sao nhập ngũ Mùa 8 | Mạc Văn Khoa, Quang Đăng, Mr T - Quên cả đớn đau",VIDEO,TEASER_PREVIEW,OFFICIAL_SHOW_CHANNEL,EPISODE,OFFICIAL_PLAYLIST_COLLECTION,ACCEPTED,ACCEPTED,2019-02-14T08:00:06.000Z,78,55605,,,available,COSBd4Rgf6dS5Wpji,https://www.youtube.com/watch?v=wxqjWV-a0xo&list=PLC_d5n_vB0CqDKc1F_pBYsL8ma1oaAP4n&index=18
youtube,9Y2Gja2Ktek,https://www.youtube.com/watch?v=9Y2Gja2Ktek&list=PLC_d5n_vB0CqDKc1F_pBYsL8ma1oaAP4n&index=17,SNN,SNN_S8,"Trailer Tập 6 - Sao nhập ngũ Mùa 8 | Mạc Văn Khoa, Mr T, Quang Đăng",VIDEO,TEASER_PREVIEW,OFFICIAL_SHOW_CHANNEL,EPISODE,OFFICIAL_PLAYLIST_COLLECTION,ACCEPTED,ACCEPTED,2019-02-08T08:00:01.000Z,63,34110,,,available,COSBd4Rgf6dS5Wpji,https://www.youtube.com/watch?v=9Y2Gja2Ktek&list=PLC_d5n_vB0CqDKc1F_pBYsL8ma1oaAP4n&index=17
youtube,5o5WWvJm4AE,https://www.youtube.com/watch?v=5o5WWvJm4AE&list=PLC_d5n_vB0CqDKc1F_pBYsL8ma1oaAP4n&index=11,SNN,SNN_S8,Sao nhập ngũ Mùa 8 | Mạc Văn Khoa Xanh Mặt Khi Các Chỉ Huy Bắt Bơi 12km,VIDEO,UNKNOWN,OFFICIAL_SHOW_CHANNEL,SEASON,OFFICIAL_PLAYLIST_COLLECTION,NEEDS_REVIEW,NEEDS_REVIEW,2019-01-08T08:10:01.000Z,179,532078,,,available,COSBd4Rgf6dS5Wpji,https://www.youtube.com/watch?v=5o5WWvJm4AE&list=PLC_d5n_vB0CqDKc1F_pBYsL8ma1oaAP4n&index=11
youtube,8UFgThe73As,https://www.youtube.com/watch?v=8UFgThe73As&list=PLC_d5n_vB0CqDKc1F_pBYsL8ma1oaAP4n&index=19,SNN,SNN_S8,"Sao nhập ngũ Mùa 8 - Hay nhất Tập 7 & 8 - Mạc Văn Khoa, Quang Đăng, Mr T",VIDEO,UNKNOWN,OFFICIAL_SHOW_CHANNEL,EPISODE,OFFICIAL_PLAYLIST_COLLECTION,NEEDS_REVIEW,NEEDS_REVIEW,2019-02-20T08:00:02.000Z,609,342020,,,available,COSBd4Rgf6dS5Wpji,https://www.youtube.com/watch?v=8UFgThe73As&list=PLC_d5n_vB0CqDKc1F_pBYsL8ma1oaAP4n&index=19
youtube,BV-42DTZp3o,https://www.youtube.com/watch?v=BV-42DTZp3o&list=PLC_d5n_vB0CqDKc1F_pBYsL8ma1oaAP4n&index=12,SNN,SNN_S8,Sao nhập ngũ Mùa 8 | Đối Mặt Với Biển - Bật mí các trích đoạn hay nhất Tập 2,VIDEO,UNKNOWN,OFFICIAL_SHOW_CHANNEL,EPISODE,OFFICIAL_PLAYLIST_COLLECTION,NEEDS_REVIEW,NEEDS_REVIEW,2019-01-09T08:00:01.000Z,515,965120,,,available,COSBd4Rgf6dS5Wpji,https://www.youtube.com/watch?v=BV-42DTZp3o&list=PLC_d5n_vB0CqDKc1F_pBYsL8ma1oaAP4n&index=12
youtube,N8n_CEtXev0,https://www.youtube.com/watch?v=N8n_CEtXev0&list=PLC_d5n_vB0CqDKc1F_pBYsL8ma1oaAP4n&index=10,SNN,SNN_S8,"Sao nhập ngũ Mùa 8  - Những pha hài hước bựa nhất Mạc Văn Khoa, Quang Đăng, Mr T",VIDEO,UNKNOWN,OFFICIAL_SHOW_CHANNEL,SEASON,OFFICIAL_PLAYLIST_COLLECTION,NEEDS_REVIEW,NEEDS_REVIEW,2019-01-03T12:57:43.000Z,132,1386197,,,available,COSBd4Rgf6dS5Wpji,https://www.youtube.com/watch?v=N8n_CEtXev0&list=PLC_d5n_vB0CqDKc1F_pBYsL8ma1oaAP4n&index=10
youtube,6jLUP46cwGM,https://www.youtube.com/watch?v=6jLUP46cwGM&list=PLC_d5n_vB0CqDKc1F_pBYsL8ma1oaAP4n&index=16,SNN,SNN_S8,"Trailer Tập 5 - Sao nhập ngũ Mùa 8 | Chạm Ngưỡng Giới Hạn - Mạc Văn Khoa, Quang Đăng, Mr T",VIDEO,TEASER_PREVIEW,OFFICIAL_SHOW_CHANNEL,EPISODE,OFFICIAL_PLAYLIST_COLLECTION,ACCEPTED,ACCEPTED,2019-01-31T08:00:02.000Z,54,47682,,,available,COSBd4Rgf6dS5Wpji,https://www.youtube.com/watch?v=6jLUP46cwGM&list=PLC_d5n_vB0CqDKc1F_pBYsL8ma1oaAP4n&index=16
youtube,BazLzOOmYvM,https://www.youtube.com/watch?v=BazLzOOmYvM&list=PLC_d5n_vB0CqDKc1F_pBYsL8ma1oaAP4n&index=15,SNN,SNN_S8,"Trailer Tập 4 - Sao nhập ngũ Mùa 8 - CHÔN VÙI DƯỚI LÒNG ĐẤT | Mạc Văn Khoa, Quang Đăng, Mr T",VIDEO,TEASER_PREVIEW,OFFICIAL_SHOW_CHANNEL,EPISODE,OFFICIAL_PLAYLIST_COLLECTION,ACCEPTED,ACCEPTED,2019-01-24T08:00:02.000Z,65,48146,,,available,COSBd4Rgf6dS5Wpji,https://www.youtube.com/watch?v=BazLzOOmYvM&list=PLC_d5n_vB0CqDKc1F_pBYsL8ma1oaAP4n&index=15
youtube,4twFlEkVeuU,https://www.youtube.com/watch?v=4twFlEkVeuU&list=PLC_d5n_vB0CqDKc1F_pBYsL8ma1oaAP4n&index=9,SNN,SNN_S8,Sao nhập ngũ Mùa 8 | NHỮNG MÀN RẮC MUỐI BÁ ĐẠO NHẤT | PHẦN I,VIDEO,UNKNOWN,OFFICIAL_SHOW_CHANNEL,SEASON,OFFICIAL_PLAYLIST_COLLECTION,NEEDS_REVIEW,NEEDS_REVIEW,2019-01-14T08:00:00.000Z,626,637013,,,available,COSBd4Rgf6dS5Wpji,https://www.youtube.com/watch?v=4twFlEkVeuU&list=PLC_d5n_vB0CqDKc1F_pBYsL8ma1oaAP4n&index=9
youtube,ycR2wGbLfco,https://www.youtube.com/watch?v=ycR2wGbLfco&list=PLC_d5n_vB0CqDKc1F_pBYsL8ma1oaAP4n&index=4,SNN,SNN_S8,"Sao nhập ngũ Mùa 8 - Tập 4 | Thử thách khốc liệt - Vùi mình dưới cát Mạc Văn Khoa, Mr T, Quang Đăng",VIDEO,CAST_CONTENT,OFFICIAL_SHOW_CHANNEL,EPISODE,OFFICIAL_PLAYLIST_COLLECTION,NEEDS_REVIEW,CANONICAL_OVERLAP,2019-01-25T08:00:15.000Z,1715,2202551,,,available,COSBd4Rgf6dS5Wpji,https://www.youtube.com/watch?v=ycR2wGbLfco&list=PLC_d5n_vB0CqDKc1F_pBYsL8ma1oaAP4n&index=4
youtube,HdxGkZ9cJOc,https://www.youtube.com/watch?v=HdxGkZ9cJOc&list=PLC_d5n_vB0CpiGXxipKjNENU8hkenUgOO&index=17,SNN,SNN_2020,"Tập 11 uncut l SNN 2020 l Diệu Nhi như được ""sinh ra lần 2"", Hậu Hoàng công khai làm nũng Mũi trưởng",VIDEO,UNCUT_EXTENDED,OFFICIAL_SHOW_CHANNEL,EPISODE,OFFICIAL_PLAYLIST_COLLECTION,ACCEPTED,ACCEPTED,2021-02-14T03:00:18.000Z,5003,9907405,,,available,eti2KXKGs9ZT5yGjI,https://www.youtube.com/watch?v=HdxGkZ9cJOc&list=PLC_d5n_vB0CpiGXxipKjNENU8hkenUgOO&index=17
youtube,viWSaUtUBtU,https://www.youtube.com/watch?v=viWSaUtUBtU&list=PLC_d5n_vB0CpiGXxipKjNENU8hkenUgOO&index=21,SNN,SNN_2020,"Sao nhập ngũ 2020 Hóng tập 10: Hậu Hoàng: Người nói tin em đi, Mũi trưởng: Tôi tin!",VIDEO,TEASER_PREVIEW,OFFICIAL_SHOW_CHANNEL,EPISODE,OFFICIAL_PLAYLIST_COLLECTION,ACCEPTED,ACCEPTED,2021-02-05T14:15:36.000Z,135,531929,,,available,eti2KXKGs9ZT5yGjI,https://www.youtube.com/watch?v=viWSaUtUBtU&list=PLC_d5n_vB0CpiGXxipKjNENU8hkenUgOO&index=21
youtube,-k9T8d5PCeM,https://www.youtube.com/watch?v=-k9T8d5PCeM&list=PLC_d5n_vB0CpiGXxipKjNENU8hkenUgOO&index=18,SNN,SNN_2020,"TRAILER TẬP 11 l SNN 2020 l Khánh Vân đam mê súng ống, Mũi trưởng Long trình diễn bắn súng đỉnh cao",VIDEO,TEASER_PREVIEW,OFFICIAL_SHOW_CHANNEL,EPISODE,OFFICIAL_PLAYLIST_COLLECTION,ACCEPTED,ACCEPTED,2021-02-12T13:00:17.000Z,245,623507,,,available,eti2KXKGs9ZT5yGjI,https://www.youtube.com/watch?v=-k9T8d5PCeM&list=PLC_d5n_vB0CpiGXxipKjNENU8hkenUgOO&index=18
youtube,Dc5rk7DhD3s,https://www.youtube.com/watch?v=Dc5rk7DhD3s&list=PLC_d5n_vB0CpiGXxipKjNENU8hkenUgOO&index=12,SNN,SNN_2020,"TRAILER TẬP 14 | SNN 2020 | Diệu Nhi không chịu nổi nhiệt khi tắm heo, Kỳ Duyên quyết không bỏ cuộc",VIDEO,TEASER_PREVIEW,OFFICIAL_SHOW_CHANNEL,EPISODE,OFFICIAL_PLAYLIST_COLLECTION,ACCEPTED,ACCEPTED,2021-03-06T11:00:17.000Z,376,930478,,,available,eti2KXKGs9ZT5yGjI,https://www.youtube.com/watch?v=Dc5rk7DhD3s&list=PLC_d5n_vB0CpiGXxipKjNENU8hkenUgOO&index=12
youtube,FJw460TMaWk,https://www.youtube.com/watch?v=FJw460TMaWk&list=PLC_d5n_vB0CpiGXxipKjNENU8hkenUgOO&index=22,SNN,SNN_2020,"Tập 9 Uncut | Hậu Hoàng nuốt nước mắt vào trong, Kỳ Duyên mạnh mẽ vượt qua mọi thử thách",VIDEO,UNCUT_EXTENDED,OFFICIAL_SHOW_CHANNEL,EPISODE,OFFICIAL_PLAYLIST_COLLECTION,ACCEPTED,ACCEPTED,2021-01-31T03:00:12.000Z,4205,8756638,,,available,eti2KXKGs9ZT5yGjI,https://www.youtube.com/watch?v=FJw460TMaWk&list=PLC_d5n_vB0CpiGXxipKjNENU8hkenUgOO&index=22
youtube,QxsPLEUuUyw,https://www.youtube.com/watch?v=QxsPLEUuUyw&list=PLC_d5n_vB0CpiGXxipKjNENU8hkenUgOO&index=20,SNN,SNN_2020,"TRAILER TẬP 10 l SNN 2020 l Giới hạn tột cùng, Diệu Nhi tự thôi miên, Hậu Hoàng không tự tin đối mặt",VIDEO,TEASER_PREVIEW,OFFICIAL_SHOW_CHANNEL,EPISODE,OFFICIAL_PLAYLIST_COLLECTION,ACCEPTED,ACCEPTED,2021-02-06T04:45:11.000Z,249,784976,,,available,eti2KXKGs9ZT5yGjI,https://www.youtube.com/watch?v=QxsPLEUuUyw&list=PLC_d5n_vB0CpiGXxipKjNENU8hkenUgOO&index=20
youtube,VjbF3mp0_K4,https://www.youtube.com/watch?v=VjbF3mp0_K4&list=PLC_d5n_vB0CpiGXxipKjNENU8hkenUgOO&index=16,SNN,SNN_2020,"TRAILER TẬP 12 |SNN 2020| Hậu Hoàng nói cảm xúc thật về Mũi trưởng, Kỳ Duyên ""mất tích""  bất thường",VIDEO,TEASER_PREVIEW,OFFICIAL_SHOW_CHANNEL,EPISODE,OFFICIAL_PLAYLIST_COLLECTION,ACCEPTED,ACCEPTED,2021-02-20T01:30:15.000Z,217,947208,,,available,eti2KXKGs9ZT5yGjI,https://www.youtube.com/watch?v=VjbF3mp0_K4&list=PLC_d5n_vB0CpiGXxipKjNENU8hkenUgOO&index=16
youtube,Gj6hcqSSFSU,https://www.youtube.com/watch?v=Gj6hcqSSFSU&list=PLC_d5n_vB0CpiGXxipKjNENU8hkenUgOO&index=32,SNN,SNN_2020,"[Uncut - Tập 5 SNN 2020] Nàng hậu Kỳ Duyên không ngại ngần cõng đồng đội nam, nàng hậu cười hớn hở",VIDEO,UNCUT_EXTENDED,OFFICIAL_SHOW_CHANNEL,EPISODE,OFFICIAL_PLAYLIST_COLLECTION,ACCEPTED,ACCEPTED,2021-01-05T14:00:32.000Z,286,855007,,,available,eti2KXKGs9ZT5yGjI,https://www.youtube.com/watch?v=Gj6hcqSSFSU&list=PLC_d5n_vB0CpiGXxipKjNENU8hkenUgOO&index=32
youtube,6dApuDKCuLM,https://www.youtube.com/watch?v=6dApuDKCuLM&list=PLC_d5n_vB0CpiGXxipKjNENU8hkenUgOO&index=24,SNN,SNN_2020,"Tập 8 | SNN 2020 | Diệu Nhi & Kỳ Duyên vươn lên dẫn đầu, nguy cơ bể thuyền Mũi trưởng & Hậu Hoàng",VIDEO,UNKNOWN,OFFICIAL_SHOW_CHANNEL,EPISODE,OFFICIAL_PLAYLIST_COLLECTION,NEEDS_REVIEW,NEEDS_REVIEW,2021-01-24T03:01:06.000Z,2317,8363474,,,available,eti2KXKGs9ZT5yGjI,https://www.youtube.com/watch?v=6dApuDKCuLM&list=PLC_d5n_vB0CpiGXxipKjNENU8hkenUgOO&index=24
youtube,y95_z8a18sk,https://www.youtube.com/watch?v=y95_z8a18sk&list=PLC_d5n_vB0CpiGXxipKjNENU8hkenUgOO&index=1,SNN,SNN_2020,SNN NGOẠI TRUYỆN | Hành trình nhập ngũ đủ cung bậc cảm xúc của cô nàng hot Youtuber Hậu Hoàng,VIDEO,UNKNOWN,OFFICIAL_SHOW_CHANNEL,SEASON,OFFICIAL_PLAYLIST_COLLECTION,NEEDS_REVIEW,NEEDS_REVIEW,2021-05-19T13:00:13.000Z,2329,796939,,,available,eti2KXKGs9ZT5yGjI,https://www.youtube.com/watch?v=y95_z8a18sk&list=PLC_d5n_vB0CpiGXxipKjNENU8hkenUgOO&index=1
youtube,6XqFot382T4,https://www.youtube.com/watch?v=6XqFot382T4&list=PLC_d5n_vB0CpiGXxipKjNENU8hkenUgOO&index=2,SNN,SNN_2020,SNN NGOẠI TRUYỆN | Xúc động với “món quà” tâm huyết của 6 nữ chiến binh Sao nhập ngũ 2020,VIDEO,UNKNOWN,OFFICIAL_SHOW_CHANNEL,SEASON,OFFICIAL_PLAYLIST_COLLECTION,NEEDS_REVIEW,NEEDS_REVIEW,2021-04-25T03:00:16.000Z,619,1103608,,,available,eti2KXKGs9ZT5yGjI,https://www.youtube.com/watch?v=6XqFot382T4&list=PLC_d5n_vB0CpiGXxipKjNENU8hkenUgOO&index=2
youtube,bnZjNnQU5R0,https://www.youtube.com/watch?v=bnZjNnQU5R0&list=PLC_d5n_vB0CpiGXxipKjNENU8hkenUgOO&index=35,SNN,SNN_2020,Sao nhập ngũ Trailer tập 5: Diệu Nhi khuyên bạn đào hố chôn thành phẩm nếu đi nặng khi làm nhiệm vụ,VIDEO,TEASER_PREVIEW,OFFICIAL_SHOW_CHANNEL,EPISODE,OFFICIAL_PLAYLIST_COLLECTION,ACCEPTED,ACCEPTED,2021-01-01T03:00:10.000Z,166,1959185,,,available,eti2KXKGs9ZT5yGjI,https://www.youtube.com/watch?v=bnZjNnQU5R0&list=PLC_d5n_vB0CpiGXxipKjNENU8hkenUgOO&index=35
youtube,jLf81Hpae7k,https://www.youtube.com/watch?v=jLf81Hpae7k&list=PLC_d5n_vB0CpiGXxipKjNENU8hkenUgOO&index=36,SNN,SNN_2020,Sao nhập ngũ 2020 I Replay Tập 4: Vân - Toàn: Couple Chưa Xây Nhà Đã Lợp Mái,VIDEO,RECAP,OFFICIAL_SHOW_CHANNEL,EPISODE,OFFICIAL_PLAYLIST_COLLECTION,ACCEPTED,ACCEPTED,2020-12-31T01:22:09.000Z,269,295051,,,available,eti2KXKGs9ZT5yGjI,https://www.youtube.com/watch?v=jLf81Hpae7k&list=PLC_d5n_vB0CpiGXxipKjNENU8hkenUgOO&index=36
youtube,FjBBoqceG-o,https://www.youtube.com/watch?v=FjBBoqceG-o&list=PLC_d5n_vB0CpiGXxipKjNENU8hkenUgOO&index=34,SNN,SNN_2020,"Sao nhập ngũ 2020 Trailer 2 Tập 5: Thêm 1 chút ""Diệu Nhi"" anh Editor quên bỏ vô trailer",VIDEO,TEASER_PREVIEW,OFFICIAL_SHOW_CHANNEL,EPISODE,OFFICIAL_PLAYLIST_COLLECTION,ACCEPTED,ACCEPTED,2021-01-01T03:15:10.000Z,38,896807,,,available,eti2KXKGs9ZT5yGjI,https://www.youtube.com/watch?v=FjBBoqceG-o&list=PLC_d5n_vB0CpiGXxipKjNENU8hkenUgOO&index=34
youtube,ep-vO2bo7MQ,https://www.youtube.com/watch?v=ep-vO2bo7MQ&list=PLC_d5n_vB0CpiGXxipKjNENU8hkenUgOO&index=31,SNN,SNN_2020,"Trailer Tập 6 - Sao nhập ngũ 2020 | Diệu Nhi tiết lộ từng ""phi dao"" rọc giấy vào người cũ",VIDEO,TEASER_PREVIEW,OFFICIAL_SHOW_CHANNEL,EPISODE,OFFICIAL_PLAYLIST_COLLECTION,ACCEPTED,ACCEPTED,2021-01-07T13:00:11.000Z,162,1600268,,,available,eti2KXKGs9ZT5yGjI,https://www.youtube.com/watch?v=ep-vO2bo7MQ&list=PLC_d5n_vB0CpiGXxipKjNENU8hkenUgOO&index=31
youtube,CceXMiP1JpE,https://www.youtube.com/watch?v=CceXMiP1JpE&list=PLC_d5n_vB0CpiGXxipKjNENU8hkenUgOO&index=23,SNN,SNN_2020,"TRAILER TẬP 9 l Sao nhập ngũ 2020 l Ranh giới bỏ cuộc và đi tiếp Diệu Nhi, Hoàng Yến bật khóc",VIDEO,TEASER_PREVIEW,OFFICIAL_SHOW_CHANNEL,EPISODE,OFFICIAL_PLAYLIST_COLLECTION,ACCEPTED,ACCEPTED,2021-01-29T13:00:13.000Z,271,1184642,,,available,eti2KXKGs9ZT5yGjI,https://www.youtube.com/watch?v=CceXMiP1JpE&list=PLC_d5n_vB0CpiGXxipKjNENU8hkenUgOO&index=23
youtube,IRdvmln8mB8,https://www.youtube.com/watch?v=IRdvmln8mB8&list=PLC_d5n_vB0CpiGXxipKjNENU8hkenUgOO&index=6,SNN,SNN_2020,Giải mã chiến hạm Long & Hậu | SNN 2020 Chuyện bên lề | Hậu Hoàng ngơ ngác bị đẩy lên thuyền,VIDEO,UNKNOWN,OFFICIAL_SHOW_CHANNEL,SEASON,OFFICIAL_PLAYLIST_COLLECTION,NEEDS_REVIEW,NEEDS_REVIEW,2021-03-28T03:00:16.000Z,535,732866,,,available,eti2KXKGs9ZT5yGjI,https://www.youtube.com/watch?v=IRdvmln8mB8&list=PLC_d5n_vB0CpiGXxipKjNENU8hkenUgOO&index=6
youtube,P0RqU3qr9UA,https://www.youtube.com/watch?v=P0RqU3qr9UA&list=PLC_d5n_vB0CpiGXxipKjNENU8hkenUgOO&index=3,SNN,SNN_2020,SNN NGOẠI TRUYỆN | Kỳ Duyên trải lòng hành trình “nhập ngũ” và thực hiện thiện nguyện ý nghĩa!!!,VIDEO,UNKNOWN,OFFICIAL_SHOW_CHANNEL,SEASON,OFFICIAL_PLAYLIST_COLLECTION,NEEDS_REVIEW,NEEDS_REVIEW,2021-04-18T08:00:29.000Z,1335,293901,,,available,eti2KXKGs9ZT5yGjI,https://www.youtube.com/watch?v=P0RqU3qr9UA&list=PLC_d5n_vB0CpiGXxipKjNENU8hkenUgOO&index=3
youtube,vg3SfpPjH2Q,https://www.youtube.com/watch?v=vg3SfpPjH2Q&list=PLC_d5n_vB0CpiGXxipKjNENU8hkenUgOO&index=28,SNN,SNN_2020,"Trailer Tập 7 l SNN 2020 l Diệu Nhi trổ tài ca hát, tiếng hét thất thanh của Hậu Hoàng & Kỳ Duyên",VIDEO,TEASER_PREVIEW,OFFICIAL_SHOW_CHANNEL,EPISODE,OFFICIAL_PLAYLIST_COLLECTION,ACCEPTED,ACCEPTED,2021-01-14T13:00:11.000Z,203,1425430,,,available,eti2KXKGs9ZT5yGjI,https://www.youtube.com/watch?v=vg3SfpPjH2Q&list=PLC_d5n_vB0CpiGXxipKjNENU8hkenUgOO&index=28
youtube,NIK4fqsa0x4,https://www.youtube.com/watch?v=NIK4fqsa0x4&list=PLC_d5n_vB0CpiGXxipKjNENU8hkenUgOO&index=8,SNN,SNN_2020,"TRAILER TẬP 16 | SNN 2020 | Phút chia tay cận kề, đồng đội tâm tình, 6 nữ chiến binh bịn rịn!!!",VIDEO,TEASER_PREVIEW,OFFICIAL_SHOW_CHANNEL,EPISODE,OFFICIAL_PLAYLIST_COLLECTION,ACCEPTED,ACCEPTED,2021-03-20T11:00:14.000Z,477,1040894,,,available,eti2KXKGs9ZT5yGjI,https://www.youtube.com/watch?v=NIK4fqsa0x4&list=PLC_d5n_vB0CpiGXxipKjNENU8hkenUgOO&index=8
youtube,cm4PBgbPL_g,https://www.youtube.com/watch?v=cm4PBgbPL_g&list=PLC_d5n_vB0CpiGXxipKjNENU8hkenUgOO&index=10,SNN,SNN_2020,"TRAILER TẬP 15 l SNN 2020 l Diệu Nhi nghĩ hành quân chỉ là đi bộ, Hậu Hoàng vừa đi vừa Rap cực ngầu",VIDEO,TEASER_PREVIEW,OFFICIAL_SHOW_CHANNEL,EPISODE,OFFICIAL_PLAYLIST_COLLECTION,ACCEPTED,ACCEPTED,2021-03-13T03:45:13.000Z,374,751832,,,available,eti2KXKGs9ZT5yGjI,https://www.youtube.com/watch?v=cm4PBgbPL_g&list=PLC_d5n_vB0CpiGXxipKjNENU8hkenUgOO&index=10
youtube,KN08r90TYwg,https://www.youtube.com/watch?v=KN08r90TYwg&list=PLC_d5n_vB0CpiGXxipKjNENU8hkenUgOO&index=13,SNN,SNN_2020,"TẬP 13 Uncut | SNN 2020 | Diệu Nhi gọi đồng chí Sơn trong lúc bị thương, Kỳ Duyên nỗ lực “cân team”",VIDEO,UNCUT_EXTENDED,OFFICIAL_SHOW_CHANNEL,EPISODE,OFFICIAL_PLAYLIST_COLLECTION,ACCEPTED,ACCEPTED,2021-02-28T03:00:17.000Z,3349,7045756,,,available,eti2KXKGs9ZT5yGjI,https://www.youtube.com/watch?v=KN08r90TYwg&list=PLC_d5n_vB0CpiGXxipKjNENU8hkenUgOO&index=13
youtube,S-mzNdxBhvA,https://www.youtube.com/watch?v=S-mzNdxBhvA&list=PLC_d5n_vB0CpiGXxipKjNENU8hkenUgOO&index=27,SNN,SNN_2020,"HÓNG TẬP 7 | Hậu Hoàng, Kỳ Duyên đi gác, người lo lắng, người đanh như thép, hạ địch trong tích tắc",VIDEO,TEASER_PREVIEW,OFFICIAL_SHOW_CHANNEL,EPISODE,OFFICIAL_PLAYLIST_COLLECTION,ACCEPTED,ACCEPTED,2021-01-16T08:30:10.000Z,152,667341,,,available,eti2KXKGs9ZT5yGjI,https://www.youtube.com/watch?v=S-mzNdxBhvA&list=PLC_d5n_vB0CpiGXxipKjNENU8hkenUgOO&index=27
youtube,O3vJALe-xnM,https://www.youtube.com/watch?v=O3vJALe-xnM&list=PLC_d5n_vB0CpiGXxipKjNENU8hkenUgOO&index=7,SNN,SNN_2020,"TẬP CUỐI l SNN 2020 l Màn boxing ""tấu hài"" và những phân đoạn chưa từng lên sóng!!!",VIDEO,UNKNOWN,OFFICIAL_SHOW_CHANNEL,SEASON,OFFICIAL_PLAYLIST_COLLECTION,NEEDS_REVIEW,NEEDS_REVIEW,2021-03-21T03:00:14.000Z,5618,8681525,,,available,eti2KXKGs9ZT5yGjI,https://www.youtube.com/watch?v=O3vJALe-xnM&list=PLC_d5n_vB0CpiGXxipKjNENU8hkenUgOO&index=7
youtube,AoUHptyZU7k,https://www.youtube.com/watch?v=AoUHptyZU7k&list=PLC_d5n_vB0CpiGXxipKjNENU8hkenUgOO&index=15,SNN,SNN_2020,"Tập 12 Uncut | SNN 2020 | Khánh Vân công khai ""ghen"" với Nam Thư, Diệu Nhi hoang mang tìm đồng đội",VIDEO,UNCUT_EXTENDED,OFFICIAL_SHOW_CHANNEL,EPISODE,OFFICIAL_PLAYLIST_COLLECTION,ACCEPTED,ACCEPTED,2021-02-21T03:00:15.000Z,4910,9275283,,,available,eti2KXKGs9ZT5yGjI,https://www.youtube.com/watch?v=AoUHptyZU7k&list=PLC_d5n_vB0CpiGXxipKjNENU8hkenUgOO&index=15
youtube,x8I6tAb36q0,https://www.youtube.com/watch?v=x8I6tAb36q0&list=PLC_d5n_vB0CpiGXxipKjNENU8hkenUgOO&index=14,SNN,SNN_2020,"TRAILER TẬP 13 |SNN 2020| Hậu Hoàng hét thất thanh giữa rừng, Mũi trưởng Long gặp thử thách khó nhằn",VIDEO,TEASER_PREVIEW,OFFICIAL_SHOW_CHANNEL,EPISODE,OFFICIAL_PLAYLIST_COLLECTION,ACCEPTED,ACCEPTED,2021-02-27T03:00:12.000Z,300,1095777,,,available,eti2KXKGs9ZT5yGjI,https://www.youtube.com/watch?v=x8I6tAb36q0&list=PLC_d5n_vB0CpiGXxipKjNENU8hkenUgOO&index=14
youtube,hBzbCm8RyN0,https://www.youtube.com/watch?v=hBzbCm8RyN0&list=PLC_d5n_vB0CpiGXxipKjNENU8hkenUgOO&index=25,SNN,SNN_2020,"TRAILER TẬP 8 l SNN 2020 l Nam Thư muốn về vì ""bất lực"" với chính mình, Mũi trưởng gắt với Hậu Hoàng",VIDEO,TEASER_PREVIEW,OFFICIAL_SHOW_CHANNEL,EPISODE,OFFICIAL_PLAYLIST_COLLECTION,ACCEPTED,ACCEPTED,2021-01-21T11:30:10.000Z,264,1307617,,,available,eti2KXKGs9ZT5yGjI,https://www.youtube.com/watch?v=hBzbCm8RyN0&list=PLC_d5n_vB0CpiGXxipKjNENU8hkenUgOO&index=25
youtube,hdw760UVAFw,https://www.youtube.com/watch?v=hdw760UVAFw&list=PLC_d5n_vB0CpiGXxipKjNENU8hkenUgOO&index=19,SNN,SNN_2020,"Tập 10 | SNN 2020 | Nam Thư gắng sức bị Diệu Nhi ""mắng"" không thương tiếc,Khánh Vân thích đi tắm heo",VIDEO,UNKNOWN,OFFICIAL_SHOW_CHANNEL,EPISODE,OFFICIAL_PLAYLIST_COLLECTION,NEEDS_REVIEW,NEEDS_REVIEW,2021-02-07T03:00:13.000Z,4085,8827636,,,available,eti2KXKGs9ZT5yGjI,https://www.youtube.com/watch?v=hdw760UVAFw&list=PLC_d5n_vB0CpiGXxipKjNENU8hkenUgOO&index=19
youtube,VrWxuCYch5Q,https://www.youtube.com/watch?v=VrWxuCYch5Q&list=PLC_d5n_vB0CpiGXxipKjNENU8hkenUgOO&index=9,SNN,SNN_2020,"TẬP 15 Uncut | SNN 2020 | Diệu Nhi “khóc thét” khi đi bắt cá, Khánh Vân vượt qua chính mình.",VIDEO,UNCUT_EXTENDED,OFFICIAL_SHOW_CHANNEL,EPISODE,OFFICIAL_PLAYLIST_COLLECTION,ACCEPTED,ACCEPTED,2021-03-14T03:03:48.000Z,4392,6917331,,,available,eti2KXKGs9ZT5yGjI,https://www.youtube.com/watch?v=VrWxuCYch5Q&list=PLC_d5n_vB0CpiGXxipKjNENU8hkenUgOO&index=9
youtube,sVhOHXB4MpE,https://www.youtube.com/watch?v=sVhOHXB4MpE&list=PLC_d5n_vB0CpiGXxipKjNENU8hkenUgOO&index=5,SNN,SNN_2020,SNN NGOẠI TRUYỆN | Hành trình Diệu Nhi từ “Kịch sĩ” thành “Chiến sĩ” Bật mí bí mật chưa từng công bố,VIDEO,UNKNOWN,OFFICIAL_SHOW_CHANNEL,SEASON,OFFICIAL_PLAYLIST_COLLECTION,NEEDS_REVIEW,NEEDS_REVIEW,2021-04-04T03:00:14.000Z,1387,489832,,,available,eti2KXKGs9ZT5yGjI,https://www.youtube.com/watch?v=sVhOHXB4MpE&list=PLC_d5n_vB0CpiGXxipKjNENU8hkenUgOO&index=5
youtube,pfwL-y8br4o,https://www.youtube.com/watch?v=pfwL-y8br4o&list=PLC_d5n_vB0CpiGXxipKjNENU8hkenUgOO&index=4,SNN,SNN_2020,"SNN NGOẠI TRUYỆN | Hành trình nhập ngũ của Nam Thư, nghị lực phi thường của Kiều nữ Làng Hài",VIDEO,UNKNOWN,OFFICIAL_SHOW_CHANNEL,SEASON,OFFICIAL_PLAYLIST_COLLECTION,NEEDS_REVIEW,NEEDS_REVIEW,2021-04-11T08:00:11.000Z,2166,163002,,,available,eti2KXKGs9ZT5yGjI,https://www.youtube.com/watch?v=pfwL-y8br4o&list=PLC_d5n_vB0CpiGXxipKjNENU8hkenUgOO&index=4
youtube,bLx8ywpLwEE,https://www.youtube.com/watch?v=bLx8ywpLwEE&list=PLC_d5n_vB0CpiGXxipKjNENU8hkenUgOO&index=11,SNN,SNN_2020,"Tập 14 Uncut | SNN 2020 | Khánh Vân lên vượt lên đứng đầu, Hoàng Yến bật khóc",VIDEO,UNCUT_EXTENDED,OFFICIAL_SHOW_CHANNEL,EPISODE,OFFICIAL_PLAYLIST_COLLECTION,ACCEPTED,ACCEPTED,2021-03-07T03:14:14.000Z,4437,7379234,,,available,eti2KXKGs9ZT5yGjI,https://www.youtube.com/watch?v=bLx8ywpLwEE&list=PLC_d5n_vB0CpiGXxipKjNENU8hkenUgOO&index=11
youtube,T0fBVX9kCUY,https://www.youtube.com/watch?v=T0fBVX9kCUY&list=PLC_d5n_vB0CpiGXxipKjNENU8hkenUgOO&index=30,SNN,SNN_2020,"Hóng Tập 6 | Sao nhập ngũ 2020|Xuất hiện nhân vật khiến  Nam Thư hò hét bung lụa, Diệu Nhi thất thần",VIDEO,TEASER_PREVIEW,OFFICIAL_SHOW_CHANNEL,EPISODE,OFFICIAL_PLAYLIST_COLLECTION,ACCEPTED,ACCEPTED,2021-01-09T13:15:10.000Z,116,929256,,,available,eti2KXKGs9ZT5yGjI,https://www.youtube.com/watch?v=T0fBVX9kCUY&list=PLC_d5n_vB0CpiGXxipKjNENU8hkenUgOO&index=30
youtube,A0onJpg8hig,https://www.youtube.com/watch?v=A0onJpg8hig,SNN,SNN_2022,"Sao nhập ngũ 2022 lTẬP 12| Minh Tú dùng ""bí thuật"" vượt khó, Độ Mixi Duy Khánh rút bài học sâu sắc",VIDEO,UNKNOWN,OFFICIAL_SHOW_CHANNEL,SEASON,OFFICIAL_PLAYLIST_COLLECTION,NEEDS_REVIEW,NEEDS_REVIEW,2022-05-21T13:30:13.000Z,3599,3042556,,,available,fHIG1l1aNqP9yyZ3n,https://www.youtube.com/watch?v=A0onJpg8hig
youtube,3yI7rLOJQ3o,https://www.youtube.com/watch?v=3yI7rLOJQ3o,SNN,SNN_2022,"SNN 2022 TẬP 7 l Hòa Minzy, Độ Mixi nghẹn ngào nhớ con, S.T bị thương, Puka, Minh Tú trổ tài ca hát",VIDEO,UNKNOWN,OFFICIAL_SHOW_CHANNEL,EPISODE,OFFICIAL_PLAYLIST_COLLECTION,NEEDS_REVIEW,NEEDS_REVIEW,2022-04-16T13:30:15.000Z,3975,6715993,,,available,fHIG1l1aNqP9yyZ3n,https://www.youtube.com/watch?v=3yI7rLOJQ3o
youtube,6D-QXuVZen8,https://www.youtube.com/watch?v=6D-QXuVZen8,SNN,SNN_2022,"Hậu trường l Sao nhập ngũ 2022 l Uncut - Khi Hòa Minzy & Độ Mixi ""khiêu vũ"" cực ăn ý",VIDEO,BEHIND_THE_SCENES,OFFICIAL_SHOW_CHANNEL,SEASON,OFFICIAL_PLAYLIST_COLLECTION,ACCEPTED,ACCEPTED,2022-05-14T03:00:02.000Z,90,65702,,,available,fHIG1l1aNqP9yyZ3n,https://www.youtube.com/watch?v=6D-QXuVZen8
youtube,tN_5CLBDQDc,https://www.youtube.com/watch?v=tN_5CLBDQDc,SNN,SNN_2022,Hóng Tập 12 l Sao Nhập Ngũ 2022 l Giáo viên nhất định kiểm tra toán Hòa Minzy trong mọi hoàn cảnh,VIDEO,TEASER_PREVIEW,OFFICIAL_SHOW_CHANNEL,EPISODE,OFFICIAL_PLAYLIST_COLLECTION,ACCEPTED,ACCEPTED,2022-05-21T03:00:15.000Z,88,88387,,,available,fHIG1l1aNqP9yyZ3n,https://www.youtube.com/watch?v=tN_5CLBDQDc
youtube,J7WGXGWKYsI,https://www.youtube.com/watch?v=J7WGXGWKYsI&list=RDJ7WGXGWKYsI&start_radio=1,SNN,SNN_2022,Hậu trường l Sao nhập ngũ 2022 l Anh Tú & Hòa Minzy hát live ngọt lịm,VIDEO,BEHIND_THE_SCENES,OFFICIAL_SHOW_CHANNEL,SEASON,OFFICIAL_PLAYLIST_COLLECTION,ACCEPTED,ACCEPTED,2022-05-15T03:00:32.000Z,200,268299,,,available,fHIG1l1aNqP9yyZ3n,https://www.youtube.com/watch?v=J7WGXGWKYsI&list=RDJ7WGXGWKYsI&start_radio=1
youtube,ZK8q9sc1eqk,https://www.youtube.com/watch?v=ZK8q9sc1eqk,SNN,SNN_2022,"🔥 Độc quyền Sao Nhập Ngũ 2022: Hậu trường gác đêm của Duy Khánh, Minh Tú chỉ cách đối mặt với cướp",VIDEO,BEHIND_THE_SCENES,UNVERIFIED,SEASON,INFERRED,NEEDS_REVIEW,NEEDS_REVIEW,2022-05-05T09:01:01.000Z,249,214901,,,available,fHIG1l1aNqP9yyZ3n,https://www.youtube.com/watch?v=ZK8q9sc1eqk
youtube,AR5wQWC2clI,https://www.youtube.com/watch?v=AR5wQWC2clI,SNN,SNN_2022,"Sao nhập ngũ 2023l TẬP 7I Chậm mà chắc I Linh Ngọc Đàm lội ngược dòng, Nhã Phương ""sai lại hoàn sai""",VIDEO,UNKNOWN,OFFICIAL_SHOW_CHANNEL,EPISODE,OFFICIAL_PLAYLIST_COLLECTION,NEEDS_REVIEW,NEEDS_REVIEW,2023-02-17T14:30:09.000Z,3272,4412052,,,available,fHIG1l1aNqP9yyZ3n,https://www.youtube.com/watch?v=AR5wQWC2clI
youtube,77tHpnijI64,https://www.youtube.com/watch?v=77tHpnijI64,SNN,SNN_2022,🔥 Sao Nhập Ngũ 2022 Tập 12: Trinh Sát Độ Mixi lần đầu bật tường du dây thực hiện nhiệm vụ thất bại,VIDEO,UNKNOWN,UNVERIFIED,EPISODE,INFERRED,NEEDS_REVIEW,NEEDS_REVIEW,2022-05-22T04:00:12.000Z,602,3236,,,available,fHIG1l1aNqP9yyZ3n,https://www.youtube.com/watch?v=77tHpnijI64
youtube,AoUHptyZU7k,https://www.youtube.com/watch?v=AoUHptyZU7k,SNN,SNN_2022,"Tập 12 Uncut | SNN 2020 | Khánh Vân công khai ""ghen"" với Nam Thư, Diệu Nhi hoang mang tìm đồng đội",VIDEO,UNCUT_EXTENDED,OFFICIAL_SHOW_CHANNEL,EPISODE,OFFICIAL_PLAYLIST_COLLECTION,ACCEPTED,ACCEPTED,2021-02-21T03:00:15.000Z,4910,9275355,,,available,fHIG1l1aNqP9yyZ3n,https://www.youtube.com/watch?v=AoUHptyZU7k
youtube,vT_wczwvHis,https://www.youtube.com/watch?v=vT_wczwvHis,SNN,SNN_2022,"CƯỜI KHỜ xem Hòa Minzy, Độ Mixi... múa hát theo phong cách tấu hài I Sao Nhập Ngũ 2022",VIDEO,UNKNOWN,OFFICIAL_SHOW_CHANNEL,SEASON,OFFICIAL_PLAYLIST_COLLECTION,NEEDS_REVIEW,NEEDS_REVIEW,2025-02-13T13:00:06.000Z,2278,955148,,,available,fHIG1l1aNqP9yyZ3n,https://www.youtube.com/watch?v=vT_wczwvHis
youtube,jRsz9h4y2mU,https://www.youtube.com/watch?v=jRsz9h4y2mU,SNN,SNN_2022,"SAO NHẬP NGŨ 2025  TẬP 12 l Độ Mixi, PewPew LẬP TEAM, ĐỐI ĐẦU NẢY LỬA Diệu Nhi, Trương Nam Thành",VIDEO,UNKNOWN,OFFICIAL_SHOW_CHANNEL,EPISODE,OFFICIAL_PLAYLIST_COLLECTION,NEEDS_REVIEW,NEEDS_REVIEW,2025-10-22T14:10:07.000Z,3829,2701583,,,available,fHIG1l1aNqP9yyZ3n,https://www.youtube.com/watch?v=jRsz9h4y2mU
youtube,zMBM0377pEU,https://www.youtube.com/watch?v=zMBM0377pEU,SNN,SNN_2022,SAO NHẬP NGŨ 2022 Tập 12: Toàn bộ cảnh 'hành động' gay cấn nhất mùa 2022 được hé lộ,VIDEO,UNKNOWN,UNVERIFIED,EPISODE,INFERRED,NEEDS_REVIEW,NEEDS_REVIEW,2022-05-21T13:30:23.000Z,379,1066,,,available,fHIG1l1aNqP9yyZ3n,https://www.youtube.com/watch?v=zMBM0377pEU
youtube,pt9NhYmQ9q8,https://www.youtube.com/watch?v=pt9NhYmQ9q8,SNN,SNN_2022,"🔥 Sao Nhập Ngũ 2022 Tập 12: Lộ diện Chỉ Huy ""Soobin Hoàng Sơn"" khiến Cara đau đến thấu tim",VIDEO,UNKNOWN,UNVERIFIED,EPISODE,INFERRED,NEEDS_REVIEW,NEEDS_REVIEW,2022-05-21T13:45:14.000Z,620,44855,,,available,fHIG1l1aNqP9yyZ3n,https://www.youtube.com/watch?v=pt9NhYmQ9q8
youtube,3utg7AgMJB4,https://www.youtube.com/watch?v=3utg7AgMJB4&list=PLC_d5n_vB0CriKOGYS3OtwqdTUYU8Ex1-&index=14,SNN,SNN_2023,Sao nhập ngũ 2023 l Tiền truyện I Trước ngày nhập ngũ,VIDEO,RECAP,OFFICIAL_SHOW_CHANNEL,SEASON,OFFICIAL_PLAYLIST_COLLECTION,ACCEPTED,ACCEPTED,2023-02-03T14:30:02.000Z,3342,230263,,,available,2HRJ1cw2tJ8EtS4Ng,https://www.youtube.com/watch?v=3utg7AgMJB4&list=PLC_d5n_vB0CriKOGYS3OtwqdTUYU8Ex1-&index=14
youtube,6mgbb0WTjHc,https://www.youtube.com/watch?v=6mgbb0WTjHc,SNN,SNN_2023,"Sao nhập ngũ 2023 l TẬP 6 I Trang Hý choáng váng vì Nhã Phương, Diễm My 2 lần bị ""chỉ điểm""",VIDEO,UNKNOWN,OFFICIAL_SHOW_CHANNEL,EPISODE,OFFICIAL_PLAYLIST_COLLECTION,NEEDS_REVIEW,NEEDS_REVIEW,2023-02-10T14:30:08.000Z,3421,4692504,,,available,2HRJ1cw2tJ8EtS4Ng,https://www.youtube.com/watch?v=6mgbb0WTjHc
youtube,vygw0ud_wzk,https://www.youtube.com/watch?v=vygw0ud_wzk,SNN,SNN_2023,"Sao nhập ngũ 2022 l TẬP 5 l Độ Mixi kiên quyết giữ ""nóc nhà"", Duy Khánh & Cara Phương bật khóc",VIDEO,UNKNOWN,OFFICIAL_SHOW_CHANNEL,EPISODE,OFFICIAL_PLAYLIST_COLLECTION,NEEDS_REVIEW,NEEDS_REVIEW,2022-04-02T13:30:17.000Z,3910,9137620,,,available,2HRJ1cw2tJ8EtS4Ng,https://www.youtube.com/watch?v=vygw0ud_wzk
youtube,IRCpkYg8BiI,https://www.youtube.com/watch?v=IRCpkYg8BiI,SNN,SNN_2023,Sao Nhập Ngũ 2024 Tập 5: Vàng thật không sợ lửa | Nước mắt không có nghĩa là yếu đuối!,VIDEO,UNKNOWN,OFFICIAL_SHOW_CHANNEL,EPISODE,OFFICIAL_PLAYLIST_COLLECTION,NEEDS_REVIEW,NEEDS_REVIEW,2024-01-11T13:30:11.000Z,3605,1704424,,,available,2HRJ1cw2tJ8EtS4Ng,https://www.youtube.com/watch?v=IRCpkYg8BiI
youtube,yUWVDSH6HbU,https://www.youtube.com/watch?v=yUWVDSH6HbU,SNN,SNN_2023,"Chi Pu, Soobin, Mono XÚC ĐỘNG, KHÓC ÒA khi gặp bố mẹ ngay trong đơn vị l SAO NHẬP NGŨ 2025",VIDEO,UNKNOWN,OFFICIAL_SHOW_CHANNEL,SEASON,OFFICIAL_PLAYLIST_COLLECTION,NEEDS_REVIEW,NEEDS_REVIEW,2025-10-23T14:14:50.000Z,1061,303323,,,available,2HRJ1cw2tJ8EtS4Ng,https://www.youtube.com/watch?v=yUWVDSH6HbU
youtube,f8t2wPtd7V0,https://www.youtube.com/watch?v=f8t2wPtd7V0,SNN,SNN_2023,"🔥Tập 5 Sao Nhập Ngũ 2022: 'CƯỜI TỚI NỘI THƯƠNG' với màn đi catwalk ""GIỮ NHÀ"" của Độ Mixi - Duy Khánh",VIDEO,UNKNOWN,UNVERIFIED,EPISODE,INFERRED,NEEDS_REVIEW,NEEDS_REVIEW,2022-04-02T14:33:42.000Z,503,14399,,,available,2HRJ1cw2tJ8EtS4Ng,https://www.youtube.com/watch?v=f8t2wPtd7V0
youtube,6yXOV8u_p9I,https://www.youtube.com/watch?v=6yXOV8u_p9I,SNN,SNN_2023,"SAO NHẬP NGŨ 2025 TẬP 5 l Độ Mixi NÉN CƠN ĐAU vượt sông, Bình An và Anh Tú ĐẠI NÁO trên sàn đấu võ",VIDEO,UNKNOWN,OFFICIAL_SHOW_CHANNEL,EPISODE,OFFICIAL_PLAYLIST_COLLECTION,NEEDS_REVIEW,NEEDS_REVIEW,2025-09-03T14:10:07.000Z,4889,2707048,,,available,2HRJ1cw2tJ8EtS4Ng,https://www.youtube.com/watch?v=6yXOV8u_p9I
youtube,3393nF46oVM,https://www.youtube.com/watch?v=3393nF46oVM,SNN,SNN_2023,"SAO NHẬP NGŨ 2025 TẬP 6 l Hòa Minzy TOÁT MỒ HÔI LÀM TOÁN, Trang Pháp TẠO BẤT NGỜ LỚN",VIDEO,UNKNOWN,OFFICIAL_SHOW_CHANNEL,EPISODE,OFFICIAL_PLAYLIST_COLLECTION,NEEDS_REVIEW,NEEDS_REVIEW,2025-09-10T14:10:07.000Z,4584,2652844,,,available,2HRJ1cw2tJ8EtS4Ng,https://www.youtube.com/watch?v=3393nF46oVM
youtube,mq_PMKgDmeA,https://www.youtube.com/watch?v=mq_PMKgDmeA&list=PLZuraW9kAXuE&index=18,SNN,SNN_2026,"ĐỒNG HÀNH | Văn Mai Hương và Tuấn Dương TẤU HỀ, DỰ ĐOÁN ""CHẤN ĐỘNG"" trước ngày đi SAO NHẬP NGŨ",VIDEO,CLIP_OR_SEGMENT,OFFICIAL_SHOW_CHANNEL,SEASON,OFFICIAL_PLAYLIST_COLLECTION,ACCEPTED,ACCEPTED,2026-08-02T13:00:09.000Z,206,2771,,,available,i3J1i2O99cTyHPbyz,https://www.youtube.com/watch?v=mq_PMKgDmeA&list=PLZuraW9kAXuE&index=18
youtube,9QvMZ5DqB9s,https://www.youtube.com/watch?v=9QvMZ5DqB9s&list=PLZuraW9kAXuE&index=21,SNN,SNN_2026,"ĐỒNG HÀNH | Phan Mạnh Quỳnh và Thúy Ngân DỰ ĐOÁN ""CHẤN ĐỘNG"" trước ngày nhập ngũ | SAO NHẬP NGŨ 2026",VIDEO,CLIP_OR_SEGMENT,OFFICIAL_SHOW_CHANNEL,SEASON,OFFICIAL_PLAYLIST_COLLECTION,ACCEPTED,ACCEPTED,2026-07-30T13:00:32.000Z,231,10017,,,available,i3J1i2O99cTyHPbyz,https://www.youtube.com/watch?v=9QvMZ5DqB9s&list=PLZuraW9kAXuE&index=21
youtube,4-BvL8WTFVk,https://www.youtube.com/watch?v=4-BvL8WTFVk&list=PLZuraW9kAXuE&index=24,SNN,SNN_2026,Các đồng chí cùng làm quen chiến sĩ mới Nguyễn Quốc Trường nha 😙| SAO NHẬP NGŨ 2025 #shorts,SHORT,SHORT,OFFICIAL_SHOW_CHANNEL,SEASON,OFFICIAL_PLAYLIST_COLLECTION,ACCEPTED,ACCEPTED,2026-07-28T12:00:08.000Z,96,6732,,,available,i3J1i2O99cTyHPbyz,https://www.youtube.com/watch?v=4-BvL8WTFVk&list=PLZuraW9kAXuE&index=24
youtube,3qqSHhf0QD8,https://www.youtube.com/watch?v=3qqSHhf0QD8&list=PLZuraW9kAXuE&index=14,SNN,SNN_2026,Dương mất kết nối thật rồi !!!😅 | SAO NHẬP NGŨ 2026,VIDEO,UNKNOWN,OFFICIAL_SHOW_CHANNEL,SEASON,OFFICIAL_PLAYLIST_COLLECTION,NEEDS_REVIEW,NEEDS_REVIEW,2026-08-03T13:00:37.000Z,18,2057,,,available,i3J1i2O99cTyHPbyz,https://www.youtube.com/watch?v=3qqSHhf0QD8&list=PLZuraW9kAXuE&index=14
youtube,wwNitOWWQVY,https://www.youtube.com/watch?v=wwNitOWWQVY&list=PLZuraW9kAXuE&index=23,SNN,SNN_2026,4 chiến sĩ Thúy Ngân - Minh Trang - Mạnh Quỳnh - Trung Thành đã sẵn sàng 🙌🏻 | SAO NHẬP NGŨ 2026,VIDEO,UNKNOWN,OFFICIAL_SHOW_CHANNEL,SEASON,OFFICIAL_PLAYLIST_COLLECTION,NEEDS_REVIEW,NEEDS_REVIEW,2026-07-29T12:10:07.000Z,179,5197,,,available,i3J1i2O99cTyHPbyz,https://www.youtube.com/watch?v=wwNitOWWQVY&list=PLZuraW9kAXuE&index=23
youtube,acQnMMTlORw,https://www.youtube.com/watch?v=acQnMMTlORw&list=PLZuraW9kAXuE&index=26,SNN,SNN_2026,Các đồng chí cùng làm quen chiến sĩ mới Trần Tuấn Dương nha 🫡 | SAO NHẬP NGŨ 2026 #TuanDuong,VIDEO,UNKNOWN,OFFICIAL_SHOW_CHANNEL,SEASON,OFFICIAL_PLAYLIST_COLLECTION,NEEDS_REVIEW,NEEDS_REVIEW,2026-07-26T14:00:00.000Z,130,4286,,,available,i3J1i2O99cTyHPbyz,https://www.youtube.com/watch?v=acQnMMTlORw&list=PLZuraW9kAXuE&index=26
youtube,LbVYtaEQK2E,https://www.youtube.com/watch?v=LbVYtaEQK2E&list=PLZuraW9kAXuE&index=20,SNN,SNN_2026,"ĐỒNG HÀNH | Quốc Trường và Minh Trang DỰ ĐOÁN ""CHẤN ĐỘNG"" trước ngày nhập ngũ | SAO NHẬP NGŨ 2026",VIDEO,CLIP_OR_SEGMENT,OFFICIAL_SHOW_CHANNEL,SEASON,OFFICIAL_PLAYLIST_COLLECTION,ACCEPTED,ACCEPTED,2026-07-31T12:00:35.000Z,212,3393,,,available,i3J1i2O99cTyHPbyz,https://www.youtube.com/watch?v=LbVYtaEQK2E&list=PLZuraW9kAXuE&index=20
youtube,QyLEHBODCeI,https://www.youtube.com/watch?v=QyLEHBODCeI&list=PLZuraW9kAXuE&index=27,SNN,SNN_2026,Các đồng chí cùng làm quen chiến sĩ mới Lê Trung Thành nha 🫡 | SAO NHẬP NGŨ #saonhapngu,VIDEO,UNKNOWN,OFFICIAL_SHOW_CHANNEL,SEASON,OFFICIAL_PLAYLIST_COLLECTION,NEEDS_REVIEW,NEEDS_REVIEW,2026-07-26T02:00:00.000Z,146,5715,,,available,i3J1i2O99cTyHPbyz,https://www.youtube.com/watch?v=QyLEHBODCeI&list=PLZuraW9kAXuE&index=27
youtube,xo0i0-Re-OM,https://www.youtube.com/watch?v=xo0i0-Re-OM&list=PLZuraW9kAXuE&index=30,SNN,SNN_2026,Chào Sao Nhập Ngũ 2026! Đồng chí Phan Mạnh Quỳnh đã có mặt 🫡 #saonhapngu #phanmanhquynh,VIDEO,UNKNOWN,OFFICIAL_SHOW_CHANNEL,SEASON,OFFICIAL_PLAYLIST_COLLECTION,NEEDS_REVIEW,NEEDS_REVIEW,2026-07-24T13:30:38.000Z,21,9109,,,available,i3J1i2O99cTyHPbyz,https://www.youtube.com/watch?v=xo0i0-Re-OM&list=PLZuraW9kAXuE&index=30
youtube,CDRafzIuW2Q,https://www.youtube.com/watch?v=CDRafzIuW2Q&list=PLZuraW9kAXuE&index=32,SNN,SNN_2026,Các đồng chí cùng làm quen chiến sĩ mới Bùi Thái Bảo Châu nha 🥰 | SAO NHẬP NGŨ #ChauBui #SaoNhapNgu,VIDEO,UNKNOWN,OFFICIAL_SHOW_CHANNEL,SEASON,OFFICIAL_PLAYLIST_COLLECTION,NEEDS_REVIEW,NEEDS_REVIEW,2026-07-23T14:03:05.000Z,106,6091,,,available,i3J1i2O99cTyHPbyz,https://www.youtube.com/watch?v=CDRafzIuW2Q&list=PLZuraW9kAXuE&index=32
youtube,tMOK8R6qf8g,https://www.youtube.com/watch?v=tMOK8R6qf8g&list=PLZuraW9kAXuE&index=1,SNN,SNN_2026,OFFICIAL INTRO | SAO NHẬP NGŨ 2026 - TỔ QUỐC NƠI ĐẦU SÓNG,VIDEO,UNKNOWN,OFFICIAL_SHOW_CHANNEL,SEASON,OFFICIAL_PLAYLIST_COLLECTION,NEEDS_REVIEW,NEEDS_REVIEW,2026-08-12T03:30:07.000Z,32,754,,,available,i3J1i2O99cTyHPbyz,https://www.youtube.com/watch?v=tMOK8R6qf8g&list=PLZuraW9kAXuE&index=1
youtube,O5EdMtIRzcw,https://www.youtube.com/watch?v=O5EdMtIRzcw&list=PLZuraW9kAXuE&index=7,SNN,SNN_2026,"Thúy Ngân, Phan Mạnh Quỳnh, Văn Mai Hương, Tuấn Dương đoán tên vật dụng chuẩn thuật ngữ quân đội 🤔",VIDEO,UNKNOWN,OFFICIAL_SHOW_CHANNEL,SEASON,OFFICIAL_PLAYLIST_COLLECTION,NEEDS_REVIEW,NEEDS_REVIEW,2026-08-07T03:32:17.000Z,132,3130,,,available,i3J1i2O99cTyHPbyz,https://www.youtube.com/watch?v=O5EdMtIRzcw&list=PLZuraW9kAXuE&index=7
youtube,0sdLGedT_98,https://www.youtube.com/watch?v=0sdLGedT_98&list=PLZuraW9kAXuE&index=33,SNN,SNN_2026,Các đồng chí cùng làm quen chiến sĩ mới Lê Huỳnh Thúy Ngân nha 💌#ThuyNgan #SaoNhapNgu2026,VIDEO,UNKNOWN,OFFICIAL_SHOW_CHANNEL,SEASON,OFFICIAL_PLAYLIST_COLLECTION,NEEDS_REVIEW,NEEDS_REVIEW,2026-07-22T13:00:06.000Z,121,16566,,,available,i3J1i2O99cTyHPbyz,https://www.youtube.com/watch?v=0sdLGedT_98&list=PLZuraW9kAXuE&index=33
youtube,P0Vidn830uQ,https://www.youtube.com/watch?v=P0Vidn830uQ&list=PLZuraW9kAXuE&index=11,SNN,SNN_2026,10 điểm cho Erik (Lê Trung Thành) | SAO NHẬP NGŨ 2026,VIDEO,UNKNOWN,OFFICIAL_SHOW_CHANNEL,SEASON,OFFICIAL_PLAYLIST_COLLECTION,NEEDS_REVIEW,NEEDS_REVIEW,2026-08-04T03:00:23.000Z,18,3171,,,available,i3J1i2O99cTyHPbyz,https://www.youtube.com/watch?v=P0Vidn830uQ&list=PLZuraW9kAXuE&index=11
youtube,9VFqJlur3rk,https://www.youtube.com/watch?v=9VFqJlur3rk&list=PLZuraW9kAXuE&index=6,SNN,SNN_2026,🤣 Ôi đồng chí Tuấn Dương ơi | SAO NHẬP NGŨ 2026,VIDEO,UNKNOWN,OFFICIAL_SHOW_CHANNEL,SEASON,OFFICIAL_PLAYLIST_COLLECTION,NEEDS_REVIEW,NEEDS_REVIEW,2026-08-07T05:30:38.000Z,33,2799,,,available,i3J1i2O99cTyHPbyz,https://www.youtube.com/watch?v=9VFqJlur3rk&list=PLZuraW9kAXuE&index=6
youtube,a6YFKixBswo,https://www.youtube.com/watch?v=a6YFKixBswo&list=PLZuraW9kAXuE&index=4,SNN,SNN_2026,🤣 Ôi đồng chí Minh Trang ơi | SAO NHẬP NGŨ 2026,VIDEO,UNKNOWN,OFFICIAL_SHOW_CHANNEL,SEASON,OFFICIAL_PLAYLIST_COLLECTION,NEEDS_REVIEW,NEEDS_REVIEW,2026-08-07T11:00:16.000Z,30,6993,,,available,i3J1i2O99cTyHPbyz,https://www.youtube.com/watch?v=a6YFKixBswo&list=PLZuraW9kAXuE&index=4
youtube,pVoApXwXxgw,https://www.youtube.com/watch?v=pVoApXwXxgw&list=PLZuraW9kAXuE&index=9,SNN,SNN_2026,Tuấn Dương nhắc Erik nha 🤣 | SAO NHẬP NGŨ 2026,VIDEO,UNKNOWN,OFFICIAL_SHOW_CHANNEL,SEASON,OFFICIAL_PLAYLIST_COLLECTION,NEEDS_REVIEW,NEEDS_REVIEW,2026-08-06T05:22:42.000Z,26,5052,,,available,i3J1i2O99cTyHPbyz,https://www.youtube.com/watch?v=pVoApXwXxgw&list=PLZuraW9kAXuE&index=9
youtube,oDWEO6z6W44,https://www.youtube.com/watch?v=oDWEO6z6W44&list=PLZuraW9kAXuE&index=10,SNN,SNN_2026,Quốc Trường và Tuấn Dương ai sẽ nói nhiều hơn ai đây? | SAO NHẬP NGŨ 2026,VIDEO,UNKNOWN,OFFICIAL_SHOW_CHANNEL,SEASON,OFFICIAL_PLAYLIST_COLLECTION,NEEDS_REVIEW,NEEDS_REVIEW,2026-08-04T03:00:28.000Z,17,3694,,,available,i3J1i2O99cTyHPbyz,https://www.youtube.com/watch?v=oDWEO6z6W44&list=PLZuraW9kAXuE&index=10
youtube,Ug9sDCPoSek,https://www.youtube.com/watch?v=Ug9sDCPoSek&list=PLZuraW9kAXuE&index=3,SNN,SNN_2026,"CƯỜI KHỜ: Phan Mạnh Quỳnh GỌI TÊN ĐỒNG ĐỘI chỉ qua 1 ÁNH MẮT, 1 BỜ MÔI... | ĐỒNG HÀNH SAO NHẬP NGŨ",VIDEO,UNKNOWN,OFFICIAL_SHOW_CHANNEL,SEASON,OFFICIAL_PLAYLIST_COLLECTION,NEEDS_REVIEW,NEEDS_REVIEW,2026-08-08T02:00:10.000Z,182,1040,,,available,i3J1i2O99cTyHPbyz,https://www.youtube.com/watch?v=Ug9sDCPoSek&list=PLZuraW9kAXuE&index=3
youtube,eBhSf340m1w,https://www.youtube.com/watch?v=eBhSf340m1w&list=PLZuraW9kAXuE&index=12,SNN,SNN_2026,Chém gió như Châu Bùi 🤣 | SAO NHẬP NGŨ 2026,VIDEO,UNKNOWN,OFFICIAL_SHOW_CHANNEL,SEASON,OFFICIAL_PLAYLIST_COLLECTION,NEEDS_REVIEW,NEEDS_REVIEW,2026-08-04T02:00:39.000Z,17,4175,,,available,i3J1i2O99cTyHPbyz,https://www.youtube.com/watch?v=eBhSf340m1w&list=PLZuraW9kAXuE&index=12
youtube,qGXU_AHDfGc,https://www.youtube.com/watch?v=qGXU_AHDfGc&list=PLZuraW9kAXuE&index=35,SNN,SNN_2026,Chào Sao Nhập Ngũ 2026! Đồng chí Lê Trung Thành đã có mặt 🫡,VIDEO,UNKNOWN,OFFICIAL_SHOW_CHANNEL,SEASON,OFFICIAL_PLAYLIST_COLLECTION,NEEDS_REVIEW,NEEDS_REVIEW,2026-07-18T13:30:27.000Z,25,10405,,,available,i3J1i2O99cTyHPbyz,https://www.youtube.com/watch?v=qGXU_AHDfGc&list=PLZuraW9kAXuE&index=35
youtube,_ushprfeLd0,https://www.youtube.com/watch?v=_ushprfeLd0&list=PLZuraW9kAXuE&index=15,SNN,SNN_2026,Mình à sao đôi ta?!!! 🤣 | SAO NHẬP NGŨ 2026,VIDEO,UNKNOWN,OFFICIAL_SHOW_CHANNEL,SEASON,OFFICIAL_PLAYLIST_COLLECTION,NEEDS_REVIEW,NEEDS_REVIEW,2026-08-03T12:00:29.000Z,27,5731,,,available,i3J1i2O99cTyHPbyz,https://www.youtube.com/watch?v=_ushprfeLd0&list=PLZuraW9kAXuE&index=15
youtube,uwjO2yYQL3U,https://www.youtube.com/watch?v=uwjO2yYQL3U&list=PLZuraW9kAXuE&index=29,SNN,SNN_2026,Chào Sao Nhập Ngũ 2026! Đồng chí Nguyễn Quốc Trường đã có mặt 🫡 #saonhapngu #quốctrường,VIDEO,UNKNOWN,OFFICIAL_SHOW_CHANNEL,SEASON,OFFICIAL_PLAYLIST_COLLECTION,NEEDS_REVIEW,NEEDS_REVIEW,2026-07-25T03:30:16.000Z,22,12005,,,available,i3J1i2O99cTyHPbyz,https://www.youtube.com/watch?v=uwjO2yYQL3U&list=PLZuraW9kAXuE&index=29
youtube,E0ZHuD_muCE,https://www.youtube.com/watch?v=E0ZHuD_muCE&list=PLZuraW9kAXuE&index=36,SNN,SNN_2026,Chào Sao Nhập Ngũ 2026! Đồng chí Bùi Thái Bảo Châu đã có mặt! 🫡,VIDEO,UNKNOWN,OFFICIAL_SHOW_CHANNEL,SEASON,OFFICIAL_PLAYLIST_COLLECTION,NEEDS_REVIEW,NEEDS_REVIEW,2026-07-18T03:30:24.000Z,30,8527,,,available,i3J1i2O99cTyHPbyz,https://www.youtube.com/watch?v=E0ZHuD_muCE&list=PLZuraW9kAXuE&index=36
youtube,j_xcEhbM9jk,https://www.youtube.com/watch?v=j_xcEhbM9jk&list=PLZuraW9kAXuE&index=28,SNN,SNN_2026,Chào Sao Nhập Ngũ 2026! Đồng chí Trần Tuấn Dương đã có mặt 🫡 #saonhapngu #tuanduong,VIDEO,UNKNOWN,OFFICIAL_SHOW_CHANNEL,SEASON,OFFICIAL_PLAYLIST_COLLECTION,NEEDS_REVIEW,NEEDS_REVIEW,2026-07-25T13:30:16.000Z,25,9265,,,available,i3J1i2O99cTyHPbyz,https://www.youtube.com/watch?v=j_xcEhbM9jk&list=PLZuraW9kAXuE&index=28
youtube,EXVSu3D91EE,https://www.youtube.com/watch?v=EXVSu3D91EE&list=PLZuraW9kAXuE&index=31,SNN,SNN_2026,Chào Sao Nhập Ngũ 2026! Đồng chí Văn Mai Hương đã có mặt 🫡 #vanmaihuong #saonhapngu #saonhapngu2026,VIDEO,UNKNOWN,OFFICIAL_SHOW_CHANNEL,SEASON,OFFICIAL_PLAYLIST_COLLECTION,NEEDS_REVIEW,NEEDS_REVIEW,2026-07-24T03:41:55.000Z,31,6494,,,available,i3J1i2O99cTyHPbyz,https://www.youtube.com/watch?v=EXVSu3D91EE&list=PLZuraW9kAXuE&index=31
youtube,HYAtJab1skw,https://www.youtube.com/watch?v=HYAtJab1skw&list=PLZuraW9kAXuE&index=2,SNN,SNN_2026,Tuấn Dương TOÁT MỒ HÔI nhận diện các đồng đội tại SAO NHẬP NGŨ 2026 | ĐỒNG HÀNH SAO NHẬP NGŨ 2026,VIDEO,UNKNOWN,OFFICIAL_SHOW_CHANNEL,SEASON,OFFICIAL_PLAYLIST_COLLECTION,NEEDS_REVIEW,NEEDS_REVIEW,2026-08-09T02:00:11.000Z,236,1567,,,available,i3J1i2O99cTyHPbyz,https://www.youtube.com/watch?v=HYAtJab1skw&list=PLZuraW9kAXuE&index=2
youtube,PfPrfHJFiCg,https://www.youtube.com/watch?v=PfPrfHJFiCg&list=PLZuraW9kAXuE&index=22,SNN,SNN_2026,4 chiến sĩ Tuấn Dương - Quốc Trường - Châu Bùi - Văn Mai Hương cũng đã sẵn sàng | SAO NHẬP NGŨ 2026,VIDEO,UNKNOWN,OFFICIAL_SHOW_CHANNEL,SEASON,OFFICIAL_PLAYLIST_COLLECTION,NEEDS_REVIEW,NEEDS_REVIEW,2026-07-29T14:00:10.000Z,162,5922,,,available,i3J1i2O99cTyHPbyz,https://www.youtube.com/watch?v=PfPrfHJFiCg&list=PLZuraW9kAXuE&index=22
youtube,BDXEh7Jwxc4,https://www.youtube.com/watch?v=BDXEh7Jwxc4&list=PLZuraW9kAXuE&index=5,SNN,SNN_2026,🤣 Ôi đồng chí Quốc Trường ơi | SAO NHẬP NGŨ 2026,VIDEO,UNKNOWN,OFFICIAL_SHOW_CHANNEL,SEASON,OFFICIAL_PLAYLIST_COLLECTION,NEEDS_REVIEW,NEEDS_REVIEW,2026-08-07T07:00:33.000Z,20,4887,,,available,i3J1i2O99cTyHPbyz,https://www.youtube.com/watch?v=BDXEh7Jwxc4&list=PLZuraW9kAXuE&index=5
youtube,mZAMayOEQmY,https://www.youtube.com/watch?v=mZAMayOEQmY&list=PLZuraW9kAXuE&index=34,SNN,SNN_2026,Các đồng chí làm quen với chiến sĩ mới Minh Trang nha 🤞 | #SaoNhapNgu #SaoNhapNgu2026 #ViettelMedia,VIDEO,UNKNOWN,OFFICIAL_SHOW_CHANNEL,SEASON,OFFICIAL_PLAYLIST_COLLECTION,NEEDS_REVIEW,NEEDS_REVIEW,2026-07-21T13:00:15.000Z,90,3645,,,available,i3J1i2O99cTyHPbyz,https://www.youtube.com/watch?v=mZAMayOEQmY&list=PLZuraW9kAXuE&index=34
youtube,uvrleJU8izA,https://www.youtube.com/watch?v=uvrleJU8izA&list=PLZuraW9kAXuE&index=13,SNN,SNN_2026,Bà nói thiệt hả bà Hương? 🤣 | SAO NHẬP NGŨ 2026,VIDEO,UNKNOWN,OFFICIAL_SHOW_CHANNEL,SEASON,OFFICIAL_PLAYLIST_COLLECTION,NEEDS_REVIEW,NEEDS_REVIEW,2026-08-03T14:00:12.000Z,32,1875,,,available,i3J1i2O99cTyHPbyz,https://www.youtube.com/watch?v=uvrleJU8izA&list=PLZuraW9kAXuE&index=13
youtube,cZ4tL7TQaSc,https://www.youtube.com/watch?v=cZ4tL7TQaSc&list=PLZuraW9kAXuE&index=16,SNN,SNN_2026,Ôi thôi chếch 🤣 | SAO NHẬP NGŨ 2026,VIDEO,UNKNOWN,OFFICIAL_SHOW_CHANNEL,SEASON,OFFICIAL_PLAYLIST_COLLECTION,NEEDS_REVIEW,NEEDS_REVIEW,2026-08-03T04:00:35.000Z,21,2680,,,available,i3J1i2O99cTyHPbyz,https://www.youtube.com/watch?v=cZ4tL7TQaSc&list=PLZuraW9kAXuE&index=16
youtube,8kbOoWPBins,https://www.youtube.com/watch?v=8kbOoWPBins&list=PLZuraW9kAXuE&index=19,SNN,SNN_2026,"ĐỒNG HÀNH | Erik và Châu Bùi DỰ ĐOÁN ""CHẤN ĐỘNG"" trước ngày nhập ngũ | SAO NHẬP NGŨ 2026",VIDEO,CLIP_OR_SEGMENT,OFFICIAL_SHOW_CHANNEL,SEASON,OFFICIAL_PLAYLIST_COLLECTION,ACCEPTED,ACCEPTED,2026-08-01T13:00:10.000Z,217,1418,,,available,i3J1i2O99cTyHPbyz,https://www.youtube.com/watch?v=8kbOoWPBins&list=PLZuraW9kAXuE&index=19
youtube,9ZHSeBLYU0I,https://www.youtube.com/watch?v=9ZHSeBLYU0I&list=PLZuraW9kAXuE&index=8,SNN,SNN_2026,"🤔 Quốc Trường, Erik, Châu Bùi, Minh Trang đoán tên vật dụng chuẩn thuật ngữ quân đội",VIDEO,UNKNOWN,OFFICIAL_SHOW_CHANNEL,SEASON,OFFICIAL_PLAYLIST_COLLECTION,NEEDS_REVIEW,NEEDS_REVIEW,2026-08-06T09:43:42.000Z,153,1662,,,available,i3J1i2O99cTyHPbyz,https://www.youtube.com/watch?v=9ZHSeBLYU0I&list=PLZuraW9kAXuE&index=8
youtube,iXLk5Z3vmUE,https://www.youtube.com/watch?v=iXLk5Z3vmUE&list=PLZuraW9kAXuE&index=17,SNN,SNN_2026,Tình chị em chắc có bền lâu? 🤣 | SAO NHẬP NGŨ 2026,VIDEO,UNKNOWN,OFFICIAL_SHOW_CHANNEL,SEASON,OFFICIAL_PLAYLIST_COLLECTION,NEEDS_REVIEW,NEEDS_REVIEW,2026-08-03T02:40:13.000Z,19,3957,,,available,i3J1i2O99cTyHPbyz,https://www.youtube.com/watch?v=iXLk5Z3vmUE&list=PLZuraW9kAXuE&index=17
youtube,GVohSu2xaQs,https://www.youtube.com/watch?v=GVohSu2xaQs&list=PLZuraW9kAXuE&index=25,SNN,SNN_2026,Các đồng chí cùng làm quen chiến sĩ mới Văn Mai Hương nha 🥰 | SAO NHẬP NGŨ #saonhapngu #shorts,SHORT,SHORT,OFFICIAL_SHOW_CHANNEL,SEASON,OFFICIAL_PLAYLIST_COLLECTION,ACCEPTED,ACCEPTED,2026-07-27T03:00:34.000Z,116,8566,,,available,i3J1i2O99cTyHPbyz,https://www.youtube.com/watch?v=GVohSu2xaQs&list=PLZuraW9kAXuE&index=25
youtube,BJ8EytQwpW0,https://www.youtube.com/watch?v=BJ8EytQwpW0,CSQC,CSQC_2025,CHIẾN SĨ QUẢ CẢM Tập 7 | LÒ LUYỆN THÉP - Thử thách chân thực đến cực hạn: ĐẦU HÀNG hay CHIẾN ĐẤU?,VIDEO,CAST_CONTENT,OFFICIAL_SHOW_CHANNEL,EPISODE,OFFICIAL_PLAYLIST_COLLECTION,NEEDS_REVIEW,CANONICAL_OVERLAP,2025-09-07T13:30:07.000Z,6805,3484448,,,available,nfq80lHW2xWgqZyZj,https://www.youtube.com/watch?v=BJ8EytQwpW0
youtube,AopBeQn7ATU,https://www.youtube.com/watch?v=AopBeQn7ATU,CSQC,CSQC_2025,"Dương Lâm ""xịt keo"" khi đi bị đưa đến vùng đất hoang sơ, không 1 bóng người | #CSQC",VIDEO,UNKNOWN,OFFICIAL_SHOW_CHANNEL,SEASON,OFFICIAL_PLAYLIST_COLLECTION,NEEDS_REVIEW,NEEDS_REVIEW,2026-06-08T11:00:26.000Z,3318,90921,,,available,nfq80lHW2xWgqZyZj,https://www.youtube.com/watch?v=AopBeQn7ATU
youtube,8Rmxw5ttsA4,https://www.youtube.com/watch?v=8Rmxw5ttsA4,CSQC,CSQC_2025,"Phan Mạnh Quỳnh khi đối mặt kẻ tử thù, cảm nhận ""mạng sống mong manh như sợi tóc"" | Chiến Sĩ Quả Cảm",VIDEO,UNKNOWN,OFFICIAL_SHOW_CHANNEL,SEASON,OFFICIAL_PLAYLIST_COLLECTION,NEEDS_REVIEW,NEEDS_REVIEW,2025-11-08T08:30:27.000Z,1421,100016,,,available,nfq80lHW2xWgqZyZj,https://www.youtube.com/watch?v=8Rmxw5ttsA4
youtube,EhblQpD4pHg,https://www.youtube.com/watch?v=EhblQpD4pHg,CSQC,CSQC_2025,24 GIỜ QUẢ CẢM Tập 1 | Cười mệt xỉu với TIỆM LÀM TÓC bất đắc dĩ của dàn chiến sĩ nhập vai,VIDEO,UNKNOWN,OFFICIAL_SHOW_CHANNEL,EPISODE,OFFICIAL_PLAYLIST_COLLECTION,NEEDS_REVIEW,NEEDS_REVIEW,2025-07-31T14:00:06.000Z,2093,339826,,,available,nfq80lHW2xWgqZyZj,https://www.youtube.com/watch?v=EhblQpD4pHg
youtube,PovkeWWdm6o,https://www.youtube.com/watch?v=PovkeWWdm6o,CSQC,CSQC_2025,"Lê Dương Bảo Lâm tá hỏa khi ""đùa nhầm người"" với Nữ cảnh sát đặc nhiệm | #CSQC",VIDEO,UNKNOWN,OFFICIAL_SHOW_CHANNEL,SEASON,OFFICIAL_PLAYLIST_COLLECTION,NEEDS_REVIEW,NEEDS_REVIEW,2026-05-12T11:00:39.000Z,3317,544885,,,available,nfq80lHW2xWgqZyZj,https://www.youtube.com/watch?v=PovkeWWdm6o
youtube,wmcv-JZLtmw,https://www.youtube.com/watch?v=wmcv-JZLtmw,CSQC,CSQC_2025,"[UNCUT] Toàn bộ ""phi vụ"" tạo sinh nhật bất ngờ, Dương Lâm & Kiều Minh Tuấn phối hợp ""diễn ăn ý""",VIDEO,UNCUT_EXTENDED,OFFICIAL_SHOW_CHANNEL,SEASON,OFFICIAL_PLAYLIST_COLLECTION,ACCEPTED,ACCEPTED,2025-08-09T07:19:31.000Z,665,355761,,,available,nfq80lHW2xWgqZyZj,https://www.youtube.com/watch?v=wmcv-JZLtmw
youtube,VY6GSogYRQs,https://www.youtube.com/watch?v=VY6GSogYRQs,CSQC,CSQC_2025,"Lê Dương Bảo Lâm bị ""đuối nước"" trong thử thách cứu người dưới sông | #CSQC",VIDEO,CAST_CONTENT,OFFICIAL_SHOW_CHANNEL,SEASON,OFFICIAL_PLAYLIST_COLLECTION,ACCEPTED,ACCEPTED,2026-05-30T11:01:05.000Z,2280,27709,,,available,nfq80lHW2xWgqZyZj,https://www.youtube.com/watch?v=VY6GSogYRQs
youtube,bR13fO1SBWg,https://www.youtube.com/watch?v=bR13fO1SBWg,CSQC,CSQC_2025,"Kiều Minh Tuấn nhập vai ""xạ thủ"" xuất sắc, Dương Lâm bị ""liệu liên hồi"" | Chiến Sĩ Quả Cảm",VIDEO,UNKNOWN,OFFICIAL_SHOW_CHANNEL,SEASON,OFFICIAL_PLAYLIST_COLLECTION,NEEDS_REVIEW,NEEDS_REVIEW,2025-09-30T04:15:20.000Z,643,9565,,,available,nfq80lHW2xWgqZyZj,https://www.youtube.com/watch?v=bR13fO1SBWg
youtube,3b0kazbQ6EY,https://www.youtube.com/watch?v=3b0kazbQ6EY,CSQC,CSQC_2025,"Binz, Mono cùng dàn cast rủ nhau ""mở concert"" khép lại hành trình PCKB, Tiểu Vy góp giọng | #CSQC",VIDEO,PERFORMANCE,OFFICIAL_SHOW_CHANNEL,SEASON,OFFICIAL_PLAYLIST_COLLECTION,ACCEPTED,ACCEPTED,2025-10-01T04:35:19.000Z,1772,390689,,,available,nfq80lHW2xWgqZyZj,https://www.youtube.com/watch?v=3b0kazbQ6EY
youtube,-UyNhfzc3Kw,https://www.youtube.com/watch?v=-UyNhfzc3Kw,CSQC,CSQC_2025,"Mie ""cà khịa"" từng người, Kỳ Duyên, Diệp Lâm Anh, Tiểu Vy ""mắt chữ O mồm chữ A"" | Chiến Sĩ Quả Cảm",VIDEO,UNKNOWN,OFFICIAL_SHOW_CHANNEL,SEASON,OFFICIAL_PLAYLIST_COLLECTION,NEEDS_REVIEW,NEEDS_REVIEW,2025-09-24T05:44:45.000Z,2386,59272,,,available,nfq80lHW2xWgqZyZj,https://www.youtube.com/watch?v=-UyNhfzc3Kw
youtube,rbMVevrieX0,https://www.youtube.com/watch?v=rbMVevrieX0,CSQC,CSQC_2025,"Dương Lâm ""mukbang bữa cơm"" tại lực lượng Cảnh sát cơ động phòng chống khủng bố #CSQC",VIDEO,UNKNOWN,OFFICIAL_SHOW_CHANNEL,SEASON,OFFICIAL_PLAYLIST_COLLECTION,NEEDS_REVIEW,NEEDS_REVIEW,2026-05-02T11:01:20.000Z,2387,325795,,,available,nfq80lHW2xWgqZyZj,https://www.youtube.com/watch?v=rbMVevrieX0
youtube,EZ5Jyd1T8w0,https://www.youtube.com/watch?v=EZ5Jyd1T8w0,CSQC,CSQC_2025,"24 GIỜ QUẢ CẢM Tập 18 | ""Cười đau bụng"" khi lần đầu sinh nhật Dương Lâm được tổ chức tại đơn vị",VIDEO,UNKNOWN,OFFICIAL_SHOW_CHANNEL,EPISODE,OFFICIAL_PLAYLIST_COLLECTION,NEEDS_REVIEW,NEEDS_REVIEW,2025-10-19T10:14:28.000Z,1224,93139,,,available,nfq80lHW2xWgqZyZj,https://www.youtube.com/watch?v=EZ5Jyd1T8w0
youtube,mx5oP0ZkeZk,https://www.youtube.com/watch?v=mx5oP0ZkeZk,CSQC,CSQC_2025,"THỰC CHIẾN: Nhập vai Cảnh sát đặc nhiệm, giải cứu nạn nhân trong hang ổ buôn người| Chiến Sĩ Quả Cảm",VIDEO,UNKNOWN,OFFICIAL_SHOW_CHANNEL,SEASON,OFFICIAL_PLAYLIST_COLLECTION,NEEDS_REVIEW,NEEDS_REVIEW,2025-10-07T11:45:55.000Z,2345,76876,,,available,nfq80lHW2xWgqZyZj,https://www.youtube.com/watch?v=mx5oP0ZkeZk
youtube,FWnoJtDvsdA,https://www.youtube.com/watch?v=FWnoJtDvsdA,CSQC,CSQC_2025,"THỰC CHIẾN: Huy động trực thăng, xe bọc thép giải cứu con tin tại Trung tâm Hội nghị Quốc gia| #CSQC",VIDEO,UNKNOWN,OFFICIAL_SHOW_CHANNEL,SEASON,OFFICIAL_PLAYLIST_COLLECTION,NEEDS_REVIEW,NEEDS_REVIEW,2025-10-15T05:07:55.000Z,2094,113751,,,available,nfq80lHW2xWgqZyZj,https://www.youtube.com/watch?v=FWnoJtDvsdA
youtube,rZkErfkcGTo,https://www.youtube.com/watch?v=rZkErfkcGTo,CSQC,CSQC_2025,"THỰC CHIẾN: Cháy tàu giữa sông, dàn cast xông pha giải cứu hàng trăm người | Chiến Sĩ Quả Cảm",VIDEO,UNKNOWN,OFFICIAL_SHOW_CHANNEL,SEASON,OFFICIAL_PLAYLIST_COLLECTION,NEEDS_REVIEW,NEEDS_REVIEW,2025-08-20T09:15:01.000Z,2128,33973,,,available,nfq80lHW2xWgqZyZj,https://www.youtube.com/watch?v=rZkErfkcGTo
youtube,kV0RfXJj5nE,https://www.youtube.com/watch?v=kV0RfXJj5nE,CSQC,CSQC_2025,"Phạn Mạnh Quỳnh tiếp tục bị Dương Lâm cà khịa ""phát biểu thoại khùm, thoại điên"" | Chiến Sĩ Quả Cảm",VIDEO,UNKNOWN,OFFICIAL_SHOW_CHANNEL,SEASON,OFFICIAL_PLAYLIST_COLLECTION,NEEDS_REVIEW,NEEDS_REVIEW,2025-09-01T10:39:59.000Z,977,47304,,,available,nfq80lHW2xWgqZyZj,https://www.youtube.com/watch?v=kV0RfXJj5nE
youtube,dNZoidBWXfA,https://www.youtube.com/watch?v=dNZoidBWXfA,CSQC,CSQC_2025,"Tiến Luật bị ""ăn"" nguyên cái chai vào đầu, Tiểu Vy thao túng tâm lý bằng ""mỹ nhân kế"" | #CSQC",VIDEO,UNKNOWN,OFFICIAL_SHOW_CHANNEL,SEASON,OFFICIAL_PLAYLIST_COLLECTION,NEEDS_REVIEW,NEEDS_REVIEW,2025-09-24T11:06:30.000Z,1292,41205,,,available,nfq80lHW2xWgqZyZj,https://www.youtube.com/watch?v=dNZoidBWXfA
youtube,l_t8wzZezb4,https://www.youtube.com/watch?v=l_t8wzZezb4,CSQC,CSQC_2025,"Khoảnh Khắc Quả Cảm | Lan Ngọc ""vướng cái nách"", Minh Hằng tố Song Luân chưa kịp trấn an đã ôm mình",VIDEO,HIGHLIGHT,OFFICIAL_SHOW_CHANNEL,SEASON,OFFICIAL_PLAYLIST_COLLECTION,ACCEPTED,ACCEPTED,2025-08-30T04:08:21.000Z,3609,76039,,,available,nfq80lHW2xWgqZyZj,https://www.youtube.com/watch?v=l_t8wzZezb4
youtube,VR2pU8_nFYs,https://www.youtube.com/watch?v=VR2pU8_nFYs,CSQC,CSQC_2025,(REACTION) CHIẾN SĨ QUẢ CẢM TẬP 11| Triệt phá nhóm BUÔN NGƯỜI - Màn đối đầu NGHẸT THỞ,VIDEO,REACTION_COMMENTARY,UNVERIFIED,EPISODE,INFERRED,NEEDS_REVIEW,NEEDS_REVIEW,2025-10-06T12:01:58.000Z,8387,7886,,,available,nfq80lHW2xWgqZyZj,https://www.youtube.com/watch?v=VR2pU8_nFYs
youtube,eQjeDc4SBCU,https://www.youtube.com/watch?v=eQjeDc4SBCU,CSQC,CSQC_2025,"CẢNH SÁT CƠ ĐỘNG triệt tiêu nhóm ĐỐI TƯỢNG CHỐNG PHÁ khét tiếng, ẨN NÁO trong rừng | CSQC",VIDEO,UNKNOWN,OFFICIAL_SHOW_CHANNEL,SEASON,OFFICIAL_PLAYLIST_COLLECTION,NEEDS_REVIEW,NEEDS_REVIEW,2025-12-27T12:45:31.000Z,4094,123282,,,available,nfq80lHW2xWgqZyZj,https://www.youtube.com/watch?v=eQjeDc4SBCU
youtube,MAcsSWpti84,https://www.youtube.com/watch?v=MAcsSWpti84,CSQC,CSQC_2025,"24 GIỜ QUẢ CẢM Tập 12 | Dương Lâm nằng nặc đòi ngậm 2 ống, Song Luân ""làm màu"" và cái kết cười xỉu",VIDEO,UNKNOWN,OFFICIAL_SHOW_CHANNEL,EPISODE,OFFICIAL_PLAYLIST_COLLECTION,NEEDS_REVIEW,NEEDS_REVIEW,2025-09-27T11:00:39.000Z,1084,110599,,,available,nfq80lHW2xWgqZyZj,https://www.youtube.com/watch?v=MAcsSWpti84
youtube,jNRDpLTyuyI,https://www.youtube.com/watch?v=jNRDpLTyuyI,CSQC,CSQC_2025,"24 GIỜ QUẢ CẢM Tập 3 | Kiều Minh Tuấn khóc thét mò trúng ""sít rịt"", sự tích ""thần kim quy"" Tiến luật",VIDEO,UNKNOWN,OFFICIAL_SHOW_CHANNEL,EPISODE,OFFICIAL_PLAYLIST_COLLECTION,NEEDS_REVIEW,NEEDS_REVIEW,2025-08-23T08:00:48.000Z,1053,41907,,,available,nfq80lHW2xWgqZyZj,https://www.youtube.com/watch?v=jNRDpLTyuyI
youtube,Rw10Ovvp8sk,https://www.youtube.com/watch?v=Rw10Ovvp8sk,CSQC,CSQC_2025,"Dương Lâm từ ""giao tiếp"" đến ""trêu ghẹo"" cảnh khuyển và cái kết phải nhận lấy | Chiến Sĩ Quả Cảm",VIDEO,UNKNOWN,OFFICIAL_SHOW_CHANNEL,SEASON,OFFICIAL_PLAYLIST_COLLECTION,NEEDS_REVIEW,NEEDS_REVIEW,2025-09-29T13:00:54.000Z,1148,777654,,,available,nfq80lHW2xWgqZyZj,https://www.youtube.com/watch?v=Rw10Ovvp8sk
youtube,5aDj55s5Tbc,https://www.youtube.com/watch?v=5aDj55s5Tbc,CSQC,CSQC_2025,"Dương Lâm tiết lộ bệnh tình, vẫn kiên cường vượt thử thách để giành huy hiệu | Chiến Sĩ Quả Cảm",VIDEO,CAST_CONTENT,OFFICIAL_SHOW_CHANNEL,SEASON,OFFICIAL_PLAYLIST_COLLECTION,ACCEPTED,ACCEPTED,2025-09-30T13:00:11.000Z,1452,95324,,,available,nfq80lHW2xWgqZyZj,https://www.youtube.com/watch?v=5aDj55s5Tbc
youtube,3RGmOhnHf3M,https://www.youtube.com/watch?v=3RGmOhnHf3M,CSQC,CSQC_2025,"24 GIỜ QUẢ CẢM Tập 11 | Dương Lâm, Quốc Thiên, Kiều Minh Tuấn mukbang cơm trưa sau khi ""ngâm nước""",VIDEO,UNKNOWN,OFFICIAL_SHOW_CHANNEL,EPISODE,OFFICIAL_PLAYLIST_COLLECTION,NEEDS_REVIEW,NEEDS_REVIEW,2025-09-25T13:00:07.000Z,482,148551,,,available,nfq80lHW2xWgqZyZj,https://www.youtube.com/watch?v=3RGmOhnHf3M
youtube,oOH-ouqusTU,https://www.youtube.com/watch?v=oOH-ouqusTU,CSQC,CSQC_2025,"Triệt phá đường dây buôn bán ma túy, bắt và xử lý các đối tượng tội phạm | #CSQC",VIDEO,UNKNOWN,OFFICIAL_SHOW_CHANNEL,SEASON,OFFICIAL_PLAYLIST_COLLECTION,NEEDS_REVIEW,NEEDS_REVIEW,2026-05-23T11:30:00.000Z,4926,107205,,,available,nfq80lHW2xWgqZyZj,https://www.youtube.com/watch?v=oOH-ouqusTU
youtube,-vnYCMxYLII,https://www.youtube.com/watch?v=-vnYCMxYLII,CSQC,CSQC_2025,Cảnh Sát Cơ Động TRIỆT PHÁ đường dây BUÔN NGƯỜI TRÁI PHÉP khét tiếng | Chiến Sĩ Quả Cảm,VIDEO,UNKNOWN,OFFICIAL_SHOW_CHANNEL,SEASON,OFFICIAL_PLAYLIST_COLLECTION,NEEDS_REVIEW,NEEDS_REVIEW,2026-01-02T11:00:01.000Z,2586,99921,,,available,nfq80lHW2xWgqZyZj,https://www.youtube.com/watch?v=-vnYCMxYLII
youtube,l1P0Sx8u1q0,https://www.youtube.com/watch?v=l1P0Sx8u1q0,CSQC,CSQC_2025,"CHIẾN SĨ QUẢ CẢM Tập 4 | Liên hoàn thử thách hiểm nguy: cháy tàu giữa sông, cứu người dưới vách núi",VIDEO,CAST_CONTENT,OFFICIAL_SHOW_CHANNEL,EPISODE,OFFICIAL_PLAYLIST_COLLECTION,NEEDS_REVIEW,CANONICAL_OVERLAP,2025-08-17T13:30:06.000Z,8276,3709155,,,available,nfq80lHW2xWgqZyZj,https://www.youtube.com/watch?v=l1P0Sx8u1q0
youtube,16NRWGq-zH0,https://www.youtube.com/watch?v=16NRWGq-zH0,CSQC,CSQC_2025,"Toàn cảnh giải cứu vụ tai nạn xe buýt, căng thẳng trong thực chiến đầu tiên | Chiến Sĩ Quả Cảm",VIDEO,UNKNOWN,OFFICIAL_SHOW_CHANNEL,SEASON,OFFICIAL_PLAYLIST_COLLECTION,NEEDS_REVIEW,NEEDS_REVIEW,2025-08-06T05:21:19.000Z,1416,49344,,,available,nfq80lHW2xWgqZyZj,https://www.youtube.com/watch?v=16NRWGq-zH0
youtube,Gb5GIA75w-E,https://www.youtube.com/watch?v=Gb5GIA75w-E,CSQC,CSQC_2025,"Tập 13 HÉ LỘ | Tăng Duy Tân, Đinh Tiến Đạt nhập cuộc, Dương Lâm, Kiều Minh Tuấn ""tra hỏi"" | #CSQC",VIDEO,UNKNOWN,OFFICIAL_SHOW_CHANNEL,EPISODE,OFFICIAL_PLAYLIST_COLLECTION,NEEDS_REVIEW,NEEDS_REVIEW,2025-10-19T03:20:24.000Z,164,21467,,,available,nfq80lHW2xWgqZyZj,https://www.youtube.com/watch?v=Gb5GIA75w-E
youtube,wtd6ETDw_gg,https://www.youtube.com/watch?v=wtd6ETDw_gg,CSQC,CSQC_2025,"Xuống nước truy tìm tang vật bí ẩn, dàn cast liên tục gặp sự cố? | #CSQC",VIDEO,UNKNOWN,OFFICIAL_SHOW_CHANNEL,SEASON,OFFICIAL_PLAYLIST_COLLECTION,NEEDS_REVIEW,NEEDS_REVIEW,2026-02-20T11:01:41.000Z,1150,4046,,,available,nfq80lHW2xWgqZyZj,https://www.youtube.com/watch?v=wtd6ETDw_gg
youtube,v3-7pCiwJII,https://www.youtube.com/watch?v=v3-7pCiwJII,CSQC,CSQC_2025,"Dương Lâm ""tấu hài"" cùng đồng đội vừa ""điều tra"" vừa có những trải nghiệm thú vị | Chiến Sĩ Quả Cảm",VIDEO,UNKNOWN,OFFICIAL_SHOW_CHANNEL,SEASON,OFFICIAL_PLAYLIST_COLLECTION,NEEDS_REVIEW,NEEDS_REVIEW,2025-10-21T07:34:50.000Z,2251,115881,,,available,nfq80lHW2xWgqZyZj,https://www.youtube.com/watch?v=v3-7pCiwJII
youtube,-ojhLEdLH9U,https://www.youtube.com/watch?v=-ojhLEdLH9U,CSQC,CSQC_2025,Thử thách huấn luyện đứng tấn chịu lực với sức nặng khủng khiếp khiến dàn cast nể phục | #CSQC,VIDEO,CAST_CONTENT,OFFICIAL_SHOW_CHANNEL,SEASON,OFFICIAL_PLAYLIST_COLLECTION,ACCEPTED,ACCEPTED,2026-01-31T12:00:01.000Z,2326,2341,,,available,nfq80lHW2xWgqZyZj,https://www.youtube.com/watch?v=-ojhLEdLH9U
youtube,HqaCepz9aoE,https://www.youtube.com/watch?v=HqaCepz9aoE,CSQC,CSQC_2025,"[BTS] Màn ""bóc phốt em ruột"" không hề nể nang từ Dương Lâm | Chiến Sĩ Quả Cảm",VIDEO,BEHIND_THE_SCENES,OFFICIAL_SHOW_CHANNEL,SEASON,OFFICIAL_PLAYLIST_COLLECTION,ACCEPTED,ACCEPTED,2025-09-27T06:01:10.000Z,218,10940,,,available,nfq80lHW2xWgqZyZj,https://www.youtube.com/watch?v=HqaCepz9aoE
youtube,hhwKT2XNMNA,https://www.youtube.com/watch?v=hhwKT2XNMNA,CSQC,CSQC_2025,"Nhìn nhau đã mắc cười, Quốc Thiên - Lê Dương Bảo Lâm cố gắng nghiêm túc | Chiến Sĩ Quả Cảm",VIDEO,UNKNOWN,OFFICIAL_SHOW_CHANNEL,SEASON,OFFICIAL_PLAYLIST_COLLECTION,NEEDS_REVIEW,NEEDS_REVIEW,2025-08-14T07:09:45.000Z,806,274407,,,available,nfq80lHW2xWgqZyZj,https://www.youtube.com/watch?v=hhwKT2XNMNA
youtube,Qu6C5WJKNiQ,https://www.youtube.com/watch?v=Qu6C5WJKNiQ,CSQC,CSQC_2025,CHIẾN SĨ QUẢ CẢM Trailer #10 | Căng thẳng cực độ khi đối diện nhiệm vụ truy quét đối tượng kh.ủng bố,VIDEO,TEASER_PREVIEW,OFFICIAL_SHOW_CHANNEL,SEASON,OFFICIAL_PLAYLIST_COLLECTION,ACCEPTED,ACCEPTED,2025-09-26T13:00:54.000Z,141,86339,,,available,nfq80lHW2xWgqZyZj,https://www.youtube.com/watch?v=Qu6C5WJKNiQ
youtube,U-MF7G1X3Ek,https://www.youtube.com/watch?v=U-MF7G1X3Ek,CSQC,CSQC_2025,"Đồng chí Tấn Tài ""tiểu phẩm hài hước"" đến nỗi Dương Lâm phải gọi bằng idol | Chiến Sĩ Quả Cảm",VIDEO,UNKNOWN,OFFICIAL_SHOW_CHANNEL,SEASON,OFFICIAL_PLAYLIST_COLLECTION,NEEDS_REVIEW,NEEDS_REVIEW,2025-09-01T03:30:11.000Z,636,112060,,,available,nfq80lHW2xWgqZyZj,https://www.youtube.com/watch?v=U-MF7G1X3Ek
youtube,9CRDNSNQn5Y,https://www.youtube.com/watch?v=9CRDNSNQn5Y,CSQC,CSQC_2025,"CHIẾN SĨ QUẢ CẢM Tập 14- Official Trailer| Thủ đoạn tội phạm tinh vi, cuộc chiến ngày càng khốc liệt",VIDEO,TEASER_PREVIEW,OFFICIAL_SHOW_CHANNEL,EPISODE,OFFICIAL_PLAYLIST_COLLECTION,ACCEPTED,ACCEPTED,2025-10-24T12:30:14.000Z,111,16634,,,available,nfq80lHW2xWgqZyZj,https://www.youtube.com/watch?v=9CRDNSNQn5Y
youtube,9wblZyUKKZs,https://www.youtube.com/watch?v=9wblZyUKKZs,CSQC,CSQC_2025,Truy bắt nhóm khủng bố chống phá tụ tập ở nhà hoang | Thực chiến #CSQC,VIDEO,UNKNOWN,OFFICIAL_SHOW_CHANNEL,SEASON,OFFICIAL_PLAYLIST_COLLECTION,NEEDS_REVIEW,NEEDS_REVIEW,2026-08-02T11:00:02.000Z,3517,10342,,,available,nfq80lHW2xWgqZyZj,https://www.youtube.com/watch?v=9wblZyUKKZs
youtube,e_Zlvai0egk,https://www.youtube.com/watch?v=e_Zlvai0egk,CSQC,CSQC_2025,"24 GIỜ QUẢ CẢM Tập 9 | Tiến Luật, Dương Lâm ""náo loạn"" khi nhận phòng ngủ, Binz bắt đầu ""hòa tan""",VIDEO,UNKNOWN,OFFICIAL_SHOW_CHANNEL,EPISODE,OFFICIAL_PLAYLIST_COLLECTION,NEEDS_REVIEW,NEEDS_REVIEW,2025-09-18T12:33:22.000Z,956,197660,,,available,nfq80lHW2xWgqZyZj,https://www.youtube.com/watch?v=e_Zlvai0egk
youtube,v-Y3WjKNCpQ,https://www.youtube.com/watch?v=v-Y3WjKNCpQ,CSQC,CSQC_2025,"Dương Lâm kiệt sức sau bài huấn luyện khắc nghiệt, dàn cast ""đứng ngồi không yên"" | #CSQC",VIDEO,UNKNOWN,OFFICIAL_SHOW_CHANNEL,SEASON,OFFICIAL_PLAYLIST_COLLECTION,NEEDS_REVIEW,NEEDS_REVIEW,2026-02-22T11:01:23.000Z,1093,3134,,,available,nfq80lHW2xWgqZyZj,https://www.youtube.com/watch?v=v-Y3WjKNCpQ
youtube,Pvbd3WrH3G0,https://www.youtube.com/watch?v=Pvbd3WrH3G0,CSQC,CSQC_2025,"Phan Mạnh Quỳnh, Dương Lâm, Binz báo cáo khiến chỉ huy và đồng đội ""cười ngất"" | Chiến Sĩ Quả Cảm",VIDEO,UNKNOWN,OFFICIAL_SHOW_CHANNEL,SEASON,OFFICIAL_PLAYLIST_COLLECTION,NEEDS_REVIEW,NEEDS_REVIEW,2025-10-21T08:25:57.000Z,690,16280,,,available,nfq80lHW2xWgqZyZj,https://www.youtube.com/watch?v=Pvbd3WrH3G0
youtube,mYptMCjVGbw,https://www.youtube.com/watch?v=mYptMCjVGbw,CSQC,CSQC_2025,Sân khấu đầu tiên của HÀNH TRÌNH QUẢ CẢM - CHIẾN SĨ NHẬP VAI khuấy đảo đêm gala | Chiến Sĩ Quả Cảm,VIDEO,UNKNOWN,OFFICIAL_SHOW_CHANNEL,SEASON,OFFICIAL_PLAYLIST_COLLECTION,NEEDS_REVIEW,NEEDS_REVIEW,2025-11-04T04:10:43.000Z,294,32424,,,available,nfq80lHW2xWgqZyZj,https://www.youtube.com/watch?v=mYptMCjVGbw
youtube,XnYrz6T5YcA,https://www.youtube.com/watch?v=XnYrz6T5YcA,CSQC,CSQC_2025,"Liên Bỉnh Phát ""làm màu"", Dương Lâm trôi trên sông Sài Gòn phải ""cầu cứu"" | Chiến Sĩ Quả Cảm",VIDEO,UNKNOWN,OFFICIAL_SHOW_CHANNEL,SEASON,OFFICIAL_PLAYLIST_COLLECTION,NEEDS_REVIEW,NEEDS_REVIEW,2025-08-19T12:00:59.000Z,1040,35464,,,available,nfq80lHW2xWgqZyZj,https://www.youtube.com/watch?v=XnYrz6T5YcA
youtube,fizWUDsi7NI,https://www.youtube.com/watch?v=fizWUDsi7NI,CSQC,CSQC_2025,"Tội phạm giả đầu hàng quăng bom, Mono tung cú đá cứu đồng đội giữa làn đạn | Chiến Sĩ Quả Cảm",VIDEO,UNKNOWN,OFFICIAL_SHOW_CHANNEL,SEASON,OFFICIAL_PLAYLIST_COLLECTION,NEEDS_REVIEW,NEEDS_REVIEW,2025-11-06T08:36:20.000Z,1746,12751,,,available,nfq80lHW2xWgqZyZj,https://www.youtube.com/watch?v=fizWUDsi7NI
youtube,2kJuXw46nCM,https://www.youtube.com/watch?v=2kJuXw46nCM,CSQC,CSQC_2025,"Chiến Sĩ Quả Cảm - Khoảnh khắc Kiều Minh Tuấn trấn an ""mẹ"" tội phạm, khuyên con buông súng đầu hàng",VIDEO,HIGHLIGHT,UNVERIFIED,SEASON,INFERRED,NEEDS_REVIEW,NEEDS_REVIEW,2025-11-04T09:23:23.000Z,576,1011603,,,available,nfq80lHW2xWgqZyZj,https://www.youtube.com/watch?v=2kJuXw46nCM
youtube,FVYK3fqOw28,https://www.youtube.com/watch?v=FVYK3fqOw28,CSQC,CSQC_2025,"24 GIỜ QUẢ CẢM Tập 17 | Dương Lâm làm tiểu phẩm, tự nhận là nạn nhân & cái kết bị phạt ""ê chề""",VIDEO,UNKNOWN,OFFICIAL_SHOW_CHANNEL,EPISODE,OFFICIAL_PLAYLIST_COLLECTION,NEEDS_REVIEW,NEEDS_REVIEW,2025-10-16T13:00:35.000Z,1087,102919,,,available,nfq80lHW2xWgqZyZj,https://www.youtube.com/watch?v=FVYK3fqOw28
youtube,sbRhI4WT6dQ,https://www.youtube.com/watch?v=sbRhI4WT6dQ,CSQC,CSQC_2025,"Tập 9 HÉ LỘ | Kiều Minh Tuấn bóc trúng ""sít-rịt"" khi nguỵ trang, Dương Lâm cười ngã ngửa | #CSQC",VIDEO,UNKNOWN,OFFICIAL_SHOW_CHANNEL,EPISODE,OFFICIAL_PLAYLIST_COLLECTION,NEEDS_REVIEW,NEEDS_REVIEW,2025-09-20T15:45:50.000Z,92,11373,,,available,nfq80lHW2xWgqZyZj,https://www.youtube.com/watch?v=sbRhI4WT6dQ
youtube,ykre84hl-T8,https://www.youtube.com/watch?v=ykre84hl-T8,CSQC,CSQC_2025,"24 GIỜ QUẢ CẢM Tập 2 | Cười ra nước mắt với REACTION chiếc miệng ""nuốt được camera"" của Dương Lâm",VIDEO,REACTION_COMMENTARY,OFFICIAL_SHOW_CHANNEL,EPISODE,OFFICIAL_PLAYLIST_COLLECTION,ACCEPTED,ACCEPTED,2025-08-16T11:01:29.000Z,929,106343,,,available,nfq80lHW2xWgqZyZj,https://www.youtube.com/watch?v=ykre84hl-T8
youtube,TZLzgYq-b0U,https://www.youtube.com/watch?v=TZLzgYq-b0U,CSQC,CSQC_2025,"THỰC CHIẾN: Nhập vai Cảnh sát cơ động, truy quét các tội phạm kh.ủng bố tại nhà hoang | #CSQC",VIDEO,UNKNOWN,OFFICIAL_SHOW_CHANNEL,SEASON,OFFICIAL_PLAYLIST_COLLECTION,NEEDS_REVIEW,NEEDS_REVIEW,2025-09-30T10:26:23.000Z,1837,233319,,,available,nfq80lHW2xWgqZyZj,https://www.youtube.com/watch?v=TZLzgYq-b0U
youtube,Fm4I_CFJMNw,https://www.youtube.com/watch?v=Fm4I_CFJMNw,CSQC,CSQC_2025,[Neko Reaction] Chiến Sĩ Quả Cảm - Tập 2,VIDEO,REACTION_COMMENTARY,UNVERIFIED,EPISODE,INFERRED,NEEDS_REVIEW,NEEDS_REVIEW,2025-08-12T08:51:31.000Z,6430,32648,,,available,nfq80lHW2xWgqZyZj,https://www.youtube.com/watch?v=Fm4I_CFJMNw
youtube,mamNbhyBw78,https://www.youtube.com/watch?v=mamNbhyBw78&list=PLy_TpcUT2LZtKjiN00baVxhHVN1HthDiQ&index=13,DTGT,DTGT_2025,"Đấu Trường Gia Tốc Tập 0:Hai VUATROCHOI ""chiến đấu"" giành HURRYKNG, RHYDER - HƯNG NGUYỄN tạo bất ngờ",VIDEO,SPECIAL_EXTRA,PRIMARY_PRODUCER,EPISODE,OFFICIAL_PLAYLIST_COLLECTION,ACCEPTED,ACCEPTED,2025-05-18T13:40:06.000Z,5339,4053602,,,available,a5rEJu1RhcI7sJeU4,https://www.youtube.com/watch?v=mamNbhyBw78&list=PLy_TpcUT2LZtKjiN00baVxhHVN1HthDiQ&index=13
youtube,2V20IKyMqnM,https://www.youtube.com/watch?v=2V20IKyMqnM&list=PLy_TpcUT2LZtKjiN00baVxhHVN1HthDiQ&index=2,DTGT,DTGT_2025,"Say Hi Rực Rỡ - Tập 3: Hội anh trai trốn khỏi rừng, hé lộ cuốn nhật kí ""cảm lạnh"" 80 trang",VIDEO,UNKNOWN,PRIMARY_PRODUCER,EPISODE,OFFICIAL_PLAYLIST_COLLECTION,NEEDS_REVIEW,NEEDS_REVIEW,2026-06-21T13:00:07.000Z,6389,2379100,,,available,a5rEJu1RhcI7sJeU4,https://www.youtube.com/watch?v=2V20IKyMqnM&list=PLy_TpcUT2LZtKjiN00baVxhHVN1HthDiQ&index=2
youtube,d721NlVjqqM,https://www.youtube.com/watch?v=d721NlVjqqM&list=PLy_TpcUT2LZuLuV_ZdXi-Q84PGwjQ2GR3&index=1,TD1K2,TD1K2_2025,"Tổ Đội ""1 Không 2"" - Recap: Quang Hùng MasterD nhảy số cực nhanh, Song Luân - Uyển Ân ""lên thuyền""",VIDEO,RECAP,PRIMARY_PRODUCER,SEASON,OFFICIAL_PLAYLIST_COLLECTION,ACCEPTED,ACCEPTED,2025-05-11T13:40:06.000Z,4999,1603937,,,available,b3w6qu4GW44XrWW2G,https://www.youtube.com/watch?v=d721NlVjqqM&list=PLy_TpcUT2LZuLuV_ZdXi-Q84PGwjQ2GR3&index=1
youtube,2V20IKyMqnM,https://www.youtube.com/watch?v=2V20IKyMqnM&list=PLy_TpcUT2LZuLuV_ZdXi-Q84PGwjQ2GR3&index=2,TD1K2,TD1K2_2025,"Say Hi Rực Rỡ - Tập 3: Hội anh trai trốn khỏi rừng, hé lộ cuốn nhật kí ""cảm lạnh"" 80 trang",VIDEO,UNKNOWN,PRIMARY_PRODUCER,EPISODE,OFFICIAL_PLAYLIST_COLLECTION,NEEDS_REVIEW,NEEDS_REVIEW,2026-06-21T13:00:07.000Z,6389,2379100,,,available,b3w6qu4GW44XrWW2G,https://www.youtube.com/watch?v=2V20IKyMqnM&list=PLy_TpcUT2LZuLuV_ZdXi-Q84PGwjQ2GR3&index=2
youtube,PP742UMK7_Y,https://www.youtube.com/watch?v=PP742UMK7_Y&list=PLC_d5n_vB0CrecgNHLjt6kxEMlZDeBqp5&index=1,BTST,BTST_2024,"Nghi vấn BB Trần là người yêu cũ Diệp Lâm Anh, đằng gái hận cay đắng đằng trai l Bậc thầy săn thưởng",VIDEO,UNKNOWN,OFFICIAL_SHOW_CHANNEL,SEASON,OFFICIAL_PLAYLIST_COLLECTION,NEEDS_REVIEW,NEEDS_REVIEW,2025-01-07T05:00:16.000Z,240,2309,,,available,RuyvrBx2cGunHUpgB,https://www.youtube.com/watch?v=PP742UMK7_Y&list=PLC_d5n_vB0CrecgNHLjt6kxEMlZDeBqp5&index=1
youtube,80bJrL_YESU,https://www.youtube.com/watch?v=80bJrL_YESU&list=PLC_d5n_vB0CrecgNHLjt6kxEMlZDeBqp5&index=16,BTST,BTST_2024,Trường Giang “gừng càng già càng cay” đấu trận cầu lông kịch tính với Huỳnh Lậpl Bậc thầy săn thưởng,VIDEO,UNKNOWN,OFFICIAL_SHOW_CHANNEL,SEASON,OFFICIAL_PLAYLIST_COLLECTION,NEEDS_REVIEW,NEEDS_REVIEW,2024-12-16T04:45:00.000Z,270,1882,,,available,RuyvrBx2cGunHUpgB,https://www.youtube.com/watch?v=80bJrL_YESU&list=PLC_d5n_vB0CrecgNHLjt6kxEMlZDeBqp5&index=16
youtube,f0SR_qXV9DE,https://www.youtube.com/watch?v=f0SR_qXV9DE&list=PLC_d5n_vB0CrecgNHLjt6kxEMlZDeBqp5&index=2,BTST,BTST_2024,"""Chị đại"" Lâm Vỹ Dạ cũng phải TẮT ĐIỆN trước ""chị đại"" Diệp Lâm Anh l Bậc thầy săn thưởng",VIDEO,UNKNOWN,OFFICIAL_SHOW_CHANNEL,SEASON,OFFICIAL_PLAYLIST_COLLECTION,NEEDS_REVIEW,NEEDS_REVIEW,2025-01-06T14:00:41.000Z,197,1712,,,available,RuyvrBx2cGunHUpgB,https://www.youtube.com/watch?v=f0SR_qXV9DE&list=PLC_d5n_vB0CrecgNHLjt6kxEMlZDeBqp5&index=2
youtube,BVuOXMEulDs,https://www.youtube.com/watch?v=BVuOXMEulDs&list=PLC_d5n_vB0CrecgNHLjt6kxEMlZDeBqp5&index=15,BTST,BTST_2024,Sự dễ thương của Trường Giang khiến dàn cast phẫn nộ vì... MẤT ĂN l Bậc thầy săn thưởng,VIDEO,UNKNOWN,OFFICIAL_SHOW_CHANNEL,SEASON,OFFICIAL_PLAYLIST_COLLECTION,NEEDS_REVIEW,NEEDS_REVIEW,2024-12-17T04:30:09.000Z,332,1121,,,available,RuyvrBx2cGunHUpgB,https://www.youtube.com/watch?v=BVuOXMEulDs&list=PLC_d5n_vB0CrecgNHLjt6kxEMlZDeBqp5&index=15
youtube,RSiXcC3T78Y,https://www.youtube.com/watch?v=RSiXcC3T78Y&list=PLC_d5n_vB0CrecgNHLjt6kxEMlZDeBqp5&index=13,BTST,BTST_2024,Huỳnh Lập chịu nhiều oan ức & cát kết trắng tay! l Bậc thầy săn thưởng,VIDEO,UNKNOWN,OFFICIAL_SHOW_CHANNEL,SEASON,OFFICIAL_PLAYLIST_COLLECTION,NEEDS_REVIEW,NEEDS_REVIEW,2024-12-18T13:00:35.000Z,532,568,,,available,RuyvrBx2cGunHUpgB,https://www.youtube.com/watch?v=RSiXcC3T78Y&list=PLC_d5n_vB0CrecgNHLjt6kxEMlZDeBqp5&index=13
youtube,gR648bqA9d8,https://www.youtube.com/watch?v=gR648bqA9d8&list=PLC_d5n_vB0CrecgNHLjt6kxEMlZDeBqp5&index=17,BTST,BTST_2024,"Thùy Tiên PHẢN BỘI MisThy, LỪA Lâm Vỹ Dạ TIN SÁI CỔ l Bậc thầy săn thưởng",VIDEO,UNKNOWN,OFFICIAL_SHOW_CHANNEL,SEASON,OFFICIAL_PLAYLIST_COLLECTION,NEEDS_REVIEW,NEEDS_REVIEW,2024-12-15T04:45:04.000Z,286,1009,,,available,RuyvrBx2cGunHUpgB,https://www.youtube.com/watch?v=gR648bqA9d8&list=PLC_d5n_vB0CrecgNHLjt6kxEMlZDeBqp5&index=17
youtube,fvinjst4bqU,https://www.youtube.com/watch?v=fvinjst4bqU&list=PLC_d5n_vB0CrecgNHLjt6kxEMlZDeBqp5&index=7,BTST,BTST_2024,ỤP CROWN trao 50 TRIỆU cho Quốc Bảo - Châu Đốc - An Giang l BB Trần MÃI KEO l Bậc thầy săn thưởng,VIDEO,UNKNOWN,OFFICIAL_SHOW_CHANNEL,SEASON,OFFICIAL_PLAYLIST_COLLECTION,NEEDS_REVIEW,NEEDS_REVIEW,2024-12-24T13:30:32.000Z,289,889,,,available,RuyvrBx2cGunHUpgB,https://www.youtube.com/watch?v=fvinjst4bqU&list=PLC_d5n_vB0CrecgNHLjt6kxEMlZDeBqp5&index=7
youtube,WINVWJaBHro,https://www.youtube.com/watch?v=WINVWJaBHro&list=PLC_d5n_vB0CrecgNHLjt6kxEMlZDeBqp5&index=6,BTST,BTST_2024,"1 ngày làm diễn viên cùng BB Trần l Lâm Vỹ Dạ, Quang Trung... OUT TRÌNH l Bậc thầy săn thưởng",VIDEO,UNKNOWN,OFFICIAL_SHOW_CHANNEL,SEASON,OFFICIAL_PLAYLIST_COLLECTION,NEEDS_REVIEW,NEEDS_REVIEW,2024-12-25T13:30:19.000Z,581,1500,,,available,RuyvrBx2cGunHUpgB,https://www.youtube.com/watch?v=WINVWJaBHro&list=PLC_d5n_vB0CrecgNHLjt6kxEMlZDeBqp5&index=6
youtube,YCFATEDMe0Y,https://www.youtube.com/watch?v=YCFATEDMe0Y&list=PLC_d5n_vB0CrecgNHLjt6kxEMlZDeBqp5&index=23,BTST,BTST_2024,BẬT CƯỜI lý do 'CHIẾC MỎ HỖN' của MisThy l Bậc thầy săn thưởng,VIDEO,UNKNOWN,OFFICIAL_SHOW_CHANNEL,SEASON,OFFICIAL_PLAYLIST_COLLECTION,NEEDS_REVIEW,NEEDS_REVIEW,2024-12-07T04:30:21.000Z,198,1416,,,available,RuyvrBx2cGunHUpgB,https://www.youtube.com/watch?v=YCFATEDMe0Y&list=PLC_d5n_vB0CrecgNHLjt6kxEMlZDeBqp5&index=23
youtube,nJK6OXKf-xw,https://www.youtube.com/watch?v=nJK6OXKf-xw&list=PLC_d5n_vB0CrecgNHLjt6kxEMlZDeBqp5&index=22,BTST,BTST_2024,"Trường Giang CHƠI ĂN GIAN , Tiểu Vy UẤT ỨC l Quang Trung & L.V. Dạ LỪA nhau l Bậc thầy săn thưởng",VIDEO,UNKNOWN,OFFICIAL_SHOW_CHANNEL,SEASON,OFFICIAL_PLAYLIST_COLLECTION,NEEDS_REVIEW,NEEDS_REVIEW,2024-12-08T13:00:57.000Z,142,598,,,available,RuyvrBx2cGunHUpgB,https://www.youtube.com/watch?v=nJK6OXKf-xw&list=PLC_d5n_vB0CrecgNHLjt6kxEMlZDeBqp5&index=22
youtube,qlizmTf8Ims,https://www.youtube.com/watch?v=qlizmTf8Ims&list=PLC_d5n_vB0CrecgNHLjt6kxEMlZDeBqp5&index=19,BTST,BTST_2024,"TIỆC TRỨNG SỐNG: Trường Giang GÀI BẪY Tiểu Vy, BB Trần gội đầu bằng lòng trắng trứng",VIDEO,UNKNOWN,OFFICIAL_SHOW_CHANNEL,SEASON,OFFICIAL_PLAYLIST_COLLECTION,NEEDS_REVIEW,NEEDS_REVIEW,2024-12-10T05:00:38.000Z,267,971,,,available,RuyvrBx2cGunHUpgB,https://www.youtube.com/watch?v=qlizmTf8Ims&list=PLC_d5n_vB0CrecgNHLjt6kxEMlZDeBqp5&index=19
youtube,OX0Dfg19F8A,https://www.youtube.com/watch?v=OX0Dfg19F8A&list=PLC_d5n_vB0CrecgNHLjt6kxEMlZDeBqp5&index=8,BTST,BTST_2024,"Lâm Vỹ Dạ đối mặt áp lực kinh tế, chồng Hứa Minh Đạt hội tụ đủ mong muốn của vợ? l BTST",VIDEO,UNKNOWN,OFFICIAL_SHOW_CHANNEL,SEASON,OFFICIAL_PLAYLIST_COLLECTION,NEEDS_REVIEW,NEEDS_REVIEW,2024-12-24T04:30:11.000Z,285,1302,,,available,RuyvrBx2cGunHUpgB,https://www.youtube.com/watch?v=OX0Dfg19F8A&list=PLC_d5n_vB0CrecgNHLjt6kxEMlZDeBqp5&index=8
youtube,AhQCwZUP9jU,https://www.youtube.com/watch?v=AhQCwZUP9jU&list=PLC_d5n_vB0CrecgNHLjt6kxEMlZDeBqp5&index=21,BTST,BTST_2024,"Toàn cảnh Mie lấy được 50 TRIỆU ĐỒNG, Trường Giang SỐC l Bậc thầy săn thưởng",VIDEO,UNKNOWN,OFFICIAL_SHOW_CHANNEL,SEASON,OFFICIAL_PLAYLIST_COLLECTION,NEEDS_REVIEW,NEEDS_REVIEW,2024-12-08T13:30:06.000Z,794,2392,,,available,RuyvrBx2cGunHUpgB,https://www.youtube.com/watch?v=AhQCwZUP9jU&list=PLC_d5n_vB0CrecgNHLjt6kxEMlZDeBqp5&index=21
youtube,MH8kC4TkLdg,https://www.youtube.com/watch?v=MH8kC4TkLdg&list=PLC_d5n_vB0CrecgNHLjt6kxEMlZDeBqp5&index=24,BTST,BTST_2024,KHÔNG LÊN SÓNG l GAY CẤN màn truy tìm danh tính người moi ruột gà bông l Bậc thầy săn thưởng,VIDEO,CLIP_OR_SEGMENT,OFFICIAL_SHOW_CHANNEL,SEASON,OFFICIAL_PLAYLIST_COLLECTION,ACCEPTED,ACCEPTED,2024-12-06T13:30:19.000Z,293,992,,,available,RuyvrBx2cGunHUpgB,https://www.youtube.com/watch?v=MH8kC4TkLdg&list=PLC_d5n_vB0CrecgNHLjt6kxEMlZDeBqp5&index=24
youtube,IvML5sENZDw,https://www.youtube.com/watch?v=IvML5sENZDw&list=PLC_d5n_vB0CrecgNHLjt6kxEMlZDeBqp5&index=9,BTST,BTST_2024,"CƯỜI ĐAU RUỘT xem Trường Giang, BB Trần, Lâm Vỹ Dạ, Quang Trung... chơi TAM SAO THẤT BẢN l BTST",VIDEO,UNKNOWN,OFFICIAL_SHOW_CHANNEL,SEASON,OFFICIAL_PLAYLIST_COLLECTION,NEEDS_REVIEW,NEEDS_REVIEW,2024-12-23T13:15:01.000Z,350,8416,,,available,RuyvrBx2cGunHUpgB,https://www.youtube.com/watch?v=IvML5sENZDw&list=PLC_d5n_vB0CrecgNHLjt6kxEMlZDeBqp5&index=9
youtube,uUlqXrUCvq4,https://www.youtube.com/watch?v=uUlqXrUCvq4&list=PLC_d5n_vB0CrecgNHLjt6kxEMlZDeBqp5&index=5,BTST,BTST_2024,Trường Giang kể 1001 CHUYỆN MA RÙNG RỢN l Sinh nhật đáng nhớ của BB Trần l Bậc thầy săn thưởng,VIDEO,UNKNOWN,OFFICIAL_SHOW_CHANNEL,SEASON,OFFICIAL_PLAYLIST_COLLECTION,NEEDS_REVIEW,NEEDS_REVIEW,2024-12-29T04:00:27.000Z,967,22542,,,available,RuyvrBx2cGunHUpgB,https://www.youtube.com/watch?v=uUlqXrUCvq4&list=PLC_d5n_vB0CrecgNHLjt6kxEMlZDeBqp5&index=5
youtube,5ytoDPH1pTA,https://www.youtube.com/watch?v=5ytoDPH1pTA&list=PLC_d5n_vB0CrecgNHLjt6kxEMlZDeBqp5&index=20,BTST,BTST_2024,"Lâm Vỹ Dạ bị tất cả QUAY LƯNG, may còn có BB Trần l Bậc thầy săn thưởng",VIDEO,UNKNOWN,OFFICIAL_SHOW_CHANNEL,SEASON,OFFICIAL_PLAYLIST_COLLECTION,NEEDS_REVIEW,NEEDS_REVIEW,2024-12-09T13:30:03.000Z,249,1101,,,available,RuyvrBx2cGunHUpgB,https://www.youtube.com/watch?v=5ytoDPH1pTA&list=PLC_d5n_vB0CrecgNHLjt6kxEMlZDeBqp5&index=20
youtube,lqHG6-0emrg,https://www.youtube.com/watch?v=lqHG6-0emrg&list=PLC_d5n_vB0CrecgNHLjt6kxEMlZDeBqp5&index=29,BTST,BTST_2024,"KHÔNG LÊN SÓNG l CƯỜI XỈU màn đấu giá món ăn của BB Trần, L.V. Dạ l Bậc thầy săn thưởng",VIDEO,CLIP_OR_SEGMENT,OFFICIAL_SHOW_CHANNEL,SEASON,OFFICIAL_PLAYLIST_COLLECTION,ACCEPTED,ACCEPTED,2024-12-02T14:00:46.000Z,834,4523,,,available,RuyvrBx2cGunHUpgB,https://www.youtube.com/watch?v=lqHG6-0emrg&list=PLC_d5n_vB0CrecgNHLjt6kxEMlZDeBqp5&index=29
youtube,xpBEVHT4QNw,https://www.youtube.com/watch?v=xpBEVHT4QNw&list=PLC_d5n_vB0CrecgNHLjt6kxEMlZDeBqp5&index=28,BTST,BTST_2024,Trường Giang CỰC GẮT khi Lâm Vỹ Dạ chơi THÔ BẠO với Mạc Văn Khoa l Bậc thầy săn thưởng,VIDEO,UNKNOWN,OFFICIAL_SHOW_CHANNEL,SEASON,OFFICIAL_PLAYLIST_COLLECTION,NEEDS_REVIEW,NEEDS_REVIEW,2024-12-03T04:30:33.000Z,260,1462,,,available,RuyvrBx2cGunHUpgB,https://www.youtube.com/watch?v=xpBEVHT4QNw&list=PLC_d5n_vB0CrecgNHLjt6kxEMlZDeBqp5&index=28
youtube,r8QPtGvZ4J8,https://www.youtube.com/watch?v=r8QPtGvZ4J8&list=PLC_d5n_vB0CrecgNHLjt6kxEMlZDeBqp5&index=31,BTST,BTST_2024,"Trường Giang XỬ ĐẸP Lâm Vỹ Dạ, kể BÍ MẬT ĐEN TỐI của đàn em l Xem trước Tập 6 Bậc thầy săn thưởng",VIDEO,TEASER_PREVIEW,OFFICIAL_SHOW_CHANNEL,EPISODE,OFFICIAL_PLAYLIST_COLLECTION,ACCEPTED,ACCEPTED,2024-12-01T12:30:47.000Z,177,1248,,,available,RuyvrBx2cGunHUpgB,https://www.youtube.com/watch?v=r8QPtGvZ4J8&list=PLC_d5n_vB0CrecgNHLjt6kxEMlZDeBqp5&index=31
youtube,y63pDv2-4gs,https://www.youtube.com/watch?v=y63pDv2-4gs&list=PLC_d5n_vB0CrecgNHLjt6kxEMlZDeBqp5&index=32,BTST,BTST_2024,"Những tình huống HÀI HƯỚC NHẤT của Trường Giang, Lâm Vỹ Dạ... tại Bậc thầy săn thưởng",VIDEO,UNKNOWN,OFFICIAL_SHOW_CHANNEL,SEASON,OFFICIAL_PLAYLIST_COLLECTION,NEEDS_REVIEW,NEEDS_REVIEW,2024-12-01T04:30:27.000Z,782,3458,,,available,RuyvrBx2cGunHUpgB,https://www.youtube.com/watch?v=y63pDv2-4gs&list=PLC_d5n_vB0CrecgNHLjt6kxEMlZDeBqp5&index=32
youtube,vMnPu5O-khE,https://www.youtube.com/watch?v=vMnPu5O-khE&list=PLC_d5n_vB0CrecgNHLjt6kxEMlZDeBqp5&index=37,BTST,BTST_2024,"HẬU TRƯỜNG Bậc thầy săn thưởng l Lâm Vỹ Dạ dỗi luôn ekip, gian nan đi tìm kho báu",VIDEO,BEHIND_THE_SCENES,OFFICIAL_SHOW_CHANNEL,SEASON,OFFICIAL_PLAYLIST_COLLECTION,ACCEPTED,ACCEPTED,2024-11-26T13:01:11.000Z,550,2425,,,available,RuyvrBx2cGunHUpgB,https://www.youtube.com/watch?v=vMnPu5O-khE&list=PLC_d5n_vB0CrecgNHLjt6kxEMlZDeBqp5&index=37
youtube,Rm25QCmUC2s,https://www.youtube.com/watch?v=Rm25QCmUC2s&list=PLC_d5n_vB0CrecgNHLjt6kxEMlZDeBqp5&index=35,BTST,BTST_2024,Khi Hoa hậu Thùy Tiên chơi gameshow cũng CHƠI DƠ như thường l Bậc thầy săn thưởng,VIDEO,UNKNOWN,OFFICIAL_SHOW_CHANNEL,SEASON,OFFICIAL_PLAYLIST_COLLECTION,NEEDS_REVIEW,NEEDS_REVIEW,2024-11-28T04:00:14.000Z,222,2730,,,available,RuyvrBx2cGunHUpgB,https://www.youtube.com/watch?v=Rm25QCmUC2s&list=PLC_d5n_vB0CrecgNHLjt6kxEMlZDeBqp5&index=35
youtube,dlRTlkEiPEg,https://www.youtube.com/watch?v=dlRTlkEiPEg&list=PLC_d5n_vB0CrecgNHLjt6kxEMlZDeBqp5&index=27,BTST,BTST_2024,ẤM ÁP như Thùy Tiên - Dành hết 100 triệu tiền thưởng cho dự án dành cho trẻ em l Bậc thầy săn thưởng,VIDEO,UNKNOWN,OFFICIAL_SHOW_CHANNEL,SEASON,OFFICIAL_PLAYLIST_COLLECTION,NEEDS_REVIEW,NEEDS_REVIEW,2024-12-03T13:00:46.000Z,295,5340,,,available,RuyvrBx2cGunHUpgB,https://www.youtube.com/watch?v=dlRTlkEiPEg&list=PLC_d5n_vB0CrecgNHLjt6kxEMlZDeBqp5&index=27
youtube,7U91gHcDMGg,https://www.youtube.com/watch?v=7U91gHcDMGg&list=PLC_d5n_vB0CrecgNHLjt6kxEMlZDeBqp5&index=36,BTST,BTST_2024,Hoa hậu Thùy Tiên khi HẸN HÒ cũng TÁO BẠO thế này!!! l Bậc thầy săn thưởng,VIDEO,UNKNOWN,OFFICIAL_SHOW_CHANNEL,SEASON,OFFICIAL_PLAYLIST_COLLECTION,NEEDS_REVIEW,NEEDS_REVIEW,2024-11-27T04:00:04.000Z,229,6425,,,available,RuyvrBx2cGunHUpgB,https://www.youtube.com/watch?v=7U91gHcDMGg&list=PLC_d5n_vB0CrecgNHLjt6kxEMlZDeBqp5&index=36
youtube,LQKWnlKOocI,https://www.youtube.com/watch?v=LQKWnlKOocI&list=PLC_d5n_vB0CrecgNHLjt6kxEMlZDeBqp5&index=14,BTST,BTST_2024,"'Sang bên cồn' xin cơm, BB Trần & Huỳnh Lập khiến giang hồ phải gọi bằng cụ l Bậc thầy săn thưởng",VIDEO,UNKNOWN,OFFICIAL_SHOW_CHANNEL,SEASON,OFFICIAL_PLAYLIST_COLLECTION,NEEDS_REVIEW,NEEDS_REVIEW,2024-12-17T13:30:14.000Z,158,1038,,,available,RuyvrBx2cGunHUpgB,https://www.youtube.com/watch?v=LQKWnlKOocI&list=PLC_d5n_vB0CrecgNHLjt6kxEMlZDeBqp5&index=14
youtube,M6Z8JXw4_NE,https://www.youtube.com/watch?v=M6Z8JXw4_NE&list=PLC_d5n_vB0CrecgNHLjt6kxEMlZDeBqp5&index=33,BTST,BTST_2024,'Thánh chơi dơ' BB Trần tái xuất với 3 lần CHƠI DƠ hết hồn l Bậc thầy săn thưởng,VIDEO,UNKNOWN,OFFICIAL_SHOW_CHANNEL,SEASON,OFFICIAL_PLAYLIST_COLLECTION,NEEDS_REVIEW,NEEDS_REVIEW,2024-11-29T14:00:30.000Z,175,1314,,,available,RuyvrBx2cGunHUpgB,https://www.youtube.com/watch?v=M6Z8JXw4_NE&list=PLC_d5n_vB0CrecgNHLjt6kxEMlZDeBqp5&index=33
youtube,3iwnOfTiFMg,https://www.youtube.com/watch?v=3iwnOfTiFMg&list=PLC_d5n_vB0CrecgNHLjt6kxEMlZDeBqp5&index=18,BTST,BTST_2024,"Chơi đập chai nước vào đầu: Lâm Vỹ Dạ NO ĐÒN, Trường Giang CƯỜI HẢ HÊ l Bậc thầy săn thưởng",VIDEO,UNKNOWN,OFFICIAL_SHOW_CHANNEL,SEASON,OFFICIAL_PLAYLIST_COLLECTION,NEEDS_REVIEW,NEEDS_REVIEW,2024-12-11T13:30:02.000Z,311,1322,,,available,RuyvrBx2cGunHUpgB,https://www.youtube.com/watch?v=3iwnOfTiFMg&list=PLC_d5n_vB0CrecgNHLjt6kxEMlZDeBqp5&index=18
youtube,J_hLH9khdqo,https://www.youtube.com/watch?v=J_hLH9khdqo&list=PLC_d5n_vB0CrecgNHLjt6kxEMlZDeBqp5&index=12,BTST,BTST_2024,"Anh em ChunLa - Quang Trung & Huỳnh Lập tái hợp, biểu hiện làm fan phấn khích l Bậc thầy săn thưởng",VIDEO,UNKNOWN,OFFICIAL_SHOW_CHANNEL,SEASON,OFFICIAL_PLAYLIST_COLLECTION,NEEDS_REVIEW,NEEDS_REVIEW,2024-12-21T13:30:10.000Z,211,540,,,available,RuyvrBx2cGunHUpgB,https://www.youtube.com/watch?v=J_hLH9khdqo&list=PLC_d5n_vB0CrecgNHLjt6kxEMlZDeBqp5&index=12
youtube,zgG-fyhzaRc,https://www.youtube.com/watch?v=zgG-fyhzaRc&list=PLC_d5n_vB0CrecgNHLjt6kxEMlZDeBqp5&index=26,BTST,BTST_2024,"BB Trần, Quang Trung CHƠI DƠ - CƯỚP ĐỒ Huỳnh Lập, bị đạo diễn CẢNH CÁO l Bậc thầy săn thưởng",VIDEO,UNKNOWN,OFFICIAL_SHOW_CHANNEL,SEASON,OFFICIAL_PLAYLIST_COLLECTION,NEEDS_REVIEW,NEEDS_REVIEW,2024-12-04T13:30:40.000Z,172,891,,,available,RuyvrBx2cGunHUpgB,https://www.youtube.com/watch?v=zgG-fyhzaRc&list=PLC_d5n_vB0CrecgNHLjt6kxEMlZDeBqp5&index=26
youtube,D0OPDAHfFJk,https://www.youtube.com/watch?v=D0OPDAHfFJk&list=PLC_d5n_vB0CrecgNHLjt6kxEMlZDeBqp5&index=25,BTST,BTST_2024,BẬC THẦY SĂN THƯỞNG TRAILER TẬP 7 l Trường Giang tiết lộ con gái lớn GÂY SỐC l Tiểu Vy LẠC LỐI,VIDEO,TEASER_PREVIEW,OFFICIAL_SHOW_CHANNEL,EPISODE,OFFICIAL_PLAYLIST_COLLECTION,ACCEPTED,ACCEPTED,2024-12-05T14:00:16.000Z,93,1354,,,available,RuyvrBx2cGunHUpgB,https://www.youtube.com/watch?v=D0OPDAHfFJk&list=PLC_d5n_vB0CrecgNHLjt6kxEMlZDeBqp5&index=25
youtube,NqPi2L3VPPE,https://www.youtube.com/watch?v=NqPi2L3VPPE&list=PLC_d5n_vB0CrecgNHLjt6kxEMlZDeBqp5&index=4,BTST,BTST_2024,Lâm Vỹ Dạ & Huỳnh Lập mâu thuẫn chỉ vì 1 trò chơi: Sai 1 ly đi 1 dặm là đây! l Bậc thầy săn thưởng,VIDEO,UNKNOWN,OFFICIAL_SHOW_CHANNEL,SEASON,OFFICIAL_PLAYLIST_COLLECTION,NEEDS_REVIEW,NEEDS_REVIEW,2024-12-31T04:30:09.000Z,336,1551,,,available,RuyvrBx2cGunHUpgB,https://www.youtube.com/watch?v=NqPi2L3VPPE&list=PLC_d5n_vB0CrecgNHLjt6kxEMlZDeBqp5&index=4
youtube,FWBrDS4SO8o,https://www.youtube.com/watch?v=FWBrDS4SO8o&list=PLC_d5n_vB0CrecgNHLjt6kxEMlZDeBqp5&index=3,BTST,BTST_2024,"Lâm Vỹ Dạ được khán giả U80 khen trẻ, mẹ 2 con CƯỜI TÍT MẮT l Bậc thầy săn thưởng",VIDEO,UNKNOWN,OFFICIAL_SHOW_CHANNEL,SEASON,OFFICIAL_PLAYLIST_COLLECTION,NEEDS_REVIEW,NEEDS_REVIEW,2025-01-06T08:30:10.000Z,196,1094,,,available,RuyvrBx2cGunHUpgB,https://www.youtube.com/watch?v=FWBrDS4SO8o&list=PLC_d5n_vB0CrecgNHLjt6kxEMlZDeBqp5&index=3
youtube,rgMJqqTa7rU,https://www.youtube.com/watch?v=rgMJqqTa7rU&list=PLC_d5n_vB0CrecgNHLjt6kxEMlZDeBqp5&index=10,BTST,BTST_2024,Trường Giang hay bị vợ chửi? l Bậc thầy săn thưởng,VIDEO,UNKNOWN,OFFICIAL_SHOW_CHANNEL,SEASON,OFFICIAL_PLAYLIST_COLLECTION,NEEDS_REVIEW,NEEDS_REVIEW,2024-12-22T13:00:55.000Z,239,1519,,,available,RuyvrBx2cGunHUpgB,https://www.youtube.com/watch?v=rgMJqqTa7rU&list=PLC_d5n_vB0CrecgNHLjt6kxEMlZDeBqp5&index=10
youtube,JBjviLEPJhM,https://www.youtube.com/watch?v=JBjviLEPJhM&list=PLC_d5n_vB0CrecgNHLjt6kxEMlZDeBqp5&index=34,BTST,BTST_2024,TRAILER TẬP 6 BẬC THẦY SĂN THƯỞNG l Lâm Vỹ Dạ có KHO BÁU? l Huỳnh Lập SỐC NẶNG,VIDEO,TEASER_PREVIEW,OFFICIAL_SHOW_CHANNEL,EPISODE,OFFICIAL_PLAYLIST_COLLECTION,ACCEPTED,ACCEPTED,2024-11-28T14:00:16.000Z,148,1700,,,available,RuyvrBx2cGunHUpgB,https://www.youtube.com/watch?v=JBjviLEPJhM&list=PLC_d5n_vB0CrecgNHLjt6kxEMlZDeBqp5&index=34
youtube,mWA9ZP5Djss,https://www.youtube.com/watch?v=mWA9ZP5Djss&list=PLC_d5n_vB0CrecgNHLjt6kxEMlZDeBqp5&index=11,BTST,BTST_2024,5 phút CHOÁNG VÁNG với CHIẾC MỎ HỖN của Quang Trung l Bậc thầy săn thưởng,VIDEO,UNKNOWN,OFFICIAL_SHOW_CHANNEL,SEASON,OFFICIAL_PLAYLIST_COLLECTION,NEEDS_REVIEW,NEEDS_REVIEW,2024-12-22T04:30:22.000Z,312,626,,,available,RuyvrBx2cGunHUpgB,https://www.youtube.com/watch?v=mWA9ZP5Djss&list=PLC_d5n_vB0CrecgNHLjt6kxEMlZDeBqp5&index=11
youtube,UAtOnWqNOGI,https://www.youtube.com/watch?v=UAtOnWqNOGI&list=PLC_d5n_vB0CrecgNHLjt6kxEMlZDeBqp5&index=30,BTST,BTST_2024,Thùy Tiên DIỄN SÂU nhưng KHÔNG THỂ QUA MẮT được Trường Giang l Bậc thầy săn thưởng,VIDEO,UNKNOWN,OFFICIAL_SHOW_CHANNEL,SEASON,OFFICIAL_PLAYLIST_COLLECTION,NEEDS_REVIEW,NEEDS_REVIEW,2024-12-02T04:56:19.000Z,237,1634,,,available,RuyvrBx2cGunHUpgB,https://www.youtube.com/watch?v=UAtOnWqNOGI&list=PLC_d5n_vB0CrecgNHLjt6kxEMlZDeBqp5&index=30
youtube,xIR779iAjvg,https://www.youtube.com/watch?v=xIR779iAjvg&list=PLy_TpcUT2LZtT4YxNqO277e2zk-7oUS_6&index=16,HTRR,HTRR_2023,"Hành Trình Rực Rỡ | Tập 17: Dương Lâm,Negav mở liveshow trên Chợ nổi,Tiểu Vy quyết loại Trường Giang",VIDEO,PERFORMANCE,PRIMARY_PRODUCER,EPISODE,OFFICIAL_PLAYLIST_COLLECTION,NEEDS_REVIEW,CANONICAL_OVERLAP,2023-09-17T14:20:07.000Z,6884,7663049,,,available,fZJqqNNZLJailjQ7N,https://www.youtube.com/watch?v=xIR779iAjvg&list=PLy_TpcUT2LZtT4YxNqO277e2zk-7oUS_6&index=16
youtube,IyKYci8EkRQ,https://www.youtube.com/watch?v=IyKYci8EkRQ&list=PLy_TpcUT2LZtT4YxNqO277e2zk-7oUS_6&index=12,HTRR,HTRR_2023,"Hành Trình Rực Rỡ | Tập 21: Bích Phương bật khóc ""vỡ mộng"" bản thân, Trường Giang ""công nhận"" Negav",VIDEO,UNKNOWN,PRIMARY_PRODUCER,EPISODE,OFFICIAL_PLAYLIST_COLLECTION,NEEDS_REVIEW,NEEDS_REVIEW,2023-10-15T14:20:12.000Z,5366,4649409,,,available,fZJqqNNZLJailjQ7N,https://www.youtube.com/watch?v=IyKYci8EkRQ&list=PLy_TpcUT2LZtT4YxNqO277e2zk-7oUS_6&index=12
youtube,D5CwUO6tdMM,https://www.youtube.com/watch?v=D5CwUO6tdMM&list=PLy_TpcUT2LZtT4YxNqO277e2zk-7oUS_6&index=9,HTRR,HTRR_2023,"Hành Trình Rực Rỡ | UNCUT 2: Dương Lâm, Đức Phúc tung MV, Trường Giang, Cris Phan hơn thua tiểu phẩm",VIDEO,UNCUT_EXTENDED,PRIMARY_PRODUCER,SEASON,OFFICIAL_PLAYLIST_COLLECTION,ACCEPTED,ACCEPTED,2023-11-17T13:30:05.000Z,1447,569299,,,available,fZJqqNNZLJailjQ7N,https://www.youtube.com/watch?v=D5CwUO6tdMM&list=PLy_TpcUT2LZtT4YxNqO277e2zk-7oUS_6&index=9
youtube,8DNMXPhvwz0,https://www.youtube.com/watch?v=8DNMXPhvwz0&list=PLy_TpcUT2LZtT4YxNqO277e2zk-7oUS_6&index=8,HTRR,HTRR_2023,"Hành Trình Rực Rỡ | UNCUT 3:Puka, Lâm Vỹ Dạ ""bất bình"" chuyến xe content,Đức Phúc học ""hư"" Dương Lâm",VIDEO,UNCUT_EXTENDED,PRIMARY_PRODUCER,SEASON,OFFICIAL_PLAYLIST_COLLECTION,ACCEPTED,ACCEPTED,2023-11-24T13:30:02.000Z,1548,484136,,,available,fZJqqNNZLJailjQ7N,https://www.youtube.com/watch?v=8DNMXPhvwz0&list=PLy_TpcUT2LZtT4YxNqO277e2zk-7oUS_6&index=8
youtube,doQytUnQnCE,https://www.youtube.com/watch?v=doQytUnQnCE&list=PLy_TpcUT2LZtT4YxNqO277e2zk-7oUS_6&index=11,HTRR,HTRR_2023,"Hành Trình Rực Rỡ | Mùa 1: Trường Giang nhìn lại hành trình, Dương Lâm xúc động chia sẻ về dàn cast",VIDEO,RECAP,PRIMARY_PRODUCER,SEASON,OFFICIAL_PLAYLIST_COLLECTION,ACCEPTED,ACCEPTED,2023-11-03T13:30:23.000Z,771,114886,,,available,fZJqqNNZLJailjQ7N,https://www.youtube.com/watch?v=doQytUnQnCE&list=PLy_TpcUT2LZtT4YxNqO277e2zk-7oUS_6&index=11
youtube,KaIB4PeLZDg,https://www.youtube.com/watch?v=KaIB4PeLZDg&list=PLy_TpcUT2LZtT4YxNqO277e2zk-7oUS_6&index=5,HTRR,HTRR_2023,"Hành Trình Rực Rỡ | UNCUT 6: Kịch bản full của kịch ""gia đình bất ổn"", Dương Lâm giành ghế đạo diễn",VIDEO,UNCUT_EXTENDED,PRIMARY_PRODUCER,SEASON,OFFICIAL_PLAYLIST_COLLECTION,ACCEPTED,ACCEPTED,2023-12-15T13:45:52.000Z,1689,119238,,,available,fZJqqNNZLJailjQ7N,https://www.youtube.com/watch?v=KaIB4PeLZDg&list=PLy_TpcUT2LZtT4YxNqO277e2zk-7oUS_6&index=5
youtube,8pqbkEZsnTQ,https://www.youtube.com/watch?v=8pqbkEZsnTQ&list=PLy_TpcUT2LZtT4YxNqO277e2zk-7oUS_6&index=4,HTRR,HTRR_2023,"Hành Trình Rực Rỡ | UNCUT 7: Trường Giang hả hê hại Tiểu Vy ngất lịm với hình phạt ""khắc nghiệt""",VIDEO,UNCUT_EXTENDED,PRIMARY_PRODUCER,SEASON,OFFICIAL_PLAYLIST_COLLECTION,ACCEPTED,ACCEPTED,2023-12-22T13:43:28.000Z,1434,137048,,,available,fZJqqNNZLJailjQ7N,https://www.youtube.com/watch?v=8pqbkEZsnTQ&list=PLy_TpcUT2LZtT4YxNqO277e2zk-7oUS_6&index=4
youtube,Gr5Zthvftg4,https://www.youtube.com/watch?v=Gr5Zthvftg4&list=PLy_TpcUT2LZtT4YxNqO277e2zk-7oUS_6&index=6,HTRR,HTRR_2023,"Hành Trình Rực Rỡ | UNCUT 5: Dương Lâm kể từng bị ghẻ lạnh, Trường Giang thẳng tay phê bình Phát La",VIDEO,UNCUT_EXTENDED,PRIMARY_PRODUCER,SEASON,OFFICIAL_PLAYLIST_COLLECTION,ACCEPTED,ACCEPTED,2023-12-08T14:07:08.000Z,1596,271103,,,available,fZJqqNNZLJailjQ7N,https://www.youtube.com/watch?v=Gr5Zthvftg4&list=PLy_TpcUT2LZtT4YxNqO277e2zk-7oUS_6&index=6
youtube,4Ga-vpXo4Uc,https://www.youtube.com/watch?v=4Ga-vpXo4Uc&list=PLy_TpcUT2LZtT4YxNqO277e2zk-7oUS_6&index=7,HTRR,HTRR_2023,"Hành Trình Rực Rỡ | UNCUT 4:Hướng dẫn viên ""bất ổn"" Thuý Ngân khiến Dương Lâm, Trường Giang bất bình",VIDEO,UNCUT_EXTENDED,PRIMARY_PRODUCER,SEASON,OFFICIAL_PLAYLIST_COLLECTION,ACCEPTED,ACCEPTED,2023-12-01T13:30:04.000Z,1234,207179,,,available,fZJqqNNZLJailjQ7N,https://www.youtube.com/watch?v=4Ga-vpXo4Uc&list=PLy_TpcUT2LZtT4YxNqO277e2zk-7oUS_6&index=7
youtube,cqy-3novrZk,https://www.youtube.com/watch?v=cqy-3novrZk&list=PLy_TpcUT2LZtT4YxNqO277e2zk-7oUS_6&index=3,HTRR,HTRR_2023,"Hành Trình Rực Rỡ | UNCUT 8: Trò chơi bao bố bất ổn, Tiểu Vy chơi bất chấp,Thuý Ngân tung cước Negav",VIDEO,UNCUT_EXTENDED,PRIMARY_PRODUCER,SEASON,OFFICIAL_PLAYLIST_COLLECTION,ACCEPTED,ACCEPTED,2023-12-29T13:30:28.000Z,1521,134792,,,available,fZJqqNNZLJailjQ7N,https://www.youtube.com/watch?v=cqy-3novrZk&list=PLy_TpcUT2LZtT4YxNqO277e2zk-7oUS_6&index=3
youtube,FSFHU581-Fo,https://www.youtube.com/watch?v=FSFHU581-Fo&list=PLy_TpcUT2LZtT4YxNqO277e2zk-7oUS_6&index=2,HTRR,HTRR_2023,"Hành Trình Rực Rỡ | UNCUT 9: Isaac bế tắc tài hội hoạ của Dương Lâm,Thuý Ngân lộ tin đại gia Cai Lậy",VIDEO,UNCUT_EXTENDED,PRIMARY_PRODUCER,SEASON,OFFICIAL_PLAYLIST_COLLECTION,ACCEPTED,ACCEPTED,2024-01-05T13:30:08.000Z,1428,125514,,,available,fZJqqNNZLJailjQ7N,https://www.youtube.com/watch?v=FSFHU581-Fo&list=PLy_TpcUT2LZtT4YxNqO277e2zk-7oUS_6&index=2
youtube,oZuZnhVtses,https://www.youtube.com/watch?v=oZuZnhVtses&list=PLy_TpcUT2LZtT4YxNqO277e2zk-7oUS_6&index=1,HTRR,HTRR_2023,"Hành Trình Rực Rỡ | UNCUT 10: Dương Lâm xứng đáng là thành viên xuất sắc, Negav trưởng thành rõ rệt",VIDEO,UNCUT_EXTENDED,PRIMARY_PRODUCER,SEASON,OFFICIAL_PLAYLIST_COLLECTION,ACCEPTED,ACCEPTED,2024-01-12T13:32:18.000Z,1972,147650,,,available,fZJqqNNZLJailjQ7N,https://www.youtube.com/watch?v=oZuZnhVtses&list=PLy_TpcUT2LZtT4YxNqO277e2zk-7oUS_6&index=1
youtube,L4_F6xvAS-4,https://www.youtube.com/watch?v=L4_F6xvAS-4&list=PLy_TpcUT2LZtT4YxNqO277e2zk-7oUS_6&index=10,HTRR,HTRR_2023,"Hành Trình Rực Rỡ | UNCUT 1: Phóng viên Diệu Lâm càn quét tại sân bay,Bích Phương hóa đá vì ""xấu hổ""",VIDEO,UNCUT_EXTENDED,PRIMARY_PRODUCER,SEASON,OFFICIAL_PLAYLIST_COLLECTION,ACCEPTED,ACCEPTED,2023-11-10T13:30:09.000Z,1924,789216,,,available,fZJqqNNZLJailjQ7N,https://www.youtube.com/watch?v=L4_F6xvAS-4&list=PLy_TpcUT2LZtT4YxNqO277e2zk-7oUS_6&index=10
youtube,LCvtmsog8rQ,https://www.youtube.com/watch?v=LCvtmsog8rQ&list=PLaHmC9pxzevpEDOuWCKZPWyWhLNCgZFLy&index=56,VQLG,VQLG_2025,"Quyền Linh, Long Vũ, Diệp Lâm Anh sốc bởi độ đậm nước mắm Ba Làng | Về Quê Làm Giàu Tập 2 | Best cut",VIDEO,UNKNOWN,PRIMARY_PRODUCER,EPISODE,OFFICIAL_PLAYLIST_COLLECTION,NEEDS_REVIEW,NEEDS_REVIEW,2025-04-09T15:30:10.000Z,65,962,,,available,fZsmpmeZY5cPaFqFY,https://www.youtube.com/watch?v=LCvtmsog8rQ&list=PLaHmC9pxzevpEDOuWCKZPWyWhLNCgZFLy&index=56
youtube,tUpuHSuWsn4,https://www.youtube.com/watch?v=tUpuHSuWsn4&list=PLaHmC9pxzevpEDOuWCKZPWyWhLNCgZFLy&index=64,VQLG,VQLG_2025,Quyền Linh thể hiện kỹ năng se hương có 1-0-2 | Về Quê Làm Giàu tập 3,VIDEO,UNKNOWN,PRIMARY_PRODUCER,EPISODE,OFFICIAL_PLAYLIST_COLLECTION,NEEDS_REVIEW,NEEDS_REVIEW,2025-04-14T03:01:03.000Z,68,1041,,,available,fZsmpmeZY5cPaFqFY,https://www.youtube.com/watch?v=tUpuHSuWsn4&list=PLaHmC9pxzevpEDOuWCKZPWyWhLNCgZFLy&index=64
youtube,Mc-tQz-yWVo,https://www.youtube.com/watch?v=Mc-tQz-yWVo&list=PLaHmC9pxzevpEDOuWCKZPWyWhLNCgZFLy&index=58,VQLG,VQLG_2025,Diệp Lâm Anh & Long Vũ livestream bán hàng | Về Quê Làm Giàu Tập 2 | Best cut,LIVESTREAM,LIVESTREAM,PRIMARY_PRODUCER,EPISODE,OFFICIAL_PLAYLIST_COLLECTION,ACCEPTED,ACCEPTED,2025-04-10T03:24:19.000Z,99,400,,,available,fZsmpmeZY5cPaFqFY,https://www.youtube.com/watch?v=Mc-tQz-yWVo&list=PLaHmC9pxzevpEDOuWCKZPWyWhLNCgZFLy&index=58
youtube,KitY4kWvDfs,https://www.youtube.com/watch?v=KitY4kWvDfs&list=PLaHmC9pxzevpEDOuWCKZPWyWhLNCgZFLy&index=65,VQLG,VQLG_2025,"Thu Hà Ceri, Thanh Duy ngạc nhiên trước quy trình đào tạo thợ làm hương | Về Quê Làm Giàu tập 3",VIDEO,UNKNOWN,PRIMARY_PRODUCER,EPISODE,OFFICIAL_PLAYLIST_COLLECTION,NEEDS_REVIEW,NEEDS_REVIEW,2025-04-14T05:00:20.000Z,65,983,,,available,fZsmpmeZY5cPaFqFY,https://www.youtube.com/watch?v=KitY4kWvDfs&list=PLaHmC9pxzevpEDOuWCKZPWyWhLNCgZFLy&index=65
youtube,iCHvCQVNrfA,https://www.youtube.com/watch?v=iCHvCQVNrfA&list=PLaHmC9pxzevpEDOuWCKZPWyWhLNCgZFLy&index=60,VQLG,VQLG_2025,"Quyền Linh, Thanh Duy trầm trồ trước bàn tay khéo léo của nghệ nhân làm hương| Về Quê Làm Giàu tập 3",VIDEO,UNKNOWN,PRIMARY_PRODUCER,EPISODE,OFFICIAL_PLAYLIST_COLLECTION,NEEDS_REVIEW,NEEDS_REVIEW,2025-04-13T11:50:00.000Z,105,190,,,available,fZsmpmeZY5cPaFqFY,https://www.youtube.com/watch?v=iCHvCQVNrfA&list=PLaHmC9pxzevpEDOuWCKZPWyWhLNCgZFLy&index=60
youtube,o0JJ4bVJZ60,https://www.youtube.com/watch?v=o0JJ4bVJZ60&list=PLaHmC9pxzevpEDOuWCKZPWyWhLNCgZFLy&index=68,VQLG,VQLG_2025,Long Vũ giúp Thu Hà Ceri chọn nguyên liệu làm hương cực đáng yêu | Về Quê Làm Giàu tập 3,VIDEO,UNKNOWN,PRIMARY_PRODUCER,EPISODE,OFFICIAL_PLAYLIST_COLLECTION,NEEDS_REVIEW,NEEDS_REVIEW,2025-04-14T11:01:18.000Z,68,1167,,,available,fZsmpmeZY5cPaFqFY,https://www.youtube.com/watch?v=o0JJ4bVJZ60&list=PLaHmC9pxzevpEDOuWCKZPWyWhLNCgZFLy&index=68
youtube,nBQDpI0PIq0,https://www.youtube.com/watch?v=nBQDpI0PIq0&list=PLaHmC9pxzevpEDOuWCKZPWyWhLNCgZFLy&index=71,VQLG,VQLG_2025,"Thanh Duy Idol, Thu Hà Ceri trổ tài bán hương| Về Quê Làm Giàu tập 3",VIDEO,UNKNOWN,PRIMARY_PRODUCER,EPISODE,OFFICIAL_PLAYLIST_COLLECTION,NEEDS_REVIEW,NEEDS_REVIEW,2025-04-17T07:00:50.000Z,98,389,,,available,fZsmpmeZY5cPaFqFY,https://www.youtube.com/watch?v=nBQDpI0PIq0&list=PLaHmC9pxzevpEDOuWCKZPWyWhLNCgZFLy&index=71
youtube,Ad7vLOL5V4g,https://www.youtube.com/watch?v=Ad7vLOL5V4g&list=PLaHmC9pxzevpEDOuWCKZPWyWhLNCgZFLy&index=61,VQLG,VQLG_2025,Thanh Duy Idol tự tay se hương | Về Quê Làm Giàu tập 3,VIDEO,UNKNOWN,PRIMARY_PRODUCER,EPISODE,OFFICIAL_PLAYLIST_COLLECTION,NEEDS_REVIEW,NEEDS_REVIEW,2025-04-13T13:50:00.000Z,61,2500,,,available,fZsmpmeZY5cPaFqFY,https://www.youtube.com/watch?v=Ad7vLOL5V4g&list=PLaHmC9pxzevpEDOuWCKZPWyWhLNCgZFLy&index=61
youtube,rN-pF54JpKA,https://www.youtube.com/watch?v=rN-pF54JpKA&list=PLaHmC9pxzevpEDOuWCKZPWyWhLNCgZFLy&index=75,VQLG,VQLG_2025,Pu dẫn Chải đi xin xăm đầu năm ở phố Hiến | Về Quê Làm Giàu tập 4,VIDEO,UNKNOWN,PRIMARY_PRODUCER,EPISODE,OFFICIAL_PLAYLIST_COLLECTION,NEEDS_REVIEW,NEEDS_REVIEW,2025-04-18T15:06:00.000Z,107,175221,,,available,fZsmpmeZY5cPaFqFY,https://www.youtube.com/watch?v=rN-pF54JpKA&list=PLaHmC9pxzevpEDOuWCKZPWyWhLNCgZFLy&index=75
youtube,DqKvzl1q_es,https://www.youtube.com/watch?v=DqKvzl1q_es&list=PLaHmC9pxzevpEDOuWCKZPWyWhLNCgZFLy&index=73,VQLG,VQLG_2025,Nghệ nhân thôn cao làm hương vòng khiến MC Quyền Linh trầm trồ | Về Quê Làm Giàu tập 4,VIDEO,UNKNOWN,PRIMARY_PRODUCER,EPISODE,OFFICIAL_PLAYLIST_COLLECTION,NEEDS_REVIEW,NEEDS_REVIEW,2025-04-18T14:06:33.000Z,500,333,,,available,fZsmpmeZY5cPaFqFY,https://www.youtube.com/watch?v=DqKvzl1q_es&list=PLaHmC9pxzevpEDOuWCKZPWyWhLNCgZFLy&index=73
youtube,a1CjYVWZLO4,https://www.youtube.com/watch?v=a1CjYVWZLO4&list=PLaHmC9pxzevpEDOuWCKZPWyWhLNCgZFLy&index=70,VQLG,VQLG_2025,Thu Hà Ceri bó hương cực khéo léo | Về Quê Làm Giàu tập 3,VIDEO,UNKNOWN,PRIMARY_PRODUCER,EPISODE,OFFICIAL_PLAYLIST_COLLECTION,NEEDS_REVIEW,NEEDS_REVIEW,2025-04-17T05:00:00.000Z,82,631,,,available,fZsmpmeZY5cPaFqFY,https://www.youtube.com/watch?v=a1CjYVWZLO4&list=PLaHmC9pxzevpEDOuWCKZPWyWhLNCgZFLy&index=70
youtube,oOAF6GEdn-w,https://www.youtube.com/watch?v=oOAF6GEdn-w&list=PLaHmC9pxzevpEDOuWCKZPWyWhLNCgZFLy&index=78,VQLG,VQLG_2025,Quyền Linh giúp nông dân Hưng Yên livestream bán hơn 100 triệu trong 30 phút | Về Quê Làm Giàu tập 4,LIVESTREAM,LIVESTREAM,PRIMARY_PRODUCER,EPISODE,OFFICIAL_PLAYLIST_COLLECTION,ACCEPTED,ACCEPTED,2025-04-18T16:36:00.000Z,92,315,,,available,fZsmpmeZY5cPaFqFY,https://www.youtube.com/watch?v=oOAF6GEdn-w&list=PLaHmC9pxzevpEDOuWCKZPWyWhLNCgZFLy&index=78
youtube,WMtqYwbCzUo,https://www.youtube.com/watch?v=WMtqYwbCzUo&list=PLaHmC9pxzevpEDOuWCKZPWyWhLNCgZFLy&index=72,VQLG,VQLG_2025,"Quyền Linh, Thanh Duy Idol, Long Vũ, Thu Hà Ceri. Ai sẽ chiến thắng trong thử thách làm hương?",VIDEO,CAST_CONTENT,PRIMARY_PRODUCER,SEASON,OFFICIAL_PLAYLIST_COLLECTION,ACCEPTED,ACCEPTED,2025-04-17T09:00:48.000Z,81,201,,,available,fZsmpmeZY5cPaFqFY,https://www.youtube.com/watch?v=WMtqYwbCzUo&list=PLaHmC9pxzevpEDOuWCKZPWyWhLNCgZFLy&index=72
youtube,osfccGflpsY,https://www.youtube.com/watch?v=osfccGflpsY&list=PLaHmC9pxzevpEDOuWCKZPWyWhLNCgZFLy&index=76,VQLG,VQLG_2025,Phát biểu đầy cảm xúc của MC Quyền Linh | Về Quê Làm Giàu tập 4,VIDEO,UNKNOWN,PRIMARY_PRODUCER,EPISODE,OFFICIAL_PLAYLIST_COLLECTION,NEEDS_REVIEW,NEEDS_REVIEW,2025-04-18T15:36:00.000Z,101,16739,,,available,fZsmpmeZY5cPaFqFY,https://www.youtube.com/watch?v=osfccGflpsY&list=PLaHmC9pxzevpEDOuWCKZPWyWhLNCgZFLy&index=76
youtube,MBAv1pd4GtI,https://www.youtube.com/watch?v=MBAv1pd4GtI&list=PLaHmC9pxzevpEDOuWCKZPWyWhLNCgZFLy&index=63,VQLG,VQLG_2025,Thu Hà Ceri trổ tài se hương và kết quả vượt mong đợi | Về Quê Làm Giàu tập 3,VIDEO,UNKNOWN,PRIMARY_PRODUCER,EPISODE,OFFICIAL_PLAYLIST_COLLECTION,NEEDS_REVIEW,NEEDS_REVIEW,2025-04-14T01:00:19.000Z,66,1108,,,available,fZsmpmeZY5cPaFqFY,https://www.youtube.com/watch?v=MBAv1pd4GtI&list=PLaHmC9pxzevpEDOuWCKZPWyWhLNCgZFLy&index=63
youtube,-SmsU64gxCM,https://www.youtube.com/watch?v=-SmsU64gxCM&list=PLaHmC9pxzevpEDOuWCKZPWyWhLNCgZFLy&index=16,VQLG,VQLG_2025,VỀ QUÊ LÀM GIÀU - TẬP 4 | OFFICIAL TRAILER,VIDEO,TEASER_PREVIEW,PRIMARY_PRODUCER,EPISODE,OFFICIAL_PLAYLIST_COLLECTION,ACCEPTED,ACCEPTED,2025-04-18T08:21:53.000Z,110,228362,,,available,fZsmpmeZY5cPaFqFY,https://www.youtube.com/watch?v=-SmsU64gxCM&list=PLaHmC9pxzevpEDOuWCKZPWyWhLNCgZFLy&index=16
youtube,Ftph_ymN2XI,https://www.youtube.com/watch?v=Ftph_ymN2XI&list=PLaHmC9pxzevpEDOuWCKZPWyWhLNCgZFLy&index=23,VQLG,VQLG_2025,🔴 Trực Tiếp Reaction VỀ QUÊ LÀM GIÀU – TẬP 3 | Cùng Phương Thảo & Khách Mời,VIDEO,REACTION_COMMENTARY,PRIMARY_PRODUCER,EPISODE,OFFICIAL_PLAYLIST_COLLECTION,ACCEPTED,ACCEPTED,2025-04-14T16:24:25.000Z,3580,1639,,,available,fZsmpmeZY5cPaFqFY,https://www.youtube.com/watch?v=Ftph_ymN2XI&list=PLaHmC9pxzevpEDOuWCKZPWyWhLNCgZFLy&index=23
youtube,6BvkBOx1cAo,https://www.youtube.com/watch?v=6BvkBOx1cAo&list=PLaHmC9pxzevpEDOuWCKZPWyWhLNCgZFLy&index=25,VQLG,VQLG_2025,Quyền Linh Reaction Tập 1 Về Quê Làm Giàu,VIDEO,REACTION_COMMENTARY,PRIMARY_PRODUCER,EPISODE,OFFICIAL_PLAYLIST_COLLECTION,ACCEPTED,ACCEPTED,2025-04-01T05:56:37.000Z,1030,1175,,,available,fZsmpmeZY5cPaFqFY,https://www.youtube.com/watch?v=6BvkBOx1cAo&list=PLaHmC9pxzevpEDOuWCKZPWyWhLNCgZFLy&index=25
youtube,NzXxUBympR0,https://www.youtube.com/watch?v=NzXxUBympR0&list=PLaHmC9pxzevpEDOuWCKZPWyWhLNCgZFLy&index=31,VQLG,VQLG_2025,Diệp Lâm Anh hóa thân thành phục vụ bàn | Về Quê Làm Giàu tập 1 | Best cut,VIDEO,UNKNOWN,PRIMARY_PRODUCER,EPISODE,OFFICIAL_PLAYLIST_COLLECTION,NEEDS_REVIEW,NEEDS_REVIEW,2025-03-28T09:30:10.000Z,67,1557,,,available,fZsmpmeZY5cPaFqFY,https://www.youtube.com/watch?v=NzXxUBympR0&list=PLaHmC9pxzevpEDOuWCKZPWyWhLNCgZFLy&index=31
youtube,iLRO_NFj9H0,https://www.youtube.com/watch?v=iLRO_NFj9H0&list=PLaHmC9pxzevpEDOuWCKZPWyWhLNCgZFLy&index=30,VQLG,VQLG_2025,Diệp Lâm Anh cải trang vẫn bị phát hiện ngay | Về Quê Làm Giàu tập 1 | Best cut,VIDEO,UNKNOWN,PRIMARY_PRODUCER,EPISODE,OFFICIAL_PLAYLIST_COLLECTION,NEEDS_REVIEW,NEEDS_REVIEW,2025-03-28T10:30:30.000Z,55,983,,,available,fZsmpmeZY5cPaFqFY,https://www.youtube.com/watch?v=iLRO_NFj9H0&list=PLaHmC9pxzevpEDOuWCKZPWyWhLNCgZFLy&index=30
youtube,cqSCFOjERPw,https://www.youtube.com/watch?v=cqSCFOjERPw&list=PLaHmC9pxzevpEDOuWCKZPWyWhLNCgZFLy&index=20,VQLG,VQLG_2025,"Quyền Linh, Long Vũ, Thu Hà Ceri, Thanh Duy làm hương và cái kết | Về Quê Làm Giàu tập 3",VIDEO,UNKNOWN,PRIMARY_PRODUCER,EPISODE,OFFICIAL_PLAYLIST_COLLECTION,NEEDS_REVIEW,NEEDS_REVIEW,2025-04-17T15:01:03.000Z,707,4226,,,available,fZsmpmeZY5cPaFqFY,https://www.youtube.com/watch?v=cqSCFOjERPw&list=PLaHmC9pxzevpEDOuWCKZPWyWhLNCgZFLy&index=20
youtube,7_MdgsHn0w4,https://www.youtube.com/watch?v=7_MdgsHn0w4&list=PLaHmC9pxzevpEDOuWCKZPWyWhLNCgZFLy&index=19,VQLG,VQLG_2025,Quyền Linh đau đầu với trò khui túi mù | Về Quê Làm Giàu tập 3,VIDEO,UNKNOWN,PRIMARY_PRODUCER,EPISODE,OFFICIAL_PLAYLIST_COLLECTION,NEEDS_REVIEW,NEEDS_REVIEW,2025-04-18T01:00:11.000Z,628,4792,,,available,fZsmpmeZY5cPaFqFY,https://www.youtube.com/watch?v=7_MdgsHn0w4&list=PLaHmC9pxzevpEDOuWCKZPWyWhLNCgZFLy&index=19
youtube,jQ-1-a7ohho,https://www.youtube.com/watch?v=jQ-1-a7ohho&list=PLaHmC9pxzevpEDOuWCKZPWyWhLNCgZFLy&index=29,VQLG,VQLG_2025,Tranh luận kịch tính giữa các khách mời | Về Quê Làm Giàu tập 1 | Best cut,VIDEO,UNKNOWN,PRIMARY_PRODUCER,EPISODE,OFFICIAL_PLAYLIST_COLLECTION,NEEDS_REVIEW,NEEDS_REVIEW,2025-03-28T11:30:35.000Z,68,606,,,available,fZsmpmeZY5cPaFqFY,https://www.youtube.com/watch?v=jQ-1-a7ohho&list=PLaHmC9pxzevpEDOuWCKZPWyWhLNCgZFLy&index=29
youtube,ONunOr1A8Mc,https://www.youtube.com/watch?v=ONunOr1A8Mc&list=PLaHmC9pxzevpEDOuWCKZPWyWhLNCgZFLy&index=21,VQLG,VQLG_2025,Quyền Linh - Thanh Duy quyết mở đại lý bán hương toàn quốc | Về Quê Làm Giàu tập 3,VIDEO,UNKNOWN,PRIMARY_PRODUCER,EPISODE,OFFICIAL_PLAYLIST_COLLECTION,NEEDS_REVIEW,NEEDS_REVIEW,2025-04-17T13:00:42.000Z,800,2502,,,available,fZsmpmeZY5cPaFqFY,https://www.youtube.com/watch?v=ONunOr1A8Mc&list=PLaHmC9pxzevpEDOuWCKZPWyWhLNCgZFLy&index=21
youtube,NyByenlUero,https://www.youtube.com/watch?v=NyByenlUero&list=PLaHmC9pxzevpEDOuWCKZPWyWhLNCgZFLy&index=22,VQLG,VQLG_2025,Thanh Duy Idol trổ tài hát trống quân | Về Quê Làm Giàu tập 3,VIDEO,UNKNOWN,PRIMARY_PRODUCER,EPISODE,OFFICIAL_PLAYLIST_COLLECTION,NEEDS_REVIEW,NEEDS_REVIEW,2025-04-17T11:00:39.000Z,306,2004,,,available,fZsmpmeZY5cPaFqFY,https://www.youtube.com/watch?v=NyByenlUero&list=PLaHmC9pxzevpEDOuWCKZPWyWhLNCgZFLy&index=22
youtube,gd6PBcVO2ZY,https://www.youtube.com/watch?v=gd6PBcVO2ZY&list=PLaHmC9pxzevpEDOuWCKZPWyWhLNCgZFLy&index=26,VQLG,VQLG_2025,VỀ QUÊ LÀM GIÀU | OFFICIAL TRAILER,VIDEO,TEASER_PREVIEW,PRIMARY_PRODUCER,SEASON,OFFICIAL_PLAYLIST_COLLECTION,ACCEPTED,ACCEPTED,2025-03-19T09:15:50.000Z,112,133940,,,available,fZsmpmeZY5cPaFqFY,https://www.youtube.com/watch?v=gd6PBcVO2ZY&list=PLaHmC9pxzevpEDOuWCKZPWyWhLNCgZFLy&index=26
youtube,tuypxxDk-e4,https://www.youtube.com/watch?v=tuypxxDk-e4&list=PLaHmC9pxzevpEDOuWCKZPWyWhLNCgZFLy&index=41,VQLG,VQLG_2025,"BÁO HẢI DƯƠNG ĐƯA TIN VỀ CHƯƠNG TRÌNH ""VỀ QUÊ LÀM GIÀU"" CỦA HALOTIMES",VIDEO,UNKNOWN,PRIMARY_PRODUCER,SEASON,OFFICIAL_PLAYLIST_COLLECTION,NEEDS_REVIEW,NEEDS_REVIEW,2025-02-26T04:14:47.000Z,169,401,,,available,fZsmpmeZY5cPaFqFY,https://www.youtube.com/watch?v=tuypxxDk-e4&list=PLaHmC9pxzevpEDOuWCKZPWyWhLNCgZFLy&index=41
youtube,kIA_vVpSgy4,https://www.youtube.com/watch?v=kIA_vVpSgy4&list=PLaHmC9pxzevpEDOuWCKZPWyWhLNCgZFLy&index=33,VQLG,VQLG_2025,Quyền Linh xuất hiện cực ngầu | Về Quê Làm Giàu tập 1 | Best cut,VIDEO,UNKNOWN,PRIMARY_PRODUCER,EPISODE,OFFICIAL_PLAYLIST_COLLECTION,NEEDS_REVIEW,NEEDS_REVIEW,2025-03-28T07:30:25.000Z,96,928,,,available,fZsmpmeZY5cPaFqFY,https://www.youtube.com/watch?v=kIA_vVpSgy4&list=PLaHmC9pxzevpEDOuWCKZPWyWhLNCgZFLy&index=33
youtube,hMGGbPqlFKU,https://www.youtube.com/watch?v=hMGGbPqlFKU&list=PLaHmC9pxzevpEDOuWCKZPWyWhLNCgZFLy&index=45,VQLG,VQLG_2025,Nghệ sĩ khiêng két cá | Về Quê Làm Giàu tập 1 | Best cut,VIDEO,UNKNOWN,PRIMARY_PRODUCER,EPISODE,OFFICIAL_PLAYLIST_COLLECTION,NEEDS_REVIEW,NEEDS_REVIEW,2025-03-28T13:30:34.000Z,62,802,,,available,fZsmpmeZY5cPaFqFY,https://www.youtube.com/watch?v=hMGGbPqlFKU&list=PLaHmC9pxzevpEDOuWCKZPWyWhLNCgZFLy&index=45
youtube,g3Qn8Kvg7oQ,https://www.youtube.com/watch?v=g3Qn8Kvg7oQ&list=PLaHmC9pxzevpEDOuWCKZPWyWhLNCgZFLy&index=43,VQLG,VQLG_2025,"ĐÀI PHÁT THANH VÀ TRUYỀN HÌNH THANH HOÁ ĐƯA TIN VỀ CHƯƠNG TRÌNH ""VỀ QUÊ LÀM GIÀU"" CỦA HALOTIMES",VIDEO,UNKNOWN,PRIMARY_PRODUCER,SEASON,OFFICIAL_PLAYLIST_COLLECTION,NEEDS_REVIEW,NEEDS_REVIEW,2025-02-26T04:10:50.000Z,74,273,,,available,fZsmpmeZY5cPaFqFY,https://www.youtube.com/watch?v=g3Qn8Kvg7oQ&list=PLaHmC9pxzevpEDOuWCKZPWyWhLNCgZFLy&index=43
youtube,rUDx9vuFD6E,https://www.youtube.com/watch?v=rUDx9vuFD6E&list=PLaHmC9pxzevpEDOuWCKZPWyWhLNCgZFLy&index=36,VQLG,VQLG_2025,"QUẢNG BÁ SẢN VẬT CÙNG DÀN CAST ""VỀ QUÊ LÀM GIÀU"" TẠI TỈNH HƯNG YÊN",VIDEO,UNKNOWN,PRIMARY_PRODUCER,SEASON,OFFICIAL_PLAYLIST_COLLECTION,NEEDS_REVIEW,NEEDS_REVIEW,2025-03-03T06:48:34.000Z,183,955,,,available,fZsmpmeZY5cPaFqFY,https://www.youtube.com/watch?v=rUDx9vuFD6E&list=PLaHmC9pxzevpEDOuWCKZPWyWhLNCgZFLy&index=36
youtube,TjVeq4pbII0,https://www.youtube.com/watch?v=TjVeq4pbII0&list=PLaHmC9pxzevpEDOuWCKZPWyWhLNCgZFLy&index=37,VQLG,VQLG_2025,"DÀN NGHỆ SĨ HƯỚNG DẪN BÀ CON LIVESTREAM BÁN HÀNG TRONG ""VỀ QUÊ LÀM GIÀU""",LIVESTREAM,LIVESTREAM,PRIMARY_PRODUCER,SEASON,OFFICIAL_PLAYLIST_COLLECTION,ACCEPTED,ACCEPTED,2025-03-01T04:51:48.000Z,213,366,,,available,fZsmpmeZY5cPaFqFY,https://www.youtube.com/watch?v=TjVeq4pbII0&list=PLaHmC9pxzevpEDOuWCKZPWyWhLNCgZFLy&index=37
youtube,s8YTdUSz_wQ,https://www.youtube.com/watch?v=s8YTdUSz_wQ&list=PLaHmC9pxzevpEDOuWCKZPWyWhLNCgZFLy&index=40,VQLG,VQLG_2025,"DÀN CAST ""VỀ QUÊ LÀM GIÀU"" LIVESTREAM QUẢNG BÁ SẢN VẬT TẠI HẢI DƯƠNG",LIVESTREAM,LIVESTREAM,PRIMARY_PRODUCER,SEASON,OFFICIAL_PLAYLIST_COLLECTION,ACCEPTED,ACCEPTED,2025-02-27T02:24:39.000Z,234,544,,,available,fZsmpmeZY5cPaFqFY,https://www.youtube.com/watch?v=s8YTdUSz_wQ&list=PLaHmC9pxzevpEDOuWCKZPWyWhLNCgZFLy&index=40
youtube,_27jaF_oZco,https://www.youtube.com/watch?v=_27jaF_oZco&list=PLaHmC9pxzevpEDOuWCKZPWyWhLNCgZFLy&index=49,VQLG,VQLG_2025,"Long Vũ dùng ""tuyệt chiêu năn nỉ"" | Về Quê Làm Giàu Tập 1 | Best cut",VIDEO,UNKNOWN,PRIMARY_PRODUCER,EPISODE,OFFICIAL_PLAYLIST_COLLECTION,NEEDS_REVIEW,NEEDS_REVIEW,2025-04-02T06:40:07.000Z,59,1041,,,available,fZsmpmeZY5cPaFqFY,https://www.youtube.com/watch?v=_27jaF_oZco&list=PLaHmC9pxzevpEDOuWCKZPWyWhLNCgZFLy&index=49
youtube,rY-xiAnBi-Y,https://www.youtube.com/watch?v=rY-xiAnBi-Y&list=PLaHmC9pxzevpEDOuWCKZPWyWhLNCgZFLy&index=54,VQLG,VQLG_2025,"Nghệ sĩ không ai chịu thua ai, trọng tài cũng đau đầu | Về Quê Làm Giàu Tập 2 | Best cut",VIDEO,UNKNOWN,PRIMARY_PRODUCER,EPISODE,OFFICIAL_PLAYLIST_COLLECTION,NEEDS_REVIEW,NEEDS_REVIEW,2025-04-09T12:30:54.000Z,62,355,,,available,fZsmpmeZY5cPaFqFY,https://www.youtube.com/watch?v=rY-xiAnBi-Y&list=PLaHmC9pxzevpEDOuWCKZPWyWhLNCgZFLy&index=54
youtube,opsCcmXU974,https://www.youtube.com/watch?v=opsCcmXU974&list=PLaHmC9pxzevpEDOuWCKZPWyWhLNCgZFLy&index=48,VQLG,VQLG_2025,Mỗi ngày kéo 100 tấn cá - Nghệ  sĩ sửng sốt | Về Quê Làm Giàu tập 1 | Best cut,VIDEO,UNKNOWN,PRIMARY_PRODUCER,EPISODE,OFFICIAL_PLAYLIST_COLLECTION,NEEDS_REVIEW,NEEDS_REVIEW,2025-03-29T03:49:36.000Z,76,1228,,,available,fZsmpmeZY5cPaFqFY,https://www.youtube.com/watch?v=opsCcmXU974&list=PLaHmC9pxzevpEDOuWCKZPWyWhLNCgZFLy&index=48
youtube,F_Espiet8fk,https://www.youtube.com/watch?v=F_Espiet8fk&list=PLaHmC9pxzevpEDOuWCKZPWyWhLNCgZFLy&index=53,VQLG,VQLG_2025,4 nghệ sĩ toát mồ hôi hột với trải nghiệm ủ muối và làm cá | Về Quê Làm Giàu Tập 2 | Best cut,VIDEO,UNKNOWN,PRIMARY_PRODUCER,EPISODE,OFFICIAL_PLAYLIST_COLLECTION,NEEDS_REVIEW,NEEDS_REVIEW,2025-04-09T08:30:10.000Z,80,238,,,available,fZsmpmeZY5cPaFqFY,https://www.youtube.com/watch?v=F_Espiet8fk&list=PLaHmC9pxzevpEDOuWCKZPWyWhLNCgZFLy&index=53
youtube,szWfI-Nc_58,https://www.youtube.com/watch?v=szWfI-Nc_58&list=PLaHmC9pxzevpEDOuWCKZPWyWhLNCgZFLy&index=50,VQLG,VQLG_2025,Chị đẹp Diệp Lâm Anh đam mê mua hải sản | Về Quê Làm Giàu Tập 1 | Best cut,VIDEO,UNKNOWN,PRIMARY_PRODUCER,EPISODE,OFFICIAL_PLAYLIST_COLLECTION,NEEDS_REVIEW,NEEDS_REVIEW,2025-04-02T08:40:01.000Z,74,731,,,available,fZsmpmeZY5cPaFqFY,https://www.youtube.com/watch?v=szWfI-Nc_58&list=PLaHmC9pxzevpEDOuWCKZPWyWhLNCgZFLy&index=50
youtube,Y_FguZjFYLA,https://www.youtube.com/watch?v=Y_FguZjFYLA&list=PLaHmC9pxzevpEDOuWCKZPWyWhLNCgZFLy&index=47,VQLG,VQLG_2025,"Long Vũ, Diệp Lâm Anh tranh tài bán cá | Về Quê Làm Giàu tập 1 | Best cut",VIDEO,UNKNOWN,PRIMARY_PRODUCER,EPISODE,OFFICIAL_PLAYLIST_COLLECTION,NEEDS_REVIEW,NEEDS_REVIEW,2025-03-28T15:30:16.000Z,67,508,,,available,fZsmpmeZY5cPaFqFY,https://www.youtube.com/watch?v=Y_FguZjFYLA&list=PLaHmC9pxzevpEDOuWCKZPWyWhLNCgZFLy&index=47
youtube,p9qxYMXGvAU,https://www.youtube.com/watch?v=p9qxYMXGvAU&list=PLaHmC9pxzevpEDOuWCKZPWyWhLNCgZFLy&index=59,VQLG,VQLG_2025,Thanh Duy Idol say mê mùi hương xạ tại Làng hương Thôn Cao | Về Quê Làm Giàu tập 3,VIDEO,UNKNOWN,PRIMARY_PRODUCER,EPISODE,OFFICIAL_PLAYLIST_COLLECTION,NEEDS_REVIEW,NEEDS_REVIEW,2025-04-13T09:48:07.000Z,75,1293,,,available,fZsmpmeZY5cPaFqFY,https://www.youtube.com/watch?v=p9qxYMXGvAU&list=PLaHmC9pxzevpEDOuWCKZPWyWhLNCgZFLy&index=59
youtube,KZARv3e_gCM,https://www.youtube.com/watch?v=KZARv3e_gCM&list=PLaHmC9pxzevpEDOuWCKZPWyWhLNCgZFLy&index=66,VQLG,VQLG_2025,Quyền Linh tập trung cao độ trong thử thách se hương | Về Quê Làm Giàu tập 3,VIDEO,CAST_CONTENT,PRIMARY_PRODUCER,EPISODE,OFFICIAL_PLAYLIST_COLLECTION,ACCEPTED,ACCEPTED,2025-04-14T07:00:16.000Z,66,861,,,available,fZsmpmeZY5cPaFqFY,https://www.youtube.com/watch?v=KZARv3e_gCM&list=PLaHmC9pxzevpEDOuWCKZPWyWhLNCgZFLy&index=66
youtube,YcKCw_xHiKs,https://www.youtube.com/watch?v=YcKCw_xHiKs&list=PLaHmC9pxzevpEDOuWCKZPWyWhLNCgZFLy&index=57,VQLG,VQLG_2025,"Quyền Linh khuấy đảo sân khấu với hit ""Về quê làm giàu” | Về Quê Làm Giàu Tập 2 | Best cut",VIDEO,UNKNOWN,PRIMARY_PRODUCER,EPISODE,OFFICIAL_PLAYLIST_COLLECTION,NEEDS_REVIEW,NEEDS_REVIEW,2025-04-09T23:00:33.000Z,120,521,,,available,fZsmpmeZY5cPaFqFY,https://www.youtube.com/watch?v=YcKCw_xHiKs&list=PLaHmC9pxzevpEDOuWCKZPWyWhLNCgZFLy&index=57
youtube,93rVD6AAnsA,https://www.youtube.com/watch?v=93rVD6AAnsA&list=PLaHmC9pxzevpEDOuWCKZPWyWhLNCgZFLy&index=62,VQLG,VQLG_2025,Thu Hà Ceri thán phục khi Long Vũ se hương thành thạo | Về Quê Làm Giàu tập 3,VIDEO,UNKNOWN,PRIMARY_PRODUCER,EPISODE,OFFICIAL_PLAYLIST_COLLECTION,NEEDS_REVIEW,NEEDS_REVIEW,2025-04-13T15:50:01.000Z,89,1557,,,available,fZsmpmeZY5cPaFqFY,https://www.youtube.com/watch?v=93rVD6AAnsA&list=PLaHmC9pxzevpEDOuWCKZPWyWhLNCgZFLy&index=62
youtube,QzH8J3qdrFc,https://www.youtube.com/watch?v=QzH8J3qdrFc&list=PLaHmC9pxzevpEDOuWCKZPWyWhLNCgZFLy&index=77,VQLG,VQLG_2025,"Bài hát Trống Quân của Thanh Duy, Long Vũ, Thu Hà Ceri | Về Quê Làm Giàu tập 4",VIDEO,UNKNOWN,PRIMARY_PRODUCER,EPISODE,OFFICIAL_PLAYLIST_COLLECTION,NEEDS_REVIEW,NEEDS_REVIEW,2025-04-18T16:06:00.000Z,101,83155,,,available,fZsmpmeZY5cPaFqFY,https://www.youtube.com/watch?v=QzH8J3qdrFc&list=PLaHmC9pxzevpEDOuWCKZPWyWhLNCgZFLy&index=77
youtube,Kbz72ZTvz3M,https://www.youtube.com/watch?v=Kbz72ZTvz3M&list=PLaHmC9pxzevpEDOuWCKZPWyWhLNCgZFLy&index=17,VQLG,VQLG_2025,VỀ QUÊ LÀM GIÀU - TẬP 2 | OFFICIAL TRAILER,VIDEO,TEASER_PREVIEW,PRIMARY_PRODUCER,EPISODE,OFFICIAL_PLAYLIST_COLLECTION,ACCEPTED,ACCEPTED,2025-04-04T13:37:30.000Z,94,18225,,,available,fZsmpmeZY5cPaFqFY,https://www.youtube.com/watch?v=Kbz72ZTvz3M&list=PLaHmC9pxzevpEDOuWCKZPWyWhLNCgZFLy&index=17
youtube,WHhzDPFAdhw,https://www.youtube.com/watch?v=WHhzDPFAdhw&list=PLaHmC9pxzevpEDOuWCKZPWyWhLNCgZFLy&index=79,VQLG,VQLG_2025,"Quyền Linh ""loay hoay"" với thử thách làm vòng hương  | Về Quê Làm Giàu tập 4",VIDEO,CAST_CONTENT,PRIMARY_PRODUCER,EPISODE,OFFICIAL_PLAYLIST_COLLECTION,ACCEPTED,ACCEPTED,2025-04-23T10:36:11.000Z,149,575,,,available,fZsmpmeZY5cPaFqFY,https://www.youtube.com/watch?v=WHhzDPFAdhw&list=PLaHmC9pxzevpEDOuWCKZPWyWhLNCgZFLy&index=79
youtube,mo8We4paKOk,https://www.youtube.com/watch?v=mo8We4paKOk&list=PLaHmC9pxzevpEDOuWCKZPWyWhLNCgZFLy&index=55,VQLG,VQLG_2025,"Long Vũ vào thế khó, buộc phải thắng Thu Hà Ceri | Về Quê Làm Giàu Tập 2 | Best cut",VIDEO,UNKNOWN,PRIMARY_PRODUCER,EPISODE,OFFICIAL_PLAYLIST_COLLECTION,NEEDS_REVIEW,NEEDS_REVIEW,2025-04-09T14:01:00.000Z,65,556,,,available,fZsmpmeZY5cPaFqFY,https://www.youtube.com/watch?v=mo8We4paKOk&list=PLaHmC9pxzevpEDOuWCKZPWyWhLNCgZFLy&index=55
youtube,bwl5WST3kOs,https://www.youtube.com/watch?v=bwl5WST3kOs&list=PLaHmC9pxzevpEDOuWCKZPWyWhLNCgZFLy&index=27,VQLG,VQLG_2025,VỀ QUÊ LÀM GIÀU | HIGHLIGHT TẬP 1 - THANH HÓA,VIDEO,HIGHLIGHT,PRIMARY_PRODUCER,EPISODE,OFFICIAL_PLAYLIST_COLLECTION,ACCEPTED,ACCEPTED,2025-03-25T12:17:59.000Z,38,66155,,,available,fZsmpmeZY5cPaFqFY,https://www.youtube.com/watch?v=bwl5WST3kOs&list=PLaHmC9pxzevpEDOuWCKZPWyWhLNCgZFLy&index=27
youtube,29RCIP1f5RE,https://www.youtube.com/watch?v=29RCIP1f5RE&list=PLaHmC9pxzevpEDOuWCKZPWyWhLNCgZFLy&index=32,VQLG,VQLG_2025,Màn ráp cực cháy của 3 nghệ sĩ | Về Quê Làm Giàu tập 1 | Best cut,VIDEO,UNKNOWN,PRIMARY_PRODUCER,EPISODE,OFFICIAL_PLAYLIST_COLLECTION,NEEDS_REVIEW,NEEDS_REVIEW,2025-03-28T08:30:00.000Z,67,611,,,available,fZsmpmeZY5cPaFqFY,https://www.youtube.com/watch?v=29RCIP1f5RE&list=PLaHmC9pxzevpEDOuWCKZPWyWhLNCgZFLy&index=32
youtube,cYuxm_E7GSg,https://www.youtube.com/watch?v=cYuxm_E7GSg&list=PLaHmC9pxzevpEDOuWCKZPWyWhLNCgZFLy&index=24,VQLG,VQLG_2025,VỀ QUÊ LÀM GIÀU - TẬP 3 | OFFICIAL TRAILER,VIDEO,TEASER_PREVIEW,PRIMARY_PRODUCER,EPISODE,OFFICIAL_PLAYLIST_COLLECTION,ACCEPTED,ACCEPTED,2025-04-11T08:17:00.000Z,81,214770,,,available,fZsmpmeZY5cPaFqFY,https://www.youtube.com/watch?v=cYuxm_E7GSg&list=PLaHmC9pxzevpEDOuWCKZPWyWhLNCgZFLy&index=24
youtube,ID8pQoIH9G8,https://www.youtube.com/watch?v=ID8pQoIH9G8&list=PLaHmC9pxzevpEDOuWCKZPWyWhLNCgZFLy&index=28,VQLG,VQLG_2025,Nghệ sĩ hào hứng với đặc sản Thanh Hóa | Về Quê Làm Giàu tập 1 | Best cut,VIDEO,UNKNOWN,PRIMARY_PRODUCER,EPISODE,OFFICIAL_PLAYLIST_COLLECTION,NEEDS_REVIEW,NEEDS_REVIEW,2025-03-28T12:30:17.000Z,59,1284,,,available,fZsmpmeZY5cPaFqFY,https://www.youtube.com/watch?v=ID8pQoIH9G8&list=PLaHmC9pxzevpEDOuWCKZPWyWhLNCgZFLy&index=28
youtube,kpPXYlvTBYY,https://www.youtube.com/watch?v=kpPXYlvTBYY&list=PLaHmC9pxzevpEDOuWCKZPWyWhLNCgZFLy&index=38,VQLG,VQLG_2025,"""VỀ QUÊ LÀM GIÀU"" TRÊN HÀNH TRÌNH GIỮ LỬA NGHỀ HƯƠNG TRUYỀN THỐNG",VIDEO,UNKNOWN,PRIMARY_PRODUCER,SEASON,OFFICIAL_PLAYLIST_COLLECTION,NEEDS_REVIEW,NEEDS_REVIEW,2025-03-01T03:16:00.000Z,181,229,,,available,fZsmpmeZY5cPaFqFY,https://www.youtube.com/watch?v=kpPXYlvTBYY&list=PLaHmC9pxzevpEDOuWCKZPWyWhLNCgZFLy&index=38
youtube,KpkbDHLUoTY,https://www.youtube.com/watch?v=KpkbDHLUoTY&list=PLaHmC9pxzevpEDOuWCKZPWyWhLNCgZFLy&index=18,VQLG,VQLG_2025,VỀ QUÊ LÀM GIÀU | PHONG CẢNH NỔI TIẾNG TẠI THANH HÓA,VIDEO,UNKNOWN,PRIMARY_PRODUCER,SEASON,OFFICIAL_PLAYLIST_COLLECTION,NEEDS_REVIEW,NEEDS_REVIEW,2025-03-25T11:57:39.000Z,49,43833,,,available,fZsmpmeZY5cPaFqFY,https://www.youtube.com/watch?v=KpkbDHLUoTY&list=PLaHmC9pxzevpEDOuWCKZPWyWhLNCgZFLy&index=18
youtube,uAlATReBJ-o,https://www.youtube.com/watch?v=uAlATReBJ-o&list=PLaHmC9pxzevpEDOuWCKZPWyWhLNCgZFLy&index=44,VQLG,VQLG_2025,"ĐÀI PHÁT THANH VÀ TRUYỀN HÌNH HÀ NỘI ĐƯA TIN VỀ CHƯƠNG TRÌNH ""VÈ QUÊ LÀM GIÀU"" CỦA HALOTIMES",VIDEO,UNKNOWN,PRIMARY_PRODUCER,SEASON,OFFICIAL_PLAYLIST_COLLECTION,NEEDS_REVIEW,NEEDS_REVIEW,2025-02-26T04:08:28.000Z,144,272,,,available,fZsmpmeZY5cPaFqFY,https://www.youtube.com/watch?v=uAlATReBJ-o&list=PLaHmC9pxzevpEDOuWCKZPWyWhLNCgZFLy&index=44
youtube,6eR4wbC0ct8,https://www.youtube.com/watch?v=6eR4wbC0ct8&list=PLaHmC9pxzevpEDOuWCKZPWyWhLNCgZFLy&index=39,VQLG,VQLG_2025,"THEO CHÂN EKIP ""VỀ QUÊ LÀM GIÀU"" KHÁM PHÁ GIA ĐÌNH BA ĐỜI LÀM HƯƠNG TRUYỀN THỐNG",VIDEO,UNKNOWN,PRIMARY_PRODUCER,SEASON,OFFICIAL_PLAYLIST_COLLECTION,NEEDS_REVIEW,NEEDS_REVIEW,2025-03-01T03:11:38.000Z,223,228,,,available,fZsmpmeZY5cPaFqFY,https://www.youtube.com/watch?v=6eR4wbC0ct8&list=PLaHmC9pxzevpEDOuWCKZPWyWhLNCgZFLy&index=39
youtube,95Hy2KrhoGI,https://www.youtube.com/watch?v=95Hy2KrhoGI&list=PLaHmC9pxzevpEDOuWCKZPWyWhLNCgZFLy&index=46,VQLG,VQLG_2025,"Nghệ sĩ thể hiện phong cách ""có 1-0-2"" | Về Quê Làm Giàu tập 1 | Best cut",VIDEO,UNKNOWN,PRIMARY_PRODUCER,EPISODE,OFFICIAL_PLAYLIST_COLLECTION,NEEDS_REVIEW,NEEDS_REVIEW,2025-03-28T14:30:05.000Z,71,259,,,available,fZsmpmeZY5cPaFqFY,https://www.youtube.com/watch?v=95Hy2KrhoGI&list=PLaHmC9pxzevpEDOuWCKZPWyWhLNCgZFLy&index=46
youtube,TIuUw_cs05s,https://www.youtube.com/watch?v=TIuUw_cs05s&list=PLaHmC9pxzevpEDOuWCKZPWyWhLNCgZFLy&index=35,VQLG,VQLG_2025,Dàn cast Về Quê Làm Giàu xuất hiện trong livestream quảng bá đặc sản Thanh Hóa,LIVESTREAM,LIVESTREAM,PRIMARY_PRODUCER,SEASON,OFFICIAL_PLAYLIST_COLLECTION,ACCEPTED,ACCEPTED,2025-03-04T09:08:00.000Z,146,492,,,available,fZsmpmeZY5cPaFqFY,https://www.youtube.com/watch?v=TIuUw_cs05s&list=PLaHmC9pxzevpEDOuWCKZPWyWhLNCgZFLy&index=35
youtube,8v67kTmOO6o,https://www.youtube.com/watch?v=8v67kTmOO6o&list=PLaHmC9pxzevpEDOuWCKZPWyWhLNCgZFLy&index=52,VQLG,VQLG_2025,Muốn ăn mắm Ba Làng – nghệ sĩ cũng phải tự tay làm | Về Quê Làm Giàu Tập 2 | Best cut,VIDEO,UNKNOWN,PRIMARY_PRODUCER,EPISODE,OFFICIAL_PLAYLIST_COLLECTION,NEEDS_REVIEW,NEEDS_REVIEW,2025-04-09T06:41:40.000Z,68,257,,,available,fZsmpmeZY5cPaFqFY,https://www.youtube.com/watch?v=8v67kTmOO6o&list=PLaHmC9pxzevpEDOuWCKZPWyWhLNCgZFLy&index=52
youtube,mUe_NxKys2Q,https://www.youtube.com/watch?v=mUe_NxKys2Q&list=PLaHmC9pxzevpEDOuWCKZPWyWhLNCgZFLy&index=51,VQLG,VQLG_2025,"Team Quyền Linh & Thu Hà Ceri ""chốt đơn thần tốc"" | Về Quê Làm Giàu Tập 1 | Best cut",VIDEO,UNKNOWN,PRIMARY_PRODUCER,EPISODE,OFFICIAL_PLAYLIST_COLLECTION,NEEDS_REVIEW,NEEDS_REVIEW,2025-04-02T10:40:00.000Z,101,806,,,available,fZsmpmeZY5cPaFqFY,https://www.youtube.com/watch?v=mUe_NxKys2Q&list=PLaHmC9pxzevpEDOuWCKZPWyWhLNCgZFLy&index=51
youtube,0EB2UsanY6Y,https://www.youtube.com/watch?v=0EB2UsanY6Y&list=PLaHmC9pxzevpEDOuWCKZPWyWhLNCgZFLy&index=69,VQLG,VQLG_2025,Quyền Linh khen tài se hương của Long Vũ | Về Quê Làm Giàu tập 3,VIDEO,UNKNOWN,PRIMARY_PRODUCER,EPISODE,OFFICIAL_PLAYLIST_COLLECTION,NEEDS_REVIEW,NEEDS_REVIEW,2025-04-14T13:00:03.000Z,63,1295,,,available,fZsmpmeZY5cPaFqFY,https://www.youtube.com/watch?v=0EB2UsanY6Y&list=PLaHmC9pxzevpEDOuWCKZPWyWhLNCgZFLy&index=69
youtube,-yrVBJdccvk,https://www.youtube.com/watch?v=-yrVBJdccvk&list=PLaHmC9pxzevpEDOuWCKZPWyWhLNCgZFLy&index=42,VQLG,VQLG_2025,"ĐÀI TRUYỀN HÌNH HẢI DƯƠNG ĐƯA TIN VỀ CHƯƠNG TRÌNH ""VỀ QUÊ LÀM GIÀU"" CỦA HALOTIMES",VIDEO,UNKNOWN,PRIMARY_PRODUCER,SEASON,OFFICIAL_PLAYLIST_COLLECTION,NEEDS_REVIEW,NEEDS_REVIEW,2025-02-26T04:12:55.000Z,78,427,,,available,fZsmpmeZY5cPaFqFY,https://www.youtube.com/watch?v=-yrVBJdccvk&list=PLaHmC9pxzevpEDOuWCKZPWyWhLNCgZFLy&index=42
youtube,9aDmE9J0DyI,https://www.youtube.com/watch?v=9aDmE9J0DyI&list=PLaHmC9pxzevpEDOuWCKZPWyWhLNCgZFLy&index=10,VQLG,VQLG_2025,"Lâm Vỹ Dạ vượt Hari Won - Long Vũ, thắng lớn thử thách bán mè xửng |VỀ QUÊ LÀM GIÀU - TẬP 10 | HUẾ",VIDEO,CAST_CONTENT,PRIMARY_PRODUCER,EPISODE,OFFICIAL_PLAYLIST_COLLECTION,NEEDS_REVIEW,CANONICAL_OVERLAP,2025-06-07T13:30:06.000Z,3538,594959,,,available,fZsmpmeZY5cPaFqFY,https://www.youtube.com/watch?v=9aDmE9J0DyI&list=PLaHmC9pxzevpEDOuWCKZPWyWhLNCgZFLy&index=10
youtube,C7-AkYwsuCM,https://www.youtube.com/watch?v=C7-AkYwsuCM&list=PLaHmC9pxzevpEDOuWCKZPWyWhLNCgZFLy&index=67,VQLG,VQLG_2025,Thử thách bó hương làm kh�� Thanh Duy Idol | Về Quê Làm Giàu tập 3,VIDEO,CAST_CONTENT,PRIMARY_PRODUCER,EPISODE,OFFICIAL_PLAYLIST_COLLECTION,ACCEPTED,ACCEPTED,2025-04-14T09:00:14.000Z,64,1079,,,available,fZsmpmeZY5cPaFqFY,https://www.youtube.com/watch?v=C7-AkYwsuCM&list=PLaHmC9pxzevpEDOuWCKZPWyWhLNCgZFLy&index=67
youtube,STF63O87120,https://www.youtube.com/watch?v=STF63O87120&list=PLaHmC9pxzevpEDOuWCKZPWyWhLNCgZFLy&index=74,VQLG,VQLG_2025,"Quyền Linh mờ mắt, Thanh Duy run tay.... | Về Quê Làm Giàu tập 4",VIDEO,UNKNOWN,PRIMARY_PRODUCER,EPISODE,OFFICIAL_PLAYLIST_COLLECTION,NEEDS_REVIEW,NEEDS_REVIEW,2025-04-18T14:36:00.000Z,162,412,,,available,fZsmpmeZY5cPaFqFY,https://www.youtube.com/watch?v=STF63O87120&list=PLaHmC9pxzevpEDOuWCKZPWyWhLNCgZFLy&index=74
youtube,YjL3RYvn_4Y,https://www.youtube.com/watch?v=YjL3RYvn_4Y&list=PLaHmC9pxzevpEDOuWCKZPWyWhLNCgZFLy&index=34,VQLG,VQLG_2025,"HÀNH TRÌNH ""VỀ QUÊ LÀM GIÀU"" CỦA HOA HẬU BÙI QUỲNH HOA",VIDEO,UNKNOWN,PRIMARY_PRODUCER,SEASON,OFFICIAL_PLAYLIST_COLLECTION,NEEDS_REVIEW,NEEDS_REVIEW,2025-03-04T12:40:21.000Z,126,561,,,available,fZsmpmeZY5cPaFqFY,https://www.youtube.com/watch?v=YjL3RYvn_4Y&list=PLaHmC9pxzevpEDOuWCKZPWyWhLNCgZFLy&index=34
youtube,leQhZmRny9I,https://www.youtube.com/watch?v=leQhZmRny9I&list=PLaHmC9pxzevpEDOuWCKZPWyWhLNCgZFLy&index=80,VQLG,VQLG_2025,"Long Vũ trổ tài làm hương với phương châm ""chậm mà chắc"" | Về Quê Làm Giàu tập 4",VIDEO,UNKNOWN,PRIMARY_PRODUCER,EPISODE,OFFICIAL_PLAYLIST_COLLECTION,NEEDS_REVIEW,NEEDS_REVIEW,2025-04-23T12:31:03.000Z,110,362,,,available,fZsmpmeZY5cPaFqFY,https://www.youtube.com/watch?v=leQhZmRny9I&list=PLaHmC9pxzevpEDOuWCKZPWyWhLNCgZFLy&index=80
youtube,pRRB_IHmyQc,https://www.youtube.com/watch?v=pRRB_IHmyQc&list=PLLg_kRqp4Dpq0Gd1snNkyj5FF7hFIpGku&index=9,BOMD,BOMD_S5,"Tập 9 | BỐ ƠI MÌNH ĐI ĐÂU THẾ: Đông vui quá nhở, CONCERT cấp làng sắp diễn ra à?",VIDEO,PERFORMANCE,OFFICIAL_SHOW_CHANNEL,EPISODE,OFFICIAL_PLAYLIST_COLLECTION,NEEDS_REVIEW,CANONICAL_OVERLAP,2025-07-14T14:30:11.000Z,3444,492814,,,available,M0iLROnbvwHh43uim,https://www.youtube.com/watch?v=pRRB_IHmyQc&list=PLLg_kRqp4Dpq0Gd1snNkyj5FF7hFIpGku&index=9
youtube,CkH-aahQlWI,https://www.youtube.com/watch?v=CkH-aahQlWI&list=PLJSRfYQoW3dn5wLuH9xgrMbaazxZdZBZ_&index=11,BDSS,BDSS_2024,"Biệt Đội Siêu Sao |Tập 3| “Hình tượng” thế nào cũng được, miễn ăn “nhanh” là được",VIDEO,UNKNOWN,PRIMARY_BROADCASTER,EPISODE,OFFICIAL_PLAYLIST_COLLECTION,NEEDS_REVIEW,NEEDS_REVIEW,2025-01-02T04:54:13.000Z,186,1046,,,available,l4Cbec18VOwq470OC,https://www.youtube.com/watch?v=CkH-aahQlWI&list=PLJSRfYQoW3dn5wLuH9xgrMbaazxZdZBZ_&index=11
youtube,tbIkG1bP21s,https://www.youtube.com/watch?v=tbIkG1bP21s&list=PLJSRfYQoW3dn5wLuH9xgrMbaazxZdZBZ_&index=6,BDSS,BDSS_2024,"Biệt Đội Siêu Sao | Tập 6 | Thử thách nhảy dây đồng đội - tưởng không khó, nhưng khó không tưởng",VIDEO,CAST_CONTENT,PRIMARY_BROADCASTER,EPISODE,OFFICIAL_PLAYLIST_COLLECTION,ACCEPTED,ACCEPTED,2025-01-14T07:18:10.000Z,480,7996,,,available,l4Cbec18VOwq470OC,https://www.youtube.com/watch?v=tbIkG1bP21s&list=PLJSRfYQoW3dn5wLuH9xgrMbaazxZdZBZ_&index=6
youtube,gCiu-t2OOBQ,https://www.youtube.com/watch?v=gCiu-t2OOBQ&list=PLJSRfYQoW3dn5wLuH9xgrMbaazxZdZBZ_&index=16,BDSS,BDSS_2024,Cuộc đua tìm đồ | Biệt đội siêu sao - Tập 3,VIDEO,UNKNOWN,PRIMARY_BROADCASTER,EPISODE,OFFICIAL_PLAYLIST_COLLECTION,NEEDS_REVIEW,NEEDS_REVIEW,2024-12-08T13:56:11.000Z,61,1902,,,available,l4Cbec18VOwq470OC,https://www.youtube.com/watch?v=gCiu-t2OOBQ&list=PLJSRfYQoW3dn5wLuH9xgrMbaazxZdZBZ_&index=16
youtube,220_-Zei9wY,https://www.youtube.com/watch?v=220_-Zei9wY&list=PLJSRfYQoW3dn5wLuH9xgrMbaazxZdZBZ_&index=22,BDSS,BDSS_2024,Biệt Đội Siêu Sao - Tập 2: Thử thách đốt calo nhiều lắm rồi!  (30/11/2024),VIDEO,CAST_CONTENT,PRIMARY_BROADCASTER,EPISODE,OFFICIAL_PLAYLIST_COLLECTION,NEEDS_REVIEW,CANONICAL_OVERLAP,2024-11-30T15:30:06.000Z,3509,211814,,,available,l4Cbec18VOwq470OC,https://www.youtube.com/watch?v=220_-Zei9wY&list=PLJSRfYQoW3dn5wLuH9xgrMbaazxZdZBZ_&index=22
youtube,ZrpW0dLJeKA,https://www.youtube.com/watch?v=ZrpW0dLJeKA&list=PLJSRfYQoW3dn5wLuH9xgrMbaazxZdZBZ_&index=19,BDSS,BDSS_2024,Thử thách vượt sông cam go | Biệt đội siêu sao - Tập 2,VIDEO,CAST_CONTENT,PRIMARY_BROADCASTER,EPISODE,OFFICIAL_PLAYLIST_COLLECTION,ACCEPTED,ACCEPTED,2024-12-03T04:30:28.000Z,83,2460,,,available,l4Cbec18VOwq470OC,https://www.youtube.com/watch?v=ZrpW0dLJeKA&list=PLJSRfYQoW3dn5wLuH9xgrMbaazxZdZBZ_&index=19
youtube,IHWoHOBR65s,https://www.youtube.com/watch?v=IHWoHOBR65s&list=PLJSRfYQoW3dn5wLuH9xgrMbaazxZdZBZ_&index=18,BDSS,BDSS_2024,Biệt Đội Siêu Sao | Tập 2 | Biệt đội chị em quằn quại với thử thách “lộn vòng gõ chiêng”,VIDEO,CAST_CONTENT,PRIMARY_BROADCASTER,EPISODE,OFFICIAL_PLAYLIST_COLLECTION,ACCEPTED,ACCEPTED,2024-12-05T09:30:11.000Z,176,2450,,,available,l4Cbec18VOwq470OC,https://www.youtube.com/watch?v=IHWoHOBR65s&list=PLJSRfYQoW3dn5wLuH9xgrMbaazxZdZBZ_&index=18
youtube,istxFhCRiyc,https://www.youtube.com/watch?v=istxFhCRiyc&list=PLJSRfYQoW3dn5wLuH9xgrMbaazxZdZBZ_&index=20,BDSS,BDSS_2024,Thử thách đua tìm truyền thuyết tình yêu ở Điện Biên | Biệt đội siêu sao - Tập 2,VIDEO,CAST_CONTENT,PRIMARY_BROADCASTER,EPISODE,OFFICIAL_PLAYLIST_COLLECTION,ACCEPTED,ACCEPTED,2024-12-02T07:49:03.000Z,64,7281,,,available,l4Cbec18VOwq470OC,https://www.youtube.com/watch?v=istxFhCRiyc&list=PLJSRfYQoW3dn5wLuH9xgrMbaazxZdZBZ_&index=20
youtube,5jy539SOOMY,https://www.youtube.com/watch?v=5jy539SOOMY&list=PLJSRfYQoW3dn5wLuH9xgrMbaazxZdZBZ_&index=28,BDSS,BDSS_2024,Biệt Đội Siêu Sao | Tập 11 | Huyền Baby thẳng tay loại đồng đội dù nắm rõ luật chơi,VIDEO,UNKNOWN,PRIMARY_BROADCASTER,EPISODE,OFFICIAL_PLAYLIST_COLLECTION,NEEDS_REVIEW,NEEDS_REVIEW,2025-02-13T10:00:07.000Z,58,6668,,,available,l4Cbec18VOwq470OC,https://www.youtube.com/watch?v=5jy539SOOMY&list=PLJSRfYQoW3dn5wLuH9xgrMbaazxZdZBZ_&index=28
youtube,RLLLk4_E8vU,https://www.youtube.com/watch?v=RLLLk4_E8vU&list=PLJSRfYQoW3dn5wLuH9xgrMbaazxZdZBZ_&index=15,BDSS,BDSS_2024,Bữa tiệc trên cánh đồng ruộng | Biệt đội siêu sao - Tập 3,VIDEO,UNKNOWN,PRIMARY_BROADCASTER,EPISODE,OFFICIAL_PLAYLIST_COLLECTION,NEEDS_REVIEW,NEEDS_REVIEW,2024-12-09T04:30:14.000Z,48,3610,,,available,l4Cbec18VOwq470OC,https://www.youtube.com/watch?v=RLLLk4_E8vU&list=PLJSRfYQoW3dn5wLuH9xgrMbaazxZdZBZ_&index=15
youtube,oMNwMZHWFMI,https://www.youtube.com/watch?v=oMNwMZHWFMI&list=PLJSRfYQoW3dn5wLuH9xgrMbaazxZdZBZ_&index=26,BDSS,BDSS_2024,Biệt Đội Siêu Sao | Tập 11 | Huyền Baby thẳng tay loại đồng đội dù nắm rõ luật chơi,VIDEO,UNKNOWN,PRIMARY_BROADCASTER,EPISODE,OFFICIAL_PLAYLIST_COLLECTION,NEEDS_REVIEW,NEEDS_REVIEW,2025-02-13T07:00:35.000Z,210,1397,,,available,l4Cbec18VOwq470OC,https://www.youtube.com/watch?v=oMNwMZHWFMI&list=PLJSRfYQoW3dn5wLuH9xgrMbaazxZdZBZ_&index=26
youtube,JkxLSCiofxI,https://www.youtube.com/watch?v=JkxLSCiofxI&list=PLJSRfYQoW3dn5wLuH9xgrMbaazxZdZBZ_&index=3,BDSS,BDSS_2024,"Tiến Luật ""chơi dơ"" không qua mắt được Lan Ngọc",VIDEO,UNKNOWN,PRIMARY_BROADCASTER,SEASON,OFFICIAL_PLAYLIST_COLLECTION,NEEDS_REVIEW,NEEDS_REVIEW,2025-01-27T06:00:20.000Z,55,1583,,,available,l4Cbec18VOwq470OC,https://www.youtube.com/watch?v=JkxLSCiofxI&list=PLJSRfYQoW3dn5wLuH9xgrMbaazxZdZBZ_&index=3
youtube,2VvR3sJvwDA,https://www.youtube.com/watch?v=2VvR3sJvwDA&list=PLJSRfYQoW3dn5wLuH9xgrMbaazxZdZBZ_&index=2,BDSS,BDSS_2024,"Biệt Đội Siêu Sao | Tập 10 | Tiến Luật ""chơi dơ"" không qua mắt được Lan Ngọc",VIDEO,UNKNOWN,PRIMARY_BROADCASTER,EPISODE,OFFICIAL_PLAYLIST_COLLECTION,NEEDS_REVIEW,NEEDS_REVIEW,2025-01-27T12:00:04.000Z,301,3493,,,available,l4Cbec18VOwq470OC,https://www.youtube.com/watch?v=2VvR3sJvwDA&list=PLJSRfYQoW3dn5wLuH9xgrMbaazxZdZBZ_&index=2
youtube,Ia1FVmIhgzI,https://www.youtube.com/watch?v=Ia1FVmIhgzI&list=PLJSRfYQoW3dn5wLuH9xgrMbaazxZdZBZ_&index=9,BDSS,BDSS_2024,Biệt Đội Siêu Sao - Tập 7 | Thử thách truy tìm manh mối tại trường Cao đẳng Đà Lạt,VIDEO,CAST_CONTENT,PRIMARY_BROADCASTER,EPISODE,OFFICIAL_PLAYLIST_COLLECTION,ACCEPTED,ACCEPTED,2025-01-07T07:19:31.000Z,71,2142,,,available,l4Cbec18VOwq470OC,https://www.youtube.com/watch?v=Ia1FVmIhgzI&list=PLJSRfYQoW3dn5wLuH9xgrMbaazxZdZBZ_&index=9
youtube,fCe9j5pA6MI,https://www.youtube.com/watch?v=fCe9j5pA6MI&list=PLJSRfYQoW3dn5wLuH9xgrMbaazxZdZBZ_&index=30,BDSS,BDSS_2024,"Biệt Đội Siêu Sao | Tập 11 | Tiến Luật và Liên Bỉnh Phát gặp khó khi dựng ""Nhà cộng đồng""",VIDEO,UNKNOWN,PRIMARY_BROADCASTER,EPISODE,OFFICIAL_PLAYLIST_COLLECTION,NEEDS_REVIEW,NEEDS_REVIEW,2025-02-17T01:00:34.000Z,343,1149,,,available,l4Cbec18VOwq470OC,https://www.youtube.com/watch?v=fCe9j5pA6MI&list=PLJSRfYQoW3dn5wLuH9xgrMbaazxZdZBZ_&index=30
youtube,rO2VAgmasqM,https://www.youtube.com/watch?v=rO2VAgmasqM&list=PLJSRfYQoW3dn5wLuH9xgrMbaazxZdZBZ_&index=21,BDSS,BDSS_2024,Cùng vượt qua thử thách nhưng lại bất đồng việc ăn ngủ | Biệt đội siêu sao - Tập 2,VIDEO,CAST_CONTENT,PRIMARY_BROADCASTER,EPISODE,OFFICIAL_PLAYLIST_COLLECTION,ACCEPTED,ACCEPTED,2024-12-01T10:28:14.000Z,90,2661,,,available,l4Cbec18VOwq470OC,https://www.youtube.com/watch?v=rO2VAgmasqM&list=PLJSRfYQoW3dn5wLuH9xgrMbaazxZdZBZ_&index=21
youtube,Ze6Rr5IY1Ds,https://www.youtube.com/watch?v=Ze6Rr5IY1Ds&list=PLJSRfYQoW3dn5wLuH9xgrMbaazxZdZBZ_&index=27,BDSS,BDSS_2024,Biệt Đội Siêu Sao | Ngồi ăn với người chiến thắng mà áp lực ngang,VIDEO,UNKNOWN,PRIMARY_BROADCASTER,SEASON,OFFICIAL_PLAYLIST_COLLECTION,NEEDS_REVIEW,NEEDS_REVIEW,2025-02-13T07:57:14.000Z,47,18452,,,available,l4Cbec18VOwq470OC,https://www.youtube.com/watch?v=Ze6Rr5IY1Ds&list=PLJSRfYQoW3dn5wLuH9xgrMbaazxZdZBZ_&index=27
youtube,-cpnMv1MpFI,https://www.youtube.com/watch?v=-cpnMv1MpFI&list=PLJSRfYQoW3dn5wLuH9xgrMbaazxZdZBZ_&index=25,BDSS,BDSS_2024,BIỆT ĐỘI SIÊU SAO | TẬP 11 | Liên Bỉnh Phát ăn sáng giùm Jun Vũ và Lan Ngọc,VIDEO,UNKNOWN,PRIMARY_BROADCASTER,EPISODE,OFFICIAL_PLAYLIST_COLLECTION,NEEDS_REVIEW,NEEDS_REVIEW,2025-02-12T10:30:19.000Z,420,1888,,,available,l4Cbec18VOwq470OC,https://www.youtube.com/watch?v=-cpnMv1MpFI&list=PLJSRfYQoW3dn5wLuH9xgrMbaazxZdZBZ_&index=25
youtube,C2FL7DB0S20,https://www.youtube.com/watch?v=C2FL7DB0S20&list=PLJSRfYQoW3dn5wLuH9xgrMbaazxZdZBZ_&index=23,BDSS,BDSS_2024,Biệt đội siêu sao | Xe số sàn thử thách tay lái lụa Tiến Luật - Lan Ngọc,VIDEO,CAST_CONTENT,PRIMARY_BROADCASTER,SEASON,OFFICIAL_PLAYLIST_COLLECTION,ACCEPTED,ACCEPTED,2024-11-24T08:54:22.000Z,199,7935,,,available,l4Cbec18VOwq470OC,https://www.youtube.com/watch?v=C2FL7DB0S20&list=PLJSRfYQoW3dn5wLuH9xgrMbaazxZdZBZ_&index=23
youtube,WgVwv460vH8,https://www.youtube.com/watch?v=WgVwv460vH8&list=PLJSRfYQoW3dn5wLuH9xgrMbaazxZdZBZ_&index=10,BDSS,BDSS_2024,"Biệt Đội Siêu Sao | Tập 4 | Lan Ngọc hóa ""Ác Nữ"", sơ hở là trèo đầu cưỡi cổ Liên Bỉnh Phát",VIDEO,UNKNOWN,PRIMARY_BROADCASTER,EPISODE,OFFICIAL_PLAYLIST_COLLECTION,NEEDS_REVIEW,NEEDS_REVIEW,2025-01-02T04:54:42.000Z,225,2259,,,available,l4Cbec18VOwq470OC,https://www.youtube.com/watch?v=WgVwv460vH8&list=PLJSRfYQoW3dn5wLuH9xgrMbaazxZdZBZ_&index=10
youtube,e3zGKMHKn9A,https://www.youtube.com/watch?v=e3zGKMHKn9A&list=PLJSRfYQoW3dmvVTD69QV9X8wpEgxGFfca&index=21,LCHC,LCHC_2023,LA CA HÁT CA | TẬP 4 | “QUẨY BANH NÓC” VỚI TIẾNG TRỐNG PARANƯNG,VIDEO,UNKNOWN,PRIMARY_BROADCASTER,EPISODE,OFFICIAL_PLAYLIST_COLLECTION,NEEDS_REVIEW,NEEDS_REVIEW,2023-07-18T14:00:33.000Z,328,5429,,,available,GuPL97VewtDGOtstg,https://www.youtube.com/watch?v=e3zGKMHKn9A&list=PLJSRfYQoW3dmvVTD69QV9X8wpEgxGFfca&index=21
youtube,ar2xzYoi8BY,https://www.youtube.com/watch?v=ar2xzYoi8BY&list=PLJSRfYQoW3dmvVTD69QV9X8wpEgxGFfca&index=11,LCHC,LCHC_2023,LA CÀ HÁT CA | TẬP 3 | BLACKA GỬI GẮM CA KHÚC MỚI DÀNH TẶNG NINH THUẬN,VIDEO,UNKNOWN,PRIMARY_BROADCASTER,EPISODE,OFFICIAL_PLAYLIST_COLLECTION,NEEDS_REVIEW,NEEDS_REVIEW,2023-07-10T09:00:02.000Z,220,1313,,,available,GuPL97VewtDGOtstg,https://www.youtube.com/watch?v=ar2xzYoi8BY&list=PLJSRfYQoW3dmvVTD69QV9X8wpEgxGFfca&index=11
youtube,VQFZ8hBX8M4,https://www.youtube.com/watch?v=VQFZ8hBX8M4&list=PLJSRfYQoW3dmvVTD69QV9X8wpEgxGFfca&index=24,LCHC,LCHC_2023,"LA CÀ HÁT CA | TẬP 5 | THÍCH CÁI CÁCH TEAM LA CÀ ""FLEX"" TÌNH YÊU DÀNH CHO HÀ NỘI 🤩",VIDEO,UNKNOWN,PRIMARY_BROADCASTER,EPISODE,OFFICIAL_PLAYLIST_COLLECTION,NEEDS_REVIEW,NEEDS_REVIEW,2023-07-28T09:52:48.000Z,236,3826,,,available,GuPL97VewtDGOtstg,https://www.youtube.com/watch?v=VQFZ8hBX8M4&list=PLJSRfYQoW3dmvVTD69QV9X8wpEgxGFfca&index=24
youtube,B2tRR8fGb6c,https://www.youtube.com/watch?v=B2tRR8fGb6c&list=PLJSRfYQoW3dmvVTD69QV9X8wpEgxGFfca&index=18,LCHC,LCHC_2023,"Khi Trung Quân Idol ""Đánh Thức"" Những Kẻ Mộng Mơ...",VIDEO,UNKNOWN,PRIMARY_BROADCASTER,SEASON,OFFICIAL_PLAYLIST_COLLECTION,NEEDS_REVIEW,NEEDS_REVIEW,2023-07-17T12:48:27.000Z,60,6325,,,available,GuPL97VewtDGOtstg,https://www.youtube.com/watch?v=B2tRR8fGb6c&list=PLJSRfYQoW3dmvVTD69QV9X8wpEgxGFfca&index=18
youtube,8gGzIo_vgxA,https://www.youtube.com/watch?v=8gGzIo_vgxA&list=PLJSRfYQoW3dmvVTD69QV9X8wpEgxGFfca&index=7,LCHC,LCHC_2023,LA CÀ HÁT CA | TẬP 2 | Myra Trần đem hit của Đông Nhi “quậy tung” Đà Lạt,VIDEO,UNKNOWN,PRIMARY_BROADCASTER,EPISODE,OFFICIAL_PLAYLIST_COLLECTION,NEEDS_REVIEW,NEEDS_REVIEW,2023-07-04T09:44:01.000Z,250,3024,,,available,GuPL97VewtDGOtstg,https://www.youtube.com/watch?v=8gGzIo_vgxA&list=PLJSRfYQoW3dmvVTD69QV9X8wpEgxGFfca&index=7
youtube,-wCGpXvncaY,https://www.youtube.com/watch?v=-wCGpXvncaY&list=PLJSRfYQoW3dmvVTD69QV9X8wpEgxGFfca&index=19,LCHC,LCHC_2023,"Nghe Ưng Hoàng Phúc ""Nói Hết Chân Tình"" Chàng Khờ Thuỷ Chung...",VIDEO,UNKNOWN,PRIMARY_BROADCASTER,SEASON,OFFICIAL_PLAYLIST_COLLECTION,NEEDS_REVIEW,NEEDS_REVIEW,2023-07-17T14:30:01.000Z,56,6019,,,available,GuPL97VewtDGOtstg,https://www.youtube.com/watch?v=-wCGpXvncaY&list=PLJSRfYQoW3dmvVTD69QV9X8wpEgxGFfca&index=19
youtube,C7hRrH4zIps,https://www.youtube.com/watch?v=C7hRrH4zIps&list=PLJSRfYQoW3dmvVTD69QV9X8wpEgxGFfca&index=9,LCHC,LCHC_2023,LA CÀ HÁT CA | TẬP 2 | TRUNG QUÂN IDOL TỰ NHẬN “NGON” NHẤT ĐÀ LẠT,VIDEO,UNKNOWN,PRIMARY_BROADCASTER,EPISODE,OFFICIAL_PLAYLIST_COLLECTION,NEEDS_REVIEW,NEEDS_REVIEW,2023-07-05T09:00:08.000Z,333,2266,,,available,GuPL97VewtDGOtstg,https://www.youtube.com/watch?v=C7hRrH4zIps&list=PLJSRfYQoW3dmvVTD69QV9X8wpEgxGFfca&index=9
youtube,owrjStOq_FQ,https://www.youtube.com/watch?v=owrjStOq_FQ&list=PLJSRfYQoW3dmvVTD69QV9X8wpEgxGFfca&index=20,LCHC,LCHC_2023,LA CA HÁT CA | TẬP 4 | LÀM GỐM THÔI MÀ CÓ CẦN “NGHẸT THỞ” ĐẾN THẾ?,VIDEO,UNKNOWN,PRIMARY_BROADCASTER,EPISODE,OFFICIAL_PLAYLIST_COLLECTION,NEEDS_REVIEW,NEEDS_REVIEW,2023-07-18T10:00:27.000Z,604,1118,,,available,GuPL97VewtDGOtstg,https://www.youtube.com/watch?v=owrjStOq_FQ&list=PLJSRfYQoW3dmvVTD69QV9X8wpEgxGFfca&index=20
youtube,oPDMC8DP8g4,https://www.youtube.com/watch?v=oPDMC8DP8g4&list=PLJSRfYQoW3dmvVTD69QV9X8wpEgxGFfca&index=14,LCHC,LCHC_2023,"LA CA HÁT CA | TẬP 3 | NINH THUẬN NHẮC JUN NHỚ VỀ ""1900 HỒI ĐÓ""",VIDEO,UNKNOWN,PRIMARY_BROADCASTER,EPISODE,OFFICIAL_PLAYLIST_COLLECTION,NEEDS_REVIEW,NEEDS_REVIEW,2023-07-11T09:00:25.000Z,344,1861,,,available,GuPL97VewtDGOtstg,https://www.youtube.com/watch?v=oPDMC8DP8g4&list=PLJSRfYQoW3dmvVTD69QV9X8wpEgxGFfca&index=14
youtube,j323rj9yoeA,https://www.youtube.com/watch?v=j323rj9yoeA&list=PLJSRfYQoW3dmvVTD69QV9X8wpEgxGFfca&index=10,LCHC,LCHC_2023,"LA CÀ HÁT CA | TẬP 3 | ƯNG HOÀNG PHÚC ĐƯỢC FAN ""NỰNG YÊU"" KHI ĐANG LÀM THỬ THÁCH",VIDEO,CAST_CONTENT,PRIMARY_BROADCASTER,EPISODE,OFFICIAL_PLAYLIST_COLLECTION,NEEDS_REVIEW,CANONICAL_OVERLAP,2023-07-09T15:00:35.000Z,4666,22010,,,available,GuPL97VewtDGOtstg,https://www.youtube.com/watch?v=j323rj9yoeA&list=PLJSRfYQoW3dmvVTD69QV9X8wpEgxGFfca&index=10
youtube,fIyv0H0OUgg,https://www.youtube.com/watch?v=fIyv0H0OUgg&list=PLJSRfYQoW3dmvVTD69QV9X8wpEgxGFfca&index=17,LCHC,LCHC_2023,LA CA HÁT CA | TẬP 4 | ƯNG HOÀNG PHÚC NÁO LOẠN NINH THUẬN BẰNG “VẦNG TRĂNG CÔ ĐƠN”,VIDEO,UNKNOWN,PRIMARY_BROADCASTER,EPISODE,OFFICIAL_PLAYLIST_COLLECTION,NEEDS_REVIEW,NEEDS_REVIEW,2023-07-17T11:30:15.000Z,288,2214,,,available,GuPL97VewtDGOtstg,https://www.youtube.com/watch?v=fIyv0H0OUgg&list=PLJSRfYQoW3dmvVTD69QV9X8wpEgxGFfca&index=17
youtube,DfyU9OA7P-4,https://www.youtube.com/watch?v=DfyU9OA7P-4&list=PLJSRfYQoW3dmvVTD69QV9X8wpEgxGFfca&index=27,LCHC,LCHC_2023,LA CÀ HÁT CA | TẬP 5 | TRỌNG HIẾU XÚC ĐỘNG CHIA SẺ VỀ BỐ TẠI SÂN KHẤU LA CÀ HÁT CA,VIDEO,UNKNOWN,PRIMARY_BROADCASTER,EPISODE,OFFICIAL_PLAYLIST_COLLECTION,NEEDS_REVIEW,NEEDS_REVIEW,2023-08-01T14:00:09.000Z,265,634,,,available,GuPL97VewtDGOtstg,https://www.youtube.com/watch?v=DfyU9OA7P-4&list=PLJSRfYQoW3dmvVTD69QV9X8wpEgxGFfca&index=27
youtube,mrqtBSHnR10,https://www.youtube.com/watch?v=mrqtBSHnR10&list=PLJSRfYQoW3dmvVTD69QV9X8wpEgxGFfca&index=3,LCHC,LCHC_2023,"LA CÀ HÁT CA - TẬP 1 | BUỔI TRỒNG CÂY ""BẤT ỔN""CỦA JUN",VIDEO,UNKNOWN,PRIMARY_BROADCASTER,EPISODE,OFFICIAL_PLAYLIST_COLLECTION,NEEDS_REVIEW,NEEDS_REVIEW,2023-06-28T09:00:24.000Z,131,2133,,,available,GuPL97VewtDGOtstg,https://www.youtube.com/watch?v=mrqtBSHnR10&list=PLJSRfYQoW3dmvVTD69QV9X8wpEgxGFfca&index=3
youtube,Ur-O91HqH0M,https://www.youtube.com/watch?v=Ur-O91HqH0M&list=PLJSRfYQoW3dmvVTD69QV9X8wpEgxGFfca&index=4,LCHC,LCHC_2023,LA CÀ HÁT CA | TẬP 1| MYRA TRẦN - TRUNG QUÂN IDOL XANH XÁM MẶT MÀY KHI BỊ THẦY GIÁO NHẮC TÊN,VIDEO,UNKNOWN,PRIMARY_BROADCASTER,EPISODE,OFFICIAL_PLAYLIST_COLLECTION,NEEDS_REVIEW,NEEDS_REVIEW,2023-06-29T03:00:11.000Z,201,2104,,,available,GuPL97VewtDGOtstg,https://www.youtube.com/watch?v=Ur-O91HqH0M&list=PLJSRfYQoW3dmvVTD69QV9X8wpEgxGFfca&index=4
youtube,a0mmirqe2pk,https://www.youtube.com/watch?v=a0mmirqe2pk&list=PLJSRfYQoW3dmvVTD69QV9X8wpEgxGFfca&index=2,LCHC,LCHC_2023,"LA CÀ HÁT CA | TẬP 1 | 🤣 LA CÀ BAND MUỐN ""VÀO ĐỜI"" HÁT CA 🤣",VIDEO,UNKNOWN,PRIMARY_BROADCASTER,EPISODE,OFFICIAL_PLAYLIST_COLLECTION,NEEDS_REVIEW,NEEDS_REVIEW,2023-06-28T12:00:01.000Z,390,19014,,,available,GuPL97VewtDGOtstg,https://www.youtube.com/watch?v=a0mmirqe2pk&list=PLJSRfYQoW3dmvVTD69QV9X8wpEgxGFfca&index=2
youtube,-iUM_VFRk5U,https://www.youtube.com/watch?v=-iUM_VFRk5U&list=PLJSRfYQoW3dmvVTD69QV9X8wpEgxGFfca&index=28,LCHC,LCHC_2023,LA CÀ HÁT CA | TẬP 6 | PHIÊN BẢN NÀY LẠ MÀ BÁNH CUỐN ĐẾN KHÔNG NGỜ,VIDEO,UNKNOWN,PRIMARY_BROADCASTER,EPISODE,OFFICIAL_PLAYLIST_COLLECTION,NEEDS_REVIEW,NEEDS_REVIEW,2023-08-02T11:30:00.000Z,141,12208,,,available,GuPL97VewtDGOtstg,https://www.youtube.com/watch?v=-iUM_VFRk5U&list=PLJSRfYQoW3dmvVTD69QV9X8wpEgxGFfca&index=28
youtube,TP-RdBtBv6o,https://www.youtube.com/watch?v=TP-RdBtBv6o&list=PLJSRfYQoW3dmvVTD69QV9X8wpEgxGFfca&index=5,LCHC,LCHC_2023,"LA CÀ HÁT CA | TẬP 1 | HÀNH TRÌNH LÊN ""PHI THUYỀN TƯỞNG TƯỢNG"" ĐẦY BẤT ỔN",VIDEO,UNKNOWN,PRIMARY_BROADCASTER,EPISODE,OFFICIAL_PLAYLIST_COLLECTION,NEEDS_REVIEW,NEEDS_REVIEW,2023-06-28T15:30:07.000Z,158,1946,,,available,GuPL97VewtDGOtstg,https://www.youtube.com/watch?v=TP-RdBtBv6o&list=PLJSRfYQoW3dmvVTD69QV9X8wpEgxGFfca&index=5
youtube,8lTMF4KHaOU,https://www.youtube.com/watch?v=8lTMF4KHaOU&list=PLJSRfYQoW3dmvVTD69QV9X8wpEgxGFfca&index=30,LCHC,LCHC_2023,"LA CA HÁT CA | TẬP 5 | LA CA HÁT CA | TẬP 5| ANH HAI BÁO NGÔ KIẾN HUY ĐẨY ĐỒNG ĐỘI VÀO ""KIẾP NẠN 81""",VIDEO,UNKNOWN,PRIMARY_BROADCASTER,EPISODE,OFFICIAL_PLAYLIST_COLLECTION,NEEDS_REVIEW,NEEDS_REVIEW,2023-08-07T04:26:48.000Z,327,1154,,,available,GuPL97VewtDGOtstg,https://www.youtube.com/watch?v=8lTMF4KHaOU&list=PLJSRfYQoW3dmvVTD69QV9X8wpEgxGFfca&index=30
youtube,jAHfjRa5MOU,https://www.youtube.com/watch?v=jAHfjRa5MOU&list=PLJSRfYQoW3dmvVTD69QV9X8wpEgxGFfca&index=16,LCHC,LCHC_2023,Bạn Có Muốn Mãi Mãi Là Cô Bé Vô Tư Của Một Ai Đó?,VIDEO,UNKNOWN,PRIMARY_BROADCASTER,SEASON,OFFICIAL_PLAYLIST_COLLECTION,NEEDS_REVIEW,NEEDS_REVIEW,2023-07-17T08:27:34.000Z,57,3232,,,available,GuPL97VewtDGOtstg,https://www.youtube.com/watch?v=jAHfjRa5MOU&list=PLJSRfYQoW3dmvVTD69QV9X8wpEgxGFfca&index=16
youtube,mpkDUuCOkfU,https://www.youtube.com/watch?v=mpkDUuCOkfU&list=PLJSRfYQoW3dmvVTD69QV9X8wpEgxGFfca&index=12,LCHC,LCHC_2023,LA CA HÁT CA | TẬP 3 | CHO MYRA TRẦN GẦN NINH THUẬN THÊM CHÚT NỮA,VIDEO,UNKNOWN,PRIMARY_BROADCASTER,EPISODE,OFFICIAL_PLAYLIST_COLLECTION,NEEDS_REVIEW,NEEDS_REVIEW,2023-07-11T08:00:17.000Z,402,5516,,,available,GuPL97VewtDGOtstg,https://www.youtube.com/watch?v=mpkDUuCOkfU&list=PLJSRfYQoW3dmvVTD69QV9X8wpEgxGFfca&index=12
youtube,L-mEt6NfURE,https://www.youtube.com/watch?v=L-mEt6NfURE&list=PLJSRfYQoW3dmvVTD69QV9X8wpEgxGFfca&index=26,LCHC,LCHC_2023,LA CA HÁT CA | TẬP 5 | TRỌNG HIẾU BÙNG NỔ SÂN KHẤU LA CÀ HÁT CA,VIDEO,UNKNOWN,PRIMARY_BROADCASTER,EPISODE,OFFICIAL_PLAYLIST_COLLECTION,NEEDS_REVIEW,NEEDS_REVIEW,2023-07-31T13:00:14.000Z,261,1216,,,available,GuPL97VewtDGOtstg,https://www.youtube.com/watch?v=L-mEt6NfURE&list=PLJSRfYQoW3dmvVTD69QV9X8wpEgxGFfca&index=26
youtube,tCGYNoj8c3M,https://www.youtube.com/watch?v=tCGYNoj8c3M&list=PLJSRfYQoW3dmvVTD69QV9X8wpEgxGFfca&index=13,LCHC,LCHC_2023,LA CÀ HÁT CA  | TẬP 3 | CHÚ BA VÀ BÉ NĂM LÁCH LUẬT HÁI NHO 🤣,VIDEO,UNKNOWN,PRIMARY_BROADCASTER,EPISODE,OFFICIAL_PLAYLIST_COLLECTION,NEEDS_REVIEW,NEEDS_REVIEW,2023-07-11T14:00:40.000Z,230,1345,,,available,GuPL97VewtDGOtstg,https://www.youtube.com/watch?v=tCGYNoj8c3M&list=PLJSRfYQoW3dmvVTD69QV9X8wpEgxGFfca&index=13
youtube,SUZTMbXQznw,https://www.youtube.com/watch?v=SUZTMbXQznw&list=PLJSRfYQoW3dmvVTD69QV9X8wpEgxGFfca&index=8,LCHC,LCHC_2023,"LA CÀ HÁT CA | TẬP 2 | ĐẠI HỌC ĐÀ LẠT KHUẤY ĐỘNG VỚI ""THANH XUÂN CỦA CHÚNG TA""",VIDEO,UNKNOWN,PRIMARY_BROADCASTER,EPISODE,OFFICIAL_PLAYLIST_COLLECTION,NEEDS_REVIEW,NEEDS_REVIEW,2023-07-05T01:00:09.000Z,246,3810,,,available,GuPL97VewtDGOtstg,https://www.youtube.com/watch?v=SUZTMbXQznw&list=PLJSRfYQoW3dmvVTD69QV9X8wpEgxGFfca&index=8
youtube,d8PZd92kEKY,https://www.youtube.com/watch?v=d8PZd92kEKY&list=PLJSRfYQoW3dmvVTD69QV9X8wpEgxGFfca&index=23,LCHC,LCHC_2023,"LA CÀ HÁT CA | TẬP 4 | THỔN THỨC CON TIM KHI NGHE ""VỚI ANH EM VẪN LÀ CÔ BÉ""",VIDEO,UNKNOWN,PRIMARY_BROADCASTER,EPISODE,OFFICIAL_PLAYLIST_COLLECTION,NEEDS_REVIEW,NEEDS_REVIEW,2023-07-26T06:45:57.000Z,265,2991,,,available,GuPL97VewtDGOtstg,https://www.youtube.com/watch?v=d8PZd92kEKY&list=PLJSRfYQoW3dmvVTD69QV9X8wpEgxGFfca&index=23
youtube,6igCf-EP3Tc,https://www.youtube.com/watch?v=6igCf-EP3Tc&list=PLJSRfYQoW3dmvVTD69QV9X8wpEgxGFfca&index=29,LCHC,LCHC_2023,LA CÀ HÁT CA | TẬP 6 | DỄ THƯƠNG HẾT NẤC VỚI PHIÊN BẢN ÔNG BÀ ANH THỜI HIỆN ĐẠI,VIDEO,UNKNOWN,PRIMARY_BROADCASTER,EPISODE,OFFICIAL_PLAYLIST_COLLECTION,NEEDS_REVIEW,NEEDS_REVIEW,2023-08-06T13:00:08.000Z,216,2400,,,available,GuPL97VewtDGOtstg,https://www.youtube.com/watch?v=6igCf-EP3Tc&list=PLJSRfYQoW3dmvVTD69QV9X8wpEgxGFfca&index=29
youtube,zt-hTYLQfzA,https://www.youtube.com/watch?v=zt-hTYLQfzA,LCHC,LCHC_2023,,VIDEO,UNKNOWN,UNVERIFIED,SEASON,INFERRED,NEEDS_REVIEW,NEEDS_REVIEW,,,,,,available,GuPL97VewtDGOtstg,https://www.youtube.com/watch?v=zt-hTYLQfzA
youtube,kRr-V9tFOq4,https://www.youtube.com/watch?v=kRr-V9tFOq4,LCHC,LCHC_2023,,VIDEO,UNKNOWN,UNVERIFIED,SEASON,INFERRED,NEEDS_REVIEW,NEEDS_REVIEW,,,,,,available,GuPL97VewtDGOtstg,https://www.youtube.com/watch?v=kRr-V9tFOq4
youtube,x_6QJS2rxgM,https://www.youtube.com/watch?v=x_6QJS2rxgM,MVNBLST,MVNBLST_S1,[Tổng hợp] Ngày đầu vắng mẹ của Pam & ba Long l Mẹ Vắng Nhà Ba Là Siêu Nhân,VIDEO,COMPILATION,OFFICIAL_SHOW_CHANNEL,SEASON,OFFICIAL_PLAYLIST_COLLECTION,ACCEPTED,ACCEPTED,2024-07-31T12:30:08.000Z,5233,539488,,,available,O7Ip4BBhplAR5qEow,https://www.youtube.com/watch?v=x_6QJS2rxgM
youtube,PYhw4oDzqPY,https://www.youtube.com/watch?v=PYhw4oDzqPY,MVNBLST,MVNBLST_S1,"Mẹ Vắng Nhà, Ba Là Siêu Nhân 5 | Tập 1 (9/4/2026)",VIDEO,UNKNOWN,PRIMARY_BROADCASTER,EPISODE,OFFICIAL_PLAYLIST_COLLECTION,NEEDS_REVIEW,NEEDS_REVIEW,2026-04-09T15:00:45.000Z,3131,299666,,,available,O7Ip4BBhplAR5qEow,https://www.youtube.com/watch?v=PYhw4oDzqPY
youtube,2UCa8WlrDeg,https://www.youtube.com/watch?v=2UCa8WlrDeg,MVNBLST,MVNBLST_S1,"TẬP 1 UNCUT | Pam khiến ba Long ""xịt keo""; Rhymastic bị vợ mắng | Mẹ Vắng Nhà Ba Là Siêu Nhân",VIDEO,UNCUT_EXTENDED,OFFICIAL_SHOW_CHANNEL,EPISODE,OFFICIAL_PLAYLIST_COLLECTION,ACCEPTED,ACCEPTED,2024-03-17T13:00:07.000Z,3894,2784455,,,available,O7Ip4BBhplAR5qEow,https://www.youtube.com/watch?v=2UCa8WlrDeg
youtube,QJbwKQgAHec,https://www.youtube.com/watch?v=QJbwKQgAHec,MVNBLST,MVNBLST_S1,"[FULL] Ngày đầu vắng mẹ ĐẪM NƯỚC MẮT của chị em Nami, Suli và ba Dương | MẸ VẮNG NHÀ BA LÀ SIÊU NHÂN",VIDEO,UNKNOWN,OFFICIAL_SHOW_CHANNEL,SEASON,OFFICIAL_PLAYLIST_COLLECTION,NEEDS_REVIEW,NEEDS_REVIEW,2026-05-31T13:00:06.000Z,5087,707220,,,available,O7Ip4BBhplAR5qEow,https://www.youtube.com/watch?v=QJbwKQgAHec
youtube,R1RSoQSHwoY,https://www.youtube.com/watch?v=R1RSoQSHwoY,MVNBLST,MVNBLST_S1,"TẬP 18 UNCUT | Nami Suli, Bona Boni, MinHee, Su Hào Sâm Son đón mẹ về | MẸ VẮNG NHÀ BA LÀ SIÊU NHÂN",VIDEO,UNCUT_EXTENDED,OFFICIAL_SHOW_CHANNEL,EPISODE,OFFICIAL_PLAYLIST_COLLECTION,ACCEPTED,ACCEPTED,2026-08-06T14:30:06.000Z,3757,96820,,,available,O7Ip4BBhplAR5qEow,https://www.youtube.com/watch?v=R1RSoQSHwoY
youtube,Kwq9s95_M90,https://www.youtube.com/watch?v=Kwq9s95_M90,MVNBLST,MVNBLST_S1,[TỔNG HỢP] FULL NGÀY THỨ 4 VĂNG MẸ của Nami Suli và ba Dương | MẸ VẮNG NHÀ BA LÀ SIÊU NHÂN,VIDEO,COMPILATION,OFFICIAL_SHOW_CHANNEL,SEASON,OFFICIAL_PLAYLIST_COLLECTION,ACCEPTED,ACCEPTED,2026-07-19T13:00:06.000Z,4506,140920,,,available,O7Ip4BBhplAR5qEow,https://www.youtube.com/watch?v=Kwq9s95_M90
youtube,Xx0u3LZQ9q4,https://www.youtube.com/watch?v=Xx0u3LZQ9q4,MVNBLST,MVNBLST_S1,"TẬP 4 | Bún KIÊN QUYẾT trái lời ba, Pam hóa ĐẦU BẾP, Dừa 'BẮTNẠT' ekip | Mẹ Vắng Nhà Ba Là Siêu Nhân",VIDEO,UNKNOWN,OFFICIAL_SHOW_CHANNEL,EPISODE,OFFICIAL_PLAYLIST_COLLECTION,NEEDS_REVIEW,NEEDS_REVIEW,2025-04-20T13:30:08.000Z,3366,2581205,,,available,O7Ip4BBhplAR5qEow,https://www.youtube.com/watch?v=Xx0u3LZQ9q4
youtube,hVwUfXMXXFU,https://www.youtube.com/watch?v=hVwUfXMXXFU,MVNBLST,MVNBLST_S1,"Mẹ Vắng Nhà Ba Là Siêu Nhân 2026 - Tập 1| Các con lần đầu đi chợ, bố Tuấn Hưng dọn dẹp trong lo lắng",VIDEO,UNKNOWN,PRIMARY_BROADCASTER,EPISODE,OFFICIAL_PLAYLIST_COLLECTION,NEEDS_REVIEW,NEEDS_REVIEW,2026-04-16T07:00:37.000Z,418,1389,,,available,O7Ip4BBhplAR5qEow,https://www.youtube.com/watch?v=hVwUfXMXXFU
youtube,Sqxmyl5BElw,https://www.youtube.com/watch?v=Sqxmyl5BElw,MVNBLST,MVNBLST_S1,"TẬP 1 | Đậu ân cần CHĂM SÓC Pam | MaBư, Minhee hướng nội XỊT KEO | Mẹ Vắng Nhà Ba Là Siêu Nhân",VIDEO,UNKNOWN,OFFICIAL_SHOW_CHANNEL,EPISODE,OFFICIAL_PLAYLIST_COLLECTION,NEEDS_REVIEW,NEEDS_REVIEW,2025-03-30T13:30:06.000Z,3423,2940927,,,available,O7Ip4BBhplAR5qEow,https://www.youtube.com/watch?v=Sqxmyl5BElw
youtube,HZOiGxC1viw,https://www.youtube.com/watch?v=HZOiGxC1viw,MVNBLST,MVNBLST_S1,Mẹ Vắng Nhà Ba Là Siêu Nhân 4| Tập 1 |Tài vẽ tranh của nhà ba Lâm khiến thầy vô cùng ngỡ ngàng,VIDEO,UNKNOWN,PRIMARY_BROADCASTER,EPISODE,OFFICIAL_PLAYLIST_COLLECTION,NEEDS_REVIEW,NEEDS_REVIEW,2025-04-02T03:30:10.000Z,287,104169,,,available,O7Ip4BBhplAR5qEow,https://www.youtube.com/watch?v=HZOiGxC1viw
youtube,4bsWGJ4C0fU,https://www.youtube.com/watch?v=4bsWGJ4C0fU,MVNBLST,MVNBLST_S1,"TẬP 8 | Dừa Đậu KHÓC THẢM; Pam TÁI HIỆN LỊCH SỬ, BảoNhi RA DÁNG chị hai| Mẹ Vắng Nhà Ba Là Siêu Nhân",VIDEO,UNKNOWN,OFFICIAL_SHOW_CHANNEL,EPISODE,OFFICIAL_PLAYLIST_COLLECTION,NEEDS_REVIEW,NEEDS_REVIEW,2025-05-18T13:30:07.000Z,4312,2455139,,,available,O7Ip4BBhplAR5qEow,https://www.youtube.com/watch?v=4bsWGJ4C0fU
youtube,xUfuXW0HlUA,https://www.youtube.com/watch?v=xUfuXW0HlUA,MVNBLST,MVNBLST_S1,"TẬP 1 I MẸ VẮNG NHÀ BA LÀ SIÊU NHÂN l Khắc Việt, JustaTee, Đức Thịnh, L. Thế Thành làm ""siêu nhân""",VIDEO,UNKNOWN,OFFICIAL_SHOW_CHANNEL,EPISODE,OFFICIAL_PLAYLIST_COLLECTION,NEEDS_REVIEW,NEEDS_REVIEW,2022-04-28T14:30:13.000Z,3148,2985612,,,available,O7Ip4BBhplAR5qEow,https://www.youtube.com/watch?v=xUfuXW0HlUA
youtube,ZcuAvCXUZhE,https://www.youtube.com/watch?v=ZcuAvCXUZhE,MVNBLST,MVNBLST_S1,Mẹ Vắng Nhà Ba Là Siêu Nhân 2026 - Tập 1 | Bố con Đăng Khôi mừng rỡ khi mẹ Thủy Anh vắng nhà,VIDEO,UNKNOWN,PRIMARY_BROADCASTER,EPISODE,OFFICIAL_PLAYLIST_COLLECTION,NEEDS_REVIEW,NEEDS_REVIEW,2026-04-17T04:00:42.000Z,350,2564,,,available,O7Ip4BBhplAR5qEow,https://www.youtube.com/watch?v=ZcuAvCXUZhE
youtube,OHq0b_PDm2c,https://www.youtube.com/watch?v=OHq0b_PDm2c,MVNBLST,MVNBLST_S1,TẬP 13 UNCUT l Dừa NHIỆT TÌNH đón Pam; Cici ra dáng chị cả quản đàn em l Mẹ Vắng Nhà Ba Là Siêu Nhân,VIDEO,UNCUT_EXTENDED,OFFICIAL_SHOW_CHANNEL,EPISODE,OFFICIAL_PLAYLIST_COLLECTION,ACCEPTED,ACCEPTED,2024-06-09T13:00:07.000Z,6220,3058637,,,available,O7Ip4BBhplAR5qEow,https://www.youtube.com/watch?v=OHq0b_PDm2c
youtube,s5l2P75FW04,https://www.youtube.com/watch?v=s5l2P75FW04,MVNBLST,MVNBLST_S1,Toàn cảnh bữa sáng ồn ào của 3 ba con Tuấn Dương - Nami - Suli | MẸ VẮNG NHÀ BA LÀ SIÊU NHÂN 2026,VIDEO,UNKNOWN,OFFICIAL_SHOW_CHANNEL,SEASON,OFFICIAL_PLAYLIST_COLLECTION,NEEDS_REVIEW,NEEDS_REVIEW,2026-04-10T13:01:43.000Z,569,516149,,,available,O7Ip4BBhplAR5qEow,https://www.youtube.com/watch?v=s5l2P75FW04
youtube,YNez7gy46wM,https://www.youtube.com/watch?v=YNez7gy46wM,MVNBLST,MVNBLST_S1,TẬP 6 UNCUT l Mẹ Vắng Nhà Ba Là Siêu Nhân l Pam & Dừa khóc lóc thảm thiết; ba Long căng thẳng tột độ,VIDEO,UNCUT_EXTENDED,OFFICIAL_SHOW_CHANNEL,EPISODE,OFFICIAL_PLAYLIST_COLLECTION,ACCEPTED,ACCEPTED,2024-04-21T13:00:07.000Z,5106,2090556,,,available,O7Ip4BBhplAR5qEow,https://www.youtube.com/watch?v=YNez7gy46wM
youtube,115sg7RBJUY,https://www.youtube.com/watch?v=115sg7RBJUY,MVNBLST,MVNBLST_S1,"TẬP 4 UNCUT l MẸ VẮNG NHÀ BA LÀ SIÊU NHÂN l Khắc Việt xoay sở chóng mặt, Lương Thế Thành than trời",VIDEO,UNCUT_EXTENDED,OFFICIAL_SHOW_CHANNEL,EPISODE,OFFICIAL_PLAYLIST_COLLECTION,ACCEPTED,ACCEPTED,2022-05-19T14:30:13.000Z,3177,3803262,,,available,O7Ip4BBhplAR5qEow,https://www.youtube.com/watch?v=115sg7RBJUY
youtube,h4gKU9f5PPE,https://www.youtube.com/watch?v=h4gKU9f5PPE,MVNBLST,MVNBLST_S1,TRỌN BỘ 'TIẾNG KHÓC NGÀY 2' NHÀ KHẮC VIỆT | MẸ VẮNG NHÀ BA LÀ SIÊU NHÂN,VIDEO,UNKNOWN,OFFICIAL_SHOW_CHANNEL,SEASON,OFFICIAL_PLAYLIST_COLLECTION,NEEDS_REVIEW,NEEDS_REVIEW,2022-08-08T12:00:24.000Z,2085,63798,,,available,O7Ip4BBhplAR5qEow,https://www.youtube.com/watch?v=h4gKU9f5PPE
youtube,-31JrDUQqKk,https://www.youtube.com/watch?v=-31JrDUQqKk,MVNBLST,MVNBLST_S1,TẬP 6 UNCUT l MẸ VẮNG NHÀ BA LÀ SIÊU NHÂN l VẼ ƯỚC MƠ CỦA CON,VIDEO,UNCUT_EXTENDED,OFFICIAL_SHOW_CHANNEL,EPISODE,OFFICIAL_PLAYLIST_COLLECTION,ACCEPTED,ACCEPTED,2022-06-02T14:30:12.000Z,3018,3710108,,,available,O7Ip4BBhplAR5qEow,https://www.youtube.com/watch?v=-31JrDUQqKk
youtube,FiZQ5uUhMEc,https://www.youtube.com/watch?v=FiZQ5uUhMEc,MVNBLST,MVNBLST_S1,"TẬP 2 | Bún, Pam TIN LỜI 'SÓI'? Ba DươngLâm cùng 2 chị THỬ LÒNG KuPhin | Mẹ Vắng Nhà Ba Là Siêu Nhân",VIDEO,UNKNOWN,OFFICIAL_SHOW_CHANNEL,EPISODE,OFFICIAL_PLAYLIST_COLLECTION,NEEDS_REVIEW,NEEDS_REVIEW,2025-04-06T13:30:08.000Z,3674,2573623,,,available,O7Ip4BBhplAR5qEow,https://www.youtube.com/watch?v=FiZQ5uUhMEc
youtube,hdituMSIsGI,https://www.youtube.com/watch?v=hdituMSIsGI,MVNBLST,MVNBLST_S1,"Mẹ Vắng Nhà, Ba Là Siêu Nhân 5 | Tập 8 (28/5/2026)",VIDEO,UNKNOWN,PRIMARY_BROADCASTER,EPISODE,OFFICIAL_PLAYLIST_COLLECTION,NEEDS_REVIEW,NEEDS_REVIEW,2026-05-28T15:00:29.000Z,3346,14638,,,available,O7Ip4BBhplAR5qEow,https://www.youtube.com/watch?v=hdituMSIsGI
youtube,KKMJ5dBmVpI,https://www.youtube.com/watch?v=KKMJ5dBmVpI,MVNBLST,MVNBLST_S1,Mẹ Vắng Nhà Ba Là Siêu Nhân | Tập 9: Mẹ sắp về rồi | Cris Phan đánh úp Dương Lâm nhận ngay kết đắng,VIDEO,UNKNOWN,OFFICIAL_SHOW_CHANNEL,EPISODE,OFFICIAL_PLAYLIST_COLLECTION,NEEDS_REVIEW,NEEDS_REVIEW,2023-07-07T14:30:07.000Z,2709,2197399,,,available,O7Ip4BBhplAR5qEow,https://www.youtube.com/watch?v=KKMJ5dBmVpI
youtube,_BDmHhg4610,https://www.youtube.com/watch?v=_BDmHhg4610,MVNBLST,MVNBLST_S1,"Mẹ Vắng Nhà, Ba Là Siêu Nhân 5 | Tập 11 (18/6/2026)",VIDEO,UNKNOWN,PRIMARY_BROADCASTER,EPISODE,OFFICIAL_PLAYLIST_COLLECTION,NEEDS_REVIEW,NEEDS_REVIEW,2026-06-18T15:00:08.000Z,3296,7408,,,available,O7Ip4BBhplAR5qEow,https://www.youtube.com/watch?v=_BDmHhg4610
youtube,_bv1kTGAO-E,https://www.youtube.com/watch?v=_bv1kTGAO-E,MVNBLST,MVNBLST_S1,"Mẹ Vắng Nhà Ba Là Siêu Nhân 2026 - Tập 8 | Ba Dương cho Nami ăn phở, Nami cho bạn cá ăn",VIDEO,UNKNOWN,PRIMARY_BROADCASTER,EPISODE,OFFICIAL_PLAYLIST_COLLECTION,NEEDS_REVIEW,NEEDS_REVIEW,2026-06-01T04:30:01.000Z,351,59992,,,available,O7Ip4BBhplAR5qEow,https://www.youtube.com/watch?v=_bv1kTGAO-E
youtube,KyFSpw7nJo0,https://www.youtube.com/watch?v=KyFSpw7nJo0,MVNBLST,MVNBLST_S1,"TẬP 6 | KuPhin, Dừa khóc NỨC NỞ; Bún Đậu ĐẠI CHIẾN; Dừa Đủ LẠC MẤT mèo l Mẹ Vắng Nhà Ba Là Siêu Nhân",VIDEO,UNKNOWN,OFFICIAL_SHOW_CHANNEL,EPISODE,OFFICIAL_PLAYLIST_COLLECTION,NEEDS_REVIEW,NEEDS_REVIEW,2025-05-04T13:30:08.000Z,3537,2594018,,,available,O7Ip4BBhplAR5qEow,https://www.youtube.com/watch?v=KyFSpw7nJo0
youtube,MbBDow1Pyto,https://www.youtube.com/watch?v=MbBDow1Pyto,MVNBLST,MVNBLST_S1,Mẹ Vắng Nhà Ba Là Siêu Nhân | Tập 2: Vạn sự khởi đầu nan | Thành Trung chật vật trong ngày vắng vợ,VIDEO,UNKNOWN,OFFICIAL_SHOW_CHANNEL,EPISODE,OFFICIAL_PLAYLIST_COLLECTION,NEEDS_REVIEW,NEEDS_REVIEW,2023-05-19T14:30:09.000Z,2727,2440855,,,available,O7Ip4BBhplAR5qEow,https://www.youtube.com/watch?v=MbBDow1Pyto
youtube,P0AyphGK0gQ,https://www.youtube.com/watch?v=P0AyphGK0gQ,MVNBLST,MVNBLST_S1,Mẹ Vắng Nhà Ba Là Siêu Nhân | Tập 1: Siêu Nhân Tới Rồi! 'Té ngửa' với phản ứng của Lê Dương Bảo Lâm,VIDEO,UNKNOWN,OFFICIAL_SHOW_CHANNEL,EPISODE,OFFICIAL_PLAYLIST_COLLECTION,NEEDS_REVIEW,NEEDS_REVIEW,2023-05-12T14:30:07.000Z,3136,3755714,,,available,O7Ip4BBhplAR5qEow,https://www.youtube.com/watch?v=P0AyphGK0gQ
youtube,owqoZ9ydtAI,https://www.youtube.com/watch?v=owqoZ9ydtAI,MVNBLST,MVNBLST_S1,"TẬP 2 UNCUT l MẸ VẮNG NHÀ BA LÀ SIÊU NHÂN l Cici làm Bố JustaTee ""đứng hình"" chỉ bằng một câu nói",VIDEO,UNCUT_EXTENDED,OFFICIAL_SHOW_CHANNEL,EPISODE,OFFICIAL_PLAYLIST_COLLECTION,ACCEPTED,ACCEPTED,2022-05-05T14:30:12.000Z,3689,2782319,,,available,O7Ip4BBhplAR5qEow,https://www.youtube.com/watch?v=owqoZ9ydtAI
youtube,e1nq-h6uRJA,https://www.youtube.com/watch?v=e1nq-h6uRJA,MVNBLST,MVNBLST_S1,TẬP 10 UNCUT l Dàn sao nhí Mẹ Vắng Nhà Ba Là Siêu Nhân lên đường 'NHẬP NGŨ',VIDEO,UNCUT_EXTENDED,OFFICIAL_SHOW_CHANNEL,EPISODE,OFFICIAL_PLAYLIST_COLLECTION,ACCEPTED,ACCEPTED,2024-05-19T13:00:07.000Z,3552,2000858,,,available,O7Ip4BBhplAR5qEow,https://www.youtube.com/watch?v=e1nq-h6uRJA
youtube,cpBMX1iycsU,https://www.youtube.com/watch?v=cpBMX1iycsU,MVNBLST,MVNBLST_S1,"Ca khúc ""Mẹ Vắng Nhà - Ba Là Siêu Nhân"" & những kỷ niệm đẹp giữa Ba và Con trong 48 giờ vắng mẹ!!!",VIDEO,UNKNOWN,OFFICIAL_SHOW_CHANNEL,SEASON,OFFICIAL_PLAYLIST_COLLECTION,NEEDS_REVIEW,NEEDS_REVIEW,2022-06-20T01:01:00.000Z,99,104927,,,available,O7Ip4BBhplAR5qEow,https://www.youtube.com/watch?v=cpBMX1iycsU
youtube,Z2-tr3N8Rrc,https://www.youtube.com/watch?v=Z2-tr3N8Rrc,MVNBLST,MVNBLST_S1,[Tổng hợp] Ngày thứ 2 vắng mẹ của Pam & ba Long l Mẹ Vắng Nhà Ba Là Siêu Nhân,VIDEO,COMPILATION,OFFICIAL_SHOW_CHANNEL,SEASON,OFFICIAL_PLAYLIST_COLLECTION,ACCEPTED,ACCEPTED,2024-08-04T12:30:07.000Z,5613,1530162,,,available,O7Ip4BBhplAR5qEow,https://www.youtube.com/watch?v=Z2-tr3N8Rrc
youtube,fxzXPdTwY4A,https://www.youtube.com/watch?v=fxzXPdTwY4A,MVNBLST,MVNBLST_S1,"Mẹ Vắng Nhà, Ba Là Siêu Nhân 5 | Tập 9 (4/6/2026)",VIDEO,UNKNOWN,PRIMARY_BROADCASTER,EPISODE,OFFICIAL_PLAYLIST_COLLECTION,NEEDS_REVIEW,NEEDS_REVIEW,2026-06-04T15:00:16.000Z,3291,12800,,,available,O7Ip4BBhplAR5qEow,https://www.youtube.com/watch?v=fxzXPdTwY4A
youtube,quamZCTCxzo,https://www.youtube.com/watch?v=quamZCTCxzo,MVNBLST,MVNBLST_S1,"Mẹ Vắng Nhà, Ba Là Siêu Nhân 3 -Tập 1 | Bé Pam khiến ba Long ""xịt keo"" (17/3/2024)",VIDEO,UNKNOWN,PRIMARY_BROADCASTER,EPISODE,OFFICIAL_PLAYLIST_COLLECTION,NEEDS_REVIEW,NEEDS_REVIEW,2024-03-17T13:30:20.000Z,3357,299427,,,available,O7Ip4BBhplAR5qEow,https://www.youtube.com/watch?v=quamZCTCxzo
youtube,bjKBuI8JXRk,https://www.youtube.com/watch?v=bjKBuI8JXRk,MVNBLST,MVNBLST_S1,"Tập 1 uncut | Cue, Cam, Nami, Suli liên tục chí chóe | Mẹ vắng nhà Ba là siêu nhân 2026",VIDEO,UNCUT_EXTENDED,OFFICIAL_SHOW_CHANNEL,EPISODE,OFFICIAL_PLAYLIST_COLLECTION,ACCEPTED,ACCEPTED,2026-04-09T14:30:06.000Z,5413,1390603,,,available,O7Ip4BBhplAR5qEow,https://www.youtube.com/watch?v=bjKBuI8JXRk
youtube,qcHtIvt3024,https://www.youtube.com/watch?v=qcHtIvt3024,MVNBLST,MVNBLST_S1,Tập 3 uncut | Ba Dương nghiêm khắc phạt Nami | Cue Cam quậy đục nước | Mẹ vắng nhà Ba là siêu nhân,VIDEO,UNCUT_EXTENDED,OFFICIAL_SHOW_CHANNEL,EPISODE,OFFICIAL_PLAYLIST_COLLECTION,ACCEPTED,ACCEPTED,2026-04-23T14:30:06.000Z,5018,790635,,,available,O7Ip4BBhplAR5qEow,https://www.youtube.com/watch?v=qcHtIvt3024
youtube,9U8zWrmuF50,https://www.youtube.com/watch?v=9U8zWrmuF50,MVNBLST,MVNBLST_S1,TẬP 9 UNCUT | Nami Suli Cue Cam Ken Đăng Anh Kai HẠNH PHÚC đón mẹ về | Mẹ vắng nhà Ba là siêu nhân,VIDEO,UNCUT_EXTENDED,OFFICIAL_SHOW_CHANNEL,EPISODE,OFFICIAL_PLAYLIST_COLLECTION,ACCEPTED,ACCEPTED,2026-06-04T14:30:06.000Z,4866,599305,,,available,O7Ip4BBhplAR5qEow,https://www.youtube.com/watch?v=9U8zWrmuF50
youtube,PuxXAVvZR3o,https://www.youtube.com/watch?v=PuxXAVvZR3o,MVNBLST,MVNBLST_S1,Mẹ Vắng Nhà Ba Là Siêu Nhân 2026 - Tập 2 | Nami - Suli phá tan hoang căn bếp ba Tuấn Dương,VIDEO,UNKNOWN,PRIMARY_BROADCASTER,EPISODE,OFFICIAL_PLAYLIST_COLLECTION,NEEDS_REVIEW,NEEDS_REVIEW,2026-04-25T08:00:34.000Z,397,43198,,,available,O7Ip4BBhplAR5qEow,https://www.youtube.com/watch?v=PuxXAVvZR3o
youtube,Rtn_0IcMeNE,https://www.youtube.com/watch?v=Rtn_0IcMeNE,MVNBLST,MVNBLST_S1,"TỔNG HỢP | 2 lần Nami THEO CHÂN NGƯỜI LẠ, ba Dương BẤT LỰC, ĐAU LÒNG | MẸ VẮNG NHÀ BA LÀ SIÊU NHÂN",VIDEO,COMPILATION,OFFICIAL_SHOW_CHANNEL,SEASON,OFFICIAL_PLAYLIST_COLLECTION,ACCEPTED,ACCEPTED,2026-07-11T12:00:06.000Z,920,36597,,,available,O7Ip4BBhplAR5qEow,https://www.youtube.com/watch?v=Rtn_0IcMeNE
youtube,p2wXCARtCZY,https://www.youtube.com/watch?v=p2wXCARtCZY,MVNBLST,MVNBLST_S1,"MẸ VẮNG NHÀ BA LÀ SIÊU NHÂN | TẬP 11 | PHAN HIỂN ""ĐAU ĐẦU"" VÌ KHÓ PHÂN XỬ AI ĐÚNG, AI SAI",VIDEO,UNKNOWN,PRIMARY_BROADCASTER,EPISODE,OFFICIAL_PLAYLIST_COLLECTION,NEEDS_REVIEW,NEEDS_REVIEW,2023-07-25T02:00:19.000Z,435,89195,,,available,O7Ip4BBhplAR5qEow,https://www.youtube.com/watch?v=p2wXCARtCZY
youtube,pBF0L68Jy-8,https://www.youtube.com/watch?v=pBF0L68Jy-8,MVNBLST,MVNBLST_S1,[Tổng hợp] Ngày đầu vắng mẹ của gia đình Xoài - Dừa l Mẹ Vắng Nhà Ba Là Siêu Nhân,VIDEO,COMPILATION,OFFICIAL_SHOW_CHANNEL,SEASON,OFFICIAL_PLAYLIST_COLLECTION,ACCEPTED,ACCEPTED,2024-08-01T12:30:06.000Z,4572,122831,,,available,O7Ip4BBhplAR5qEow,https://www.youtube.com/watch?v=pBF0L68Jy-8
youtube,Uc0cvdfztoM,https://www.youtube.com/watch?v=Uc0cvdfztoM,MVNBLST,MVNBLST_S1,"Mẹ Vắng Nhà Ba Là Siêu Nhân | Tập 3 | ""Anh hùng"" Phin quyết tâm bảo vệ hai chị khỏi ""khói đen""",VIDEO,UNKNOWN,PRIMARY_BROADCASTER,EPISODE,OFFICIAL_PLAYLIST_COLLECTION,NEEDS_REVIEW,NEEDS_REVIEW,2025-04-18T11:30:20.000Z,207,34914,,,available,O7Ip4BBhplAR5qEow,https://www.youtube.com/watch?v=Uc0cvdfztoM
youtube,f5jbGd0Q5nI,https://www.youtube.com/watch?v=f5jbGd0Q5nI,MVNBLST,MVNBLST_S1,"Mẹ Vắng Nhà, Ba Là Siêu Nhân 5 | Tập 2 (16/4/2026)",VIDEO,UNKNOWN,PRIMARY_BROADCASTER,EPISODE,OFFICIAL_PLAYLIST_COLLECTION,NEEDS_REVIEW,NEEDS_REVIEW,2026-04-16T15:01:20.000Z,3288,100916,,,available,O7Ip4BBhplAR5qEow,https://www.youtube.com/watch?v=f5jbGd0Q5nI
youtube,hualBne3jsg,https://www.youtube.com/watch?v=hualBne3jsg,MVNBLST,MVNBLST_S1,"Mẹ Vắng Nhà Ba Là Siêu Nhân 2026-Tập 13 | Chưa thấy kẹo đâu mà đã thấy nhà ba Dương rủ nhau ""ăn đất""",VIDEO,UNKNOWN,PRIMARY_BROADCASTER,EPISODE,OFFICIAL_PLAYLIST_COLLECTION,NEEDS_REVIEW,NEEDS_REVIEW,2026-07-08T04:00:32.000Z,295,4222,,,available,O7Ip4BBhplAR5qEow,https://www.youtube.com/watch?v=hualBne3jsg
youtube,QBwtnjKVZRI,https://www.youtube.com/watch?v=QBwtnjKVZRI,MVNBLST,MVNBLST_S1,[FULL] Ngày thứ 3 vắng mẹ của elm Pam 'trưởng thành' và ba Long l Mẹ Vắng Nhà Ba Là Siêu Nhân,VIDEO,UNKNOWN,OFFICIAL_SHOW_CHANNEL,SEASON,OFFICIAL_PLAYLIST_COLLECTION,NEEDS_REVIEW,NEEDS_REVIEW,2025-10-04T13:01:00.000Z,2052,13849,,,available,O7Ip4BBhplAR5qEow,https://www.youtube.com/watch?v=QBwtnjKVZRI
youtube,M125mqGOrew,https://www.youtube.com/watch?v=M125mqGOrew,MVNBLST,MVNBLST_S1,"XEM TRƯỚC TẬP 1 l Nami QUÁT Suli, Cam KHÓC THÉT vì Cue | MẸ VẮNG NHÀ BA LÀ SIÊU NHÂN 2026",VIDEO,TEASER_PREVIEW,OFFICIAL_SHOW_CHANNEL,EPISODE,OFFICIAL_PLAYLIST_COLLECTION,ACCEPTED,ACCEPTED,2026-04-09T12:44:57.000Z,285,113122,,,available,O7Ip4BBhplAR5qEow,https://www.youtube.com/watch?v=M125mqGOrew
youtube,iRT26v0cC6I,https://www.youtube.com/watch?v=iRT26v0cC6I,MVNBLST,MVNBLST_S1,Mẹ Vắng Nhà Ba Là Siêu Nhân 2026 - Tập 2 | 30 phút dài nhất cuộc đời của bố Cường,VIDEO,UNKNOWN,PRIMARY_BROADCASTER,EPISODE,OFFICIAL_PLAYLIST_COLLECTION,NEEDS_REVIEW,NEEDS_REVIEW,2026-04-24T04:00:49.000Z,329,58534,,,available,O7Ip4BBhplAR5qEow,https://www.youtube.com/watch?v=iRT26v0cC6I
youtube,XPZp3avDfoY,https://www.youtube.com/watch?v=XPZp3avDfoY,MVNBLST,MVNBLST_S2,[Tổng hợp] Ngày thứ 2 vắng mẹ của Bona & ba Phí Ngọc Hưng l Mẹ Vắng Nhà Ba Là Siêu Nhân,VIDEO,COMPILATION,OFFICIAL_SHOW_CHANNEL,SEASON,OFFICIAL_PLAYLIST_COLLECTION,ACCEPTED,ACCEPTED,2024-08-08T12:30:07.000Z,4782,22714,,,available,mhioMI899b3pu5eMP,https://www.youtube.com/watch?v=XPZp3avDfoY
youtube,f5jbGd0Q5nI,https://www.youtube.com/watch?v=f5jbGd0Q5nI,MVNBLST,MVNBLST_S2,"Mẹ Vắng Nhà, Ba Là Siêu Nhân 5 | Tập 2 (16/4/2026)",VIDEO,UNKNOWN,PRIMARY_BROADCASTER,EPISODE,OFFICIAL_PLAYLIST_COLLECTION,NEEDS_REVIEW,NEEDS_REVIEW,2026-04-16T15:01:20.000Z,3288,100916,,,available,mhioMI899b3pu5eMP,https://www.youtube.com/watch?v=f5jbGd0Q5nI
youtube,QJbwKQgAHec,https://www.youtube.com/watch?v=QJbwKQgAHec,MVNBLST,MVNBLST_S2,"[FULL] Ngày đầu vắng mẹ ĐẪM NƯỚC MẮT của chị em Nami, Suli và ba Dương | MẸ VẮNG NHÀ BA LÀ SIÊU NHÂN",VIDEO,UNKNOWN,OFFICIAL_SHOW_CHANNEL,SEASON,OFFICIAL_PLAYLIST_COLLECTION,NEEDS_REVIEW,NEEDS_REVIEW,2026-05-31T13:00:06.000Z,5087,707220,,,available,mhioMI899b3pu5eMP,https://www.youtube.com/watch?v=QJbwKQgAHec
youtube,dpTPkuw-f7Y,https://www.youtube.com/watch?v=dpTPkuw-f7Y,MVNBLST,MVNBLST_S2,[Tổng hợp] Ngày 2 vắng mẹ của 'anh tài' Rhymastic & con trai Ma Bư l Mẹ Vắng Nhà Ba Là Siêu Nhân,VIDEO,COMPILATION,OFFICIAL_SHOW_CHANNEL,SEASON,OFFICIAL_PLAYLIST_COLLECTION,ACCEPTED,ACCEPTED,2024-08-11T12:30:07.000Z,4221,55319,,,available,mhioMI899b3pu5eMP,https://www.youtube.com/watch?v=dpTPkuw-f7Y
youtube,hdituMSIsGI,https://www.youtube.com/watch?v=hdituMSIsGI,MVNBLST,MVNBLST_S2,"Mẹ Vắng Nhà, Ba Là Siêu Nhân 5 | Tập 8 (28/5/2026)",VIDEO,UNKNOWN,PRIMARY_BROADCASTER,EPISODE,OFFICIAL_PLAYLIST_COLLECTION,NEEDS_REVIEW,NEEDS_REVIEW,2026-05-28T15:00:29.000Z,3346,14638,,,available,mhioMI899b3pu5eMP,https://www.youtube.com/watch?v=hdituMSIsGI
youtube,h4gKU9f5PPE,https://www.youtube.com/watch?v=h4gKU9f5PPE,MVNBLST,MVNBLST_S2,TRỌN BỘ 'TIẾNG KHÓC NGÀY 2' NHÀ KHẮC VIỆT | MẸ VẮNG NHÀ BA LÀ SIÊU NHÂN,VIDEO,UNKNOWN,OFFICIAL_SHOW_CHANNEL,SEASON,OFFICIAL_PLAYLIST_COLLECTION,NEEDS_REVIEW,NEEDS_REVIEW,2022-08-08T12:00:24.000Z,2085,63798,,,available,mhioMI899b3pu5eMP,https://www.youtube.com/watch?v=h4gKU9f5PPE
youtube,FiZQ5uUhMEc,https://www.youtube.com/watch?v=FiZQ5uUhMEc,MVNBLST,MVNBLST_S2,"TẬP 2 | Bún, Pam TIN LỜI 'SÓI'? Ba DươngLâm cùng 2 chị THỬ LÒNG KuPhin | Mẹ Vắng Nhà Ba Là Siêu Nhân",VIDEO,UNKNOWN,OFFICIAL_SHOW_CHANNEL,EPISODE,OFFICIAL_PLAYLIST_COLLECTION,NEEDS_REVIEW,NEEDS_REVIEW,2025-04-06T13:30:08.000Z,3674,2573623,,,available,mhioMI899b3pu5eMP,https://www.youtube.com/watch?v=FiZQ5uUhMEc
youtube,izNMccqturw,https://www.youtube.com/watch?v=izNMccqturw,MVNBLST,MVNBLST_S2,"Mẹ Vắng Nhà, Ba Là Siêu Nhân | Recap 2 (2/4/2026)",VIDEO,RECAP,PRIMARY_BROADCASTER,SEASON,OFFICIAL_PLAYLIST_COLLECTION,ACCEPTED,ACCEPTED,2026-04-02T15:01:12.000Z,2883,5477,,,available,mhioMI899b3pu5eMP,https://www.youtube.com/watch?v=izNMccqturw
youtube,7R2hCfkL64I,https://www.youtube.com/watch?v=7R2hCfkL64I,MVNBLST,MVNBLST_S2,Tập 1 - Mẹ Vắng Nhà Ba Là Siêu Nhân ( Phiên bản ATSH) | 𝞕𝙝𝙞𝙣•𝙍𝙝𝙮𝘾𝙖𝙥 . cre: _mie 1306._,VIDEO,UNKNOWN,UNVERIFIED,EPISODE,INFERRED,NEEDS_REVIEW,NEEDS_REVIEW,2025-05-24T11:15:02.000Z,54,10754,,,available,mhioMI899b3pu5eMP,https://www.youtube.com/watch?v=7R2hCfkL64I
youtube,MbBDow1Pyto,https://www.youtube.com/watch?v=MbBDow1Pyto,MVNBLST,MVNBLST_S2,Mẹ Vắng Nhà Ba Là Siêu Nhân | Tập 2: Vạn sự khởi đầu nan | Thành Trung chật vật trong ngày vắng vợ,VIDEO,UNKNOWN,OFFICIAL_SHOW_CHANNEL,EPISODE,OFFICIAL_PLAYLIST_COLLECTION,NEEDS_REVIEW,NEEDS_REVIEW,2023-05-19T14:30:09.000Z,2727,2440854,,,available,mhioMI899b3pu5eMP,https://www.youtube.com/watch?v=MbBDow1Pyto
youtube,YEweFm_4jE0,https://www.youtube.com/watch?v=YEweFm_4jE0,MVNBLST,MVNBLST_S2,[FULL] Ngày 2 vắng mẹ: Nami Suli Bona Boni và chuyến dã ngoại SÓNG GIÓ | MẸ VẮNG NHÀ BA LÀ SIÊU NHÂN,VIDEO,UNKNOWN,OFFICIAL_SHOW_CHANNEL,SEASON,OFFICIAL_PLAYLIST_COLLECTION,NEEDS_REVIEW,NEEDS_REVIEW,2026-06-07T13:00:17.000Z,3193,158684,,,available,mhioMI899b3pu5eMP,https://www.youtube.com/watch?v=YEweFm_4jE0
youtube,R1RSoQSHwoY,https://www.youtube.com/watch?v=R1RSoQSHwoY,MVNBLST,MVNBLST_S2,"TẬP 18 UNCUT | Nami Suli, Bona Boni, MinHee, Su Hào Sâm Son đón mẹ về | MẸ VẮNG NHÀ BA LÀ SIÊU NHÂN",VIDEO,UNCUT_EXTENDED,OFFICIAL_SHOW_CHANNEL,EPISODE,OFFICIAL_PLAYLIST_COLLECTION,ACCEPTED,ACCEPTED,2026-08-06T14:30:06.000Z,3757,96838,,,available,mhioMI899b3pu5eMP,https://www.youtube.com/watch?v=R1RSoQSHwoY
youtube,qcHtIvt3024,https://www.youtube.com/watch?v=qcHtIvt3024,MVNBLST,MVNBLST_S2,Tập 3 uncut | Ba Dương nghiêm khắc phạt Nami | Cue Cam quậy đục nước | Mẹ vắng nhà Ba là siêu nhân,VIDEO,UNCUT_EXTENDED,OFFICIAL_SHOW_CHANNEL,EPISODE,OFFICIAL_PLAYLIST_COLLECTION,ACCEPTED,ACCEPTED,2026-04-23T14:30:06.000Z,5018,790635,,,available,mhioMI899b3pu5eMP,https://www.youtube.com/watch?v=qcHtIvt3024
youtube,muHBGUXrlvQ,https://www.youtube.com/watch?v=muHBGUXrlvQ,MVNBLST,MVNBLST_S2,"TẬP 2 UNCUT | Bố Tuấn Hưng, Tuấn Dương BỐC HỎA | Các con KHÓC ÒA | Mẹ vắng nhà Ba là siêu nhân 2026",VIDEO,UNCUT_EXTENDED,OFFICIAL_SHOW_CHANNEL,EPISODE,OFFICIAL_PLAYLIST_COLLECTION,ACCEPTED,ACCEPTED,2026-04-16T14:30:06.000Z,4991,868694,,,available,mhioMI899b3pu5eMP,https://www.youtube.com/watch?v=muHBGUXrlvQ
youtube,Gkd9JQkhnAg,https://www.youtube.com/watch?v=Gkd9JQkhnAg,MVNBLST,MVNBLST_S2,"TẬP 17 UNCUT | Nami Suli ĐẠI CHIẾN SỔ ĐỎ; Bona, MinHee CĂNG THẲNG | Mẹ Vắng Nhà Ba Là Siêu Nhân 2026",VIDEO,UNCUT_EXTENDED,OFFICIAL_SHOW_CHANNEL,EPISODE,OFFICIAL_PLAYLIST_COLLECTION,NEEDS_REVIEW,CANONICAL_OVERLAP,2026-07-30T14:30:06.000Z,3465,461043,,,available,mhioMI899b3pu5eMP,https://www.youtube.com/watch?v=Gkd9JQkhnAg
youtube,hDLxw49RlvA,https://www.youtube.com/watch?v=hDLxw49RlvA,MVNBLST,MVNBLST_S2,"Mẹ Vắng Nhà, Ba Là Siêu Nhân 5 | Tập 10 (11/6/2026)",VIDEO,UNKNOWN,PRIMARY_BROADCASTER,EPISODE,OFFICIAL_PLAYLIST_COLLECTION,NEEDS_REVIEW,NEEDS_REVIEW,2026-06-11T15:00:31.000Z,3385,9808,,,available,mhioMI899b3pu5eMP,https://www.youtube.com/watch?v=hDLxw49RlvA
youtube,P0AyphGK0gQ,https://www.youtube.com/watch?v=P0AyphGK0gQ,MVNBLST,MVNBLST_S2,Mẹ Vắng Nhà Ba Là Siêu Nhân | Tập 1: Siêu Nhân Tới Rồi! 'Té ngửa' với phản ứng của Lê Dương Bảo Lâm,VIDEO,UNKNOWN,OFFICIAL_SHOW_CHANNEL,EPISODE,OFFICIAL_PLAYLIST_COLLECTION,NEEDS_REVIEW,NEEDS_REVIEW,2023-05-12T14:30:07.000Z,3136,3755714,,,available,mhioMI899b3pu5eMP,https://www.youtube.com/watch?v=P0AyphGK0gQ
youtube,NxQuB7BvDRQ,https://www.youtube.com/watch?v=NxQuB7BvDRQ,MVNBLST,MVNBLST_S2,OFFICIAL TRAILER | MẸ VẮNG NHÀ BA LÀ SIÊU NHÂN 2026 | 4 GIA ĐÌNH HOT HIT ĐỔ BỘ,VIDEO,TEASER_PREVIEW,OFFICIAL_SHOW_CHANNEL,SEASON,OFFICIAL_PLAYLIST_COLLECTION,ACCEPTED,ACCEPTED,2026-04-07T13:00:07.000Z,381,56642,,,available,mhioMI899b3pu5eMP,https://www.youtube.com/watch?v=NxQuB7BvDRQ
youtube,s5l2P75FW04,https://www.youtube.com/watch?v=s5l2P75FW04,MVNBLST,MVNBLST_S2,Toàn cảnh bữa sáng ồn ào của 3 ba con Tuấn Dương - Nami - Suli | MẸ VẮNG NHÀ BA LÀ SIÊU NHÂN 2026,VIDEO,UNKNOWN,OFFICIAL_SHOW_CHANNEL,SEASON,OFFICIAL_PLAYLIST_COLLECTION,NEEDS_REVIEW,NEEDS_REVIEW,2026-04-10T13:01:43.000Z,569,516160,,,available,mhioMI899b3pu5eMP,https://www.youtube.com/watch?v=s5l2P75FW04
youtube,hVwUfXMXXFU,https://www.youtube.com/watch?v=hVwUfXMXXFU,MVNBLST,MVNBLST_S2,"Mẹ Vắng Nhà Ba Là Siêu Nhân 2026 - Tập 1| Các con lần đầu đi chợ, bố Tuấn Hưng dọn dẹp trong lo lắng",VIDEO,UNKNOWN,PRIMARY_BROADCASTER,EPISODE,OFFICIAL_PLAYLIST_COLLECTION,NEEDS_REVIEW,NEEDS_REVIEW,2026-04-16T07:00:37.000Z,418,1389,,,available,mhioMI899b3pu5eMP,https://www.youtube.com/watch?v=hVwUfXMXXFU
youtube,KyFSpw7nJo0,https://www.youtube.com/watch?v=KyFSpw7nJo0,MVNBLST,MVNBLST_S2,"TẬP 6 | KuPhin, Dừa khóc NỨC NỞ; Bún Đậu ĐẠI CHIẾN; Dừa Đủ LẠC MẤT mèo l Mẹ Vắng Nhà Ba Là Siêu Nhân",VIDEO,UNKNOWN,OFFICIAL_SHOW_CHANNEL,EPISODE,OFFICIAL_PLAYLIST_COLLECTION,NEEDS_REVIEW,NEEDS_REVIEW,2025-05-04T13:30:08.000Z,3537,2594018,,,available,mhioMI899b3pu5eMP,https://www.youtube.com/watch?v=KyFSpw7nJo0
youtube,Z2-tr3N8Rrc,https://www.youtube.com/watch?v=Z2-tr3N8Rrc,MVNBLST,MVNBLST_S2,[Tổng hợp] Ngày thứ 2 vắng mẹ của Pam & ba Long l Mẹ Vắng Nhà Ba Là Siêu Nhân,VIDEO,COMPILATION,OFFICIAL_SHOW_CHANNEL,SEASON,OFFICIAL_PLAYLIST_COLLECTION,ACCEPTED,ACCEPTED,2024-08-04T12:30:07.000Z,5613,1530162,,,available,mhioMI899b3pu5eMP,https://www.youtube.com/watch?v=Z2-tr3N8Rrc
youtube,RPoz4iI069s,https://www.youtube.com/watch?v=RPoz4iI069s,MVNBLST,MVNBLST_S2,"TẬP 11 UNCUT | Nami, Suli, Ken... CHUYỂN HỘ KHẨU sang gia đình mới | Mẹ vắng nhà Ba là siêu nhân",VIDEO,UNCUT_EXTENDED,OFFICIAL_SHOW_CHANNEL,EPISODE,OFFICIAL_PLAYLIST_COLLECTION,ACCEPTED,ACCEPTED,2026-06-18T14:30:06.000Z,4594,482605,,,available,mhioMI899b3pu5eMP,https://www.youtube.com/watch?v=RPoz4iI069s
youtube,0U710h7oNcw,https://www.youtube.com/watch?v=0U710h7oNcw,MVNBLST,MVNBLST_S2,TẬP 12 UNCUT | Nami CHĂM Suli BẤT ỔN; Bona NHÌN THẤU người lạ | Mẹ vắng nhà Ba là siêu nhân 2026,VIDEO,UNCUT_EXTENDED,OFFICIAL_SHOW_CHANNEL,EPISODE,OFFICIAL_PLAYLIST_COLLECTION,ACCEPTED,ACCEPTED,2026-06-25T14:30:06.000Z,3665,561615,,,available,mhioMI899b3pu5eMP,https://www.youtube.com/watch?v=0U710h7oNcw
youtube,7zEhzQuHFcY,https://www.youtube.com/watch?v=7zEhzQuHFcY,MVNBLST,MVNBLST_S2,"TẬP 14 UNCUT | Nami lại MẮC BẪY người lạ, ba Dương ĐỨNG HÌNH | Mẹ vắng nhà Ba là siêu nhân 2026",VIDEO,UNCUT_EXTENDED,OFFICIAL_SHOW_CHANNEL,EPISODE,OFFICIAL_PLAYLIST_COLLECTION,ACCEPTED,ACCEPTED,2026-07-09T14:30:06.000Z,4491,663424,,,available,mhioMI899b3pu5eMP,https://www.youtube.com/watch?v=7zEhzQuHFcY
youtube,jQiHsjtqtCc,https://www.youtube.com/watch?v=jQiHsjtqtCc,MVNBLST,MVNBLST_S2,Mẹ Vắng Nhà Ba Là Siêu Nhân | Tập 14: Sẽ không còn khoảng cách | Khánh Thi cao tay trên cơ Phan Hiển,VIDEO,UNKNOWN,OFFICIAL_SHOW_CHANNEL,EPISODE,OFFICIAL_PLAYLIST_COLLECTION,NEEDS_REVIEW,NEEDS_REVIEW,2023-08-11T14:30:09.000Z,2938,2261742,,,available,mhioMI899b3pu5eMP,https://www.youtube.com/watch?v=jQiHsjtqtCc
youtube,Uc0cvdfztoM,https://www.youtube.com/watch?v=Uc0cvdfztoM,MVNBLST,MVNBLST_S2,"Mẹ Vắng Nhà Ba Là Siêu Nhân | Tập 3 | ""Anh hùng"" Phin quyết tâm bảo vệ hai chị khỏi ""khói đen""",VIDEO,UNKNOWN,PRIMARY_BROADCASTER,EPISODE,OFFICIAL_PLAYLIST_COLLECTION,NEEDS_REVIEW,NEEDS_REVIEW,2025-04-18T11:30:20.000Z,207,34914,,,available,mhioMI899b3pu5eMP,https://www.youtube.com/watch?v=Uc0cvdfztoM
youtube,iRT26v0cC6I,https://www.youtube.com/watch?v=iRT26v0cC6I,MVNBLST,MVNBLST_S2,Mẹ Vắng Nhà Ba Là Siêu Nhân 2026 - Tập 2 | 30 phút dài nhất cuộc đời của bố Cường,VIDEO,UNKNOWN,PRIMARY_BROADCASTER,EPISODE,OFFICIAL_PLAYLIST_COLLECTION,NEEDS_REVIEW,NEEDS_REVIEW,2026-04-24T04:00:49.000Z,329,58538,,,available,mhioMI899b3pu5eMP,https://www.youtube.com/watch?v=iRT26v0cC6I
youtube,_BDmHhg4610,https://www.youtube.com/watch?v=_BDmHhg4610,MVNBLST,MVNBLST_S2,"Mẹ Vắng Nhà, Ba Là Siêu Nhân 5 | Tập 11 (18/6/2026)",VIDEO,UNKNOWN,PRIMARY_BROADCASTER,EPISODE,OFFICIAL_PLAYLIST_COLLECTION,NEEDS_REVIEW,NEEDS_REVIEW,2026-06-18T15:00:08.000Z,3296,7408,,,available,mhioMI899b3pu5eMP,https://www.youtube.com/watch?v=_BDmHhg4610
youtube,PuxXAVvZR3o,https://www.youtube.com/watch?v=PuxXAVvZR3o,MVNBLST,MVNBLST_S2,Mẹ Vắng Nhà Ba Là Siêu Nhân 2026 - Tập 2 | Nami - Suli phá tan hoang căn bếp ba Tuấn Dương,VIDEO,UNKNOWN,PRIMARY_BROADCASTER,EPISODE,OFFICIAL_PLAYLIST_COLLECTION,NEEDS_REVIEW,NEEDS_REVIEW,2026-04-25T08:00:34.000Z,397,43198,,,available,mhioMI899b3pu5eMP,https://www.youtube.com/watch?v=PuxXAVvZR3o
youtube,Kwq9s95_M90,https://www.youtube.com/watch?v=Kwq9s95_M90,MVNBLST,MVNBLST_S2,[TỔNG HỢP] FULL NGÀY THỨ 4 VĂNG MẸ của Nami Suli và ba Dương | MẸ VẮNG NHÀ BA LÀ SIÊU NHÂN,VIDEO,COMPILATION,OFFICIAL_SHOW_CHANNEL,SEASON,OFFICIAL_PLAYLIST_COLLECTION,ACCEPTED,ACCEPTED,2026-07-19T13:00:06.000Z,4506,140920,,,available,mhioMI899b3pu5eMP,https://www.youtube.com/watch?v=Kwq9s95_M90
youtube,HZOiGxC1viw,https://www.youtube.com/watch?v=HZOiGxC1viw,MVNBLST,MVNBLST_S2,Mẹ Vắng Nhà Ba Là Siêu Nhân 4| Tập 1 |Tài vẽ tranh của nhà ba Lâm khiến thầy vô cùng ngỡ ngàng,VIDEO,UNKNOWN,PRIMARY_BROADCASTER,EPISODE,OFFICIAL_PLAYLIST_COLLECTION,NEEDS_REVIEW,NEEDS_REVIEW,2025-04-02T03:30:10.000Z,287,104169,,,available,mhioMI899b3pu5eMP,https://www.youtube.com/watch?v=HZOiGxC1viw
youtube,xUfuXW0HlUA,https://www.youtube.com/watch?v=xUfuXW0HlUA,MVNBLST,MVNBLST_S2,"TẬP 1 I MẸ VẮNG NHÀ BA LÀ SIÊU NHÂN l Khắc Việt, JustaTee, Đức Thịnh, L. Thế Thành làm ""siêu nhân""",VIDEO,UNKNOWN,OFFICIAL_SHOW_CHANNEL,EPISODE,OFFICIAL_PLAYLIST_COLLECTION,NEEDS_REVIEW,NEEDS_REVIEW,2022-04-28T14:30:13.000Z,3148,2985612,,,available,mhioMI899b3pu5eMP,https://www.youtube.com/watch?v=xUfuXW0HlUA
youtube,LY_ZV3zxQGo,https://www.youtube.com/watch?v=LY_ZV3zxQGo,MVNBLST,MVNBLST_S2,[FULL] Ngày thứ 3 vắng mẹ của Nami Suli: Mi XIN LỖI Su nha! | MẸ VẮNG NHÀ BA LÀ SIÊU NHÂN 2026,VIDEO,UNKNOWN,OFFICIAL_SHOW_CHANNEL,SEASON,OFFICIAL_PLAYLIST_COLLECTION,NEEDS_REVIEW,NEEDS_REVIEW,2026-06-14T04:00:06.000Z,2996,319832,,,available,mhioMI899b3pu5eMP,https://www.youtube.com/watch?v=LY_ZV3zxQGo
youtube,KKMJ5dBmVpI,https://www.youtube.com/watch?v=KKMJ5dBmVpI,MVNBLST,MVNBLST_S2,Mẹ Vắng Nhà Ba Là Siêu Nhân | Tập 9: Mẹ sắp về rồi | Cris Phan đánh úp Dương Lâm nhận ngay kết đắng,VIDEO,UNKNOWN,OFFICIAL_SHOW_CHANNEL,EPISODE,OFFICIAL_PLAYLIST_COLLECTION,NEEDS_REVIEW,NEEDS_REVIEW,2023-07-07T14:30:07.000Z,2709,2197399,,,available,mhioMI899b3pu5eMP,https://www.youtube.com/watch?v=KKMJ5dBmVpI
youtube,QBwtnjKVZRI,https://www.youtube.com/watch?v=QBwtnjKVZRI,MVNBLST,MVNBLST_S2,[FULL] Ngày thứ 3 vắng mẹ của elm Pam 'trưởng thành' và ba Long l Mẹ Vắng Nhà Ba Là Siêu Nhân,VIDEO,UNKNOWN,OFFICIAL_SHOW_CHANNEL,SEASON,OFFICIAL_PLAYLIST_COLLECTION,NEEDS_REVIEW,NEEDS_REVIEW,2025-10-04T13:01:00.000Z,2052,13849,,,available,mhioMI899b3pu5eMP,https://www.youtube.com/watch?v=QBwtnjKVZRI
youtube,RLgSR4D1H9U,https://www.youtube.com/watch?v=RLgSR4D1H9U,MVNBLST,MVNBLST_S2,"Cue Cam, Nami Suli, Bona Boni QUẬY ĐỤC NƯỚC; Ken ĐIỂN TRAI GÂY SỐT | Mẹ Vắng Nhà Ba Là Siêu Nhân",VIDEO,UNKNOWN,OFFICIAL_SHOW_CHANNEL,SEASON,OFFICIAL_PLAYLIST_COLLECTION,NEEDS_REVIEW,NEEDS_REVIEW,2026-05-06T10:00:06.000Z,2026,53478,,,available,mhioMI899b3pu5eMP,https://www.youtube.com/watch?v=RLgSR4D1H9U
youtube,Q4RYT2viPIs,https://www.youtube.com/watch?v=Q4RYT2viPIs,MVNBLST,MVNBLST_S2,TẬP 13 UNCUT | Nami HẾT MÌNH ba Dương HẾT HỒN; Bona ghi điểm TUYỆT ĐỐI | Mẹ vắng nhà Ba là siêu nhân,VIDEO,UNCUT_EXTENDED,OFFICIAL_SHOW_CHANNEL,EPISODE,OFFICIAL_PLAYLIST_COLLECTION,ACCEPTED,ACCEPTED,2026-07-02T14:30:06.000Z,5128,525462,,,available,mhioMI899b3pu5eMP,https://www.youtube.com/watch?v=Q4RYT2viPIs
youtube,QLpds55ksNo,https://www.youtube.com/watch?v=QLpds55ksNo,MVNBLST,MVNBLST_S2,TẬP 3 | Pam tập dượt ĐÁM CƯỚI ba mẹ; Dừa THẤT HỨA với bố; Bún DỖI Đậu | Mẹ Vắng Nhà Ba Là Siêu Nhân,VIDEO,UNKNOWN,OFFICIAL_SHOW_CHANNEL,EPISODE,OFFICIAL_PLAYLIST_COLLECTION,NEEDS_REVIEW,NEEDS_REVIEW,2025-04-13T13:30:07.000Z,3610,2076649,,,available,mhioMI899b3pu5eMP,https://www.youtube.com/watch?v=QLpds55ksNo
youtube,HIFVrg-3Yt4,https://www.youtube.com/watch?v=HIFVrg-3Yt4,MVNBLST,MVNBLST_S2,Dàn nhóc tì KHÓC THÉT khi gặp Phú ông l Mẹ Vắng Nhà Ba Là Siêu Nhân,VIDEO,UNKNOWN,OFFICIAL_SHOW_CHANNEL,SEASON,OFFICIAL_PLAYLIST_COLLECTION,NEEDS_REVIEW,NEEDS_REVIEW,2024-06-17T13:00:13.000Z,432,166130,,,available,mhioMI899b3pu5eMP,https://www.youtube.com/watch?v=HIFVrg-3Yt4
youtube,BjBnDs6B4ds,https://www.youtube.com/watch?v=BjBnDs6B4ds,MVNBLST,MVNBLST_S2,"[FULL] Ngày hai vắng vợ, Dương Lâm & NHỮNG ĐIỀU CHƯA TỪNG cùng con l Mẹ Vắng Nhà Ba Là Siêu Nhân",VIDEO,UNKNOWN,OFFICIAL_SHOW_CHANNEL,SEASON,OFFICIAL_PLAYLIST_COLLECTION,NEEDS_REVIEW,NEEDS_REVIEW,2025-07-19T13:00:06.000Z,2683,125324,,,available,mhioMI899b3pu5eMP,https://www.youtube.com/watch?v=BjBnDs6B4ds
youtube,bjKBuI8JXRk,https://www.youtube.com/watch?v=bjKBuI8JXRk,MVNBLST,MVNBLST_S2,"Tập 1 uncut | Cue, Cam, Nami, Suli liên tục chí chóe | Mẹ vắng nhà Ba là siêu nhân 2026",VIDEO,UNCUT_EXTENDED,OFFICIAL_SHOW_CHANNEL,EPISODE,OFFICIAL_PLAYLIST_COLLECTION,ACCEPTED,ACCEPTED,2026-04-09T14:30:06.000Z,5413,1390603,,,available,mhioMI899b3pu5eMP,https://www.youtube.com/watch?v=bjKBuI8JXRk
youtube,cpBMX1iycsU,https://www.youtube.com/watch?v=cpBMX1iycsU,MVNBLST,MVNBLST_S2,"Ca khúc ""Mẹ Vắng Nhà - Ba Là Siêu Nhân"" & những kỷ niệm đẹp giữa Ba và Con trong 48 giờ vắng mẹ!!!",VIDEO,UNKNOWN,OFFICIAL_SHOW_CHANNEL,SEASON,OFFICIAL_PLAYLIST_COLLECTION,NEEDS_REVIEW,NEEDS_REVIEW,2022-06-20T01:01:00.000Z,99,104927,,,available,mhioMI899b3pu5eMP,https://www.youtube.com/watch?v=cpBMX1iycsU
youtube,BZbQDk5gcHo,https://www.youtube.com/watch?v=BZbQDk5gcHo,MVNBLST,MVNBLST_S2,"Ba Dương và mẹ Lucie lần đầu chia sẻ những bí mật về Nami, Suli | MẸ VẮNG NHÀ BA LÀ SIÊU NHÂN",VIDEO,UNKNOWN,OFFICIAL_SHOW_CHANNEL,SEASON,OFFICIAL_PLAYLIST_COLLECTION,NEEDS_REVIEW,NEEDS_REVIEW,2026-06-03T12:00:06.000Z,381,85039,,,available,mhioMI899b3pu5eMP,https://www.youtube.com/watch?v=BZbQDk5gcHo
youtube,yJBaBS7rGv8,https://www.youtube.com/watch?v=yJBaBS7rGv8,MVNBLST,MVNBLST_S2,Cô ve chai Võ Tấn Phát ĐỘT NHẬP bị Diễm - Dương Lâm BẮT TẠI TRẬN l Mẹ Vắng Nhà Ba Là Siêu Nhân,VIDEO,UNKNOWN,OFFICIAL_SHOW_CHANNEL,SEASON,OFFICIAL_PLAYLIST_COLLECTION,NEEDS_REVIEW,NEEDS_REVIEW,2025-05-19T11:01:28.000Z,406,977829,,,available,mhioMI899b3pu5eMP,https://www.youtube.com/watch?v=yJBaBS7rGv8
youtube,QJbwKQgAHec,https://www.youtube.com/watch?v=QJbwKQgAHec,MVNBLST,MVNBLST_S3,"[FULL] Ngày đầu vắng mẹ ĐẪM NƯỚC MẮT của chị em Nami, Suli và ba Dương | MẸ VẮNG NHÀ BA LÀ SIÊU NHÂN",VIDEO,UNKNOWN,OFFICIAL_SHOW_CHANNEL,SEASON,OFFICIAL_PLAYLIST_COLLECTION,NEEDS_REVIEW,NEEDS_REVIEW,2026-05-31T13:00:06.000Z,5087,707220,,,available,mMchsOQbKOWZc6eCA,https://www.youtube.com/watch?v=QJbwKQgAHec
youtube,7zEhzQuHFcY,https://www.youtube.com/watch?v=7zEhzQuHFcY,MVNBLST,MVNBLST_S3,"TẬP 14 UNCUT | Nami lại MẮC BẪY người lạ, ba Dương ĐỨNG HÌNH | Mẹ vắng nhà Ba là siêu nhân 2026",VIDEO,UNCUT_EXTENDED,OFFICIAL_SHOW_CHANNEL,EPISODE,OFFICIAL_PLAYLIST_COLLECTION,ACCEPTED,ACCEPTED,2026-07-09T14:30:06.000Z,4491,663346,,,available,mMchsOQbKOWZc6eCA,https://www.youtube.com/watch?v=7zEhzQuHFcY
youtube,hDLxw49RlvA,https://www.youtube.com/watch?v=hDLxw49RlvA,MVNBLST,MVNBLST_S3,"Mẹ Vắng Nhà, Ba Là Siêu Nhân 5 | Tập 10 (11/6/2026)",VIDEO,UNKNOWN,PRIMARY_BROADCASTER,EPISODE,OFFICIAL_PLAYLIST_COLLECTION,NEEDS_REVIEW,NEEDS_REVIEW,2026-06-11T15:00:31.000Z,3385,9808,,,available,mMchsOQbKOWZc6eCA,https://www.youtube.com/watch?v=hDLxw49RlvA
youtube,Q4RYT2viPIs,https://www.youtube.com/watch?v=Q4RYT2viPIs,MVNBLST,MVNBLST_S3,TẬP 13 UNCUT | Nami HẾT MÌNH ba Dương HẾT HỒN; Bona ghi điểm TUYỆT ĐỐI | Mẹ vắng nhà Ba là siêu nhân,VIDEO,UNCUT_EXTENDED,OFFICIAL_SHOW_CHANNEL,EPISODE,OFFICIAL_PLAYLIST_COLLECTION,ACCEPTED,ACCEPTED,2026-07-02T14:30:06.000Z,5128,525462,,,available,mMchsOQbKOWZc6eCA,https://www.youtube.com/watch?v=Q4RYT2viPIs
youtube,R1RSoQSHwoY,https://www.youtube.com/watch?v=R1RSoQSHwoY,MVNBLST,MVNBLST_S3,"TẬP 18 UNCUT | Nami Suli, Bona Boni, MinHee, Su Hào Sâm Son đón mẹ về | MẸ VẮNG NHÀ BA LÀ SIÊU NHÂN",VIDEO,UNCUT_EXTENDED,OFFICIAL_SHOW_CHANNEL,EPISODE,OFFICIAL_PLAYLIST_COLLECTION,ACCEPTED,ACCEPTED,2026-08-06T14:30:06.000Z,3757,96838,,,available,mMchsOQbKOWZc6eCA,https://www.youtube.com/watch?v=R1RSoQSHwoY
youtube,LY_ZV3zxQGo,https://www.youtube.com/watch?v=LY_ZV3zxQGo,MVNBLST,MVNBLST_S3,[FULL] Ngày thứ 3 vắng mẹ của Nami Suli: Mi XIN LỖI Su nha! | MẸ VẮNG NHÀ BA LÀ SIÊU NHÂN 2026,VIDEO,UNKNOWN,OFFICIAL_SHOW_CHANNEL,SEASON,OFFICIAL_PLAYLIST_COLLECTION,NEEDS_REVIEW,NEEDS_REVIEW,2026-06-14T04:00:06.000Z,2996,319869,,,available,mMchsOQbKOWZc6eCA,https://www.youtube.com/watch?v=LY_ZV3zxQGo
youtube,yUsmFbwoG78,https://www.youtube.com/watch?v=yUsmFbwoG78,MVNBLST,MVNBLST_S3,"TẬP 11 | Pam nhảy HIPHOP, Ba Dương Lâm 'GẶP NẠN', Dừa RA DÁNG anh trai | Mẹ Vắng Nhà Ba Là Siêu Nhân",VIDEO,UNKNOWN,OFFICIAL_SHOW_CHANNEL,EPISODE,OFFICIAL_PLAYLIST_COLLECTION,NEEDS_REVIEW,NEEDS_REVIEW,2025-06-15T13:30:07.000Z,3726,2529952,,,available,mMchsOQbKOWZc6eCA,https://www.youtube.com/watch?v=yUsmFbwoG78
youtube,qcHtIvt3024,https://www.youtube.com/watch?v=qcHtIvt3024,MVNBLST,MVNBLST_S3,Tập 3 uncut | Ba Dương nghiêm khắc phạt Nami | Cue Cam quậy đục nước | Mẹ vắng nhà Ba là siêu nhân,VIDEO,UNCUT_EXTENDED,OFFICIAL_SHOW_CHANNEL,EPISODE,OFFICIAL_PLAYLIST_COLLECTION,ACCEPTED,ACCEPTED,2026-04-23T14:30:06.000Z,5018,790635,,,available,mMchsOQbKOWZc6eCA,https://www.youtube.com/watch?v=qcHtIvt3024
youtube,QLpds55ksNo,https://www.youtube.com/watch?v=QLpds55ksNo,MVNBLST,MVNBLST_S3,TẬP 3 | Pam tập dượt ĐÁM CƯỚI ba mẹ; Dừa THẤT HỨA với bố; Bún DỖI Đậu | Mẹ Vắng Nhà Ba Là Siêu Nhân,VIDEO,UNKNOWN,OFFICIAL_SHOW_CHANNEL,EPISODE,OFFICIAL_PLAYLIST_COLLECTION,NEEDS_REVIEW,NEEDS_REVIEW,2025-04-13T13:30:07.000Z,3610,2076649,,,available,mMchsOQbKOWZc6eCA,https://www.youtube.com/watch?v=QLpds55ksNo
youtube,quamZCTCxzo,https://www.youtube.com/watch?v=quamZCTCxzo,MVNBLST,MVNBLST_S3,"Mẹ Vắng Nhà, Ba Là Siêu Nhân 3 -Tập 1 | Bé Pam khiến ba Long ""xịt keo"" (17/3/2024)",VIDEO,UNKNOWN,PRIMARY_BROADCASTER,EPISODE,OFFICIAL_PLAYLIST_COLLECTION,NEEDS_REVIEW,NEEDS_REVIEW,2024-03-17T13:30:20.000Z,3357,299427,,,available,mMchsOQbKOWZc6eCA,https://www.youtube.com/watch?v=quamZCTCxzo
youtube,wYNKlMRJY8w,https://www.youtube.com/watch?v=wYNKlMRJY8w,MVNBLST,MVNBLST_S3,"TẬP 9 UNCUT l Pam 'đu trend' chụp ảnh Hàn Quốc, 3 nhà lần đầu hội ngộ l Mẹ Vắng Nhà Ba Là Siêu Nhân",VIDEO,UNCUT_EXTENDED,OFFICIAL_SHOW_CHANNEL,EPISODE,OFFICIAL_PLAYLIST_COLLECTION,ACCEPTED,ACCEPTED,2024-05-12T13:00:07.000Z,4857,2106872,,,available,mMchsOQbKOWZc6eCA,https://www.youtube.com/watch?v=wYNKlMRJY8w
youtube,0U710h7oNcw,https://www.youtube.com/watch?v=0U710h7oNcw,MVNBLST,MVNBLST_S3,TẬP 12 UNCUT | Nami CHĂM Suli BẤT ỔN; Bona NHÌN THẤU người lạ | Mẹ vắng nhà Ba là siêu nhân 2026,VIDEO,UNCUT_EXTENDED,OFFICIAL_SHOW_CHANNEL,EPISODE,OFFICIAL_PLAYLIST_COLLECTION,ACCEPTED,ACCEPTED,2026-06-25T14:30:06.000Z,3665,561615,,,available,mMchsOQbKOWZc6eCA,https://www.youtube.com/watch?v=0U710h7oNcw
youtube,Gkd9JQkhnAg,https://www.youtube.com/watch?v=Gkd9JQkhnAg,MVNBLST,MVNBLST_S3,"TẬP 17 UNCUT | Nami Suli ĐẠI CHIẾN SỔ ĐỎ; Bona, MinHee CĂNG THẲNG | Mẹ Vắng Nhà Ba Là Siêu Nhân 2026",VIDEO,UNCUT_EXTENDED,OFFICIAL_SHOW_CHANNEL,EPISODE,OFFICIAL_PLAYLIST_COLLECTION,NEEDS_REVIEW,CANONICAL_OVERLAP,2026-07-30T14:30:06.000Z,3465,461043,,,available,mMchsOQbKOWZc6eCA,https://www.youtube.com/watch?v=Gkd9JQkhnAg
youtube,hVwUfXMXXFU,https://www.youtube.com/watch?v=hVwUfXMXXFU,MVNBLST,MVNBLST_S3,"Mẹ Vắng Nhà Ba Là Siêu Nhân 2026 - Tập 1| Các con lần đầu đi chợ, bố Tuấn Hưng dọn dẹp trong lo lắng",VIDEO,UNKNOWN,PRIMARY_BROADCASTER,EPISODE,OFFICIAL_PLAYLIST_COLLECTION,NEEDS_REVIEW,NEEDS_REVIEW,2026-04-16T07:00:37.000Z,418,1389,,,available,mMchsOQbKOWZc6eCA,https://www.youtube.com/watch?v=hVwUfXMXXFU
youtube,YNez7gy46wM,https://www.youtube.com/watch?v=YNez7gy46wM,MVNBLST,MVNBLST_S3,TẬP 6 UNCUT l Mẹ Vắng Nhà Ba Là Siêu Nhân l Pam & Dừa khóc lóc thảm thiết; ba Long căng thẳng tột độ,VIDEO,UNCUT_EXTENDED,OFFICIAL_SHOW_CHANNEL,EPISODE,OFFICIAL_PLAYLIST_COLLECTION,ACCEPTED,ACCEPTED,2024-04-21T13:00:07.000Z,5106,2090556,,,available,mMchsOQbKOWZc6eCA,https://www.youtube.com/watch?v=YNez7gy46wM
youtube,HZOiGxC1viw,https://www.youtube.com/watch?v=HZOiGxC1viw,MVNBLST,MVNBLST_S3,Mẹ Vắng Nhà Ba Là Siêu Nhân 4| Tập 1 |Tài vẽ tranh của nhà ba Lâm khiến thầy vô cùng ngỡ ngàng,VIDEO,UNKNOWN,PRIMARY_BROADCASTER,EPISODE,OFFICIAL_PLAYLIST_COLLECTION,NEEDS_REVIEW,NEEDS_REVIEW,2025-04-02T03:30:10.000Z,287,104169,,,available,mMchsOQbKOWZc6eCA,https://www.youtube.com/watch?v=HZOiGxC1viw
youtube,NNwPDi0zM8E,https://www.youtube.com/watch?v=NNwPDi0zM8E,MVNBLST,MVNBLST_S3,[FULL] Ngày đầu vắng mẹ của elm Pam 'trưởng thành' và ba Long l Mẹ Vắng Nhà Ba Là Siêu Nhân 2025,VIDEO,UNKNOWN,OFFICIAL_SHOW_CHANNEL,SEASON,OFFICIAL_PLAYLIST_COLLECTION,NEEDS_REVIEW,NEEDS_REVIEW,2025-07-16T13:00:06.000Z,6552,214576,,,available,mMchsOQbKOWZc6eCA,https://www.youtube.com/watch?v=NNwPDi0zM8E
youtube,yoypyjngUJw,https://www.youtube.com/watch?v=yoypyjngUJw,MVNBLST,MVNBLST_S3,TẬP 4 UNCUT l Dừa vs Xoài đấu trận cầu kinh điển l Mẹ Vắng Nhà Ba Là Siêu Nhân,VIDEO,UNCUT_EXTENDED,OFFICIAL_SHOW_CHANNEL,EPISODE,OFFICIAL_PLAYLIST_COLLECTION,ACCEPTED,ACCEPTED,2024-04-07T13:00:07.000Z,4418,1961492,,,available,mMchsOQbKOWZc6eCA,https://www.youtube.com/watch?v=yoypyjngUJw
youtube,OHq0b_PDm2c,https://www.youtube.com/watch?v=OHq0b_PDm2c,MVNBLST,MVNBLST_S3,TẬP 13 UNCUT l Dừa NHIỆT TÌNH đón Pam; Cici ra dáng chị cả quản đàn em l Mẹ Vắng Nhà Ba Là Siêu Nhân,VIDEO,UNCUT_EXTENDED,OFFICIAL_SHOW_CHANNEL,EPISODE,OFFICIAL_PLAYLIST_COLLECTION,ACCEPTED,ACCEPTED,2024-06-09T13:00:07.000Z,6220,3058637,,,available,mMchsOQbKOWZc6eCA,https://www.youtube.com/watch?v=OHq0b_PDm2c
youtube,HIFVrg-3Yt4,https://www.youtube.com/watch?v=HIFVrg-3Yt4,MVNBLST,MVNBLST_S3,Dàn nhóc tì KHÓC THÉT khi gặp Phú ông l Mẹ Vắng Nhà Ba Là Siêu Nhân,VIDEO,UNKNOWN,OFFICIAL_SHOW_CHANNEL,SEASON,OFFICIAL_PLAYLIST_COLLECTION,NEEDS_REVIEW,NEEDS_REVIEW,2024-06-17T13:00:13.000Z,432,166130,,,available,mMchsOQbKOWZc6eCA,https://www.youtube.com/watch?v=HIFVrg-3Yt4
youtube,hdituMSIsGI,https://www.youtube.com/watch?v=hdituMSIsGI,MVNBLST,MVNBLST_S3,"Mẹ Vắng Nhà, Ba Là Siêu Nhân 5 | Tập 8 (28/5/2026)",VIDEO,UNKNOWN,PRIMARY_BROADCASTER,EPISODE,OFFICIAL_PLAYLIST_COLLECTION,NEEDS_REVIEW,NEEDS_REVIEW,2026-05-28T15:00:29.000Z,3346,14637,,,available,mMchsOQbKOWZc6eCA,https://www.youtube.com/watch?v=hdituMSIsGI
youtube,s5l2P75FW04,https://www.youtube.com/watch?v=s5l2P75FW04,MVNBLST,MVNBLST_S3,Toàn cảnh bữa sáng ồn ào của 3 ba con Tuấn Dương - Nami - Suli | MẸ VẮNG NHÀ BA LÀ SIÊU NHÂN 2026,VIDEO,UNKNOWN,OFFICIAL_SHOW_CHANNEL,SEASON,OFFICIAL_PLAYLIST_COLLECTION,NEEDS_REVIEW,NEEDS_REVIEW,2026-04-10T13:01:43.000Z,569,516160,,,available,mMchsOQbKOWZc6eCA,https://www.youtube.com/watch?v=s5l2P75FW04
youtube,Uc0cvdfztoM,https://www.youtube.com/watch?v=Uc0cvdfztoM,MVNBLST,MVNBLST_S3,"Mẹ Vắng Nhà Ba Là Siêu Nhân | Tập 3 | ""Anh hùng"" Phin quyết tâm bảo vệ hai chị khỏi ""khói đen""",VIDEO,UNKNOWN,PRIMARY_BROADCASTER,EPISODE,OFFICIAL_PLAYLIST_COLLECTION,NEEDS_REVIEW,NEEDS_REVIEW,2025-04-18T11:30:20.000Z,207,34914,,,available,mMchsOQbKOWZc6eCA,https://www.youtube.com/watch?v=Uc0cvdfztoM
youtube,yJBaBS7rGv8,https://www.youtube.com/watch?v=yJBaBS7rGv8,MVNBLST,MVNBLST_S3,Cô ve chai Võ Tấn Phát ĐỘT NHẬP bị Diễm - Dương Lâm BẮT TẠI TRẬN l Mẹ Vắng Nhà Ba Là Siêu Nhân,VIDEO,UNKNOWN,OFFICIAL_SHOW_CHANNEL,SEASON,OFFICIAL_PLAYLIST_COLLECTION,NEEDS_REVIEW,NEEDS_REVIEW,2025-05-19T11:01:28.000Z,406,977829,,,available,mMchsOQbKOWZc6eCA,https://www.youtube.com/watch?v=yJBaBS7rGv8
youtube,Kwq9s95_M90,https://www.youtube.com/watch?v=Kwq9s95_M90,MVNBLST,MVNBLST_S3,[TỔNG HỢP] FULL NGÀY THỨ 4 VĂNG MẸ của Nami Suli và ba Dương | MẸ VẮNG NHÀ BA LÀ SIÊU NHÂN,VIDEO,COMPILATION,OFFICIAL_SHOW_CHANNEL,SEASON,OFFICIAL_PLAYLIST_COLLECTION,ACCEPTED,ACCEPTED,2026-07-19T13:00:06.000Z,4506,140920,,,available,mMchsOQbKOWZc6eCA,https://www.youtube.com/watch?v=Kwq9s95_M90
youtube,CM5lShwK8Ck,https://www.youtube.com/watch?v=CM5lShwK8Ck,MVNBLST,MVNBLST_S3,[FULL] Ngày thứ 2 vắng mẹ của elm Pam 'trưởng thành' và ba Long l Mẹ Vắng Nhà Ba Là Siêu Nhân,VIDEO,UNKNOWN,OFFICIAL_SHOW_CHANNEL,SEASON,OFFICIAL_PLAYLIST_COLLECTION,NEEDS_REVIEW,NEEDS_REVIEW,2025-07-17T13:00:06.000Z,2570,166818,,,available,mMchsOQbKOWZc6eCA,https://www.youtube.com/watch?v=CM5lShwK8Ck
youtube,P0AyphGK0gQ,https://www.youtube.com/watch?v=P0AyphGK0gQ,MVNBLST,MVNBLST_S3,Mẹ Vắng Nhà Ba Là Siêu Nhân | Tập 1: Siêu Nhân Tới Rồi! 'Té ngửa' với phản ứng của Lê Dương Bảo Lâm,VIDEO,UNKNOWN,OFFICIAL_SHOW_CHANNEL,EPISODE,OFFICIAL_PLAYLIST_COLLECTION,NEEDS_REVIEW,NEEDS_REVIEW,2023-05-12T14:30:07.000Z,3136,3755714,,,available,mMchsOQbKOWZc6eCA,https://www.youtube.com/watch?v=P0AyphGK0gQ
youtube,KyFSpw7nJo0,https://www.youtube.com/watch?v=KyFSpw7nJo0,MVNBLST,MVNBLST_S3,"TẬP 6 | KuPhin, Dừa khóc NỨC NỞ; Bún Đậu ĐẠI CHIẾN; Dừa Đủ LẠC MẤT mèo l Mẹ Vắng Nhà Ba Là Siêu Nhân",VIDEO,UNKNOWN,OFFICIAL_SHOW_CHANNEL,EPISODE,OFFICIAL_PLAYLIST_COLLECTION,NEEDS_REVIEW,NEEDS_REVIEW,2025-05-04T13:30:08.000Z,3537,2594019,,,available,mMchsOQbKOWZc6eCA,https://www.youtube.com/watch?v=KyFSpw7nJo0
youtube,Z2-tr3N8Rrc,https://www.youtube.com/watch?v=Z2-tr3N8Rrc,MVNBLST,MVNBLST_S3,[Tổng hợp] Ngày thứ 2 vắng mẹ của Pam & ba Long l Mẹ Vắng Nhà Ba Là Siêu Nhân,VIDEO,COMPILATION,OFFICIAL_SHOW_CHANNEL,SEASON,OFFICIAL_PLAYLIST_COLLECTION,ACCEPTED,ACCEPTED,2024-08-04T12:30:07.000Z,5613,1530200,,,available,mMchsOQbKOWZc6eCA,https://www.youtube.com/watch?v=Z2-tr3N8Rrc
youtube,5X3-IYubPuI,https://www.youtube.com/watch?v=5X3-IYubPuI,MVNBLST,MVNBLST_S3,Mẹ Vắng Nhà Ba Là Siêu Nhân 2026 - Tập 8 | Bố Cường xúc độngtrước bữa ăn tuổi thơ của mẹ,VIDEO,UNKNOWN,PRIMARY_BROADCASTER,EPISODE,OFFICIAL_PLAYLIST_COLLECTION,NEEDS_REVIEW,NEEDS_REVIEW,2026-06-03T04:00:05.000Z,315,4396,,,available,mMchsOQbKOWZc6eCA,https://www.youtube.com/watch?v=5X3-IYubPuI
youtube,_bv1kTGAO-E,https://www.youtube.com/watch?v=_bv1kTGAO-E,MVNBLST,MVNBLST_S3,"Mẹ Vắng Nhà Ba Là Siêu Nhân 2026 - Tập 8 | Ba Dương cho Nami ăn phở, Nami cho bạn cá ăn",VIDEO,UNKNOWN,PRIMARY_BROADCASTER,EPISODE,OFFICIAL_PLAYLIST_COLLECTION,NEEDS_REVIEW,NEEDS_REVIEW,2026-06-01T04:30:01.000Z,351,59992,,,available,mMchsOQbKOWZc6eCA,https://www.youtube.com/watch?v=_bv1kTGAO-E
youtube,RPoz4iI069s,https://www.youtube.com/watch?v=RPoz4iI069s,MVNBLST,MVNBLST_S3,"TẬP 11 UNCUT | Nami, Suli, Ken... CHUYỂN HỘ KHẨU sang gia đình mới | Mẹ vắng nhà Ba là siêu nhân",VIDEO,UNCUT_EXTENDED,OFFICIAL_SHOW_CHANNEL,EPISODE,OFFICIAL_PLAYLIST_COLLECTION,ACCEPTED,ACCEPTED,2026-06-18T14:30:06.000Z,4594,482605,,,available,mMchsOQbKOWZc6eCA,https://www.youtube.com/watch?v=RPoz4iI069s
youtube,-pph2VsT8KY,https://www.youtube.com/watch?v=-pph2VsT8KY,MVNBLST,MVNBLST_S3,"Mẹ Vắng Nhà Ba Là Siêu Nhân 2026 - Tập 13 | Nami và Suli thi nhau cảm ơn ""bạn cây""",VIDEO,UNKNOWN,PRIMARY_BROADCASTER,EPISODE,OFFICIAL_PLAYLIST_COLLECTION,NEEDS_REVIEW,NEEDS_REVIEW,2026-07-09T04:00:22.000Z,171,3629,,,available,mMchsOQbKOWZc6eCA,https://www.youtube.com/watch?v=-pph2VsT8KY
youtube,MbBDow1Pyto,https://www.youtube.com/watch?v=MbBDow1Pyto,MVNBLST,MVNBLST_S3,Mẹ Vắng Nhà Ba Là Siêu Nhân | Tập 2: Vạn sự khởi đầu nan | Thành Trung chật vật trong ngày vắng vợ,VIDEO,UNKNOWN,OFFICIAL_SHOW_CHANNEL,EPISODE,OFFICIAL_PLAYLIST_COLLECTION,NEEDS_REVIEW,NEEDS_REVIEW,2023-05-19T14:30:09.000Z,2727,2440855,,,available,mMchsOQbKOWZc6eCA,https://www.youtube.com/watch?v=MbBDow1Pyto
youtube,cpBMX1iycsU,https://www.youtube.com/watch?v=cpBMX1iycsU,MVNBLST,MVNBLST_S3,"Ca khúc ""Mẹ Vắng Nhà - Ba Là Siêu Nhân"" & những kỷ niệm đẹp giữa Ba và Con trong 48 giờ vắng mẹ!!!",VIDEO,UNKNOWN,OFFICIAL_SHOW_CHANNEL,SEASON,OFFICIAL_PLAYLIST_COLLECTION,NEEDS_REVIEW,NEEDS_REVIEW,2022-06-20T01:01:00.000Z,99,104927,,,available,mMchsOQbKOWZc6eCA,https://www.youtube.com/watch?v=cpBMX1iycsU
youtube,QBwtnjKVZRI,https://www.youtube.com/watch?v=QBwtnjKVZRI,MVNBLST,MVNBLST_S3,[FULL] Ngày thứ 3 vắng mẹ của elm Pam 'trưởng thành' và ba Long l Mẹ Vắng Nhà Ba Là Siêu Nhân,VIDEO,UNKNOWN,OFFICIAL_SHOW_CHANNEL,SEASON,OFFICIAL_PLAYLIST_COLLECTION,NEEDS_REVIEW,NEEDS_REVIEW,2025-10-04T13:01:00.000Z,2052,13847,,,available,mMchsOQbKOWZc6eCA,https://www.youtube.com/watch?v=QBwtnjKVZRI
youtube,qzVYaJGcz0I,https://www.youtube.com/watch?v=qzVYaJGcz0I,MVNBLST,MVNBLST_S3,Mẹ Vắng Nhà Ba Là Siêu Nhân | Tập 4: Ba sẽ mãi bên con | 'Cưng xỉu' các nàng công chúa nhà Dương Lâm,VIDEO,UNKNOWN,OFFICIAL_SHOW_CHANNEL,EPISODE,OFFICIAL_PLAYLIST_COLLECTION,NEEDS_REVIEW,NEEDS_REVIEW,2023-06-02T14:30:09.000Z,2621,5335595,,,available,mMchsOQbKOWZc6eCA,https://www.youtube.com/watch?v=qzVYaJGcz0I
youtube,1dVhHTzFSK0,https://www.youtube.com/watch?v=1dVhHTzFSK0,MVNBLST,MVNBLST_S3,TẬP 7 UNCUT | Cam THI KHÓC với bố Cường; Ba Dương TUYỆT VỌNG toàn tập | Mẹ vắng nhà Ba là siêu nhân,VIDEO,UNCUT_EXTENDED,OFFICIAL_SHOW_CHANNEL,EPISODE,OFFICIAL_PLAYLIST_COLLECTION,ACCEPTED,ACCEPTED,2026-05-21T14:30:06.000Z,4383,766799,,,available,mMchsOQbKOWZc6eCA,https://www.youtube.com/watch?v=1dVhHTzFSK0
youtube,RLgSR4D1H9U,https://www.youtube.com/watch?v=RLgSR4D1H9U,MVNBLST,MVNBLST_S3,"Cue Cam, Nami Suli, Bona Boni QUẬY ĐỤC NƯỚC; Ken ĐIỂN TRAI GÂY SỐT | Mẹ Vắng Nhà Ba Là Siêu Nhân",VIDEO,UNKNOWN,OFFICIAL_SHOW_CHANNEL,SEASON,OFFICIAL_PLAYLIST_COLLECTION,NEEDS_REVIEW,NEEDS_REVIEW,2026-05-06T10:00:06.000Z,2026,53478,,,available,mMchsOQbKOWZc6eCA,https://www.youtube.com/watch?v=RLgSR4D1H9U
youtube,9dtlccDHhc4,https://www.youtube.com/watch?v=9dtlccDHhc4,MVNBLST,MVNBLST_S3,[FULL] Ngày thứ 4 vắng mẹ của elm Pam 'trưởng thành' và ba Long l Mẹ Vắng Nhà Ba Là Siêu Nhân,VIDEO,UNKNOWN,OFFICIAL_SHOW_CHANNEL,SEASON,OFFICIAL_PLAYLIST_COLLECTION,NEEDS_REVIEW,NEEDS_REVIEW,2025-10-10T13:00:18.000Z,4953,17447,,,available,mMchsOQbKOWZc6eCA,https://www.youtube.com/watch?v=9dtlccDHhc4
youtube,Xrpq7NENt3Y,https://www.youtube.com/watch?v=Xrpq7NENt3Y,MVNBLST,MVNBLST_S3,"TẬP 7 | Đậu trổ tài LÀM TOÁN, Dừa NHẬN NHẦM bố, Pam ôn lại KỶ NIỆM XƯA l Mẹ Vắng Nhà Ba Là Siêu Nhân",VIDEO,UNKNOWN,OFFICIAL_SHOW_CHANNEL,EPISODE,OFFICIAL_PLAYLIST_COLLECTION,NEEDS_REVIEW,NEEDS_REVIEW,2025-05-11T13:30:07.000Z,4296,2057880,,,available,mMchsOQbKOWZc6eCA,https://www.youtube.com/watch?v=Xrpq7NENt3Y
youtube,FiZQ5uUhMEc,https://www.youtube.com/watch?v=FiZQ5uUhMEc,MVNBLST,MVNBLST_S3,"TẬP 2 | Bún, Pam TIN LỜI 'SÓI'? Ba DươngLâm cùng 2 chị THỬ LÒNG KuPhin | Mẹ Vắng Nhà Ba Là Siêu Nhân",VIDEO,UNKNOWN,OFFICIAL_SHOW_CHANNEL,EPISODE,OFFICIAL_PLAYLIST_COLLECTION,NEEDS_REVIEW,NEEDS_REVIEW,2025-04-06T13:30:08.000Z,3674,2573624,,,available,mMchsOQbKOWZc6eCA,https://www.youtube.com/watch?v=FiZQ5uUhMEc
youtube,x_6QJS2rxgM,https://www.youtube.com/watch?v=x_6QJS2rxgM,MVNBLST,MVNBLST_S3,[Tổng hợp] Ngày đầu vắng mẹ của Pam & ba Long l Mẹ Vắng Nhà Ba Là Siêu Nhân,VIDEO,COMPILATION,OFFICIAL_SHOW_CHANNEL,SEASON,OFFICIAL_PLAYLIST_COLLECTION,ACCEPTED,ACCEPTED,2024-07-31T12:30:08.000Z,5233,539471,,,available,mMchsOQbKOWZc6eCA,https://www.youtube.com/watch?v=x_6QJS2rxgM
youtube,e1nq-h6uRJA,https://www.youtube.com/watch?v=e1nq-h6uRJA,MVNBLST,MVNBLST_S3,TẬP 10 UNCUT l Dàn sao nhí Mẹ Vắng Nhà Ba Là Siêu Nhân lên đường 'NHẬP NGŨ',VIDEO,UNCUT_EXTENDED,OFFICIAL_SHOW_CHANNEL,EPISODE,OFFICIAL_PLAYLIST_COLLECTION,ACCEPTED,ACCEPTED,2024-05-19T13:00:07.000Z,3552,2000858,,,available,mMchsOQbKOWZc6eCA,https://www.youtube.com/watch?v=e1nq-h6uRJA
youtube,Sqxmyl5BElw,https://www.youtube.com/watch?v=Sqxmyl5BElw,MVNBLST,MVNBLST_S3,"TẬP 1 | Đậu ân cần CHĂM SÓC Pam | MaBư, Minhee hướng nội XỊT KEO | Mẹ Vắng Nhà Ba Là Siêu Nhân",VIDEO,UNKNOWN,OFFICIAL_SHOW_CHANNEL,EPISODE,OFFICIAL_PLAYLIST_COLLECTION,NEEDS_REVIEW,NEEDS_REVIEW,2025-03-30T13:30:06.000Z,3423,2940927,,,available,mMchsOQbKOWZc6eCA,https://www.youtube.com/watch?v=Sqxmyl5BElw
youtube,n9RBP2AcvpI,https://www.youtube.com/watch?v=n9RBP2AcvpI,MVNBLST,MVNBLST_S4,"Tập 10 uncut | MinHee phát ngôn chấn động, Nami Suli Bona Boni hội ngộ | Mẹ vắng nhà Ba là siêu nhân",VIDEO,UNCUT_EXTENDED,OFFICIAL_SHOW_CHANNEL,EPISODE,OFFICIAL_PLAYLIST_COLLECTION,ACCEPTED,ACCEPTED,2026-06-11T14:30:06.000Z,4496,368261,,,available,Sp3XLaxMZhJUn7saF,https://www.youtube.com/watch?v=n9RBP2AcvpI
youtube,NF6sVrEp0VM,https://www.youtube.com/watch?v=NF6sVrEp0VM,MVNBLST,MVNBLST_S4,"TẬP 4 UNCUT | Nami Suli, Đăng Anh SỢ THẬT RỒI! Cam chăm cún 'ĐỐN TIM' | Mẹ vắng nhà Ba là siêu nhân",VIDEO,UNCUT_EXTENDED,OFFICIAL_SHOW_CHANNEL,EPISODE,OFFICIAL_PLAYLIST_COLLECTION,ACCEPTED,ACCEPTED,2026-04-30T14:30:06.000Z,4745,750523,,,available,Sp3XLaxMZhJUn7saF,https://www.youtube.com/watch?v=NF6sVrEp0VM
youtube,RYaLkq6BFFI,https://www.youtube.com/watch?v=RYaLkq6BFFI,MVNBLST,MVNBLST_S4,"Mẹ Vắng Nhà, Ba Là Siêu Nhân 4 | Tập 1 (30032025)",VIDEO,UNKNOWN,PRIMARY_BROADCASTER,EPISODE,OFFICIAL_PLAYLIST_COLLECTION,NEEDS_REVIEW,NEEDS_REVIEW,2025-03-31T04:17:25.000Z,3335,175524,,,available,Sp3XLaxMZhJUn7saF,https://www.youtube.com/watch?v=RYaLkq6BFFI
youtube,Kwq9s95_M90,https://www.youtube.com/watch?v=Kwq9s95_M90,MVNBLST,MVNBLST_S4,[TỔNG HỢP] FULL NGÀY THỨ 4 VĂNG MẸ của Nami Suli và ba Dương | MẸ VẮNG NHÀ BA LÀ SIÊU NHÂN,VIDEO,COMPILATION,OFFICIAL_SHOW_CHANNEL,SEASON,OFFICIAL_PLAYLIST_COLLECTION,ACCEPTED,ACCEPTED,2026-07-19T13:00:06.000Z,4506,140922,,,available,Sp3XLaxMZhJUn7saF,https://www.youtube.com/watch?v=Kwq9s95_M90
youtube,QJbwKQgAHec,https://www.youtube.com/watch?v=QJbwKQgAHec,MVNBLST,MVNBLST_S4,"[FULL] Ngày đầu vắng mẹ ĐẪM NƯỚC MẮT của chị em Nami, Suli và ba Dương | MẸ VẮNG NHÀ BA LÀ SIÊU NHÂN",VIDEO,UNKNOWN,OFFICIAL_SHOW_CHANNEL,SEASON,OFFICIAL_PLAYLIST_COLLECTION,NEEDS_REVIEW,NEEDS_REVIEW,2026-05-31T13:00:06.000Z,5087,707221,,,available,Sp3XLaxMZhJUn7saF,https://www.youtube.com/watch?v=QJbwKQgAHec
youtube,yoypyjngUJw,https://www.youtube.com/watch?v=yoypyjngUJw,MVNBLST,MVNBLST_S4,TẬP 4 UNCUT l Dừa vs Xoài đấu trận cầu kinh điển l Mẹ Vắng Nhà Ba Là Siêu Nhân,VIDEO,UNCUT_EXTENDED,OFFICIAL_SHOW_CHANNEL,EPISODE,OFFICIAL_PLAYLIST_COLLECTION,ACCEPTED,ACCEPTED,2024-04-07T13:00:07.000Z,4418,1961485,,,available,Sp3XLaxMZhJUn7saF,https://www.youtube.com/watch?v=yoypyjngUJw
youtube,erQuOIgwRrI,https://www.youtube.com/watch?v=erQuOIgwRrI,MVNBLST,MVNBLST_S4,"Mẹ Vắng Nhà, Ba Là Siêu Nhân 4 | Tập 3 (13/4/2025)",VIDEO,UNKNOWN,PRIMARY_BROADCASTER,EPISODE,OFFICIAL_PLAYLIST_COLLECTION,NEEDS_REVIEW,NEEDS_REVIEW,2025-04-13T13:30:35.000Z,3404,48002,,,available,Sp3XLaxMZhJUn7saF,https://www.youtube.com/watch?v=erQuOIgwRrI
youtube,e1nq-h6uRJA,https://www.youtube.com/watch?v=e1nq-h6uRJA,MVNBLST,MVNBLST_S4,TẬP 10 UNCUT l Dàn sao nhí Mẹ Vắng Nhà Ba Là Siêu Nhân lên đường 'NHẬP NGŨ',VIDEO,UNCUT_EXTENDED,OFFICIAL_SHOW_CHANNEL,EPISODE,OFFICIAL_PLAYLIST_COLLECTION,ACCEPTED,ACCEPTED,2024-05-19T13:00:07.000Z,3552,2000858,,,available,Sp3XLaxMZhJUn7saF,https://www.youtube.com/watch?v=e1nq-h6uRJA
youtube,qzVYaJGcz0I,https://www.youtube.com/watch?v=qzVYaJGcz0I,MVNBLST,MVNBLST_S4,Mẹ Vắng Nhà Ba Là Siêu Nhân | Tập 4: Ba sẽ mãi bên con | 'Cưng xỉu' các nàng công chúa nhà Dương Lâm,VIDEO,UNKNOWN,OFFICIAL_SHOW_CHANNEL,EPISODE,OFFICIAL_PLAYLIST_COLLECTION,NEEDS_REVIEW,NEEDS_REVIEW,2023-06-02T14:30:09.000Z,2621,5335595,,,available,Sp3XLaxMZhJUn7saF,https://www.youtube.com/watch?v=qzVYaJGcz0I
youtube,_rpnZCh6Puc,https://www.youtube.com/watch?v=_rpnZCh6Puc,MVNBLST,MVNBLST_S4,"Mẹ Vắng Nhà, Ba Là Siêu Nhân 4 | Tập 4 (20/4/2025)",VIDEO,UNKNOWN,PRIMARY_BROADCASTER,EPISODE,OFFICIAL_PLAYLIST_COLLECTION,NEEDS_REVIEW,NEEDS_REVIEW,2025-04-20T13:30:24.000Z,3368,22997,,,available,Sp3XLaxMZhJUn7saF,https://www.youtube.com/watch?v=_rpnZCh6Puc
youtube,9U8zWrmuF50,https://www.youtube.com/watch?v=9U8zWrmuF50,MVNBLST,MVNBLST_S4,TẬP 9 UNCUT | Nami Suli Cue Cam Ken Đăng Anh Kai HẠNH PHÚC đón mẹ về | Mẹ vắng nhà Ba là siêu nhân,VIDEO,UNCUT_EXTENDED,OFFICIAL_SHOW_CHANNEL,EPISODE,OFFICIAL_PLAYLIST_COLLECTION,ACCEPTED,ACCEPTED,2026-06-04T14:30:06.000Z,4866,599305,,,available,Sp3XLaxMZhJUn7saF,https://www.youtube.com/watch?v=9U8zWrmuF50
youtube,qGiAyvKI7c8,https://www.youtube.com/watch?v=qGiAyvKI7c8,MVNBLST,MVNBLST_S4,Mẹ vắng nhà Ba là siêu nhân 4 | Tập 6 | Đại chiến anh em nhà Bún - Đậu,VIDEO,UNKNOWN,PRIMARY_BROADCASTER,EPISODE,OFFICIAL_PLAYLIST_COLLECTION,NEEDS_REVIEW,NEEDS_REVIEW,2025-05-08T03:01:04.000Z,269,7401,,,available,Sp3XLaxMZhJUn7saF,https://www.youtube.com/watch?v=qGiAyvKI7c8
youtube,iWRx2pDCtHg,https://www.youtube.com/watch?v=iWRx2pDCtHg,MVNBLST,MVNBLST_S4,"4 gia đình Tuấn Hưng, Đăng Khôi, Mạnh Cường, Tuấn Dương quy tụ MẸ VẮNG NHÀ BA LÀ SIÊU NHÂN 2026",VIDEO,UNKNOWN,OFFICIAL_SHOW_CHANNEL,SEASON,OFFICIAL_PLAYLIST_COLLECTION,NEEDS_REVIEW,NEEDS_REVIEW,2026-04-04T13:30:57.000Z,124,36824,,,available,Sp3XLaxMZhJUn7saF,https://www.youtube.com/watch?v=iWRx2pDCtHg
youtube,fxzXPdTwY4A,https://www.youtube.com/watch?v=fxzXPdTwY4A,MVNBLST,MVNBLST_S4,"Mẹ Vắng Nhà, Ba Là Siêu Nhân 5 | Tập 9 (4/6/2026)",VIDEO,UNKNOWN,PRIMARY_BROADCASTER,EPISODE,OFFICIAL_PLAYLIST_COLLECTION,NEEDS_REVIEW,NEEDS_REVIEW,2026-06-04T15:00:16.000Z,3291,12800,,,available,Sp3XLaxMZhJUn7saF,https://www.youtube.com/watch?v=fxzXPdTwY4A
youtube,x92Ma0AO0uQ,https://www.youtube.com/watch?v=x92Ma0AO0uQ,MVNBLST,MVNBLST_S4,"TẬP 8 UNCUT l Mẹ Vắng Nhà Ba Là Siêu Nhân: Ba Long tung TUYỆT CHIÊU cho Pam ăn, Dừa ra mắt SIÊU PHẨM",VIDEO,UNCUT_EXTENDED,OFFICIAL_SHOW_CHANNEL,EPISODE,OFFICIAL_PLAYLIST_COLLECTION,ACCEPTED,ACCEPTED,2024-05-05T13:00:07.000Z,4815,1980527,,,available,Sp3XLaxMZhJUn7saF,https://www.youtube.com/watch?v=x92Ma0AO0uQ
youtube,ydU08HhBqHE,https://www.youtube.com/watch?v=ydU08HhBqHE,MVNBLST,MVNBLST_S4,"Mẹ Vắng Nhà, Ba Là Siêu Nhân 4 | Tập 13 (29/6/2025)",VIDEO,UNKNOWN,PRIMARY_BROADCASTER,EPISODE,OFFICIAL_PLAYLIST_COLLECTION,NEEDS_REVIEW,NEEDS_REVIEW,2025-06-29T13:31:00.000Z,3280,2042,,,available,Sp3XLaxMZhJUn7saF,https://www.youtube.com/watch?v=ydU08HhBqHE
youtube,P0AyphGK0gQ,https://www.youtube.com/watch?v=P0AyphGK0gQ,MVNBLST,MVNBLST_S4,Mẹ Vắng Nhà Ba Là Siêu Nhân | Tập 1: Siêu Nhân Tới Rồi! 'Té ngửa' với phản ứng của Lê Dương Bảo Lâm,VIDEO,UNKNOWN,OFFICIAL_SHOW_CHANNEL,EPISODE,OFFICIAL_PLAYLIST_COLLECTION,NEEDS_REVIEW,NEEDS_REVIEW,2023-05-12T14:30:07.000Z,3136,3755710,,,available,Sp3XLaxMZhJUn7saF,https://www.youtube.com/watch?v=P0AyphGK0gQ
youtube,_BDmHhg4610,https://www.youtube.com/watch?v=_BDmHhg4610,MVNBLST,MVNBLST_S4,"Mẹ Vắng Nhà, Ba Là Siêu Nhân 5 | Tập 11 (18/6/2026)",VIDEO,UNKNOWN,PRIMARY_BROADCASTER,EPISODE,OFFICIAL_PLAYLIST_COLLECTION,NEEDS_REVIEW,NEEDS_REVIEW,2026-06-18T15:00:08.000Z,3296,7408,,,available,Sp3XLaxMZhJUn7saF,https://www.youtube.com/watch?v=_BDmHhg4610
youtube,7zEhzQuHFcY,https://www.youtube.com/watch?v=7zEhzQuHFcY,MVNBLST,MVNBLST_S4,"TẬP 14 UNCUT | Nami lại MẮC BẪY người lạ, ba Dương ĐỨNG HÌNH | Mẹ vắng nhà Ba là siêu nhân 2026",VIDEO,UNCUT_EXTENDED,OFFICIAL_SHOW_CHANNEL,EPISODE,OFFICIAL_PLAYLIST_COLLECTION,ACCEPTED,ACCEPTED,2026-07-09T14:30:06.000Z,4491,663310,,,available,Sp3XLaxMZhJUn7saF,https://www.youtube.com/watch?v=7zEhzQuHFcY
youtube,NxQuB7BvDRQ,https://www.youtube.com/watch?v=NxQuB7BvDRQ,MVNBLST,MVNBLST_S4,OFFICIAL TRAILER | MẸ VẮNG NHÀ BA LÀ SIÊU NHÂN 2026 | 4 GIA ĐÌNH HOT HIT ĐỔ BỘ,VIDEO,TEASER_PREVIEW,OFFICIAL_SHOW_CHANNEL,SEASON,OFFICIAL_PLAYLIST_COLLECTION,ACCEPTED,ACCEPTED,2026-04-07T13:00:07.000Z,381,56642,,,available,Sp3XLaxMZhJUn7saF,https://www.youtube.com/watch?v=NxQuB7BvDRQ
youtube,Gkd9JQkhnAg,https://www.youtube.com/watch?v=Gkd9JQkhnAg,MVNBLST,MVNBLST_S4,"TẬP 17 UNCUT | Nami Suli ĐẠI CHIẾN SỔ ĐỎ; Bona, MinHee CĂNG THẲNG | Mẹ Vắng Nhà Ba Là Siêu Nhân 2026",VIDEO,UNCUT_EXTENDED,OFFICIAL_SHOW_CHANNEL,EPISODE,OFFICIAL_PLAYLIST_COLLECTION,ACCEPTED,ACCEPTED,2026-07-30T14:30:06.000Z,3465,461520,,,available,Sp3XLaxMZhJUn7saF,https://www.youtube.com/watch?v=Gkd9JQkhnAg
youtube,hdituMSIsGI,https://www.youtube.com/watch?v=hdituMSIsGI,MVNBLST,MVNBLST_S4,"Mẹ Vắng Nhà, Ba Là Siêu Nhân 5 | Tập 8 (28/5/2026)",VIDEO,UNKNOWN,PRIMARY_BROADCASTER,EPISODE,OFFICIAL_PLAYLIST_COLLECTION,NEEDS_REVIEW,NEEDS_REVIEW,2026-05-28T15:00:29.000Z,3346,14638,,,available,Sp3XLaxMZhJUn7saF,https://www.youtube.com/watch?v=hdituMSIsGI
youtube,htojrExq07w,https://www.youtube.com/watch?v=htojrExq07w,MVNBLST,MVNBLST_S4,"[Full] Nami GỌI NGƯỜI LẠ 'BA ƠI' NGỌT XỚT, ba Dương KHÓ VẼ NỤ CƯỜI |  MẸ VẮNG NHÀ BA LÀ SIÊU NHÂN",VIDEO,UNKNOWN,OFFICIAL_SHOW_CHANNEL,SEASON,OFFICIAL_PLAYLIST_COLLECTION,NEEDS_REVIEW,NEEDS_REVIEW,2026-05-22T13:00:34.000Z,564,163035,,,available,Sp3XLaxMZhJUn7saF,https://www.youtube.com/watch?v=htojrExq07w
youtube,QBwtnjKVZRI,https://www.youtube.com/watch?v=QBwtnjKVZRI,MVNBLST,MVNBLST_S4,[FULL] Ngày thứ 3 vắng mẹ của elm Pam 'trưởng thành' và ba Long l Mẹ Vắng Nhà Ba Là Siêu Nhân,VIDEO,UNKNOWN,OFFICIAL_SHOW_CHANNEL,SEASON,OFFICIAL_PLAYLIST_COLLECTION,NEEDS_REVIEW,NEEDS_REVIEW,2025-10-04T13:01:00.000Z,2052,13850,,,available,Sp3XLaxMZhJUn7saF,https://www.youtube.com/watch?v=QBwtnjKVZRI
youtube,yJBaBS7rGv8,https://www.youtube.com/watch?v=yJBaBS7rGv8,MVNBLST,MVNBLST_S4,Cô ve chai Võ Tấn Phát ĐỘT NHẬP bị Diễm - Dương Lâm BẮT TẠI TRẬN l Mẹ Vắng Nhà Ba Là Siêu Nhân,VIDEO,UNKNOWN,OFFICIAL_SHOW_CHANNEL,SEASON,OFFICIAL_PLAYLIST_COLLECTION,NEEDS_REVIEW,NEEDS_REVIEW,2025-05-19T11:01:28.000Z,406,977839,,,available,Sp3XLaxMZhJUn7saF,https://www.youtube.com/watch?v=yJBaBS7rGv8
youtube,KyFSpw7nJo0,https://www.youtube.com/watch?v=KyFSpw7nJo0,MVNBLST,MVNBLST_S4,"TẬP 6 | KuPhin, Dừa khóc NỨC NỞ; Bún Đậu ĐẠI CHIẾN; Dừa Đủ LẠC MẤT mèo l Mẹ Vắng Nhà Ba Là Siêu Nhân",VIDEO,UNKNOWN,OFFICIAL_SHOW_CHANNEL,EPISODE,OFFICIAL_PLAYLIST_COLLECTION,NEEDS_REVIEW,NEEDS_REVIEW,2025-05-04T13:30:08.000Z,3537,2594019,,,available,Sp3XLaxMZhJUn7saF,https://www.youtube.com/watch?v=KyFSpw7nJo0
youtube,e2HNy-md6-8,https://www.youtube.com/watch?v=e2HNy-md6-8,MVNBLST,MVNBLST_S4,Pam khóc nấc trong vòng tay ba Hải Long vì không muốn xa mẹ Salim | Mẹ Vắng Nhà Ba Là Siêu Nhân,VIDEO,UNKNOWN,OFFICIAL_SHOW_CHANNEL,SEASON,OFFICIAL_PLAYLIST_COLLECTION,NEEDS_REVIEW,NEEDS_REVIEW,2025-06-09T12:30:52.000Z,351,127593,,,available,Sp3XLaxMZhJUn7saF,https://www.youtube.com/watch?v=e2HNy-md6-8
youtube,xUfuXW0HlUA,https://www.youtube.com/watch?v=xUfuXW0HlUA,MVNBLST,MVNBLST_S4,"TẬP 1 I MẸ VẮNG NHÀ BA LÀ SIÊU NHÂN l Khắc Việt, JustaTee, Đức Thịnh, L. Thế Thành làm ""siêu nhân""",VIDEO,UNKNOWN,OFFICIAL_SHOW_CHANNEL,EPISODE,OFFICIAL_PLAYLIST_COLLECTION,NEEDS_REVIEW,NEEDS_REVIEW,2022-04-28T14:30:13.000Z,3148,2985612,,,available,Sp3XLaxMZhJUn7saF,https://www.youtube.com/watch?v=xUfuXW0HlUA
youtube,RLgSR4D1H9U,https://www.youtube.com/watch?v=RLgSR4D1H9U,MVNBLST,MVNBLST_S4,"Cue Cam, Nami Suli, Bona Boni QUẬY ĐỤC NƯỚC; Ken ĐIỂN TRAI GÂY SỐT | Mẹ Vắng Nhà Ba Là Siêu Nhân",VIDEO,UNKNOWN,OFFICIAL_SHOW_CHANNEL,SEASON,OFFICIAL_PLAYLIST_COLLECTION,NEEDS_REVIEW,NEEDS_REVIEW,2026-05-06T10:00:06.000Z,2026,53475,,,available,Sp3XLaxMZhJUn7saF,https://www.youtube.com/watch?v=RLgSR4D1H9U
youtube,cpBMX1iycsU,https://www.youtube.com/watch?v=cpBMX1iycsU,MVNBLST,MVNBLST_S4,"Ca khúc ""Mẹ Vắng Nhà - Ba Là Siêu Nhân"" & những kỷ niệm đẹp giữa Ba và Con trong 48 giờ vắng mẹ!!!",VIDEO,UNKNOWN,OFFICIAL_SHOW_CHANNEL,SEASON,OFFICIAL_PLAYLIST_COLLECTION,NEEDS_REVIEW,NEEDS_REVIEW,2022-06-20T01:01:00.000Z,99,104927,,,available,Sp3XLaxMZhJUn7saF,https://www.youtube.com/watch?v=cpBMX1iycsU
youtube,bjKBuI8JXRk,https://www.youtube.com/watch?v=bjKBuI8JXRk,MVNBLST,MVNBLST_S4,"Tập 1 uncut | Cue, Cam, Nami, Suli liên tục chí chóe | Mẹ vắng nhà Ba là siêu nhân 2026",VIDEO,UNCUT_EXTENDED,OFFICIAL_SHOW_CHANNEL,EPISODE,OFFICIAL_PLAYLIST_COLLECTION,ACCEPTED,ACCEPTED,2026-04-09T14:30:06.000Z,5413,1390599,,,available,Sp3XLaxMZhJUn7saF,https://www.youtube.com/watch?v=bjKBuI8JXRk
youtube,Q4RYT2viPIs,https://www.youtube.com/watch?v=Q4RYT2viPIs,MVNBLST,MVNBLST_S4,TẬP 13 UNCUT | Nami HẾT MÌNH ba Dương HẾT HỒN; Bona ghi điểm TUYỆT ĐỐI | Mẹ vắng nhà Ba là siêu nhân,VIDEO,UNCUT_EXTENDED,OFFICIAL_SHOW_CHANNEL,EPISODE,OFFICIAL_PLAYLIST_COLLECTION,ACCEPTED,ACCEPTED,2026-07-02T14:30:06.000Z,5128,525471,,,available,Sp3XLaxMZhJUn7saF,https://www.youtube.com/watch?v=Q4RYT2viPIs
youtube,4bsWGJ4C0fU,https://www.youtube.com/watch?v=4bsWGJ4C0fU,MVNBLST,MVNBLST_S4,"TẬP 8 | Dừa Đậu KHÓC THẢM; Pam TÁI HIỆN LỊCH SỬ, BảoNhi RA DÁNG chị hai| Mẹ Vắng Nhà Ba Là Siêu Nhân",VIDEO,UNKNOWN,OFFICIAL_SHOW_CHANNEL,EPISODE,OFFICIAL_PLAYLIST_COLLECTION,NEEDS_REVIEW,NEEDS_REVIEW,2025-05-18T13:30:07.000Z,4312,2455154,,,available,Sp3XLaxMZhJUn7saF,https://www.youtube.com/watch?v=4bsWGJ4C0fU
youtube,PuxXAVvZR3o,https://www.youtube.com/watch?v=PuxXAVvZR3o,MVNBLST,MVNBLST_S4,Mẹ Vắng Nhà Ba Là Siêu Nhân 2026 - Tập 2 | Nami - Suli phá tan hoang căn bếp ba Tuấn Dương,VIDEO,UNKNOWN,PRIMARY_BROADCASTER,EPISODE,OFFICIAL_PLAYLIST_COLLECTION,NEEDS_REVIEW,NEEDS_REVIEW,2026-04-25T08:00:34.000Z,397,43199,,,available,Sp3XLaxMZhJUn7saF,https://www.youtube.com/watch?v=PuxXAVvZR3o
youtube,YEweFm_4jE0,https://www.youtube.com/watch?v=YEweFm_4jE0,MVNBLST,MVNBLST_S4,[FULL] Ngày 2 vắng mẹ: Nami Suli Bona Boni và chuyến dã ngoại SÓNG GIÓ | MẸ VẮNG NHÀ BA LÀ SIÊU NHÂN,VIDEO,UNKNOWN,OFFICIAL_SHOW_CHANNEL,SEASON,OFFICIAL_PLAYLIST_COLLECTION,NEEDS_REVIEW,NEEDS_REVIEW,2026-06-07T13:00:17.000Z,3193,158676,,,available,Sp3XLaxMZhJUn7saF,https://www.youtube.com/watch?v=YEweFm_4jE0
youtube,hualBne3jsg,https://www.youtube.com/watch?v=hualBne3jsg,MVNBLST,MVNBLST_S4,"Mẹ Vắng Nhà Ba Là Siêu Nhân 2026-Tập 13 | Chưa thấy kẹo đâu mà đã thấy nhà ba Dương rủ nhau ""ăn đất""",VIDEO,UNKNOWN,PRIMARY_BROADCASTER,EPISODE,OFFICIAL_PLAYLIST_COLLECTION,NEEDS_REVIEW,NEEDS_REVIEW,2026-07-08T04:00:32.000Z,295,4222,,,available,Sp3XLaxMZhJUn7saF,https://www.youtube.com/watch?v=hualBne3jsg
youtube,LY_ZV3zxQGo,https://www.youtube.com/watch?v=LY_ZV3zxQGo,MVNBLST,MVNBLST_S4,[FULL] Ngày thứ 3 vắng mẹ của Nami Suli: Mi XIN LỖI Su nha! | MẸ VẮNG NHÀ BA LÀ SIÊU NHÂN 2026,VIDEO,UNKNOWN,OFFICIAL_SHOW_CHANNEL,SEASON,OFFICIAL_PLAYLIST_COLLECTION,NEEDS_REVIEW,NEEDS_REVIEW,2026-06-14T04:00:06.000Z,2996,319844,,,available,Sp3XLaxMZhJUn7saF,https://www.youtube.com/watch?v=LY_ZV3zxQGo
youtube,9dtlccDHhc4,https://www.youtube.com/watch?v=9dtlccDHhc4,MVNBLST,MVNBLST_S4,[FULL] Ngày thứ 4 vắng mẹ của elm Pam 'trưởng thành' và ba Long l Mẹ Vắng Nhà Ba Là Siêu Nhân,VIDEO,UNKNOWN,OFFICIAL_SHOW_CHANNEL,SEASON,OFFICIAL_PLAYLIST_COLLECTION,NEEDS_REVIEW,NEEDS_REVIEW,2025-10-10T13:00:18.000Z,4953,17447,,,available,Sp3XLaxMZhJUn7saF,https://www.youtube.com/watch?v=9dtlccDHhc4
youtube,HZOiGxC1viw,https://www.youtube.com/watch?v=HZOiGxC1viw,MVNBLST,MVNBLST_S4,Mẹ Vắng Nhà Ba Là Siêu Nhân 4| Tập 1 |Tài vẽ tranh của nhà ba Lâm khiến thầy vô cùng ngỡ ngàng,VIDEO,UNKNOWN,PRIMARY_BROADCASTER,EPISODE,OFFICIAL_PLAYLIST_COLLECTION,NEEDS_REVIEW,NEEDS_REVIEW,2025-04-02T03:30:10.000Z,287,104169,,,available,Sp3XLaxMZhJUn7saF,https://www.youtube.com/watch?v=HZOiGxC1viw
youtube,R1RSoQSHwoY,https://www.youtube.com/watch?v=R1RSoQSHwoY,MVNBLST,MVNBLST_S4,"TẬP 18 UNCUT | Nami Suli, Bona Boni, MinHee, Su Hào Sâm Son đón mẹ về | MẸ VẮNG NHÀ BA LÀ SIÊU NHÂN",VIDEO,UNCUT_EXTENDED,OFFICIAL_SHOW_CHANNEL,EPISODE,OFFICIAL_PLAYLIST_COLLECTION,ACCEPTED,ACCEPTED,2026-08-06T14:30:06.000Z,3757,96854,,,available,Sp3XLaxMZhJUn7saF,https://www.youtube.com/watch?v=R1RSoQSHwoY
youtube,nFfF5elyVWM,https://www.youtube.com/watch?v=nFfF5elyVWM,MVNBLST,MVNBLST_S4,"Mẹ Vắng Nhà, Ba Là Siêu Nhân 5 | Tập 6 (14/5/2026)",VIDEO,UNKNOWN,PRIMARY_BROADCASTER,EPISODE,OFFICIAL_PLAYLIST_COLLECTION,NEEDS_REVIEW,NEEDS_REVIEW,2026-05-14T15:01:16.000Z,3372,49548,,,available,Sp3XLaxMZhJUn7saF,https://www.youtube.com/watch?v=nFfF5elyVWM
youtube,M125mqGOrew,https://www.youtube.com/watch?v=M125mqGOrew,MVNBLST,MVNBLST_S4,"XEM TRƯỚC TẬP 1 l Nami QUÁT Suli, Cam KHÓC THÉT vì Cue | MẸ VẮNG NHÀ BA LÀ SIÊU NHÂN 2026",VIDEO,TEASER_PREVIEW,OFFICIAL_SHOW_CHANNEL,EPISODE,OFFICIAL_PLAYLIST_COLLECTION,ACCEPTED,ACCEPTED,2026-04-09T12:44:57.000Z,285,113122,,,available,Sp3XLaxMZhJUn7saF,https://www.youtube.com/watch?v=M125mqGOrew
youtube,NVklplTUoOk,https://www.youtube.com/watch?v=NVklplTUoOk,MVNBLST,MVNBLST_S5,"Mẹ Vắng Nhà, Ba Là Siêu Nhân 5 | Tập 15 (16/7/2026)",VIDEO,UNKNOWN,PRIMARY_BROADCASTER,EPISODE,OFFICIAL_PLAYLIST_COLLECTION,NEEDS_REVIEW,NEEDS_REVIEW,2026-07-16T15:00:36.000Z,3271,5209,,,available,KrhZPl2oEhDQTEvQ7,https://www.youtube.com/watch?v=NVklplTUoOk
youtube,NxQuB7BvDRQ,https://www.youtube.com/watch?v=NxQuB7BvDRQ,MVNBLST,MVNBLST_S5,OFFICIAL TRAILER | MẸ VẮNG NHÀ BA LÀ SIÊU NHÂN 2026 | 4 GIA ĐÌNH HOT HIT ĐỔ BỘ,VIDEO,TEASER_PREVIEW,OFFICIAL_SHOW_CHANNEL,SEASON,OFFICIAL_PLAYLIST_COLLECTION,ACCEPTED,ACCEPTED,2026-04-07T13:00:07.000Z,381,56642,,,available,KrhZPl2oEhDQTEvQ7,https://www.youtube.com/watch?v=NxQuB7BvDRQ
youtube,Vw0XPXf0CJQ,https://www.youtube.com/watch?v=Vw0XPXf0CJQ,MVNBLST,MVNBLST_S5,Mẹ Vắng Nhà Ba Là Siêu Nhân 2026-Tập 12 | Chị hai Nami thể hiện gu phối đồ cực “xì tai” cho em Suli,VIDEO,UNKNOWN,PRIMARY_BROADCASTER,EPISODE,OFFICIAL_PLAYLIST_COLLECTION,NEEDS_REVIEW,NEEDS_REVIEW,2026-07-02T04:00:30.000Z,214,2449,,,available,KrhZPl2oEhDQTEvQ7,https://www.youtube.com/watch?v=Vw0XPXf0CJQ
youtube,izNMccqturw,https://www.youtube.com/watch?v=izNMccqturw,MVNBLST,MVNBLST_S5,"Mẹ Vắng Nhà, Ba Là Siêu Nhân | Recap 2 (2/4/2026)",VIDEO,RECAP,PRIMARY_BROADCASTER,SEASON,OFFICIAL_PLAYLIST_COLLECTION,ACCEPTED,ACCEPTED,2026-04-02T15:01:12.000Z,2883,5474,,,available,KrhZPl2oEhDQTEvQ7,https://www.youtube.com/watch?v=izNMccqturw
youtube,ZcuAvCXUZhE,https://www.youtube.com/watch?v=ZcuAvCXUZhE,MVNBLST,MVNBLST_S5,Mẹ Vắng Nhà Ba Là Siêu Nhân 2026 - Tập 1 | Bố con Đăng Khôi mừng rỡ khi mẹ Thủy Anh vắng nhà,VIDEO,UNKNOWN,PRIMARY_BROADCASTER,EPISODE,OFFICIAL_PLAYLIST_COLLECTION,NEEDS_REVIEW,NEEDS_REVIEW,2026-04-17T04:00:42.000Z,350,2564,,,available,KrhZPl2oEhDQTEvQ7,https://www.youtube.com/watch?v=ZcuAvCXUZhE
youtube,5X3-IYubPuI,https://www.youtube.com/watch?v=5X3-IYubPuI,MVNBLST,MVNBLST_S5,Mẹ Vắng Nhà Ba Là Siêu Nhân 2026 - Tập 8 | Bố Cường xúc độngtrước bữa ăn tuổi thơ của mẹ,VIDEO,UNKNOWN,PRIMARY_BROADCASTER,EPISODE,OFFICIAL_PLAYLIST_COLLECTION,NEEDS_REVIEW,NEEDS_REVIEW,2026-06-03T04:00:05.000Z,315,4396,,,available,KrhZPl2oEhDQTEvQ7,https://www.youtube.com/watch?v=5X3-IYubPuI
youtube,r2tWzp0Yu58,https://www.youtube.com/watch?v=r2tWzp0Yu58,MVNBLST,MVNBLST_S5,Mẹ Vắng Nhà Ba Là Siêu Nhân 2026 - Tập 1 | Một sáng yên bình cùng bố con Tuấn Hưng,VIDEO,UNKNOWN,PRIMARY_BROADCASTER,EPISODE,OFFICIAL_PLAYLIST_COLLECTION,NEEDS_REVIEW,NEEDS_REVIEW,2026-04-16T04:00:48.000Z,274,1580,,,available,KrhZPl2oEhDQTEvQ7,https://www.youtube.com/watch?v=r2tWzp0Yu58
youtube,RPoz4iI069s,https://www.youtube.com/watch?v=RPoz4iI069s,MVNBLST,MVNBLST_S5,"TẬP 11 UNCUT | Nami, Suli, Ken... CHUYỂN HỘ KHẨU sang gia đình mới | Mẹ vắng nhà Ba là siêu nhân",VIDEO,UNCUT_EXTENDED,OFFICIAL_SHOW_CHANNEL,EPISODE,OFFICIAL_PLAYLIST_COLLECTION,ACCEPTED,ACCEPTED,2026-06-18T14:30:06.000Z,4594,483090,,,available,KrhZPl2oEhDQTEvQ7,https://www.youtube.com/watch?v=RPoz4iI069s
youtube,MuhQEIKehno,https://www.youtube.com/watch?v=MuhQEIKehno,MVNBLST,MVNBLST_S5,[FULL] CƯỜI BỂ BỤNG: Nami Suli ĐOÁN VỊ ĐỒ UỐNG CỰC HÀI | MẸ VẮNG NHÀ BA LÀ SIÊU NHÂN 2026,VIDEO,UNKNOWN,OFFICIAL_SHOW_CHANNEL,SEASON,OFFICIAL_PLAYLIST_COLLECTION,NEEDS_REVIEW,NEEDS_REVIEW,2026-07-25T13:00:29.000Z,281,29432,,,available,KrhZPl2oEhDQTEvQ7,https://www.youtube.com/watch?v=MuhQEIKehno
youtube,WFoPK8WO4_A,https://www.youtube.com/watch?v=WFoPK8WO4_A,MVNBLST,MVNBLST_S5,Mẹ Vắng Nhà Ba Là Siêu Nhân 2026 - Tập 8 | Giải cứu Đăng Anh khỏi bố Đăng Khôi và em Kai,VIDEO,UNKNOWN,PRIMARY_BROADCASTER,EPISODE,OFFICIAL_PLAYLIST_COLLECTION,NEEDS_REVIEW,NEEDS_REVIEW,2026-06-02T04:00:26.000Z,203,2598,,,available,KrhZPl2oEhDQTEvQ7,https://www.youtube.com/watch?v=WFoPK8WO4_A
youtube,LB7GwU8rmEQ,https://www.youtube.com/watch?v=LB7GwU8rmEQ,MVNBLST,MVNBLST_S5,Mẹ Vắng Nhà Ba Là Siêu Nhân 2026 - Tập 8 | Hôm nay Nami ngoan ngoãn nghe lời da Dương dặn,VIDEO,UNKNOWN,PRIMARY_BROADCASTER,EPISODE,OFFICIAL_PLAYLIST_COLLECTION,NEEDS_REVIEW,NEEDS_REVIEW,2026-06-01T11:00:28.000Z,243,10944,,,available,KrhZPl2oEhDQTEvQ7,https://www.youtube.com/watch?v=LB7GwU8rmEQ
youtube,auqe4NRQdXQ,https://www.youtube.com/watch?v=auqe4NRQdXQ,MVNBLST,MVNBLST_S5,"[Full] Nami BẮN TIẾNG ANH ĐẲNG CẤP, Suli THOẠI CHẤN ĐỘNG | MẸ VẮNG NHÀ BA LÀ SIÊU NHÂN 2026",VIDEO,UNKNOWN,OFFICIAL_SHOW_CHANNEL,SEASON,OFFICIAL_PLAYLIST_COLLECTION,NEEDS_REVIEW,NEEDS_REVIEW,2026-08-01T13:00:36.000Z,363,48778,,,available,KrhZPl2oEhDQTEvQ7,https://www.youtube.com/watch?v=auqe4NRQdXQ
youtube,TTUPhMx9Z_8,https://www.youtube.com/watch?v=TTUPhMx9Z_8,MVNBLST,MVNBLST_S5,Đăng Khôi kể chuyện SỢ bố mẹ vợ VÀ CÁI KẾT! | ĐỒNG HÀNH MẸ VẮNG NHÀ BA LÀ SIÊU NHÂN 2026,VIDEO,UNKNOWN,OFFICIAL_SHOW_CHANNEL,SEASON,OFFICIAL_PLAYLIST_COLLECTION,NEEDS_REVIEW,NEEDS_REVIEW,2026-06-17T04:00:22.000Z,447,6730,,,available,KrhZPl2oEhDQTEvQ7,https://www.youtube.com/watch?v=TTUPhMx9Z_8
youtube,s5l2P75FW04,https://www.youtube.com/watch?v=s5l2P75FW04,MVNBLST,MVNBLST_S5,Toàn cảnh bữa sáng ồn ào của 3 ba con Tuấn Dương - Nami - Suli | MẸ VẮNG NHÀ BA LÀ SIÊU NHÂN 2026,VIDEO,UNKNOWN,OFFICIAL_SHOW_CHANNEL,SEASON,OFFICIAL_PLAYLIST_COLLECTION,NEEDS_REVIEW,NEEDS_REVIEW,2026-04-10T13:01:43.000Z,569,516164,,,available,KrhZPl2oEhDQTEvQ7,https://www.youtube.com/watch?v=s5l2P75FW04
youtube,CsINXtEAbaI,https://www.youtube.com/watch?v=CsINXtEAbaI,MVNBLST,MVNBLST_S5,"TẬP 15 UNCUT | Mi Su học YOGA ZUI ZẺ, Bona HOẢNG SỢ vì nói dối mẹ Nhân | Mẹ vắng nhà Ba là siêu nhân",VIDEO,UNCUT_EXTENDED,OFFICIAL_SHOW_CHANNEL,EPISODE,OFFICIAL_PLAYLIST_COLLECTION,ACCEPTED,ACCEPTED,2026-07-16T14:30:06.000Z,4315,516853,,,available,KrhZPl2oEhDQTEvQ7,https://www.youtube.com/watch?v=CsINXtEAbaI
youtube,Sqxmyl5BElw,https://www.youtube.com/watch?v=Sqxmyl5BElw,MVNBLST,MVNBLST_S5,"TẬP 1 | Đậu ân cần CHĂM SÓC Pam | MaBư, Minhee hướng nội XỊT KEO | Mẹ Vắng Nhà Ba Là Siêu Nhân",VIDEO,UNKNOWN,OFFICIAL_SHOW_CHANNEL,EPISODE,OFFICIAL_PLAYLIST_COLLECTION,NEEDS_REVIEW,NEEDS_REVIEW,2025-03-30T13:30:06.000Z,3423,2940928,,,available,KrhZPl2oEhDQTEvQ7,https://www.youtube.com/watch?v=Sqxmyl5BElw
youtube,jVhuYG-TVV8,https://www.youtube.com/watch?v=jVhuYG-TVV8,MVNBLST,MVNBLST_S5,[HẬU TRƯỜNG] Tuấn Dương Lucie HẸN GẢ Nami Suli cho con trai Đăng Khôi | MẸ VẮNG NHÀ BA LÀ SIÊU NHÂN,VIDEO,BEHIND_THE_SCENES,OFFICIAL_SHOW_CHANNEL,SEASON,OFFICIAL_PLAYLIST_COLLECTION,ACCEPTED,ACCEPTED,2026-06-18T04:00:46.000Z,208,48544,,,available,KrhZPl2oEhDQTEvQ7,https://www.youtube.com/watch?v=jVhuYG-TVV8
youtube,HZOiGxC1viw,https://www.youtube.com/watch?v=HZOiGxC1viw,MVNBLST,MVNBLST_S5,Mẹ Vắng Nhà Ba Là Siêu Nhân 4| Tập 1 |Tài vẽ tranh của nhà ba Lâm khiến thầy vô cùng ngỡ ngàng,VIDEO,UNKNOWN,PRIMARY_BROADCASTER,EPISODE,OFFICIAL_PLAYLIST_COLLECTION,NEEDS_REVIEW,NEEDS_REVIEW,2025-04-02T03:30:10.000Z,287,104169,,,available,KrhZPl2oEhDQTEvQ7,https://www.youtube.com/watch?v=HZOiGxC1viw
youtube,utMD3Os5Z0c,https://www.youtube.com/watch?v=utMD3Os5Z0c,MVNBLST,MVNBLST_S5,SỰ LỢI HẠI của hai 'SIÊU ĐIỆP VIÊN' Nami & Suli | MẸ VẮNG NHÀ BA LÀ SIÊU NHÂN 2026,VIDEO,UNKNOWN,OFFICIAL_SHOW_CHANNEL,SEASON,OFFICIAL_PLAYLIST_COLLECTION,NEEDS_REVIEW,NEEDS_REVIEW,2026-06-21T13:00:21.000Z,420,18656,,,available,KrhZPl2oEhDQTEvQ7,https://www.youtube.com/watch?v=utMD3Os5Z0c
youtube,-wjyaKjtXeg,https://www.youtube.com/watch?v=-wjyaKjtXeg,MVNBLST,MVNBLST_S5,CƯỜI TÉ GHẾ khi Su Hào và Son chơi nối từ | HẬU TRƯỜNG MẸ VẮNG NHÀ BA LÀ SIÊU NHÂN 2026,VIDEO,BEHIND_THE_SCENES,OFFICIAL_SHOW_CHANNEL,SEASON,OFFICIAL_PLAYLIST_COLLECTION,ACCEPTED,ACCEPTED,2026-04-16T03:00:00.000Z,95,2187,,,available,KrhZPl2oEhDQTEvQ7,https://www.youtube.com/watch?v=-wjyaKjtXeg
youtube,PuxXAVvZR3o,https://www.youtube.com/watch?v=PuxXAVvZR3o,MVNBLST,MVNBLST_S5,Mẹ Vắng Nhà Ba Là Siêu Nhân 2026 - Tập 2 | Nami - Suli phá tan hoang căn bếp ba Tuấn Dương,VIDEO,UNKNOWN,PRIMARY_BROADCASTER,EPISODE,OFFICIAL_PLAYLIST_COLLECTION,NEEDS_REVIEW,NEEDS_REVIEW,2026-04-25T08:00:34.000Z,397,43193,,,available,KrhZPl2oEhDQTEvQ7,https://www.youtube.com/watch?v=PuxXAVvZR3o
youtube,-pph2VsT8KY,https://www.youtube.com/watch?v=-pph2VsT8KY,MVNBLST,MVNBLST_S5,"Mẹ Vắng Nhà Ba Là Siêu Nhân 2026 - Tập 13 | Nami và Suli thi nhau cảm ơn ""bạn cây""",VIDEO,UNKNOWN,PRIMARY_BROADCASTER,EPISODE,OFFICIAL_PLAYLIST_COLLECTION,NEEDS_REVIEW,NEEDS_REVIEW,2026-07-09T04:00:22.000Z,171,3629,,,available,KrhZPl2oEhDQTEvQ7,https://www.youtube.com/watch?v=-pph2VsT8KY
youtube,KhLBJny21Qk,https://www.youtube.com/watch?v=KhLBJny21Qk,MVNBLST,MVNBLST_S5,Mẹ Vắng Nhà Ba Là Siêu Nhân 2026 - Tập 11 | Màn chọn hoa toát mồ hôi của các bố,VIDEO,UNKNOWN,PRIMARY_BROADCASTER,EPISODE,OFFICIAL_PLAYLIST_COLLECTION,NEEDS_REVIEW,NEEDS_REVIEW,2026-06-21T04:00:20.000Z,303,679,,,available,KrhZPl2oEhDQTEvQ7,https://www.youtube.com/watch?v=KhLBJny21Qk
youtube,hVwUfXMXXFU,https://www.youtube.com/watch?v=hVwUfXMXXFU,MVNBLST,MVNBLST_S5,"Mẹ Vắng Nhà Ba Là Siêu Nhân 2026 - Tập 1| Các con lần đầu đi chợ, bố Tuấn Hưng dọn dẹp trong lo lắng",VIDEO,UNKNOWN,PRIMARY_BROADCASTER,EPISODE,OFFICIAL_PLAYLIST_COLLECTION,NEEDS_REVIEW,NEEDS_REVIEW,2026-04-16T07:00:37.000Z,418,1389,,,available,KrhZPl2oEhDQTEvQ7,https://www.youtube.com/watch?v=hVwUfXMXXFU
youtube,9U8zWrmuF50,https://www.youtube.com/watch?v=9U8zWrmuF50,MVNBLST,MVNBLST_S5,TẬP 9 UNCUT | Nami Suli Cue Cam Ken Đăng Anh Kai HẠNH PHÚC đón mẹ về | Mẹ vắng nhà Ba là siêu nhân,VIDEO,UNCUT_EXTENDED,OFFICIAL_SHOW_CHANNEL,EPISODE,OFFICIAL_PLAYLIST_COLLECTION,ACCEPTED,ACCEPTED,2026-06-04T14:30:06.000Z,4866,599305,,,available,KrhZPl2oEhDQTEvQ7,https://www.youtube.com/watch?v=9U8zWrmuF50
youtube,HIFVrg-3Yt4,https://www.youtube.com/watch?v=HIFVrg-3Yt4,MVNBLST,MVNBLST_S5,Dàn nhóc tì KHÓC THÉT khi gặp Phú ông l Mẹ Vắng Nhà Ba Là Siêu Nhân,VIDEO,UNKNOWN,OFFICIAL_SHOW_CHANNEL,SEASON,OFFICIAL_PLAYLIST_COLLECTION,NEEDS_REVIEW,NEEDS_REVIEW,2024-06-17T13:00:13.000Z,432,166131,,,available,KrhZPl2oEhDQTEvQ7,https://www.youtube.com/watch?v=HIFVrg-3Yt4
youtube,Gkd9JQkhnAg,https://www.youtube.com/watch?v=Gkd9JQkhnAg,MVNBLST,MVNBLST_S5,"TẬP 17 UNCUT | Nami Suli ĐẠI CHIẾN SỔ ĐỎ; Bona, MinHee CĂNG THẲNG | Mẹ Vắng Nhà Ba Là Siêu Nhân 2026",VIDEO,UNCUT_EXTENDED,OFFICIAL_SHOW_CHANNEL,EPISODE,OFFICIAL_PLAYLIST_COLLECTION,NEEDS_REVIEW,CANONICAL_OVERLAP,2026-07-30T14:30:06.000Z,3465,462110,,,available,KrhZPl2oEhDQTEvQ7,https://www.youtube.com/watch?v=Gkd9JQkhnAg
youtube,AQk--_LVzgo,https://www.youtube.com/watch?v=AQk--_LVzgo,MVNBLST,MVNBLST_S5,Mẹ Vắng Nhà Ba Là Siêu Nhân 2026 - Tập 1 | Bữa sáng đầy bất ổn của nhà Mom Dương,VIDEO,UNKNOWN,PRIMARY_BROADCASTER,EPISODE,OFFICIAL_PLAYLIST_COLLECTION,NEEDS_REVIEW,NEEDS_REVIEW,2026-04-15T04:00:17.000Z,298,23362,,,available,KrhZPl2oEhDQTEvQ7,https://www.youtube.com/watch?v=AQk--_LVzgo
youtube,KWH8rGUxq70,https://www.youtube.com/watch?v=KWH8rGUxq70,MVNBLST,MVNBLST_S5,Khui loạt BÍ MẬT CHẤN ĐỘNG của vợ chồng Gia Đình Truyền Hình | ĐỒNG HÀNH MẸ VẮNG NHÀ BA LÀ SIÊU NHÂN,VIDEO,UNKNOWN,OFFICIAL_SHOW_CHANNEL,SEASON,OFFICIAL_PLAYLIST_COLLECTION,NEEDS_REVIEW,NEEDS_REVIEW,2026-04-29T13:00:06.000Z,583,35592,,,available,KrhZPl2oEhDQTEvQ7,https://www.youtube.com/watch?v=KWH8rGUxq70
youtube,hualBne3jsg,https://www.youtube.com/watch?v=hualBne3jsg,MVNBLST,MVNBLST_S5,"Mẹ Vắng Nhà Ba Là Siêu Nhân 2026-Tập 13 | Chưa thấy kẹo đâu mà đã thấy nhà ba Dương rủ nhau ""ăn đất""",VIDEO,UNKNOWN,PRIMARY_BROADCASTER,EPISODE,OFFICIAL_PLAYLIST_COLLECTION,NEEDS_REVIEW,NEEDS_REVIEW,2026-07-08T04:00:32.000Z,295,4222,,,available,KrhZPl2oEhDQTEvQ7,https://www.youtube.com/watch?v=hualBne3jsg
youtube,Kwq9s95_M90,https://www.youtube.com/watch?v=Kwq9s95_M90,MVNBLST,MVNBLST_S5,[TỔNG HỢP] FULL NGÀY THỨ 4 VĂNG MẸ của Nami Suli và ba Dương | MẸ VẮNG NHÀ BA LÀ SIÊU NHÂN,VIDEO,COMPILATION,OFFICIAL_SHOW_CHANNEL,SEASON,OFFICIAL_PLAYLIST_COLLECTION,ACCEPTED,ACCEPTED,2026-07-19T13:00:06.000Z,4506,140922,,,available,KrhZPl2oEhDQTEvQ7,https://www.youtube.com/watch?v=Kwq9s95_M90
youtube,6tHBl7w17-k,https://www.youtube.com/watch?v=6tHBl7w17-k,MVNBLST,MVNBLST_S5,[TỔNG HỢP] Cue Cam và những bữa ăn VUI NHỘN | MẸ VẮNG NHÀ BA LÀ SIÊU NHÂN,VIDEO,COMPILATION,OFFICIAL_SHOW_CHANNEL,SEASON,OFFICIAL_PLAYLIST_COLLECTION,ACCEPTED,ACCEPTED,2026-06-15T04:00:06.000Z,1594,57914,,,available,KrhZPl2oEhDQTEvQ7,https://www.youtube.com/watch?v=6tHBl7w17-k
youtube,iWRx2pDCtHg,https://www.youtube.com/watch?v=iWRx2pDCtHg,MVNBLST,MVNBLST_S5,"4 gia đình Tuấn Hưng, Đăng Khôi, Mạnh Cường, Tuấn Dương quy tụ MẸ VẮNG NHÀ BA LÀ SIÊU NHÂN 2026",VIDEO,UNKNOWN,OFFICIAL_SHOW_CHANNEL,SEASON,OFFICIAL_PLAYLIST_COLLECTION,NEEDS_REVIEW,NEEDS_REVIEW,2026-04-04T13:30:57.000Z,124,36824,,,available,KrhZPl2oEhDQTEvQ7,https://www.youtube.com/watch?v=iWRx2pDCtHg
youtube,7zEhzQuHFcY,https://www.youtube.com/watch?v=7zEhzQuHFcY,MVNBLST,MVNBLST_S5,"TẬP 14 UNCUT | Nami lại MẮC BẪY người lạ, ba Dương ĐỨNG HÌNH | Mẹ vắng nhà Ba là siêu nhân 2026",VIDEO,UNCUT_EXTENDED,OFFICIAL_SHOW_CHANNEL,EPISODE,OFFICIAL_PLAYLIST_COLLECTION,ACCEPTED,ACCEPTED,2026-07-09T14:30:06.000Z,4491,663426,,,available,KrhZPl2oEhDQTEvQ7,https://www.youtube.com/watch?v=7zEhzQuHFcY
youtube,R1RSoQSHwoY,https://www.youtube.com/watch?v=R1RSoQSHwoY,MVNBLST,MVNBLST_S5,"TẬP 18 UNCUT | Nami Suli, Bona Boni, MinHee, Su Hào Sâm Son đón mẹ về | MẸ VẮNG NHÀ BA LÀ SIÊU NHÂN",VIDEO,UNCUT_EXTENDED,OFFICIAL_SHOW_CHANNEL,EPISODE,OFFICIAL_PLAYLIST_COLLECTION,ACCEPTED,ACCEPTED,2026-08-06T14:30:06.000Z,3757,96854,,,available,KrhZPl2oEhDQTEvQ7,https://www.youtube.com/watch?v=R1RSoQSHwoY
youtube,bHi6kaIQ7eQ,https://www.youtube.com/watch?v=bHi6kaIQ7eQ,MVNBLST,MVNBLST_S5,"Nami Suli TỎA MÙI 'KIM CHI', ba Tuấn Dương tung BÍ KÍP XỊN XÒ! | MẸ VẮNG NHÀ BA LÀ SIÊU NHÂN 2026",VIDEO,UNKNOWN,OFFICIAL_SHOW_CHANNEL,SEASON,OFFICIAL_PLAYLIST_COLLECTION,NEEDS_REVIEW,NEEDS_REVIEW,2026-07-04T13:00:01.000Z,272,22187,,,available,KrhZPl2oEhDQTEvQ7,https://www.youtube.com/watch?v=bHi6kaIQ7eQ
youtube,bjKBuI8JXRk,https://www.youtube.com/watch?v=bjKBuI8JXRk,MVNBLST,MVNBLST_S5,"Tập 1 uncut | Cue, Cam, Nami, Suli liên tục chí chóe | Mẹ vắng nhà Ba là siêu nhân 2026",VIDEO,UNCUT_EXTENDED,OFFICIAL_SHOW_CHANNEL,EPISODE,OFFICIAL_PLAYLIST_COLLECTION,ACCEPTED,ACCEPTED,2026-04-09T14:30:06.000Z,5413,1390605,,,available,KrhZPl2oEhDQTEvQ7,https://www.youtube.com/watch?v=bjKBuI8JXRk
youtube,qcHtIvt3024,https://www.youtube.com/watch?v=qcHtIvt3024,MVNBLST,MVNBLST_S5,Tập 3 uncut | Ba Dương nghiêm khắc phạt Nami | Cue Cam quậy đục nước | Mẹ vắng nhà Ba là siêu nhân,VIDEO,UNCUT_EXTENDED,OFFICIAL_SHOW_CHANNEL,EPISODE,OFFICIAL_PLAYLIST_COLLECTION,ACCEPTED,ACCEPTED,2026-04-23T14:30:06.000Z,5018,790597,,,available,KrhZPl2oEhDQTEvQ7,https://www.youtube.com/watch?v=qcHtIvt3024
youtube,iRT26v0cC6I,https://www.youtube.com/watch?v=iRT26v0cC6I,MVNBLST,MVNBLST_S5,Mẹ Vắng Nhà Ba Là Siêu Nhân 2026 - Tập 2 | 30 phút dài nhất cuộc đời của bố Cường,VIDEO,UNKNOWN,PRIMARY_BROADCASTER,EPISODE,OFFICIAL_PLAYLIST_COLLECTION,NEEDS_REVIEW,NEEDS_REVIEW,2026-04-24T04:00:49.000Z,329,58538,,,available,KrhZPl2oEhDQTEvQ7,https://www.youtube.com/watch?v=iRT26v0cC6I
youtube,LY_ZV3zxQGo,https://www.youtube.com/watch?v=LY_ZV3zxQGo,MVNBLST,MVNBLST_S5,[FULL] Ngày thứ 3 vắng mẹ của Nami Suli: Mi XIN LỖI Su nha! | MẸ VẮNG NHÀ BA LÀ SIÊU NHÂN 2026,VIDEO,UNKNOWN,OFFICIAL_SHOW_CHANNEL,SEASON,OFFICIAL_PLAYLIST_COLLECTION,NEEDS_REVIEW,NEEDS_REVIEW,2026-06-14T04:00:06.000Z,2996,319855,,,available,KrhZPl2oEhDQTEvQ7,https://www.youtube.com/watch?v=LY_ZV3zxQGo
youtube,vYNorAw0_C8,https://www.youtube.com/watch?v=vYNorAw0_C8,MVNBLST,MVNBLST_S5,Mẹ Vắng Nhà Ba Là Siêu Nhân 2026 - Tập 7 | Suli chỉ muốn đi cùng ba Dương thôi!!!,VIDEO,UNKNOWN,PRIMARY_BROADCASTER,EPISODE,OFFICIAL_PLAYLIST_COLLECTION,NEEDS_REVIEW,NEEDS_REVIEW,2026-05-22T04:00:03.000Z,148,2855,,,available,KrhZPl2oEhDQTEvQ7,https://www.youtube.com/watch?v=vYNorAw0_C8
youtube,8gKPBP1iHrc,https://www.youtube.com/watch?v=8gKPBP1iHrc,MVNBLST,MVNBLST_S5,"Đăng Khôi, Phí Ngọc Hưng ‘XOẮN NÃO’, mom Dương TOANG RỒI! | MẸ VẮNG NHÀ BA LÀ SIÊU NHÂN",VIDEO,UNKNOWN,OFFICIAL_SHOW_CHANNEL,SEASON,OFFICIAL_PLAYLIST_COLLECTION,NEEDS_REVIEW,NEEDS_REVIEW,2026-06-20T13:00:25.000Z,487,9348,,,available,KrhZPl2oEhDQTEvQ7,https://www.youtube.com/watch?v=8gKPBP1iHrc
youtube,fuXwuDEW_z4,https://www.youtube.com/watch?v=fuXwuDEW_z4,MVNBLST,MVNBLST_S5,HẬU TRƯỜNG | Mom Dương 'GỤC NGÃ' sau nửa ngày trông Nami Suli | MẸ VẮNG NHÀ BA LÀ SIÊU NHÂN 2026,VIDEO,BEHIND_THE_SCENES,OFFICIAL_SHOW_CHANNEL,SEASON,OFFICIAL_PLAYLIST_COLLECTION,ACCEPTED,ACCEPTED,2026-04-28T04:00:50.000Z,114,22809,,,available,KrhZPl2oEhDQTEvQ7,https://www.youtube.com/watch?v=fuXwuDEW_z4
youtube,yx3TCwLDH8A,https://www.youtube.com/watch?v=yx3TCwLDH8A&list=PLDNVHSVr-vVkKKgcJr--k4Dtplx8TwHmW&index=24,MAGDV,MAGDV_CONTINUOUS,"Thành Trung, HuyR, Kiên Ứng, Hà Lê cảm phục nghị lực sống phi thường của những hoàn cảnh khó khăn",VIDEO,UNKNOWN,PRIMARY_PRODUCER,SEASON,OFFICIAL_PLAYLIST_COLLECTION,NEEDS_REVIEW,NEEDS_REVIEW,2026-02-21T12:55:01.000Z,4438,16840,,,available,sDohYjzPWy7mI5wyY,https://www.youtube.com/watch?v=yx3TCwLDH8A&list=PLDNVHSVr-vVkKKgcJr--k4Dtplx8TwHmW&index=24
youtube,d9ARkVZNOAo,https://www.youtube.com/watch?v=d9ARkVZNOAo&list=PLDNVHSVr-vVkKKgcJr--k4Dtplx8TwHmW&index=179,MAGDV,MAGDV_CONTINUOUS,Mái Ấm Gia Đình Việt | Tập 17 :Nhìn lại hành trình đã qua và tiết lộ những khoảnh khắc chưa công bố,VIDEO,RECAP,PRIMARY_PRODUCER,EPISODE,OFFICIAL_PLAYLIST_COLLECTION,ACCEPTED,ACCEPTED,2023-01-25T14:00:08.000Z,4299,56235,,,available,sDohYjzPWy7mI5wyY,https://www.youtube.com/watch?v=d9ARkVZNOAo&list=PLDNVHSVr-vVkKKgcJr--k4Dtplx8TwHmW&index=179
youtube,sEy5uwV0c8g,https://www.youtube.com/watch?v=sEy5uwV0c8g&list=PLDNVHSVr-vVkKKgcJr--k4Dtplx8TwHmW&index=184,MAGDV,MAGDV_CONTINUOUS,"Mái Ấm Gia Đình Việt | Tập 12: Kim Tử Long cân mọi thử thách, Cát Phượng CHIẾN ĐẤU hết mình",VIDEO,CAST_CONTENT,PRIMARY_PRODUCER,EPISODE,OFFICIAL_PLAYLIST_COLLECTION,NEEDS_REVIEW,CANONICAL_OVERLAP,2022-12-21T14:00:11.000Z,4054,279354,,,available,sDohYjzPWy7mI5wyY,https://www.youtube.com/watch?v=sEy5uwV0c8g&list=PLDNVHSVr-vVkKKgcJr--k4Dtplx8TwHmW&index=184
youtube,Q8T5XsFzv3A,https://www.youtube.com/watch?v=Q8T5XsFzv3A&list=PLDNVHSVr-vVkKKgcJr--k4Dtplx8TwHmW&index=195,MAGDV,MAGDV_CONTINUOUS,"MAGĐV | Tập 1: Quyền Linh, Quốc Thuận, Kyo York xót xa trước tâm sự đẫm nước mắt của các em nhỏ",VIDEO,UNKNOWN,PRIMARY_PRODUCER,EPISODE,OFFICIAL_PLAYLIST_COLLECTION,NEEDS_REVIEW,NEEDS_REVIEW,2022-10-05T14:00:11.000Z,4844,465972,,,available,sDohYjzPWy7mI5wyY,https://www.youtube.com/watch?v=Q8T5XsFzv3A&list=PLDNVHSVr-vVkKKgcJr--k4Dtplx8TwHmW&index=195
youtube,rH-BcF0ANDU,https://www.youtube.com/watch?v=rH-BcF0ANDU&list=PLDNVHSVr-vVkKKgcJr--k4Dtplx8TwHmW&index=161,MAGDV,MAGDV_CONTINUOUS,"MAGDV |Tập 35:Hoàng Oanh,Lê Minh khóc nghẹn cảnh mồ côi cha mẹ, bất lực gánh vác tương lai của 2 con",VIDEO,UNKNOWN,PRIMARY_PRODUCER,EPISODE,OFFICIAL_PLAYLIST_COLLECTION,NEEDS_REVIEW,NEEDS_REVIEW,2023-06-02T13:45:08.000Z,3968,227420,,,available,sDohYjzPWy7mI5wyY,https://www.youtube.com/watch?v=rH-BcF0ANDU&list=PLDNVHSVr-vVkKKgcJr--k4Dtplx8TwHmW&index=161
youtube,L8X9R3k0Zh4,https://www.youtube.com/watch?v=L8X9R3k0Zh4&list=PLDNVHSVr-vVkKKgcJr--k4Dtplx8TwHmW&index=21,MAGDV,MAGDV_CONTINUOUS,"Mái Ấm Gia Đình Việt Tập 177 Suy nghĩ sợ ""mẹ mất"" của cậu bé ngay khoảnh khắc mẹ nằm trên xe cấp cứu",VIDEO,HIGHLIGHT,PRIMARY_PRODUCER,EPISODE,OFFICIAL_PLAYLIST_COLLECTION,NEEDS_REVIEW,CANONICAL_OVERLAP,2026-03-13T12:55:07.000Z,5735,204466,,,available,sDohYjzPWy7mI5wyY,https://www.youtube.com/watch?v=L8X9R3k0Zh4&list=PLDNVHSVr-vVkKKgcJr--k4Dtplx8TwHmW&index=21
youtube,nx7_UYVzRGo,https://www.youtube.com/watch?v=nx7_UYVzRGo&list=PLDNVHSVr-vVkKKgcJr--k4Dtplx8TwHmW&index=16,MAGDV,MAGDV_CONTINUOUS,"Mái Ấm Gia Đình Vi��t | Tập 183: VĐV Trương Đình Hoàng ""yếu lòng"" trước 3 chị em ghi hình một mình",VIDEO,UNKNOWN,PRIMARY_PRODUCER,EPISODE,OFFICIAL_PLAYLIST_COLLECTION,NEEDS_REVIEW,NEEDS_REVIEW,2026-04-24T13:30:07.000Z,5555,205184,,,available,sDohYjzPWy7mI5wyY,https://www.youtube.com/watch?v=nx7_UYVzRGo&list=PLDNVHSVr-vVkKKgcJr--k4Dtplx8TwHmW&index=16
youtube,Jub1VU98C1Q,https://www.youtube.com/watch?v=Jub1VU98C1Q&list=PLDNVHSVr-vVkKKgcJr--k4Dtplx8TwHmW&index=194,MAGDV,MAGDV_CONTINUOUS,"MAGĐV | Tập 2:Võ Hoàng Yến,Hải Nam KHÓC NẤC trước cảnh mất cha lẫn mẹ,anh trai bươn chải nuôi cả nhà",VIDEO,UNKNOWN,PRIMARY_PRODUCER,EPISODE,OFFICIAL_PLAYLIST_COLLECTION,NEEDS_REVIEW,NEEDS_REVIEW,2022-10-12T14:00:09.000Z,4973,379762,,,available,sDohYjzPWy7mI5wyY,https://www.youtube.com/watch?v=Jub1VU98C1Q&list=PLDNVHSVr-vVkKKgcJr--k4Dtplx8TwHmW&index=194
youtube,XKTQwzb9jj4,https://www.youtube.com/watch?v=XKTQwzb9jj4&list=PLDNVHSVr-vVkKKgcJr--k4Dtplx8TwHmW&index=159,MAGDV,MAGDV_CONTINUOUS,"MAGDV |Tập 37: VĐV Muay Thai Nguyễn Trần Duy Nhất văn võ song toàn, Mai Thanh Hà đau lòng bật khóc",VIDEO,UNKNOWN,PRIMARY_PRODUCER,EPISODE,OFFICIAL_PLAYLIST_COLLECTION,NEEDS_REVIEW,NEEDS_REVIEW,2023-06-16T13:45:08.000Z,4126,163887,,,available,sDohYjzPWy7mI5wyY,https://www.youtube.com/watch?v=XKTQwzb9jj4&list=PLDNVHSVr-vVkKKgcJr--k4Dtplx8TwHmW&index=159
youtube,r6DWdXpC5P4,https://www.youtube.com/watch?v=r6DWdXpC5P4&list=PLDNVHSVr-vVkKKgcJr--k4Dtplx8TwHmW&index=165,MAGDV,MAGDV_CONTINUOUS,"MAGDV Tập 31: Tú Vi đồng cảm với cô bé không biết mặt cha, Văn Anh bình tĩnh chinh phục thử thách",VIDEO,CAST_CONTENT,PRIMARY_PRODUCER,EPISODE,OFFICIAL_PLAYLIST_COLLECTION,ACCEPTED,ACCEPTED,2023-05-05T13:45:10.000Z,2876,126654,,,available,sDohYjzPWy7mI5wyY,https://www.youtube.com/watch?v=r6DWdXpC5P4&list=PLDNVHSVr-vVkKKgcJr--k4Dtplx8TwHmW&index=165
youtube,OqAe-TYiNAM,https://www.youtube.com/watch?v=OqAe-TYiNAM&list=PLDNVHSVr-vVkKKgcJr--k4Dtplx8TwHmW&index=163,MAGDV,MAGDV_CONTINUOUS,"MAGDV Tập 33 : Thảo Trang hứng trọn ""cơn mưa bột"", Don Nguyễn đau xót cảnh anh trai bỏ học nuôi em",VIDEO,UNKNOWN,PRIMARY_PRODUCER,EPISODE,OFFICIAL_PLAYLIST_COLLECTION,NEEDS_REVIEW,NEEDS_REVIEW,2023-05-20T05:06:20.000Z,3895,107994,,,available,sDohYjzPWy7mI5wyY,https://www.youtube.com/watch?v=OqAe-TYiNAM&list=PLDNVHSVr-vVkKKgcJr--k4Dtplx8TwHmW&index=163
youtube,Jfxbg-kmBh4,https://www.youtube.com/watch?v=Jfxbg-kmBh4&list=PLDNVHSVr-vVkKKgcJr--k4Dtplx8TwHmW&index=126,MAGDV,MAGDV_CONTINUOUS,Mái Ấm Gia Đình Việt | Tập 71: Mặc gian nan thử thách các nghệ sĩ nỗ lực vì MÁI ẤM GIA ĐÌNH VIỆT,VIDEO,CAST_CONTENT,PRIMARY_PRODUCER,EPISODE,OFFICIAL_PLAYLIST_COLLECTION,NEEDS_REVIEW,CANONICAL_OVERLAP,2024-02-16T13:45:11.000Z,4065,62323,,,available,sDohYjzPWy7mI5wyY,https://www.youtube.com/watch?v=Jfxbg-kmBh4&list=PLDNVHSVr-vVkKKgcJr--k4Dtplx8TwHmW&index=126
youtube,AGixMS3FM_Q,https://www.youtube.com/watch?v=AGixMS3FM_Q&list=PLDNVHSVr-vVkKKgcJr--k4Dtplx8TwHmW&index=160,MAGDV,MAGDV_CONTINUOUS,"MAGDV|Tập 36:Ưng Hoàng Phúc bật khóc,Thùy Trang đau xót cảnh mẹ bệnh nặng, con gái nghỉ học mưu sinh",VIDEO,UNKNOWN,PRIMARY_PRODUCER,EPISODE,OFFICIAL_PLAYLIST_COLLECTION,NEEDS_REVIEW,NEEDS_REVIEW,2023-06-09T13:45:07.000Z,3907,213198,,,available,sDohYjzPWy7mI5wyY,https://www.youtube.com/watch?v=AGixMS3FM_Q&list=PLDNVHSVr-vVkKKgcJr--k4Dtplx8TwHmW&index=160
youtube,wiMXWg8Bs84,https://www.youtube.com/watch?v=wiMXWg8Bs84&list=PLxNMBnO9F8FNbuRLhE0V1dYdSqFfA129g&index=14,XHTDRLX,XHTDRLX_S2,XHTDRLX2 | Tập ĐẶC BIỆT 2 - Chúng tôi là XUÂN HẠ THU ĐÔNG RỒI LẠI XUÂN 'on the road',VIDEO,SPECIAL_EXTRA,PRIMARY_PRODUCER,SEASON,OFFICIAL_PLAYLIST_COLLECTION,ACCEPTED,ACCEPTED,2022-12-09T13:00:08.000Z,1295,870606,,,available,cOLkqiE4QZDpmRDxY,https://www.youtube.com/watch?v=wiMXWg8Bs84&list=PLxNMBnO9F8FNbuRLhE0V1dYdSqFfA129g&index=14
youtube,29y5LWY2IEE,https://www.youtube.com/watch?v=29y5LWY2IEE&list=PLxNMBnO9F8FNbuRLhE0V1dYdSqFfA129g&index=1,XHTDRLX,XHTDRLX_S2,"XHTDRLX2 | MỞ ĐẦU #1: Orange gặp sự cố ngày đầu gặp mặt Trúc Nhân, Anh Tú, Hứa Kim Tuyền",VIDEO,UNKNOWN,PRIMARY_PRODUCER,SEASON,OFFICIAL_PLAYLIST_COLLECTION,NEEDS_REVIEW,NEEDS_REVIEW,2022-09-13T13:35:19.000Z,1166,260721,,,available,cOLkqiE4QZDpmRDxY,https://www.youtube.com/watch?v=29y5LWY2IEE&list=PLxNMBnO9F8FNbuRLhE0V1dYdSqFfA129g&index=1
youtube,J-RNLP3TQm4,https://www.youtube.com/watch?v=J-RNLP3TQm4&list=PLxNMBnO9F8FNbuRLhE0V1dYdSqFfA129g&index=9,XHTDRLX,XHTDRLX_S2,XHTDRLX2 | Tập ĐẶC BIỆT 1 XUÂN HẠ THU ĐÔNG RỒI LẠI XUÂN mùa 2 - Những khoảnh khắc chưa hé lộ tại Huế,VIDEO,SPECIAL_EXTRA,PRIMARY_PRODUCER,SEASON,OFFICIAL_PLAYLIST_COLLECTION,ACCEPTED,ACCEPTED,2022-11-04T13:00:07.000Z,1844,1376817,,,available,cOLkqiE4QZDpmRDxY,https://www.youtube.com/watch?v=J-RNLP3TQm4&list=PLxNMBnO9F8FNbuRLhE0V1dYdSqFfA129g&index=9
youtube,zd0CAgpfsE0,https://www.youtube.com/watch?v=zd0CAgpfsE0&list=PLxNMBnO9F8FNbuRLhE0V1dYdSqFfA129g&index=2,XHTDRLX,XHTDRLX_S2,XHTDRLX2 | MỞ ĐẦU #2: Chuyến tàu bất ổn cùng màn hát ngẫu hứng có 1 0 2 của các HOST XHTDRLX mùa 2,VIDEO,UNKNOWN,PRIMARY_PRODUCER,SEASON,OFFICIAL_PLAYLIST_COLLECTION,NEEDS_REVIEW,NEEDS_REVIEW,2022-09-16T13:00:11.000Z,1816,423482,,,available,cOLkqiE4QZDpmRDxY,https://www.youtube.com/watch?v=zd0CAgpfsE0&list=PLxNMBnO9F8FNbuRLhE0V1dYdSqFfA129g&index=2
youtube,kla56DBpEDA,https://www.youtube.com/watch?v=kla56DBpEDA&list=PLxNMBnO9F8FNbuRLhE0V1dYdSqFfA129g&index=13,XHTDRLX,XHTDRLX_S2,XHTDRLX2 | Khoảnh khắc nói lời tạm biệt - FULL Tập 10 XUÂN HẠ THU ĐÔNG RỒI LẠI XUÂN mùa 2,VIDEO,HIGHLIGHT,PRIMARY_PRODUCER,EPISODE,OFFICIAL_PLAYLIST_COLLECTION,NEEDS_REVIEW,CANONICAL_OVERLAP,2022-12-02T13:00:07.000Z,2582,1209179,,,available,cOLkqiE4QZDpmRDxY,https://www.youtube.com/watch?v=kla56DBpEDA&list=PLxNMBnO9F8FNbuRLhE0V1dYdSqFfA129g&index=13
youtube,gWs3Xg3275w,https://www.youtube.com/watch?v=gWs3Xg3275w&list=PLxNMBnO9F8FMtG4_3bKxsshIs4cpaii3F&index=1,XHTDRLX,XHTDRLX_S3,[NHÌN LẠI QUÃNG 2] XUÂN HẠ THU ĐÔNG RỒI LẠI XUÂN 3 | Lưu dấu những chặng đường đã qua,VIDEO,RECAP,PRIMARY_PRODUCER,SEASON,OFFICIAL_PLAYLIST_COLLECTION,ACCEPTED,ACCEPTED,2025-03-29T13:30:07.000Z,3755,134467,,,available,Nh4JqO4i7IRLb6s7d,https://www.youtube.com/watch?v=gWs3Xg3275w&list=PLxNMBnO9F8FMtG4_3bKxsshIs4cpaii3F&index=1
youtube,3cxHAhm0FJ4,https://www.youtube.com/watch?v=3cxHAhm0FJ4&list=PLxNMBnO9F8FMtG4_3bKxsshIs4cpaii3F&index=14,XHTDRLX,XHTDRLX_S3,[FULL TẬP 5] XUÂN HẠ THU ĐÔNG RỒI LẠI XUÂN 3 | Em út nhóm HIGHLIGHT (BEAST) bùng nổ visual,VIDEO,HIGHLIGHT,PRIMARY_PRODUCER,EPISODE,OFFICIAL_PLAYLIST_COLLECTION,NEEDS_REVIEW,CANONICAL_OVERLAP,2024-12-28T13:30:08.000Z,3388,602932,,,available,Nh4JqO4i7IRLb6s7d,https://www.youtube.com/watch?v=3cxHAhm0FJ4&list=PLxNMBnO9F8FMtG4_3bKxsshIs4cpaii3F&index=14
youtube,sckP4Xr-h8g,https://www.youtube.com/watch?v=sckP4Xr-h8g&list=PLxNMBnO9F8FMtG4_3bKxsshIs4cpaii3F&index=17,XHTDRLX,XHTDRLX_S3,[FULL TẬP 2] XUÂN HẠ THU ĐÔNG RỒI LẠI XUÂN mùa 3 | Tan chảy trước BOYS OVER FLOWERS OST,VIDEO,MUSIC_ASSET,PRIMARY_PRODUCER,EPISODE,OFFICIAL_PLAYLIST_COLLECTION,NEEDS_REVIEW,CANONICAL_OVERLAP,2024-12-07T13:30:08.000Z,3434,1221508,,,available,Nh4JqO4i7IRLb6s7d,https://www.youtube.com/watch?v=sckP4Xr-h8g&list=PLxNMBnO9F8FMtG4_3bKxsshIs4cpaii3F&index=17
youtube,kIkwE9eZx2Q,https://www.youtube.com/watch?v=kIkwE9eZx2Q&list=PLxNMBnO9F8FMtG4_3bKxsshIs4cpaii3F&index=8,XHTDRLX,XHTDRLX_S3,[TẬP ĐẶC BIỆT] XUÂN HẠ THU ĐÔNG RỒI LẠI XUÂN 3 | Dàn cast ghi dấu ấn mạnh mẽ tại Hàn Quốc,VIDEO,SPECIAL_EXTRA,PRIMARY_PRODUCER,SEASON,OFFICIAL_PLAYLIST_COLLECTION,ACCEPTED,ACCEPTED,2025-02-08T13:30:07.000Z,3303,397605,,,available,Nh4JqO4i7IRLb6s7d,https://www.youtube.com/watch?v=kIkwE9eZx2Q&list=PLxNMBnO9F8FMtG4_3bKxsshIs4cpaii3F&index=8
youtube,RTE6kR2rufk,https://www.youtube.com/watch?v=RTE6kR2rufk&list=PLxKLMN7WdG5BOtJOsSKTjxXWD_LVCYPYd&index=18,SONG,SONG_2018,SÓNG 18: ĐÔNG NHI,VIDEO,ANNUAL_SEGMENT,PRIMARY_BROADCASTER,SEASON,OFFICIAL_PLAYLIST_COLLECTION,ACCEPTED,ACCEPTED,2018-02-15T01:00:00.000Z,72,12665,,,available,k1vmCWfsVnHkg5h1g,https://www.youtube.com/watch?v=RTE6kR2rufk&list=PLxKLMN7WdG5BOtJOsSKTjxXWD_LVCYPYd&index=18
youtube,CPsUmdS8Rx0,https://www.youtube.com/watch?v=CPsUmdS8Rx0&list=PLxKLMN7WdG5BOtJOsSKTjxXWD_LVCYPYd&index=17,SONG,SONG_2018,SÓNG 18: HƯƠNG TRÀM,VIDEO,ANNUAL_SEGMENT,PRIMARY_BROADCASTER,SEASON,OFFICIAL_PLAYLIST_COLLECTION,ACCEPTED,ACCEPTED,2018-02-14T01:00:00.000Z,63,7566,,,available,k1vmCWfsVnHkg5h1g,https://www.youtube.com/watch?v=CPsUmdS8Rx0&list=PLxKLMN7WdG5BOtJOsSKTjxXWD_LVCYPYd&index=17
youtube,TGh7SAazXHY,https://www.youtube.com/watch?v=TGh7SAazXHY&list=PLxKLMN7WdG5BOtJOsSKTjxXWD_LVCYPYd&index=11,SONG,SONG_2018,SÓNG 18: SOOBIN HOÀNG SƠN VÀ LÊ HIẾU,VIDEO,ANNUAL_SEGMENT,PRIMARY_BROADCASTER,SEASON,OFFICIAL_PLAYLIST_COLLECTION,ACCEPTED,ACCEPTED,2018-02-07T03:16:26.000Z,75,19587,,,available,k1vmCWfsVnHkg5h1g,https://www.youtube.com/watch?v=TGh7SAazXHY&list=PLxKLMN7WdG5BOtJOsSKTjxXWD_LVCYPYd&index=11
youtube,hQOGH-SYg0Y,https://www.youtube.com/watch?v=hQOGH-SYg0Y&list=PLxKLMN7WdG5BOtJOsSKTjxXWD_LVCYPYd&index=14,SONG,SONG_2018,Teaser Sóng 18 (Phát sóng 21:30 Đêm giao thừa - 15/2/2017),VIDEO,ANNUAL_SEGMENT,PRIMARY_BROADCASTER,SEASON,OFFICIAL_PLAYLIST_COLLECTION,ACCEPTED,ACCEPTED,2018-02-01T08:57:17.000Z,29,20936,,,available,k1vmCWfsVnHkg5h1g,https://www.youtube.com/watch?v=hQOGH-SYg0Y&list=PLxKLMN7WdG5BOtJOsSKTjxXWD_LVCYPYd&index=14
youtube,KmmpJ0sacDQ,https://www.youtube.com/watch?v=KmmpJ0sacDQ&list=PLxKLMN7WdG5BOtJOsSKTjxXWD_LVCYPYd&index=12,SONG,SONG_2018,Sóng 18: Ngôi sao của giới trẻ - Đông Nhi,VIDEO,ANNUAL_SEGMENT,PRIMARY_BROADCASTER,SEASON,OFFICIAL_PLAYLIST_COLLECTION,ACCEPTED,ACCEPTED,2018-02-06T10:28:07.000Z,43,5557,,,available,k1vmCWfsVnHkg5h1g,https://www.youtube.com/watch?v=KmmpJ0sacDQ&list=PLxKLMN7WdG5BOtJOsSKTjxXWD_LVCYPYd&index=12
youtube,ztQ5KM0MLwI,https://www.youtube.com/watch?v=ztQ5KM0MLwI&list=PLxKLMN7WdG5BOtJOsSKTjxXWD_LVCYPYd&index=19,SONG,SONG_2018,"Trailer Khám phá Malaysia cùng Martin Yan - Phần 2 (Phát sóng 18:30 Chủ nhật, từ 17/12/2017)",VIDEO,ANNUAL_SEGMENT,PRIMARY_BROADCASTER,SEASON,OFFICIAL_PLAYLIST_COLLECTION,ACCEPTED,ACCEPTED,2017-12-11T02:12:33.000Z,72,5397,,,available,k1vmCWfsVnHkg5h1g,https://www.youtube.com/watch?v=ztQ5KM0MLwI&list=PLxKLMN7WdG5BOtJOsSKTjxXWD_LVCYPYd&index=19
youtube,90PY5Sb3Ox8,https://www.youtube.com/watch?v=90PY5Sb3Ox8&list=PLxKLMN7WdG5BOtJOsSKTjxXWD_LVCYPYd&index=7,SONG,SONG_2018,Sóng 18: Châu Đăng Khoa,VIDEO,ANNUAL_SEGMENT,PRIMARY_BROADCASTER,SEASON,OFFICIAL_PLAYLIST_COLLECTION,ACCEPTED,ACCEPTED,2018-02-10T01:00:00.000Z,105,6114,,,available,k1vmCWfsVnHkg5h1g,https://www.youtube.com/watch?v=90PY5Sb3Ox8&list=PLxKLMN7WdG5BOtJOsSKTjxXWD_LVCYPYd&index=7
youtube,iZRvAxgVwNg,https://www.youtube.com/watch?v=iZRvAxgVwNg&list=PLxKLMN7WdG5BOtJOsSKTjxXWD_LVCYPYd&index=9,SONG,SONG_2018,Suni Hạ Linh - Thần tượng đa tài của giới trẻ,VIDEO,UNKNOWN,PRIMARY_BROADCASTER,SEASON,OFFICIAL_PLAYLIST_COLLECTION,NEEDS_REVIEW,NEEDS_REVIEW,2018-02-08T03:54:38.000Z,38,8065,,,available,k1vmCWfsVnHkg5h1g,https://www.youtube.com/watch?v=iZRvAxgVwNg&list=PLxKLMN7WdG5BOtJOsSKTjxXWD_LVCYPYd&index=9
youtube,RmO6VPboXZw,https://www.youtube.com/watch?v=RmO6VPboXZw&list=PLxKLMN7WdG5BOtJOsSKTjxXWD_LVCYPYd&index=2,SONG,SONG_2018,"Sóng 18: Rapper ""quốc dân"" - Karik",VIDEO,ANNUAL_SEGMENT,PRIMARY_BROADCASTER,SEASON,OFFICIAL_PLAYLIST_COLLECTION,ACCEPTED,ACCEPTED,2018-02-06T10:28:54.000Z,45,13494,,,available,k1vmCWfsVnHkg5h1g,https://www.youtube.com/watch?v=RmO6VPboXZw&list=PLxKLMN7WdG5BOtJOsSKTjxXWD_LVCYPYd&index=2
youtube,12xVELNd4Zo,https://www.youtube.com/watch?v=12xVELNd4Zo&list=PLxKLMN7WdG5BOtJOsSKTjxXWD_LVCYPYd&index=5,SONG,SONG_2018,Sóng 18: Suni Hạ Linh,VIDEO,ANNUAL_SEGMENT,PRIMARY_BROADCASTER,SEASON,OFFICIAL_PLAYLIST_COLLECTION,ACCEPTED,ACCEPTED,2018-02-11T01:00:01.000Z,123,13210,,,available,k1vmCWfsVnHkg5h1g,https://www.youtube.com/watch?v=12xVELNd4Zo&list=PLxKLMN7WdG5BOtJOsSKTjxXWD_LVCYPYd&index=5
youtube,N35K-SRhZQ4,https://www.youtube.com/watch?v=N35K-SRhZQ4&list=PLxKLMN7WdG5BOtJOsSKTjxXWD_LVCYPYd&index=16,SONG,SONG_2018,SÓNG 18: KARIK,VIDEO,ANNUAL_SEGMENT,PRIMARY_BROADCASTER,SEASON,OFFICIAL_PLAYLIST_COLLECTION,ACCEPTED,ACCEPTED,2018-02-13T01:00:01.000Z,110,10442,,,available,k1vmCWfsVnHkg5h1g,https://www.youtube.com/watch?v=N35K-SRhZQ4&list=PLxKLMN7WdG5BOtJOsSKTjxXWD_LVCYPYd&index=16
youtube,VDXYN0g38fc,https://www.youtube.com/watch?v=VDXYN0g38fc&list=PLxKLMN7WdG5BOtJOsSKTjxXWD_LVCYPYd&index=1,SONG,SONG_2018,Sóng 18: Hiện tượng 2017 - BẢO ANH,VIDEO,ANNUAL_SEGMENT,PRIMARY_BROADCASTER,SEASON,OFFICIAL_PLAYLIST_COLLECTION,ACCEPTED,ACCEPTED,2018-02-05T03:10:39.000Z,40,17948,,,available,k1vmCWfsVnHkg5h1g,https://www.youtube.com/watch?v=VDXYN0g38fc&list=PLxKLMN7WdG5BOtJOsSKTjxXWD_LVCYPYd&index=1
youtube,3MikVPTV2n0,https://www.youtube.com/watch?v=3MikVPTV2n0&list=PLxKLMN7WdG5BOtJOsSKTjxXWD_LVCYPYd&index=4,SONG,SONG_2018,Trailer Sóng 18 (Phát sóng 21:30 Đêm giao thừa),VIDEO,ANNUAL_SEGMENT,PRIMARY_BROADCASTER,SEASON,OFFICIAL_PLAYLIST_COLLECTION,ACCEPTED,ACCEPTED,2018-02-10T09:20:55.000Z,57,27953,,,available,k1vmCWfsVnHkg5h1g,https://www.youtube.com/watch?v=3MikVPTV2n0&list=PLxKLMN7WdG5BOtJOsSKTjxXWD_LVCYPYd&index=4
youtube,oJfXDYSMbCo,https://www.youtube.com/watch?v=oJfXDYSMbCo&list=PLxKLMN7WdG5BOtJOsSKTjxXWD_LVCYPYd&index=10,SONG,SONG_2018,SÓNG 18: DaLAB đại diện underground nổi bật,VIDEO,ANNUAL_SEGMENT,PRIMARY_BROADCASTER,SEASON,OFFICIAL_PLAYLIST_COLLECTION,ACCEPTED,ACCEPTED,2018-02-07T11:50:44.000Z,44,3770,,,available,k1vmCWfsVnHkg5h1g,https://www.youtube.com/watch?v=oJfXDYSMbCo&list=PLxKLMN7WdG5BOtJOsSKTjxXWD_LVCYPYd&index=10
youtube,14NSFBcIFtM,https://www.youtube.com/watch?v=14NSFBcIFtM&list=PLxKLMN7WdG5BOtJOsSKTjxXWD_LVCYPYd&index=3,SONG,SONG_2018,Sóng 18: Châu Đăng Khoa - Chủ Nhân Loạt Hit Triệu View,VIDEO,ANNUAL_SEGMENT,PRIMARY_BROADCASTER,SEASON,OFFICIAL_PLAYLIST_COLLECTION,ACCEPTED,ACCEPTED,2018-02-07T03:29:13.000Z,38,37220,,,available,k1vmCWfsVnHkg5h1g,https://www.youtube.com/watch?v=14NSFBcIFtM&list=PLxKLMN7WdG5BOtJOsSKTjxXWD_LVCYPYd&index=3
youtube,LgAimfVDq5w,https://www.youtube.com/watch?v=LgAimfVDq5w&list=PLxKLMN7WdG5BOtJOsSKTjxXWD_LVCYPYd&index=15,SONG,SONG_2018,SÓNG 18: DA LAB,VIDEO,ANNUAL_SEGMENT,PRIMARY_BROADCASTER,SEASON,OFFICIAL_PLAYLIST_COLLECTION,ACCEPTED,ACCEPTED,2018-02-12T01:00:00.000Z,61,4072,,,available,k1vmCWfsVnHkg5h1g,https://www.youtube.com/watch?v=LgAimfVDq5w&list=PLxKLMN7WdG5BOtJOsSKTjxXWD_LVCYPYd&index=15
youtube,KdlOfv2-HY4,https://www.youtube.com/watch?v=KdlOfv2-HY4&list=PLxKLMN7WdG5BOtJOsSKTjxXWD_LVCYPYd&index=8,SONG,SONG_2018,Sóng 18: Hương Tràm - Nữ ca sĩ trẻ hàng đầu VN,VIDEO,ANNUAL_SEGMENT,PRIMARY_BROADCASTER,SEASON,OFFICIAL_PLAYLIST_COLLECTION,ACCEPTED,ACCEPTED,2018-02-09T02:03:19.000Z,41,15890,,,available,k1vmCWfsVnHkg5h1g,https://www.youtube.com/watch?v=KdlOfv2-HY4&list=PLxKLMN7WdG5BOtJOsSKTjxXWD_LVCYPYd&index=8
youtube,oMRAIwku6e0,https://www.youtube.com/watch?v=oMRAIwku6e0&list=PLxKLMN7WdG5BOtJOsSKTjxXWD_LVCYPYd&index=6,SONG,SONG_2018,Sóng 18: Soobin - Hoàng tử tình ca,VIDEO,ANNUAL_SEGMENT,PRIMARY_BROADCASTER,SEASON,OFFICIAL_PLAYLIST_COLLECTION,ACCEPTED,ACCEPTED,2018-02-09T02:02:19.000Z,42,27009,,,available,k1vmCWfsVnHkg5h1g,https://www.youtube.com/watch?v=oMRAIwku6e0&list=PLxKLMN7WdG5BOtJOsSKTjxXWD_LVCYPYd&index=6
youtube,KyXbK3T00t0,https://www.youtube.com/watch?v=KyXbK3T00t0&list=PLxKLMN7WdG5BOtJOsSKTjxXWD_LVCYPYd&index=13,SONG,SONG_2018,Teaser 2: Sóng 18 (Phát sóng 21:30 Đêm giao thừa - 15/2/2017),VIDEO,ANNUAL_SEGMENT,PRIMARY_BROADCASTER,SEASON,OFFICIAL_PLAYLIST_COLLECTION,ACCEPTED,ACCEPTED,2018-02-03T13:41:29.000Z,37,53611,,,available,k1vmCWfsVnHkg5h1g,https://www.youtube.com/watch?v=KyXbK3T00t0&list=PLxKLMN7WdG5BOtJOsSKTjxXWD_LVCYPYd&index=13
youtube,p_3XMLQtbio,https://www.youtube.com/watch?v=p_3XMLQtbio&list=PLxKLMN7WdG5BOtJOsSKTjxXWD_LVCYPYd&index=20,SONG,SONG_2018,HTV2 - Trailer Muôn màu sắc Việt (Phát sóng 18:30 - Chủ nhật),VIDEO,ANNUAL_SEGMENT,PRIMARY_BROADCASTER,SEASON,OFFICIAL_PLAYLIST_COLLECTION,ACCEPTED,ACCEPTED,2017-04-26T09:26:07.000Z,59,3776,,,available,k1vmCWfsVnHkg5h1g,https://www.youtube.com/watch?v=p_3XMLQtbio&list=PLxKLMN7WdG5BOtJOsSKTjxXWD_LVCYPYd&index=20
youtube,2zIl8OkGMZQ,https://www.youtube.com/watch?v=2zIl8OkGMZQ,SONG,SONG_2019,"VTV5 Tây Nam Bộ x VTV1 | GTCT hôm nay, QC, Hòa sóng CT đón giao thừa | 19:00, 21.1.2023, 30 Tết",VIDEO,ANNUAL_SEGMENT,UNVERIFIED,SEASON,INFERRED,NEEDS_REVIEW,NEEDS_REVIEW,2023-01-21T12:04:44.000Z,203,4030,,,available,AM3Gqf1w9dPMZg4Bs,https://www.youtube.com/watch?v=2zIl8OkGMZQ
youtube,EZg15-zg1yU,https://www.youtube.com/watch?v=EZg15-zg1yU&list=RDEZg15-zg1yU&start_radio=1,SONG,SONG_2019,Hiền Hồ - Quân AP live như nuốt đĩa 2 bản hit: Bông Hoa Đẹp Nhất và Gặp Nhưng Không Ở Lại| SÓNG 21,VIDEO,ANNUAL_SEGMENT,UNVERIFIED,SEASON,INFERRED,NEEDS_REVIEW,NEEDS_REVIEW,2021-02-12T15:12:18.000Z,441,4903064,,,available,AM3Gqf1w9dPMZg4Bs,https://www.youtube.com/watch?v=EZg15-zg1yU&list=RDEZg15-zg1yU&start_radio=1
youtube,NwU0oVA7Fmg,https://www.youtube.com/watch?v=NwU0oVA7Fmg&list=RDNwU0oVA7Fmg&start_radio=1,SONG,SONG_2019,CẢ NƯỚC KHÔNG ƯA EM - PHAN MẠNH QUỲNH | SÓNG 21 - Chương trình giải trí đặc biệt đêm Giao Thừa 2021,VIDEO,ANNUAL_SEGMENT,PRIMARY_BROADCASTER,SEASON,OFFICIAL_PLAYLIST_COLLECTION,ACCEPTED,ACCEPTED,2021-02-14T11:02:04.000Z,427,950143,,,available,AM3Gqf1w9dPMZg4Bs,https://www.youtube.com/watch?v=NwU0oVA7Fmg&list=RDNwU0oVA7Fmg&start_radio=1
youtube,RalC9lWZ_0I,https://www.youtube.com/watch?v=RalC9lWZ_0I&list=RDRalC9lWZ_0I&start_radio=1,SONG,SONG_2019,"B Ray, Ricky Star, Lil' Wuyn, Myra Trần quẩy tưng bừng với ca khúc tết Năm Nay Xin Hứa | Sóng 23",VIDEO,UNKNOWN_REUPLOAD,OFFICIAL_MUSIC_CHANNEL,SEASON,OFFICIAL_PLAYLIST_COLLECTION,NEEDS_REVIEW,NEEDS_REVIEW,2023-01-22T05:00:09.000Z,313,7711302,,,available,AM3Gqf1w9dPMZg4Bs,https://www.youtube.com/watch?v=RalC9lWZ_0I&list=RDRalC9lWZ_0I&start_radio=1
youtube,8sJWiYMfTM8,https://www.youtube.com/watch?v=8sJWiYMfTM8,SONG,SONG_2019,Sóng 25 - Đỉnh Sóng Dẫn Đầu - Chương trình giải trí âm nhạc Đêm Giao Thừa 2025,VIDEO,UNKNOWN_REUPLOAD,OFFICIAL_MUSIC_CHANNEL,EPISODE,OFFICIAL_PLAYLIST_COLLECTION,NEEDS_REVIEW,NEEDS_REVIEW,2025-01-28T12:08:06.000Z,17779,3243777,,,available,AM3Gqf1w9dPMZg4Bs,https://www.youtube.com/watch?v=8sJWiYMfTM8
youtube,8e5fF7T515o,https://www.youtube.com/watch?v=8e5fF7T515o,SONG,SONG_2019,"VTV10 | GTCT đặc biệt Đêm giao thừa Ất Tỵ 2025, Hòa sóng VTV (19h00, 28/01/2025, 29 Tết)",VIDEO,ANNUAL_SEGMENT,UNVERIFIED,SEASON,INFERRED,NEEDS_REVIEW,NEEDS_REVIEW,2025-01-28T18:46:25.000Z,260,4072,,,available,AM3Gqf1w9dPMZg4Bs,https://www.youtube.com/watch?v=8e5fF7T515o
youtube,hjqlF6GZpvU,https://www.youtube.com/watch?v=hjqlF6GZpvU,SONG,SONG_2019,Giao thừa Sóng Xuân 19: Thúy Ngân lần đầu đảm nhận vai trò MC,VIDEO,ANNUAL_SEGMENT,UNVERIFIED,SEASON,INFERRED,NEEDS_REVIEW,NEEDS_REVIEW,2019-01-27T15:59:17.000Z,622,4984,,,available,AM3Gqf1w9dPMZg4Bs,https://www.youtube.com/watch?v=hjqlF6GZpvU
youtube,mIJHzYH9ThQ,https://www.youtube.com/watch?v=mIJHzYH9ThQ,SONG,SONG_2019,"Hài Sóng 19: Hoài Linh, Trường Giang, Anh Đức, Lâm Vỹ Dạ, Mạc Văn Khoa",VIDEO,ANNUAL_SEGMENT,PRIMARY_BROADCASTER,SEASON,OFFICIAL_PLAYLIST_COLLECTION,ACCEPTED,ACCEPTED,2023-01-18T12:00:06.000Z,2157,248488,,,available,AM3Gqf1w9dPMZg4Bs,https://www.youtube.com/watch?v=mIJHzYH9ThQ
youtube,N2H8H1TrxTc,https://www.youtube.com/watch?v=N2H8H1TrxTc&list=RDN2H8H1TrxTc&start_radio=1,SONG,SONG_2019,Chìm đắm với giọng hát của bộ 3 vocal khủng Vũ x GiGi Hương Giang x Anh Tú | Sóng 24,VIDEO,ANNUAL_SEGMENT,OFFICIAL_DISTRIBUTION_PARTNER,SEASON,OFFICIAL_PLAYLIST_COLLECTION,ACCEPTED,ACCEPTED,2024-02-15T11:00:17.000Z,602,15687550,,,available,AM3Gqf1w9dPMZg4Bs,https://www.youtube.com/watch?v=N2H8H1TrxTc&list=RDN2H8H1TrxTc&start_radio=1
youtube,l-JJC3IPSl0,https://www.youtube.com/watch?v=l-JJC3IPSl0&list=RDl-JJC3IPSl0&start_radio=1,SONG,SONG_2019,A Xìn tạo bất ngờ lớn đêm Giao thừa 2020 khi hòa âm cực chuẩn cùng Erik - Hiền Hồ | SÓNG 20,VIDEO,ANNUAL_SEGMENT,UNVERIFIED,SEASON,INFERRED,NEEDS_REVIEW,NEEDS_REVIEW,2020-01-25T13:00:07.000Z,952,6900087,,,available,AM3Gqf1w9dPMZg4Bs,https://www.youtube.com/watch?v=l-JJC3IPSl0&list=RDl-JJC3IPSl0&start_radio=1
youtube,Vez84EB04Ig,https://www.youtube.com/watch?v=Vez84EB04Ig,SONG,SONG_2019,SÓNG 26:TƠ TƯỞNG VỚI THỜI GIAN| Đại tiệc thị giác tráng lệ:Âm nhạc ôm ấp ký ức bằng hơi thở điện ảnh,VIDEO,UNKNOWN_REUPLOAD,OFFICIAL_MUSIC_CHANNEL,EPISODE,OFFICIAL_PLAYLIST_COLLECTION,NEEDS_REVIEW,NEEDS_REVIEW,2026-02-16T14:00:09.000Z,10708,2427774,,,available,AM3Gqf1w9dPMZg4Bs,https://www.youtube.com/watch?v=Vez84EB04Ig
youtube,-FpJw3LgWJM,https://www.youtube.com/watch?v=-FpJw3LgWJM,SONG,SONG_2019,"RHK1 | Khoảnh khắc hoà sóng chương trình đặc biệt đêm giao thừa Bính Ngọ 2026 (19h, 16/2/2026)",VIDEO,ANNUAL_SEGMENT,UNVERIFIED,SEASON,INFERRED,NEEDS_REVIEW,NEEDS_REVIEW,2026-05-26T10:04:02.000Z,65,100,,,available,AM3Gqf1w9dPMZg4Bs,https://www.youtube.com/watch?v=-FpJw3LgWJM
youtube,_FRomcOVW5M,https://www.youtube.com/watch?v=_FRomcOVW5M,SONG,SONG_2019,"Khoảnh khắc VTV3 hoà sóng cho chương trình đặc biệt đêm giao thừa tết Quý Mão (19h, 21.01.2023)",VIDEO,ANNUAL_SEGMENT,UNVERIFIED,SEASON,INFERRED,NEEDS_REVIEW,NEEDS_REVIEW,2023-01-21T12:04:25.000Z,186,5071,,,available,AM3Gqf1w9dPMZg4Bs,https://www.youtube.com/watch?v=_FRomcOVW5M
youtube,rVFNzTLaIik,https://www.youtube.com/watch?v=rVFNzTLaIik,SONG,SONG_2019,Sóng 23 - Chương trình giải trí Đêm Giao Thừa 2023 hội tụ hơn 100 nghệ sĩ hàng đầu Việt Nam Tết 2023,VIDEO,UNKNOWN_REUPLOAD,OFFICIAL_MUSIC_CHANNEL,EPISODE,OFFICIAL_PLAYLIST_COLLECTION,NEEDS_REVIEW,NEEDS_REVIEW,2023-01-21T12:00:09.000Z,17300,6464083,,,available,AM3Gqf1w9dPMZg4Bs,https://www.youtube.com/watch?v=rVFNzTLaIik
youtube,i-d6QYIpfyg,https://www.youtube.com/watch?v=i-d6QYIpfyg,SONG,SONG_2019,"2 Ngày 1 Đêm Việt Nam | Tập 19: Dương Lâm hóa thủy quái ""rớt quần"", cầu cứu Cris Phan trong vô vọng",VIDEO,UNKNOWN,PRIMARY_PRODUCER,EPISODE,OFFICIAL_PLAYLIST_COLLECTION,NEEDS_REVIEW,NEEDS_REVIEW,2022-10-23T15:15:03.000Z,5653,11275976,,,available,AM3Gqf1w9dPMZg4Bs,https://www.youtube.com/watch?v=i-d6QYIpfyg
youtube,wAcGtv4OSEg,https://www.youtube.com/watch?v=wAcGtv4OSEg&list=RDwAcGtv4OSEg&start_radio=1,SONG,SONG_2019,"CẬU BÉ KHMER có GIỌNG HÁT ĐỘC LẠ ""XỬ NGỌT"" BÀI CỰC KHÓ khiến GIÁM KHẢO cũng phải RUN GIÙM | THVL",VIDEO,UNKNOWN,UNVERIFIED,SEASON,INFERRED,NEEDS_REVIEW,NEEDS_REVIEW,2021-09-09T04:15:12.000Z,611,26814035,,,available,AM3Gqf1w9dPMZg4Bs,https://www.youtube.com/watch?v=wAcGtv4OSEg&list=RDwAcGtv4OSEg&start_radio=1
youtube,C5Q6uNWWx9s,https://www.youtube.com/watch?v=C5Q6uNWWx9s&list=RDC5Q6uNWWx9s&start_radio=1,SONG,SONG_2019,"Tổng hợp những màn KẾT HỢP ĐỈNH NHẤT khuynh đảo SÓNG qua các mùa | Quân A.P, Vũ, Myra Trần, Hiền Hồ",VIDEO,ANNUAL_SEGMENT,UNVERIFIED,SEASON,INFERRED,NEEDS_REVIEW,NEEDS_REVIEW,2023-02-03T12:00:07.000Z,1658,3414166,,,available,AM3Gqf1w9dPMZg4Bs,https://www.youtube.com/watch?v=C5Q6uNWWx9s&list=RDC5Q6uNWWx9s&start_radio=1
youtube,OLrCW8p48z0,https://www.youtube.com/watch?v=OLrCW8p48z0,SONG,SONG_2019,"VTV10 | GTCT đặc biệt đêm giao thừa Bính Ngọ 2026, Hòa sóng VTV (19h00, 16/02/2026, 29 Tết)",VIDEO,ANNUAL_SEGMENT,UNVERIFIED,SEASON,INFERRED,NEEDS_REVIEW,NEEDS_REVIEW,2026-02-17T01:48:58.000Z,242,5912,,,available,AM3Gqf1w9dPMZg4Bs,https://www.youtube.com/watch?v=OLrCW8p48z0
youtube,8-2NakF6WNU,https://www.youtube.com/watch?v=8-2NakF6WNU,SONG,SONG_2019,"VTV3 (Hòa sóng) Đêm Giao Thừa Quảng cáo Gặp Nhau Cuối Năm Xuân Ất Ty. (19h58, 28/01/2025, 29 Tết)",VIDEO,ANNUAL_SEGMENT,UNVERIFIED,SEASON,INFERRED,NEEDS_REVIEW,NEEDS_REVIEW,2025-02-01T12:51:01.000Z,150,2213,,,available,AM3Gqf1w9dPMZg4Bs,https://www.youtube.com/watch?v=8-2NakF6WNU
youtube,JBRTpXBh4m4,https://www.youtube.com/watch?v=JBRTpXBh4m4&list=RDJBRTpXBh4m4&start_radio=1,SONG,SONG_2019,"Trọn bộ playlist Sóng 26 đong đầy cảm xúc: Không Buông, Ngày Này Năm Ấy, Phép Màu,... | SÓNG 26",VIDEO,UNKNOWN_REUPLOAD,OFFICIAL_MUSIC_CHANNEL,SEASON,OFFICIAL_PLAYLIST_COLLECTION,NEEDS_REVIEW,NEEDS_REVIEW,2026-02-26T12:00:36.000Z,3082,567303,,,available,AM3Gqf1w9dPMZg4Bs,https://www.youtube.com/watch?v=JBRTpXBh4m4&list=RDJBRTpXBh4m4&start_radio=1
youtube,bxMI-6QUlT4,https://www.youtube.com/watch?v=bxMI-6QUlT4&list=RDbxMI-6QUlT4&start_radio=1,SONG,SONG_2019,Bản rap sôi động hay nhức nhối Dư Thật của B Ray x BigDaddy x Vũ Thảo My | Sóng 24,VIDEO,UNKNOWN_REUPLOAD,OFFICIAL_MUSIC_CHANNEL,SEASON,OFFICIAL_PLAYLIST_COLLECTION,NEEDS_REVIEW,NEEDS_REVIEW,2024-02-11T02:01:39.000Z,235,1854652,,,available,AM3Gqf1w9dPMZg4Bs,https://www.youtube.com/watch?v=bxMI-6QUlT4&list=RDbxMI-6QUlT4&start_radio=1
youtube,3AqTm7mt79A,https://www.youtube.com/watch?v=3AqTm7mt79A,SONG,SONG_2019,"Cô bé THI HÁT CHỌN BÀI CỰC KHÓ và CÁI KẾT làm Việt Hương phải XIN LỖI vì trót ""KHINH THƯỜNG"" | THVL",VIDEO,UNKNOWN,UNVERIFIED,SEASON,INFERRED,NEEDS_REVIEW,NEEDS_REVIEW,2021-09-04T04:02:51.000Z,673,30797511,,,available,AM3Gqf1w9dPMZg4Bs,https://www.youtube.com/watch?v=3AqTm7mt79A
youtube,E-ns_MOaVEc,https://www.youtube.com/watch?v=E-ns_MOaVEc,SONG,SONG_2019,Trailer Gala Hài Xuân 2018 (Phát sóng 19:00 Đêm giao thừa - 15/2/2017),VIDEO,ANNUAL_SEGMENT,PRIMARY_BROADCASTER,SEASON,OFFICIAL_PLAYLIST_COLLECTION,ACCEPTED,ACCEPTED,2018-02-07T03:29:10.000Z,67,49928,,,available,AM3Gqf1w9dPMZg4Bs,https://www.youtube.com/watch?v=E-ns_MOaVEc
youtube,UOrjqcEfxQ0,https://www.youtube.com/watch?v=UOrjqcEfxQ0&list=RDUOrjqcEfxQ0&start_radio=1,SONG,SONG_2019,"Tết Ơi Tết À - Hòa Minzy, Đức Phúc, ERIK | Gala Nhạc Việt Tết 2024",VIDEO,UNKNOWN,UNVERIFIED,SEASON,INFERRED,NEEDS_REVIEW,NEEDS_REVIEW,2024-01-22T12:00:09.000Z,226,11183477,,,available,AM3Gqf1w9dPMZg4Bs,https://www.youtube.com/watch?v=UOrjqcEfxQ0&list=RDUOrjqcEfxQ0&start_radio=1
youtube,znC9jBVL3Ko,https://www.youtube.com/watch?v=znC9jBVL3Ko&list=RDznC9jBVL3Ko&start_radio=1,SONG,SONG_2019,Hồ Phi Nal khiến fan sướng cái tai khi hát Rồi Tới Luôn tại sân khấu Sóng | Sóng 22,VIDEO,ANNUAL_SEGMENT,UNVERIFIED,SEASON,INFERRED,NEEDS_REVIEW,NEEDS_REVIEW,2022-02-02T04:00:13.000Z,299,15986762,,,available,AM3Gqf1w9dPMZg4Bs,https://www.youtube.com/watch?v=znC9jBVL3Ko&list=RDznC9jBVL3Ko&start_radio=1
youtube,F-XWpbIFyoM,https://www.youtube.com/watch?v=F-XWpbIFyoM,SONG,SONG_2019,"Hài Sóng 22: Trấn Thành, Lê Dương Bảo Lâm, Khả Như, Lê Giang",VIDEO,ANNUAL_SEGMENT,PRIMARY_BROADCASTER,SEASON,OFFICIAL_PLAYLIST_COLLECTION,ACCEPTED,ACCEPTED,2023-01-19T14:00:07.000Z,1986,1000182,,,available,AM3Gqf1w9dPMZg4Bs,https://www.youtube.com/watch?v=F-XWpbIFyoM
youtube,wFuMcQw_uDM,https://www.youtube.com/watch?v=wFuMcQw_uDM,SONG,SONG_2019,Sóng 22 – Chương trình giải trí Đêm Giao Thừa 2022 hội tụ hơn 100 nghệ sĩ hàng đầu Việt Nam Tết 2022,VIDEO,UNKNOWN,UNVERIFIED,EPISODE,INFERRED,NEEDS_REVIEW,NEEDS_REVIEW,2022-01-31T12:15:16.000Z,17060,8529605,,,available,AM3Gqf1w9dPMZg4Bs,https://www.youtube.com/watch?v=wFuMcQw_uDM
youtube,7z6UHXNnl6E,https://www.youtube.com/watch?v=7z6UHXNnl6E&list=RD7z6UHXNnl6E&start_radio=1,SONG,SONG_2019,"Cả Trường Quay ""TÉ LẬT GHẾ"" Khi Nghe Cô Gái ""EM HÁT ĐƯỢC GIỌNG NAM"" Mà Hoảng Hồn",VIDEO,UNKNOWN,UNVERIFIED,SEASON,INFERRED,NEEDS_REVIEW,NEEDS_REVIEW,2024-03-06T03:00:12.000Z,7189,7720417,,,available,AM3Gqf1w9dPMZg4Bs,https://www.youtube.com/watch?v=7z6UHXNnl6E&list=RD7z6UHXNnl6E&start_radio=1
youtube,jZsT6fCivMQ,https://www.youtube.com/watch?v=jZsT6fCivMQ,SONG,SONG_2019,"FULL Hài Sóng 24: Anh trai HIEUTHUHAI ứng biến cực mượt khiến Trấn Thành, Diệu Lâm bội phục |Sóng 24",VIDEO,ANNUAL_SEGMENT,PRIMARY_BROADCASTER,SEASON,OFFICIAL_PLAYLIST_COLLECTION,ACCEPTED,ACCEPTED,2024-02-10T12:00:40.000Z,2236,3828915,,,available,AM3Gqf1w9dPMZg4Bs,https://www.youtube.com/watch?v=jZsT6fCivMQ
youtube,jovFja8QNVM,https://www.youtube.com/watch?v=jovFja8QNVM&list=PLxKLMN7WdG5DWTxwel5hsaLSOlpzgayQ5&index=2,SONG,SONG_2020,#2 Sóng VieON – Đêm nhạc giải trí đỉnh cao quy tụ hàng trăm nghệ sĩ hot nhất showbiz Việt hiện nay,VIDEO,ANNUAL_SEGMENT,PRIMARY_BROADCASTER,SEASON,OFFICIAL_PLAYLIST_COLLECTION,ACCEPTED,ACCEPTED,2020-06-19T13:00:30.000Z,4928,1310031,,,available,VfvjyiLQHspIx2k0C,https://www.youtube.com/watch?v=jovFja8QNVM&list=PLxKLMN7WdG5DWTxwel5hsaLSOlpzgayQ5&index=2
youtube,agXFJH4kvCY,https://www.youtube.com/watch?v=agXFJH4kvCY&list=PLxKLMN7WdG5DWTxwel5hsaLSOlpzgayQ5&index=3,SONG,SONG_2020,#3 Sóng VieON – Đêm nhạc giải trí đỉnh cao quy tụ hàng trăm nghệ sĩ hot nhất showbiz Việt hiện nay,VIDEO,ANNUAL_SEGMENT,PRIMARY_BROADCASTER,SEASON,OFFICIAL_PLAYLIST_COLLECTION,ACCEPTED,ACCEPTED,2020-07-13T12:00:01.000Z,4316,165038,,,available,VfvjyiLQHspIx2k0C,https://www.youtube.com/watch?v=agXFJH4kvCY&list=PLxKLMN7WdG5DWTxwel5hsaLSOlpzgayQ5&index=3
youtube,bQ2RZ03fV8I,https://www.youtube.com/watch?v=bQ2RZ03fV8I&list=PLxKLMN7WdG5DWTxwel5hsaLSOlpzgayQ5&index=1,SONG,SONG_2020,Sóng VieON – Đêm nhạc giải trí đỉnh cao quy tụ hàng trăm nghệ sĩ hot nhất showbiz Việt Nam hiện nay,VIDEO,ANNUAL_SEGMENT,PRIMARY_BROADCASTER,SEASON,OFFICIAL_PLAYLIST_COLLECTION,ACCEPTED,ACCEPTED,2020-06-15T12:27:09.000Z,2085,3987411,,,available,VfvjyiLQHspIx2k0C,https://www.youtube.com/watch?v=bQ2RZ03fV8I&list=PLxKLMN7WdG5DWTxwel5hsaLSOlpzgayQ5&index=1
youtube,-ZeKb6-Q0WA,https://www.youtube.com/watch?v=-ZeKb6-Q0WA,SONG,SONG_2021,"Khơi nguồn bức phá đêm Giao thừa Tết 2021 cùng Jack, Dế Choắt.. và thế hệ Gen Z | SÓNG 21",VIDEO,ANNUAL_SEGMENT,OFFICIAL_DISTRIBUTION_PARTNER,SEASON,OFFICIAL_PLAYLIST_COLLECTION,ACCEPTED,ACCEPTED,2021-02-06T15:02:50.000Z,99,4910,,,available,2UuCLxGY6vuiCAS1f,https://www.youtube.com/watch?v=-ZeKb6-Q0WA
youtube,W-rPHHb69Ac,https://www.youtube.com/watch?v=W-rPHHb69Ac,SONG,SONG_2021,"Hài Sóng 21: Hoài Linh, Hồng Vân,  Huỳnh Lập, Puka, Hứa Minh Đạt, Duy Khánh",VIDEO,ANNUAL_SEGMENT,PRIMARY_BROADCASTER,SEASON,OFFICIAL_PLAYLIST_COLLECTION,ACCEPTED,ACCEPTED,2023-01-19T12:00:07.000Z,2585,437907,,,available,2UuCLxGY6vuiCAS1f,https://www.youtube.com/watch?v=W-rPHHb69Ac
youtube,C5Q6uNWWx9s,https://www.youtube.com/watch?v=C5Q6uNWWx9s&list=RDC5Q6uNWWx9s&start_radio=1,SONG,SONG_2021,"Tổng hợp những màn KẾT HỢP ĐỈNH NHẤT khuynh đảo SÓNG qua các mùa | Quân A.P, Vũ, Myra Trần, Hiền Hồ",VIDEO,ANNUAL_SEGMENT,UNVERIFIED,SEASON,INFERRED,NEEDS_REVIEW,NEEDS_REVIEW,2023-02-03T12:00:07.000Z,1658,3414166,,,available,2UuCLxGY6vuiCAS1f,https://www.youtube.com/watch?v=C5Q6uNWWx9s&list=RDC5Q6uNWWx9s&start_radio=1
youtube,LyVQuIBDsaY,https://www.youtube.com/watch?v=LyVQuIBDsaY,SONG,SONG_2021,"Sóng 21-Chương 2: Hồng Vân, Hoài Linh, Huỳnh Lập...hội ngộ khán giả với tiểu phẩm ""Vượt sóng về nhà""",VIDEO,ANNUAL_SEGMENT,OFFICIAL_DISTRIBUTION_PARTNER,SEASON,OFFICIAL_PLAYLIST_COLLECTION,ACCEPTED,ACCEPTED,2021-02-14T13:00:14.000Z,4109,4884,,,available,2UuCLxGY6vuiCAS1f,https://www.youtube.com/watch?v=LyVQuIBDsaY
youtube,KyXbK3T00t0,https://www.youtube.com/watch?v=KyXbK3T00t0,SONG,SONG_2021,Teaser 2: Sóng 18 (Phát sóng 21:30 Đêm giao thừa - 15/2/2017),VIDEO,ANNUAL_SEGMENT,PRIMARY_BROADCASTER,SEASON,OFFICIAL_PLAYLIST_COLLECTION,ACCEPTED,ACCEPTED,2018-02-03T13:41:29.000Z,37,53611,,,available,2UuCLxGY6vuiCAS1f,https://www.youtube.com/watch?v=KyXbK3T00t0
youtube,MrahF2FL684,https://www.youtube.com/watch?v=MrahF2FL684,SONG,SONG_2021,"Sóng 21 - Chương 3: Wowy, Dế Choắt, GDucky và dàn sao concert Rap Việt cùng Andree đổ bộ Sóng 21",VIDEO,ANNUAL_SEGMENT,OFFICIAL_DISTRIBUTION_PARTNER,SEASON,OFFICIAL_PLAYLIST_COLLECTION,ACCEPTED,ACCEPTED,2021-02-15T13:00:17.000Z,3414,50634,,,available,2UuCLxGY6vuiCAS1f,https://www.youtube.com/watch?v=MrahF2FL684
youtube,l-JJC3IPSl0,https://www.youtube.com/watch?v=l-JJC3IPSl0&list=RDl-JJC3IPSl0&start_radio=1,SONG,SONG_2021,A Xìn tạo bất ngờ lớn đêm Giao thừa 2020 khi hòa âm cực chuẩn cùng Erik - Hiền Hồ | SÓNG 20,VIDEO,ANNUAL_SEGMENT,UNVERIFIED,SEASON,INFERRED,NEEDS_REVIEW,NEEDS_REVIEW,2020-01-25T13:00:07.000Z,952,6900087,,,available,2UuCLxGY6vuiCAS1f,https://www.youtube.com/watch?v=l-JJC3IPSl0&list=RDl-JJC3IPSl0&start_radio=1
youtube,sOjdnLRLzLw,https://www.youtube.com/watch?v=sOjdnLRLzLw&list=RDsOjdnLRLzLw&start_radio=1,SONG,SONG_2021,Full Đom Đóm - Jack [ Sóng 21 ],VIDEO,ANNUAL_SEGMENT,UNVERIFIED,SEASON,INFERRED,NEEDS_REVIEW,NEEDS_REVIEW,2024-03-14T08:43:32.000Z,312,169747,,,available,2UuCLxGY6vuiCAS1f,https://www.youtube.com/watch?v=sOjdnLRLzLw&list=RDsOjdnLRLzLw&start_radio=1
youtube,o0D2r2KnO_w,https://www.youtube.com/watch?v=o0D2r2KnO_w,SONG,SONG_2021,Sóng 24 - Chương trình giải trí âm nhạc Đêm Giao Thừa 2024 Trấn Thành Ngô Kiến Huy HIEUTHUHAI Anh Tú,VIDEO,UNKNOWN_REUPLOAD,OFFICIAL_MUSIC_CHANNEL,EPISODE,OFFICIAL_PLAYLIST_COLLECTION,NEEDS_REVIEW,NEEDS_REVIEW,2024-02-09T12:30:10.000Z,15652,5573728,,,available,2UuCLxGY6vuiCAS1f,https://www.youtube.com/watch?v=o0D2r2KnO_w
youtube,rVFNzTLaIik,https://www.youtube.com/watch?v=rVFNzTLaIik,SONG,SONG_2021,Sóng 23 - Chương trình giải trí Đêm Giao Thừa 2023 hội tụ hơn 100 nghệ sĩ hàng đầu Việt Nam Tết 2023,VIDEO,UNKNOWN_REUPLOAD,OFFICIAL_MUSIC_CHANNEL,EPISODE,OFFICIAL_PLAYLIST_COLLECTION,NEEDS_REVIEW,NEEDS_REVIEW,2023-01-21T12:00:09.000Z,17300,6464083,,,available,2UuCLxGY6vuiCAS1f,https://www.youtube.com/watch?v=rVFNzTLaIik
youtube,pBfvGBND8bY,https://www.youtube.com/watch?v=pBfvGBND8bY,SONG,SONG_2021,"Tung loạt câu hỏi khó đỉnh cao, Trấn Thành khiến dàn sao sượng trân vì bí giữa chừng| SÓNG 21",VIDEO,ANNUAL_SEGMENT,OFFICIAL_DISTRIBUTION_PARTNER,SEASON,OFFICIAL_PLAYLIST_COLLECTION,ACCEPTED,ACCEPTED,2021-02-17T14:00:30.000Z,764,8717,,,available,2UuCLxGY6vuiCAS1f,https://www.youtube.com/watch?v=pBfvGBND8bY
youtube,NwU0oVA7Fmg,https://www.youtube.com/watch?v=NwU0oVA7Fmg&list=RDNwU0oVA7Fmg&start_radio=1,SONG,SONG_2021,CẢ NƯỚC KHÔNG ƯA EM - PHAN MẠNH QUỲNH | SÓNG 21 - Chương trình giải trí đặc biệt đêm Giao Thừa 2021,VIDEO,ANNUAL_SEGMENT,PRIMARY_BROADCASTER,SEASON,OFFICIAL_PLAYLIST_COLLECTION,ACCEPTED,ACCEPTED,2021-02-14T11:02:04.000Z,427,950145,,,available,2UuCLxGY6vuiCAS1f,https://www.youtube.com/watch?v=NwU0oVA7Fmg&list=RDNwU0oVA7Fmg&start_radio=1
youtube,8sJWiYMfTM8,https://www.youtube.com/watch?v=8sJWiYMfTM8,SONG,SONG_2021,Sóng 25 - Đỉnh Sóng Dẫn Đầu - Chương trình giải trí âm nhạc Đêm Giao Thừa 2025,VIDEO,UNKNOWN_REUPLOAD,OFFICIAL_MUSIC_CHANNEL,EPISODE,OFFICIAL_PLAYLIST_COLLECTION,NEEDS_REVIEW,NEEDS_REVIEW,2025-01-28T12:08:06.000Z,17779,3243777,,,available,2UuCLxGY6vuiCAS1f,https://www.youtube.com/watch?v=8sJWiYMfTM8
youtube,YJiyJuTUxzg,https://www.youtube.com/watch?v=YJiyJuTUxzg,SONG,SONG_2021,"Sóng 21 - Chương 1: Mashup Trấn Thành, Erik, Đức Phúc & loạt hit Hiền Hồ, Hoàng Dũng, Amee, Quân A.P",VIDEO,ANNUAL_SEGMENT,OFFICIAL_DISTRIBUTION_PARTNER,SEASON,OFFICIAL_PLAYLIST_COLLECTION,ACCEPTED,ACCEPTED,2021-02-13T13:00:07.000Z,1817,6929,,,available,2UuCLxGY6vuiCAS1f,https://www.youtube.com/watch?v=YJiyJuTUxzg
youtube,fnIaGIH5rpI,https://www.youtube.com/watch?v=fnIaGIH5rpI,SONG,SONG_2021,"TRAILER SÓNG 21| JACK, THẦY TRÒ WOWY, DẾ CHOẮT & 100 NGHỆ SĨ ĐỔ BỘ SÂN KHẤU KHỦNG NHẤT ĐÊM GIAO THỪA",VIDEO,ANNUAL_SEGMENT,UNVERIFIED,SEASON,INFERRED,NEEDS_REVIEW,NEEDS_REVIEW,2021-02-05T11:30:11.000Z,105,16854,,,available,2UuCLxGY6vuiCAS1f,https://www.youtube.com/watch?v=fnIaGIH5rpI
youtube,O3gwIWZ0i3U,https://www.youtube.com/watch?v=O3gwIWZ0i3U&list=RDO3gwIWZ0i3U&start_radio=1,SONG,SONG_2021,Suni Hạ Linh - Chillies kết hợp cực ăn ý trong ca khúc cực hot Cứ Chill Thôi| SÓNG 21,VIDEO,ANNUAL_SEGMENT,OFFICIAL_DISTRIBUTION_PARTNER,SEASON,OFFICIAL_PLAYLIST_COLLECTION,ACCEPTED,ACCEPTED,2021-02-17T11:00:07.000Z,539,12816,,,available,2UuCLxGY6vuiCAS1f,https://www.youtube.com/watch?v=O3gwIWZ0i3U&list=RDO3gwIWZ0i3U&start_radio=1
youtube,KMHbZxk-B1s,https://www.youtube.com/watch?v=KMHbZxk-B1s,SONG,SONG_2021,Phan Mạnh Quỳnh luyện tập cực chăm chỉ cho tiết mục ý nghĩa đêm Giao Thừa 2021| SÓNG 21,VIDEO,ANNUAL_SEGMENT,OFFICIAL_DISTRIBUTION_PARTNER,SEASON,OFFICIAL_PLAYLIST_COLLECTION,ACCEPTED,ACCEPTED,2021-02-15T12:00:06.000Z,322,827,,,available,2UuCLxGY6vuiCAS1f,https://www.youtube.com/watch?v=KMHbZxk-B1s
youtube,J0KYHXjnmIw,https://www.youtube.com/watch?v=J0KYHXjnmIw&list=RDJ0KYHXjnmIw&start_radio=1,SONG,SONG_2021,Jack j97 xuất hiện trong trương trình Sóng 21 Đêm giao thừa tết 2021.,VIDEO,ANNUAL_SEGMENT,UNVERIFIED,SEASON,INFERRED,NEEDS_REVIEW,NEEDS_REVIEW,2021-02-09T02:16:50.000Z,77,1104,,,available,2UuCLxGY6vuiCAS1f,https://www.youtube.com/watch?v=J0KYHXjnmIw&list=RDJ0KYHXjnmIw&start_radio=1
youtube,qqro2si2g04,https://www.youtube.com/watch?v=qqro2si2g04,SONG,SONG_2021,"Châu Bùi liên tục dính ""ca khó"", đành cầu cứu gấp JustaTee| SÓNG 21",VIDEO,ANNUAL_SEGMENT,OFFICIAL_DISTRIBUTION_PARTNER,SEASON,OFFICIAL_PLAYLIST_COLLECTION,ACCEPTED,ACCEPTED,2021-02-10T14:30:04.000Z,258,9297,,,available,2UuCLxGY6vuiCAS1f,https://www.youtube.com/watch?v=qqro2si2g04
youtube,W5UdFKhlQlM,https://www.youtube.com/watch?v=W5UdFKhlQlM,SONG,SONG_2021,"Jack trải lòng về sự cô đơn, xử lý khéo léo loạt tình huống khó từ Trấn Thành| SÓNG 21",VIDEO,ANNUAL_SEGMENT,UNVERIFIED,SEASON,INFERRED,NEEDS_REVIEW,NEEDS_REVIEW,2021-02-16T11:00:23.000Z,667,135782,,,available,2UuCLxGY6vuiCAS1f,https://www.youtube.com/watch?v=W5UdFKhlQlM
youtube,3X7YVwu2M6Y,https://www.youtube.com/watch?v=3X7YVwu2M6Y&list=RD3X7YVwu2M6Y&start_radio=1,SONG,SONG_2021,Hiền Hồ - Quân AP hứa hẹn sẽ có một màn live đỉnh cao đúng đêm giao thừa | SÓNG 21,VIDEO,ANNUAL_SEGMENT,UNVERIFIED,SEASON,INFERRED,NEEDS_REVIEW,NEEDS_REVIEW,2021-02-09T08:00:04.000Z,70,2159,,,available,2UuCLxGY6vuiCAS1f,https://www.youtube.com/watch?v=3X7YVwu2M6Y&list=RD3X7YVwu2M6Y&start_radio=1
youtube,6_I6tJKvbjg,https://www.youtube.com/watch?v=6_I6tJKvbjg&list=RD6_I6tJKvbjg&start_radio=1,SONG,SONG_2021,Izara hát đêm giao thừa cùng Trấn thành HIếu thứ hai Sóng 24,VIDEO,ANNUAL_SEGMENT,UNVERIFIED,SEASON,INFERRED,NEEDS_REVIEW,NEEDS_REVIEW,2024-03-28T03:22:22.000Z,166,93123,,,available,2UuCLxGY6vuiCAS1f,https://www.youtube.com/watch?v=6_I6tJKvbjg&list=RD6_I6tJKvbjg&start_radio=1
youtube,gpEhYG81MVU,https://www.youtube.com/watch?v=gpEhYG81MVU&list=RDgpEhYG81MVU&start_radio=1,SONG,SONG_2021,Hoàng Dũng live Lắng Nghe Mùa Xuân Về đầy da diết chốt lại một đêm giao thừa tuyệt vời | SÓNG 21,VIDEO,ANNUAL_SEGMENT,UNVERIFIED,SEASON,INFERRED,NEEDS_REVIEW,NEEDS_REVIEW,2021-02-16T14:00:27.000Z,236,17122,,,available,2UuCLxGY6vuiCAS1f,https://www.youtube.com/watch?v=gpEhYG81MVU&list=RDgpEhYG81MVU&start_radio=1
youtube,7S7PHMgu0Kk,https://www.youtube.com/watch?v=7S7PHMgu0Kk&list=RD7S7PHMgu0Kk&start_radio=1,SONG,SONG_2021,Ngày nào cũng là Tết khi nghe loạt bài hát về mua xuân của Sóng 21| SÓNG 21,VIDEO,ANNUAL_SEGMENT,OFFICIAL_DISTRIBUTION_PARTNER,SEASON,OFFICIAL_PLAYLIST_COLLECTION,ACCEPTED,ACCEPTED,2021-03-01T14:00:06.000Z,806,2123,,,available,2UuCLxGY6vuiCAS1f,https://www.youtube.com/watch?v=7S7PHMgu0Kk&list=RD7S7PHMgu0Kk&start_radio=1
youtube,zXpmnZY2hyc,https://www.youtube.com/watch?v=zXpmnZY2hyc&list=RDzXpmnZY2hyc&start_radio=1,SONG,SONG_2021,Cypher Rap Việt bùng nổ cả sân khấu với màn chào T.E.T 2021 cực kỳ sôi động | SÓNG 21,VIDEO,ANNUAL_SEGMENT,UNVERIFIED,SEASON,INFERRED,NEEDS_REVIEW,NEEDS_REVIEW,2021-02-12T05:00:30.000Z,414,10085,,,available,2UuCLxGY6vuiCAS1f,https://www.youtube.com/watch?v=zXpmnZY2hyc&list=RDzXpmnZY2hyc&start_radio=1
youtube,EZg15-zg1yU,https://www.youtube.com/watch?v=EZg15-zg1yU&list=RDEZg15-zg1yU&start_radio=1,SONG,SONG_2021,Hiền Hồ - Quân AP live như nuốt đĩa 2 bản hit: Bông Hoa Đẹp Nhất và Gặp Nhưng Không Ở Lại| SÓNG 21,VIDEO,ANNUAL_SEGMENT,UNVERIFIED,SEASON,INFERRED,NEEDS_REVIEW,NEEDS_REVIEW,2021-02-12T15:12:18.000Z,441,4903083,,,available,2UuCLxGY6vuiCAS1f,https://www.youtube.com/watch?v=EZg15-zg1yU&list=RDEZg15-zg1yU&start_radio=1
youtube,jL8MOL-ULWY,https://www.youtube.com/watch?v=jL8MOL-ULWY&list=RDjL8MOL-ULWY&start_radio=1,SONG,SONG_2021,Trấn Thành - Erik - Đức Phúc hẹn gặp khán giả vào đêm giao thừa 2021 | SÓNG 21,VIDEO,ANNUAL_SEGMENT,OFFICIAL_DISTRIBUTION_PARTNER,SEASON,OFFICIAL_PLAYLIST_COLLECTION,ACCEPTED,ACCEPTED,2021-02-09T02:00:05.000Z,75,11366,,,available,2UuCLxGY6vuiCAS1f,https://www.youtube.com/watch?v=jL8MOL-ULWY&list=RDjL8MOL-ULWY&start_radio=1
youtube,jZsT6fCivMQ,https://www.youtube.com/watch?v=jZsT6fCivMQ,SONG,SONG_2021,"FULL Hài Sóng 24: Anh trai HIEUTHUHAI ứng biến cực mượt khiến Trấn Thành, Diệu Lâm bội phục |Sóng 24",VIDEO,ANNUAL_SEGMENT,PRIMARY_BROADCASTER,SEASON,OFFICIAL_PLAYLIST_COLLECTION,ACCEPTED,ACCEPTED,2024-02-10T12:00:40.000Z,2236,3828915,,,available,2UuCLxGY6vuiCAS1f,https://www.youtube.com/watch?v=jZsT6fCivMQ
youtube,wFuMcQw_uDM,https://www.youtube.com/watch?v=wFuMcQw_uDM,SONG,SONG_2021,Sóng 22 – Chương trình giải trí Đêm Giao Thừa 2022 hội tụ hơn 100 nghệ sĩ hàng đầu Việt Nam Tết 2022,VIDEO,UNKNOWN,UNVERIFIED,EPISODE,INFERRED,NEEDS_REVIEW,NEEDS_REVIEW,2022-01-31T12:15:16.000Z,17060,8529606,,,available,2UuCLxGY6vuiCAS1f,https://www.youtube.com/watch?v=wFuMcQw_uDM
youtube,AzuI-GX7p8I,https://www.youtube.com/watch?v=AzuI-GX7p8I,SONG,SONG_2022,"Giao thừa 2022 ""sống phá cách"" cùng DatKaa | Sóng 22",VIDEO,ANNUAL_SEGMENT,OFFICIAL_DISTRIBUTION_PARTNER,SEASON,OFFICIAL_PLAYLIST_COLLECTION,ACCEPTED,ACCEPTED,2022-01-29T14:00:04.000Z,130,849,,,available,pK5sPN5U0Fpw8ytbI,https://www.youtube.com/watch?v=AzuI-GX7p8I
youtube,FtFo5GV8mUs,https://www.youtube.com/watch?v=FtFo5GV8mUs,SONG,SONG_2022,Đại tiệc âm nhạc đẳng cấp hoành tráng đêm Giao thừa trở lại | Sóng 22,VIDEO,ANNUAL_SEGMENT,PRIMARY_BROADCASTER,SEASON,OFFICIAL_PLAYLIST_COLLECTION,ACCEPTED,ACCEPTED,2022-01-27T14:00:11.000Z,115,45167,,,available,pK5sPN5U0Fpw8ytbI,https://www.youtube.com/watch?v=FtFo5GV8mUs
youtube,x6O2mmM5DOo,https://www.youtube.com/watch?v=x6O2mmM5DOo,SONG,SONG_2022,"Seachains, Blacka, Tóc Tiên tung hit, fan khóc cười cùng Trấn Thành trong chương Biển Lớn | Sóng 22",VIDEO,ANNUAL_SEGMENT,UNVERIFIED,SEASON,INFERRED,NEEDS_REVIEW,NEEDS_REVIEW,2022-02-03T13:00:24.000Z,6269,67537,,,available,pK5sPN5U0Fpw8ytbI,https://www.youtube.com/watch?v=x6O2mmM5DOo
youtube,aOBQIVuOQ9U,https://www.youtube.com/watch?v=aOBQIVuOQ9U,SONG,SONG_2022,Cùng đón Giao thừa 2022 với DatKaa | Sóng 22,VIDEO,ANNUAL_SEGMENT,UNVERIFIED,SEASON,INFERRED,NEEDS_REVIEW,NEEDS_REVIEW,2022-01-31T07:00:01.000Z,90,5746,,,available,pK5sPN5U0Fpw8ytbI,https://www.youtube.com/watch?v=aOBQIVuOQ9U
youtube,W_Fd968ntaw,https://www.youtube.com/watch?v=W_Fd968ntaw,SONG,SONG_2022,Sóng 22 – Chương trình giải trí Đêm Giao Thừa 2022 hội tụ hơn 100 nghệ sĩ hàng đầu Việt Nam Tết 2022,VIDEO,UNKNOWN,OFFICIAL_DISTRIBUTION_PARTNER,EPISODE,OFFICIAL_PLAYLIST_COLLECTION,NEEDS_REVIEW,NEEDS_REVIEW,2022-01-31T12:15:13.000Z,16866,964386,,,available,pK5sPN5U0Fpw8ytbI,https://www.youtube.com/watch?v=W_Fd968ntaw
youtube,hhTqIXDgb9s,https://www.youtube.com/watch?v=hhTqIXDgb9s,SONG,SONG_2022,"Trấn Thành, Thuý Ngân, Hoa hậu Thuỳ Tiên bùng nổ Đêm Giao Thừa cùng dàn sao siêu hot | Sóng 22",VIDEO,ANNUAL_SEGMENT,UNVERIFIED,SEASON,INFERRED,NEEDS_REVIEW,NEEDS_REVIEW,2022-01-30T13:00:30.000Z,271,48010,,,available,pK5sPN5U0Fpw8ytbI,https://www.youtube.com/watch?v=hhTqIXDgb9s
youtube,KLzFNuY8fuM,https://www.youtube.com/watch?v=KLzFNuY8fuM,SONG,SONG_2022,"Tết năm nay, đón Giao thừa cùng Wren Evans | Sóng 22",VIDEO,ANNUAL_SEGMENT,OFFICIAL_DISTRIBUTION_PARTNER,SEASON,OFFICIAL_PLAYLIST_COLLECTION,ACCEPTED,ACCEPTED,2022-01-31T08:00:06.000Z,134,664,,,available,pK5sPN5U0Fpw8ytbI,https://www.youtube.com/watch?v=KLzFNuY8fuM
youtube,rVFNzTLaIik,https://www.youtube.com/watch?v=rVFNzTLaIik,SONG,SONG_2022,Sóng 23 - Chương trình giải trí Đêm Giao Thừa 2023 hội tụ hơn 100 nghệ sĩ hàng đầu Việt Nam Tết 2023,VIDEO,UNKNOWN_REUPLOAD,OFFICIAL_MUSIC_CHANNEL,EPISODE,OFFICIAL_PLAYLIST_COLLECTION,NEEDS_REVIEW,NEEDS_REVIEW,2023-01-21T12:00:09.000Z,17300,6464083,,,available,pK5sPN5U0Fpw8ytbI,https://www.youtube.com/watch?v=rVFNzTLaIik
youtube,l-JJC3IPSl0,https://www.youtube.com/watch?v=l-JJC3IPSl0&list=RDl-JJC3IPSl0&start_radio=1,SONG,SONG_2022,A Xìn tạo bất ngờ lớn đêm Giao thừa 2020 khi hòa âm cực chuẩn cùng Erik - Hiền Hồ | SÓNG 20,VIDEO,ANNUAL_SEGMENT,UNVERIFIED,SEASON,INFERRED,NEEDS_REVIEW,NEEDS_REVIEW,2020-01-25T13:00:07.000Z,952,6900087,,,available,pK5sPN5U0Fpw8ytbI,https://www.youtube.com/watch?v=l-JJC3IPSl0&list=RDl-JJC3IPSl0&start_radio=1
youtube,FZuz2kgMtZo,https://www.youtube.com/watch?v=FZuz2kgMtZo&list=RDFZuz2kgMtZo&start_radio=1,SONG,SONG_2022,Vương Anh Tú sẽ đón Giao thừa cùng bạn trong tối nay! | Sóng 22,VIDEO,ANNUAL_SEGMENT,UNVERIFIED,SEASON,INFERRED,NEEDS_REVIEW,NEEDS_REVIEW,2022-01-31T12:00:11.000Z,95,1139,,,available,pK5sPN5U0Fpw8ytbI,https://www.youtube.com/watch?v=FZuz2kgMtZo&list=RDFZuz2kgMtZo&start_radio=1
youtube,GtAvip4ZWuw,https://www.youtube.com/watch?v=GtAvip4ZWuw,SONG,SONG_2022,Wowy - Blacka phá cách cùng fan trong đêm Giao thừa 2022 | Sóng 22,VIDEO,ANNUAL_SEGMENT,OFFICIAL_DISTRIBUTION_PARTNER,SEASON,OFFICIAL_PLAYLIST_COLLECTION,ACCEPTED,ACCEPTED,2022-01-29T13:00:18.000Z,143,1583,,,available,pK5sPN5U0Fpw8ytbI,https://www.youtube.com/watch?v=GtAvip4ZWuw
youtube,Ur5fRba1vZ0,https://www.youtube.com/watch?v=Ur5fRba1vZ0,SONG,SONG_2022,Đừng bỏ lỡ những bản ballad lụi tim với Quân A.P tại Sóng 22 | Sóng 22,VIDEO,ANNUAL_SEGMENT,OFFICIAL_DISTRIBUTION_PARTNER,SEASON,OFFICIAL_PLAYLIST_COLLECTION,ACCEPTED,ACCEPTED,2022-01-30T15:00:25.000Z,130,467,,,available,pK5sPN5U0Fpw8ytbI,https://www.youtube.com/watch?v=Ur5fRba1vZ0
youtube,MqeWXxa9sTQ,https://www.youtube.com/watch?v=MqeWXxa9sTQ,SONG,SONG_2022,1 ngày nữa để gặp Văn Mai Hương tại Sóng 22! | Sóng 22,VIDEO,ANNUAL_SEGMENT,UNVERIFIED,SEASON,INFERRED,NEEDS_REVIEW,NEEDS_REVIEW,2022-01-30T08:00:14.000Z,79,654,,,available,pK5sPN5U0Fpw8ytbI,https://www.youtube.com/watch?v=MqeWXxa9sTQ
youtube,XtjIunWehek,https://www.youtube.com/watch?v=XtjIunWehek,SONG,SONG_2022,"Hồ Phi Nal, DatKaa tâm sự khi đến với âm nhạc, run khi lần đầu gặp idol Trấn Thành | Sóng 22",VIDEO,ANNUAL_SEGMENT,UNVERIFIED,SEASON,INFERRED,NEEDS_REVIEW,NEEDS_REVIEW,2022-02-01T05:15:03.000Z,870,803217,,,available,pK5sPN5U0Fpw8ytbI,https://www.youtube.com/watch?v=XtjIunWehek
youtube,fy4ISHK-rhc,https://www.youtube.com/watch?v=fy4ISHK-rhc,SONG,SONG_2022,"Nôn nao Giao thừa cùng Tăng Phúc - Ngô Kiến Huy, còn 1 ngày | Sóng 22",VIDEO,ANNUAL_SEGMENT,OFFICIAL_DISTRIBUTION_PARTNER,SEASON,OFFICIAL_PLAYLIST_COLLECTION,ACCEPTED,ACCEPTED,2022-01-30T16:30:05.000Z,94,1121,,,available,pK5sPN5U0Fpw8ytbI,https://www.youtube.com/watch?v=fy4ISHK-rhc
youtube,uDbRRqShuww,https://www.youtube.com/watch?v=uDbRRqShuww,SONG,SONG_2022,Cùng nhau đón năm mới ở đại tiệc Sóng 22 tối nay với J Jade | Sóng 22,VIDEO,ANNUAL_SEGMENT,OFFICIAL_DISTRIBUTION_PARTNER,SEASON,OFFICIAL_PLAYLIST_COLLECTION,ACCEPTED,ACCEPTED,2022-01-31T07:30:07.000Z,74,1593,,,available,pK5sPN5U0Fpw8ytbI,https://www.youtube.com/watch?v=uDbRRqShuww
youtube,Lyf0tW-y5zg,https://www.youtube.com/watch?v=Lyf0tW-y5zg,SONG,SONG_2022,"Đón Giao thừa tối nay cùng Blacka, đừng quên nhé! | Sóng 22",VIDEO,ANNUAL_SEGMENT,OFFICIAL_DISTRIBUTION_PARTNER,SEASON,OFFICIAL_PLAYLIST_COLLECTION,ACCEPTED,ACCEPTED,2022-01-31T06:15:00.000Z,86,507,,,available,pK5sPN5U0Fpw8ytbI,https://www.youtube.com/watch?v=Lyf0tW-y5zg
youtube,by6OmYrXqOI,https://www.youtube.com/watch?v=by6OmYrXqOI,SONG,SONG_2022,Chờ đón khoảnh khắc Giao thừa tối nay cùng Blacka| Sóng 22,VIDEO,ANNUAL_SEGMENT,UNVERIFIED,SEASON,INFERRED,NEEDS_REVIEW,NEEDS_REVIEW,2022-01-31T06:15:00.000Z,86,334,,,available,pK5sPN5U0Fpw8ytbI,https://www.youtube.com/watch?v=by6OmYrXqOI
youtube,HDD3aHG4IJ4,https://www.youtube.com/watch?v=HDD3aHG4IJ4&list=RDHDD3aHG4IJ4&start_radio=1,SONG,SONG_2022,Háo hức đón Giao thừa với J Jade vào tối nay! | Sóng 22,VIDEO,ANNUAL_SEGMENT,UNVERIFIED,SEASON,INFERRED,NEEDS_REVIEW,NEEDS_REVIEW,2022-01-31T07:30:01.000Z,74,913,,,available,pK5sPN5U0Fpw8ytbI,https://www.youtube.com/watch?v=HDD3aHG4IJ4&list=RDHDD3aHG4IJ4&start_radio=1
youtube,8XkJeolgyP0,https://www.youtube.com/watch?v=8XkJeolgyP0,SONG,SONG_2022,Cùng Kellie đổ bộ đêm Giao thừa Tết Nhâm Dần | Sóng 22,VIDEO,ANNUAL_SEGMENT,OFFICIAL_DISTRIBUTION_PARTNER,SEASON,OFFICIAL_PLAYLIST_COLLECTION,ACCEPTED,ACCEPTED,2022-01-30T04:00:01.000Z,133,799,,,available,pK5sPN5U0Fpw8ytbI,https://www.youtube.com/watch?v=8XkJeolgyP0
youtube,8sJWiYMfTM8,https://www.youtube.com/watch?v=8sJWiYMfTM8,SONG,SONG_2022,Sóng 25 - Đỉnh Sóng Dẫn Đầu - Chương trình giải trí âm nhạc Đêm Giao Thừa 2025,VIDEO,UNKNOWN_REUPLOAD,OFFICIAL_MUSIC_CHANNEL,EPISODE,OFFICIAL_PLAYLIST_COLLECTION,NEEDS_REVIEW,NEEDS_REVIEW,2025-01-28T12:08:06.000Z,17779,3243777,,,available,pK5sPN5U0Fpw8ytbI,https://www.youtube.com/watch?v=8sJWiYMfTM8
youtube,L8CuKSXpO5g,https://www.youtube.com/watch?v=L8CuKSXpO5g,SONG,SONG_2022,ĐÓN TẾT CÙNG VTV 2016 (phát sóng 22h22 đêm giao thừa),VIDEO,ANNUAL_SEGMENT,UNVERIFIED,SEASON,INFERRED,NEEDS_REVIEW,NEEDS_REVIEW,2016-01-30T14:04:43.000Z,56,27124,,,available,pK5sPN5U0Fpw8ytbI,https://www.youtube.com/watch?v=L8CuKSXpO5g
youtube,wFuMcQw_uDM,https://www.youtube.com/watch?v=wFuMcQw_uDM,SONG,SONG_2022,Sóng 22 – Chương trình giải trí Đêm Giao Thừa 2022 hội tụ hơn 100 nghệ sĩ hàng đầu Việt Nam Tết 2022,VIDEO,UNKNOWN,UNVERIFIED,EPISODE,INFERRED,NEEDS_REVIEW,NEEDS_REVIEW,2022-01-31T12:15:16.000Z,17060,8529606,,,available,pK5sPN5U0Fpw8ytbI,https://www.youtube.com/watch?v=wFuMcQw_uDM
youtube,nfrHqKsZnZQ,https://www.youtube.com/watch?v=nfrHqKsZnZQ,SONG,SONG_2022,Sóng 22 - Chương trình giải trí hot nhất Đêm Giao Thừa Tết 2022 chuẩn bị đổ bộ| Sóng 22,VIDEO,ANNUAL_SEGMENT,OFFICIAL_DISTRIBUTION_PARTNER,SEASON,OFFICIAL_PLAYLIST_COLLECTION,ACCEPTED,ACCEPTED,2022-01-22T08:00:14.000Z,59,29975,,,available,pK5sPN5U0Fpw8ytbI,https://www.youtube.com/watch?v=nfrHqKsZnZQ
youtube,9jxFRv-F2u4,https://www.youtube.com/watch?v=9jxFRv-F2u4,SONG,SONG_2022,"Vũ, Hiền Hồ, Quân A.P, Vương Anh Tú, Văn Mai Hương họp mặt Lướt Sóng đêm Giao thừa | Sóng 22",VIDEO,ANNUAL_SEGMENT,UNVERIFIED,SEASON,INFERRED,NEEDS_REVIEW,NEEDS_REVIEW,2022-02-02T13:00:04.000Z,4884,40152,,,available,pK5sPN5U0Fpw8ytbI,https://www.youtube.com/watch?v=9jxFRv-F2u4
youtube,9hmI6He11h0,https://www.youtube.com/watch?v=9hmI6He11h0&list=RD9hmI6He11h0&start_radio=1,SONG,SONG_2022,"Vũ, Hiền Hồ, Quân A.P, DatKaa, Hồ Phi Nal... cùng dàn sao cháy với hit triệu view | Sóng 22",VIDEO,ANNUAL_SEGMENT,UNVERIFIED,SEASON,INFERRED,NEEDS_REVIEW,NEEDS_REVIEW,2022-02-01T15:15:01.000Z,1671,4096305,,,available,pK5sPN5U0Fpw8ytbI,https://www.youtube.com/watch?v=9hmI6He11h0&list=RD9hmI6He11h0&start_radio=1
youtube,F-XWpbIFyoM,https://www.youtube.com/watch?v=F-XWpbIFyoM,SONG,SONG_2022,"Hài Sóng 22: Trấn Thành, Lê Dương Bảo Lâm, Khả Như, Lê Giang",VIDEO,ANNUAL_SEGMENT,PRIMARY_BROADCASTER,SEASON,OFFICIAL_PLAYLIST_COLLECTION,ACCEPTED,ACCEPTED,2023-01-19T14:00:07.000Z,1986,1000177,,,available,pK5sPN5U0Fpw8ytbI,https://www.youtube.com/watch?v=F-XWpbIFyoM
youtube,OEPrOCJ5c88,https://www.youtube.com/watch?v=OEPrOCJ5c88,SONG,SONG_2022,Đón năm mới vào tối nay cùng Kellie thôi | Sóng 22,VIDEO,ANNUAL_SEGMENT,UNVERIFIED,SEASON,INFERRED,NEEDS_REVIEW,NEEDS_REVIEW,2022-01-31T09:30:03.000Z,73,633,,,available,pK5sPN5U0Fpw8ytbI,https://www.youtube.com/watch?v=OEPrOCJ5c88
youtube,tL7A9rtGj2w,https://www.youtube.com/watch?v=tL7A9rtGj2w,SONG,SONG_2022,Đừng bỏ lỡ Giao thừa Tết Nhâm Dần với Kellie nhé | Sóng 22,VIDEO,ANNUAL_SEGMENT,OFFICIAL_DISTRIBUTION_PARTNER,SEASON,OFFICIAL_PLAYLIST_COLLECTION,ACCEPTED,ACCEPTED,2022-01-31T09:30:09.000Z,73,690,,,available,pK5sPN5U0Fpw8ytbI,https://www.youtube.com/watch?v=tL7A9rtGj2w
youtube,l9DsGBrIhVc,https://www.youtube.com/watch?v=l9DsGBrIhVc&list=PLxKLMN7WdG5Ddu4T4qbzgUbixCkeS_A5y&index=22,SONG,SONG_2023,"Kiều Minh Tuấn đòi đánh đòn Cris Phan, vạch trần Dương Lâm, HIEUTHUHAI vì ván game | Sóng 23",VIDEO,ANNUAL_SEGMENT,PRIMARY_BROADCASTER,SEASON,OFFICIAL_PLAYLIST_COLLECTION,ACCEPTED,ACCEPTED,2023-01-19T06:25:58.000Z,428,30079,,,available,D3OFBCcaPPJHdWyMk,https://www.youtube.com/watch?v=l9DsGBrIhVc&list=PLxKLMN7WdG5Ddu4T4qbzgUbixCkeS_A5y&index=22
youtube,m4pJxkMSldw,https://www.youtube.com/watch?v=m4pJxkMSldw&list=PLxKLMN7WdG5Ddu4T4qbzgUbixCkeS_A5y&index=13,SONG,SONG_2023,"Cris Phan tố Tiểu Vy ganh tị mình, Kiều Minh Tuấn xác nhận Giang Ca thương HIEUTHUHAI nhất | Sóng 23",VIDEO,ANNUAL_SEGMENT,PRIMARY_BROADCASTER,SEASON,OFFICIAL_PLAYLIST_COLLECTION,ACCEPTED,ACCEPTED,2023-01-16T05:00:30.000Z,593,56157,,,available,D3OFBCcaPPJHdWyMk,https://www.youtube.com/watch?v=m4pJxkMSldw&list=PLxKLMN7WdG5Ddu4T4qbzgUbixCkeS_A5y&index=13
youtube,w1szqhCTAtQ,https://www.youtube.com/watch?v=w1szqhCTAtQ&list=PLxKLMN7WdG5Ddu4T4qbzgUbixCkeS_A5y&index=15,SONG,SONG_2023,"Vũ tự nhận là ""agency"" của Trang - Madihu, đang chờ ngày lành tháng tốt để collab lần nữa | Sóng 23",VIDEO,ANNUAL_SEGMENT,PRIMARY_BROADCASTER,SEASON,OFFICIAL_PLAYLIST_COLLECTION,ACCEPTED,ACCEPTED,2023-01-17T05:00:19.000Z,265,3975,,,available,D3OFBCcaPPJHdWyMk,https://www.youtube.com/watch?v=w1szqhCTAtQ&list=PLxKLMN7WdG5Ddu4T4qbzgUbixCkeS_A5y&index=15
youtube,aVY8Lp5kees,https://www.youtube.com/watch?v=aVY8Lp5kees&list=PLxKLMN7WdG5Ddu4T4qbzgUbixCkeS_A5y&index=6,SONG,SONG_2023,"Bích Phương xin Trấn Thành cho được ""sang mồm"", Thúy Ngân chốt đơn người yêu năm 2023 | Sóng 23",VIDEO,ANNUAL_SEGMENT,PRIMARY_BROADCASTER,SEASON,OFFICIAL_PLAYLIST_COLLECTION,ACCEPTED,ACCEPTED,2023-01-11T14:00:00.000Z,318,44584,,,available,D3OFBCcaPPJHdWyMk,https://www.youtube.com/watch?v=aVY8Lp5kees&list=PLxKLMN7WdG5Ddu4T4qbzgUbixCkeS_A5y&index=6
youtube,mRFJMrHiTeM,https://www.youtube.com/watch?v=mRFJMrHiTeM&list=PLxKLMN7WdG5Ddu4T4qbzgUbixCkeS_A5y&index=11,SONG,SONG_2023,"Myra Trần được A Xìn - Vũ khuyên phải buồn nhiều, Thúy Ngân đề nghị Trang hát bè cho mình | Sóng 23",VIDEO,ANNUAL_SEGMENT,PRIMARY_BROADCASTER,SEASON,OFFICIAL_PLAYLIST_COLLECTION,ACCEPTED,ACCEPTED,2023-01-13T14:00:23.000Z,301,42843,,,available,D3OFBCcaPPJHdWyMk,https://www.youtube.com/watch?v=mRFJMrHiTeM&list=PLxKLMN7WdG5Ddu4T4qbzgUbixCkeS_A5y&index=11
youtube,FjkWKmrKTck,https://www.youtube.com/watch?v=FjkWKmrKTck&list=PLxKLMN7WdG5Ddu4T4qbzgUbixCkeS_A5y&index=16,SONG,SONG_2023,"Quá trời Ngô Kiến Huy rồi, đã đẹp trai xin đừng ""bẹo hình, bẹo dạng"" khi phỏng vấn | Sóng 23",VIDEO,ANNUAL_SEGMENT,PRIMARY_BROADCASTER,SEASON,OFFICIAL_PLAYLIST_COLLECTION,ACCEPTED,ACCEPTED,2023-01-17T14:00:06.000Z,547,16195,,,available,D3OFBCcaPPJHdWyMk,https://www.youtube.com/watch?v=FjkWKmrKTck&list=PLxKLMN7WdG5Ddu4T4qbzgUbixCkeS_A5y&index=16
youtube,r1XggxeYnrk,https://www.youtube.com/watch?v=r1XggxeYnrk&list=PLxKLMN7WdG5Ddu4T4qbzgUbixCkeS_A5y&index=9,SONG,SONG_2023,"B Ray, Ricky Star, Lil'Wuyn đổ bộ, Rap Việt trở lại mùa 3. Bích Phương comeback | Sóng 23",VIDEO,ANNUAL_SEGMENT,PRIMARY_BROADCASTER,SEASON,OFFICIAL_PLAYLIST_COLLECTION,ACCEPTED,ACCEPTED,2023-01-09T14:00:23.000Z,326,127501,,,available,D3OFBCcaPPJHdWyMk,https://www.youtube.com/watch?v=r1XggxeYnrk&list=PLxKLMN7WdG5Ddu4T4qbzgUbixCkeS_A5y&index=9
youtube,Z596bs-19lg,https://www.youtube.com/watch?v=Z596bs-19lg&list=PLxKLMN7WdG5Ddu4T4qbzgUbixCkeS_A5y&index=7,SONG,SONG_2023,"Dương Lâm, Kiều Minh Tuấn bốc mẽ Song Luân, HIEUTHUHAI tố A Bắp chuyên gia ăn chùa | Sóng 23",VIDEO,ANNUAL_SEGMENT,PRIMARY_BROADCASTER,SEASON,OFFICIAL_PLAYLIST_COLLECTION,ACCEPTED,ACCEPTED,2023-01-10T13:00:27.000Z,525,188668,,,available,D3OFBCcaPPJHdWyMk,https://www.youtube.com/watch?v=Z596bs-19lg&list=PLxKLMN7WdG5Ddu4T4qbzgUbixCkeS_A5y&index=7
youtube,UuS8C-N80Kc,https://www.youtube.com/watch?v=UuS8C-N80Kc&list=PLxKLMN7WdG5Ddu4T4qbzgUbixCkeS_A5y&index=18,SONG,SONG_2023,"Kay Trần thường xuyên giấu kín sự yếu đuối, công khai danh tính người bạn nối khố | Sóng 23",VIDEO,ANNUAL_SEGMENT,PRIMARY_BROADCASTER,SEASON,OFFICIAL_PLAYLIST_COLLECTION,ACCEPTED,ACCEPTED,2023-01-18T05:00:08.000Z,289,4127,,,available,D3OFBCcaPPJHdWyMk,https://www.youtube.com/watch?v=UuS8C-N80Kc&list=PLxKLMN7WdG5Ddu4T4qbzgUbixCkeS_A5y&index=18
youtube,3t-kWAMJ0I4,https://www.youtube.com/watch?v=3t-kWAMJ0I4&list=PLxKLMN7WdG5Ddu4T4qbzgUbixCkeS_A5y&index=25,SONG,SONG_2023,"Hà Trần, Myra Trần, Thùy Chi, Mai Tiến Dũng và dàn Sao Việt cùng hòa giọng Xuân & Tuổi Trẻ | Sóng 23",VIDEO,ANNUAL_SEGMENT,PRIMARY_BROADCASTER,SEASON,OFFICIAL_PLAYLIST_COLLECTION,ACCEPTED,ACCEPTED,2023-01-25T15:00:02.000Z,302,6387,,,available,D3OFBCcaPPJHdWyMk,https://www.youtube.com/watch?v=3t-kWAMJ0I4&list=PLxKLMN7WdG5Ddu4T4qbzgUbixCkeS_A5y&index=25
youtube,45zm3CqZ7YQ,https://www.youtube.com/watch?v=45zm3CqZ7YQ&list=PLxKLMN7WdG5Ddu4T4qbzgUbixCkeS_A5y&index=26,SONG,SONG_2023,Nhân vật mới The Masked Singer - Mùa 2 Cô M23 trình diễn cực sung tại Sóng | Sóng 23,VIDEO,ANNUAL_SEGMENT,PRIMARY_BROADCASTER,SEASON,OFFICIAL_PLAYLIST_COLLECTION,ACCEPTED,ACCEPTED,2023-01-22T12:00:05.000Z,321,44864,,,available,D3OFBCcaPPJHdWyMk,https://www.youtube.com/watch?v=45zm3CqZ7YQ&list=PLxKLMN7WdG5Ddu4T4qbzgUbixCkeS_A5y&index=26
youtube,Zp5Gpp1pdcY,https://www.youtube.com/watch?v=Zp5Gpp1pdcY&list=PLxKLMN7WdG5Ddu4T4qbzgUbixCkeS_A5y&index=17,SONG,SONG_2023,"B Ray dù hệ ""boy hướng nội"" vẫn gài Ricky Star đến cùng, bật mí hay gặp nhiều may mắn | Sóng 23",VIDEO,ANNUAL_SEGMENT,PRIMARY_BROADCASTER,SEASON,OFFICIAL_PLAYLIST_COLLECTION,ACCEPTED,ACCEPTED,2023-01-18T13:00:22.000Z,384,286975,,,available,D3OFBCcaPPJHdWyMk,https://www.youtube.com/watch?v=Zp5Gpp1pdcY&list=PLxKLMN7WdG5Ddu4T4qbzgUbixCkeS_A5y&index=17
youtube,3CWxfmkpt0c,https://www.youtube.com/watch?v=3CWxfmkpt0c&list=PLxKLMN7WdG5Ddu4T4qbzgUbixCkeS_A5y&index=24,SONG,SONG_2023,"Trai đẹp HIEUTHUHAI, Trọng Hiếu bất ngờ kết hợp tại Liên Khúc Thú Vị Hơn Vậy – Vệ Tinh | Sóng 23",VIDEO,ANNUAL_SEGMENT,PRIMARY_BROADCASTER,SEASON,OFFICIAL_PLAYLIST_COLLECTION,ACCEPTED,ACCEPTED,2023-01-24T13:00:04.000Z,492,1924363,,,available,D3OFBCcaPPJHdWyMk,https://www.youtube.com/watch?v=3CWxfmkpt0c&list=PLxKLMN7WdG5Ddu4T4qbzgUbixCkeS_A5y&index=24
youtube,Ddzw-OCra_E,https://www.youtube.com/watch?v=Ddzw-OCra_E&list=PLxKLMN7WdG5Ddu4T4qbzgUbixCkeS_A5y&index=14,SONG,SONG_2023,"Mascot Cô M23 gây náo loạn vì giọng lạ. Bích Phương, Hà Nhi, Hoàng Dũng tri ân tình cũ | Sóng 23",VIDEO,ANNUAL_SEGMENT,PRIMARY_BROADCASTER,SEASON,OFFICIAL_PLAYLIST_COLLECTION,ACCEPTED,ACCEPTED,2023-01-16T14:00:10.000Z,368,48136,,,available,D3OFBCcaPPJHdWyMk,https://www.youtube.com/watch?v=Ddzw-OCra_E&list=PLxKLMN7WdG5Ddu4T4qbzgUbixCkeS_A5y&index=14
youtube,BhIpdoPtYtU,https://www.youtube.com/watch?v=BhIpdoPtYtU&list=PLxKLMN7WdG5Ddu4T4qbzgUbixCkeS_A5y&index=27,SONG,SONG_2023,Thùy Chi - Mai Tiến Dũng kết hợp cực mượt tại mashup Hơn Em Chỗ Nào và Người Như Anh | Sóng 23,VIDEO,ANNUAL_SEGMENT,PRIMARY_BROADCASTER,SEASON,OFFICIAL_PLAYLIST_COLLECTION,ACCEPTED,ACCEPTED,2023-01-24T03:00:03.000Z,431,1040774,,,available,D3OFBCcaPPJHdWyMk,https://www.youtube.com/watch?v=BhIpdoPtYtU&list=PLxKLMN7WdG5Ddu4T4qbzgUbixCkeS_A5y&index=27
youtube,Rf9qIU_fke4,https://www.youtube.com/watch?v=Rf9qIU_fke4&list=PLxKLMN7WdG5Ddu4T4qbzgUbixCkeS_A5y&index=20,SONG,SONG_2023,"Game thủ giải trí Bích Phương không làm fan thất vọng. Trấn Thành, Ngọc Mai đều chào thua| Sóng 23",VIDEO,ANNUAL_SEGMENT,PRIMARY_BROADCASTER,SEASON,OFFICIAL_PLAYLIST_COLLECTION,ACCEPTED,ACCEPTED,2023-01-20T14:00:14.000Z,394,92182,,,available,D3OFBCcaPPJHdWyMk,https://www.youtube.com/watch?v=Rf9qIU_fke4&list=PLxKLMN7WdG5Ddu4T4qbzgUbixCkeS_A5y&index=20
youtube,ErsghXrDxuA,https://www.youtube.com/watch?v=ErsghXrDxuA&list=PLxKLMN7WdG5Ddu4T4qbzgUbixCkeS_A5y&index=4,SONG,SONG_2023,"Thúy Ngân tạo địa chấn nhờ hát chạm nốt cao, muốn có người yêu sau nhiều chuyện đau lòng | Sóng 23",VIDEO,ANNUAL_SEGMENT,PRIMARY_BROADCASTER,SEASON,OFFICIAL_PLAYLIST_COLLECTION,ACCEPTED,ACCEPTED,2023-01-14T14:00:13.000Z,324,12078,,,available,D3OFBCcaPPJHdWyMk,https://www.youtube.com/watch?v=ErsghXrDxuA&list=PLxKLMN7WdG5Ddu4T4qbzgUbixCkeS_A5y&index=4
youtube,sczv4FtsRNo,https://www.youtube.com/watch?v=sczv4FtsRNo&list=PLxKLMN7WdG5Ddu4T4qbzgUbixCkeS_A5y&index=10,SONG,SONG_2023,"HIEUTHUHAI toát mồ hôi khi bị hỏi về Tiểu Vy, Dương Lâm - Cris Phan cứu giá kịp thời | Sóng 23",VIDEO,ANNUAL_SEGMENT,PRIMARY_BROADCASTER,SEASON,OFFICIAL_PLAYLIST_COLLECTION,ACCEPTED,ACCEPTED,2023-01-12T14:00:23.000Z,360,252364,,,available,D3OFBCcaPPJHdWyMk,https://www.youtube.com/watch?v=sczv4FtsRNo&list=PLxKLMN7WdG5Ddu4T4qbzgUbixCkeS_A5y&index=10
youtube,rVFNzTLaIik,https://www.youtube.com/watch?v=rVFNzTLaIik&list=PLxKLMN7WdG5Ddu4T4qbzgUbixCkeS_A5y&index=1,SONG,SONG_2023,Sóng 23 - Chương trình giải trí Đêm Giao Thừa 2023 hội tụ hơn 100 nghệ sĩ hàng đầu Việt Nam Tết 2023,VIDEO,UNKNOWN_REUPLOAD,OFFICIAL_MUSIC_CHANNEL,EPISODE,OFFICIAL_PLAYLIST_COLLECTION,NEEDS_REVIEW,NEEDS_REVIEW,2023-01-21T12:00:09.000Z,17300,6464054,,,available,D3OFBCcaPPJHdWyMk,https://www.youtube.com/watch?v=rVFNzTLaIik&list=PLxKLMN7WdG5Ddu4T4qbzgUbixCkeS_A5y&index=1
youtube,Gs_lrVqVs4Y,https://www.youtube.com/watch?v=Gs_lrVqVs4Y&list=PLxKLMN7WdG5Ddu4T4qbzgUbixCkeS_A5y&index=30,SONG,SONG_2023,"Đã tai, đã mắt với màn trình diễn Là Do Em Xui Thôi của Sofia cùng Khói | Sóng 23",VIDEO,ANNUAL_SEGMENT,PRIMARY_BROADCASTER,SEASON,OFFICIAL_PLAYLIST_COLLECTION,ACCEPTED,ACCEPTED,2023-01-23T13:00:07.000Z,356,2547963,,,available,D3OFBCcaPPJHdWyMk,https://www.youtube.com/watch?v=Gs_lrVqVs4Y&list=PLxKLMN7WdG5Ddu4T4qbzgUbixCkeS_A5y&index=30
youtube,QoZJTFSZEkc,https://www.youtube.com/watch?v=QoZJTFSZEkc&list=PLxKLMN7WdG5Ddu4T4qbzgUbixCkeS_A5y&index=5,SONG,SONG_2023,"Bích Phương lăn tăn mạnh giữa tình yêu - sự nghiệp, quyết ""rã đông"" come back năm con Mèo | Sóng 23",VIDEO,ANNUAL_SEGMENT,PRIMARY_BROADCASTER,SEASON,OFFICIAL_PLAYLIST_COLLECTION,ACCEPTED,ACCEPTED,2023-01-12T05:00:21.000Z,396,10520,,,available,D3OFBCcaPPJHdWyMk,https://www.youtube.com/watch?v=QoZJTFSZEkc&list=PLxKLMN7WdG5Ddu4T4qbzgUbixCkeS_A5y&index=5
youtube,F9JHV_2hiNA,https://www.youtube.com/watch?v=F9JHV_2hiNA&list=PLxKLMN7WdG5Ddu4T4qbzgUbixCkeS_A5y&index=28,SONG,SONG_2023,Quân A.P bất ngờ kết hợp cùng Myra Trần tung bản mashup đốn tym triệu fan |Sóng 23,VIDEO,ANNUAL_SEGMENT,PRIMARY_BROADCASTER,SEASON,OFFICIAL_PLAYLIST_COLLECTION,ACCEPTED,ACCEPTED,2023-01-22T13:00:11.000Z,514,1422271,,,available,D3OFBCcaPPJHdWyMk,https://www.youtube.com/watch?v=F9JHV_2hiNA&list=PLxKLMN7WdG5Ddu4T4qbzgUbixCkeS_A5y&index=28
youtube,7Sp27Mo2w7o,https://www.youtube.com/watch?v=7Sp27Mo2w7o&list=PLxKLMN7WdG5Ddu4T4qbzgUbixCkeS_A5y&index=23,SONG,SONG_2023,"Hoàng Dũng nói rõ nỗi lòng làm nghề, hạnh phúc khi mẹ là người thầy đầu tiên ủng hộ mình| Sóng 23",VIDEO,ANNUAL_SEGMENT,PRIMARY_BROADCASTER,SEASON,OFFICIAL_PLAYLIST_COLLECTION,ACCEPTED,ACCEPTED,2023-01-19T13:00:07.000Z,504,1127,,,available,D3OFBCcaPPJHdWyMk,https://www.youtube.com/watch?v=7Sp27Mo2w7o&list=PLxKLMN7WdG5Ddu4T4qbzgUbixCkeS_A5y&index=23
youtube,g504z4U7c_A,https://www.youtube.com/watch?v=g504z4U7c_A&list=PLxKLMN7WdG5Ddu4T4qbzgUbixCkeS_A5y&index=3,SONG,SONG_2023,"HIEUTHUHAI quá hư khi giấu kín hình tình cảm với A Bắp, say mê kể cú chạm môi Kiều Minh Tuấn|Sóng 23",VIDEO,ANNUAL_SEGMENT,PRIMARY_BROADCASTER,SEASON,OFFICIAL_PLAYLIST_COLLECTION,ACCEPTED,ACCEPTED,2023-01-13T05:00:19.000Z,691,106139,,,available,D3OFBCcaPPJHdWyMk,https://www.youtube.com/watch?v=g504z4U7c_A&list=PLxKLMN7WdG5Ddu4T4qbzgUbixCkeS_A5y&index=3
youtube,JhyRCUjmvyA,https://www.youtube.com/watch?v=JhyRCUjmvyA&list=PLxKLMN7WdG5Ddu4T4qbzgUbixCkeS_A5y&index=19,SONG,SONG_2023,"A Bắp méc Trấn Thành bị Dương Lâm dạy hư, Kiều Minh Tuấn tố HIEUTHUHAI không lăng xê anh em |Sóng 23",VIDEO,ANNUAL_SEGMENT,PRIMARY_BROADCASTER,SEASON,OFFICIAL_PLAYLIST_COLLECTION,ACCEPTED,ACCEPTED,2023-01-18T14:00:10.000Z,449,151988,,,available,D3OFBCcaPPJHdWyMk,https://www.youtube.com/watch?v=JhyRCUjmvyA&list=PLxKLMN7WdG5Ddu4T4qbzgUbixCkeS_A5y&index=19
youtube,GfVtagnzFGc,https://www.youtube.com/watch?v=GfVtagnzFGc&list=PLxKLMN7WdG5Ddu4T4qbzgUbixCkeS_A5y&index=29,SONG,SONG_2023,Ngọc Mai lại dẫn fan cùng ngao du bằng giọng hát bay bổng tại Mùa Hoa Trở Lại | Sóng 23,VIDEO,ANNUAL_SEGMENT,PRIMARY_BROADCASTER,SEASON,OFFICIAL_PLAYLIST_COLLECTION,ACCEPTED,ACCEPTED,2023-01-25T14:00:09.000Z,355,12528,,,available,D3OFBCcaPPJHdWyMk,https://www.youtube.com/watch?v=GfVtagnzFGc&list=PLxKLMN7WdG5Ddu4T4qbzgUbixCkeS_A5y&index=29
youtube,XDqZwQB4TEQ,https://www.youtube.com/watch?v=XDqZwQB4TEQ&list=PLxKLMN7WdG5Ddu4T4qbzgUbixCkeS_A5y&index=12,SONG,SONG_2023,"B Ray muốn chinh phục fan với cá tính riêng, nhận được tiếp sức thiết thực của Ricky Star | Sóng 23",VIDEO,ANNUAL_SEGMENT,PRIMARY_BROADCASTER,SEASON,OFFICIAL_PLAYLIST_COLLECTION,ACCEPTED,ACCEPTED,2023-01-15T05:00:11.000Z,262,5528,,,available,D3OFBCcaPPJHdWyMk,https://www.youtube.com/watch?v=XDqZwQB4TEQ&list=PLxKLMN7WdG5Ddu4T4qbzgUbixCkeS_A5y&index=12
youtube,N4c9ikpnuGc,https://www.youtube.com/watch?v=N4c9ikpnuGc&list=PLxKLMN7WdG5Ddu4T4qbzgUbixCkeS_A5y&index=21,SONG,SONG_2023,"B Ray, Ricky Star, Lil' Wuyn, Myra Trần tạo Hit tết Quý Mão với ca khúc Năm Nay Xin Hứa | Sóng 23",VIDEO,ANNUAL_SEGMENT,PRIMARY_BROADCASTER,SEASON,OFFICIAL_PLAYLIST_COLLECTION,ACCEPTED,ACCEPTED,2023-01-22T05:00:08.000Z,313,1300517,,,available,D3OFBCcaPPJHdWyMk,https://www.youtube.com/watch?v=N4c9ikpnuGc&list=PLxKLMN7WdG5Ddu4T4qbzgUbixCkeS_A5y&index=21
youtube,d7DPHCXqisY,https://www.youtube.com/watch?v=d7DPHCXqisY&list=PLxKLMN7WdG5Ddu4T4qbzgUbixCkeS_A5y&index=8,SONG,SONG_2023,Trailer: Không gian âm nhạc độc bản & mascot đầu tiên The Masked Singer Mùa 2 sắp xuất hiện| Sóng 23,VIDEO,ANNUAL_SEGMENT,PRIMARY_BROADCASTER,SEASON,OFFICIAL_PLAYLIST_COLLECTION,ACCEPTED,ACCEPTED,2023-01-07T13:00:31.000Z,179,29882,,,available,D3OFBCcaPPJHdWyMk,https://www.youtube.com/watch?v=d7DPHCXqisY&list=PLxKLMN7WdG5Ddu4T4qbzgUbixCkeS_A5y&index=8
youtube,l9T6mnXK45U,https://www.youtube.com/watch?v=l9T6mnXK45U&list=PLxKLMN7WdG5DgQQKKUMdu2_ZOgfoSMPT7&index=11,SONG,SONG_2024,Hài Độc Thoại: Cười đã đời với top chuyện nhức nhối ngày Tết cùng Phương Nam Saigon Tếu | Sóng 24,VIDEO,ANNUAL_SEGMENT,PRIMARY_BROADCASTER,SEASON,OFFICIAL_PLAYLIST_COLLECTION,ACCEPTED,ACCEPTED,2024-02-10T13:00:41.000Z,309,727015,,,available,19BPcrDoEeNIg89PR,https://www.youtube.com/watch?v=l9T6mnXK45U&list=PLxKLMN7WdG5DgQQKKUMdu2_ZOgfoSMPT7&index=11
youtube,y-SG6wyleYE,https://www.youtube.com/watch?v=y-SG6wyleYE&list=PLxKLMN7WdG5DgQQKKUMdu2_ZOgfoSMPT7&index=12,SONG,SONG_2024,Rụng tim với giọng hát ngọt ngào Văn Mai Hương trong Đại Minh Tinh x Martini | Sóng 24,VIDEO,ANNUAL_SEGMENT,PRIMARY_BROADCASTER,SEASON,OFFICIAL_PLAYLIST_COLLECTION,ACCEPTED,ACCEPTED,2024-02-12T02:00:20.000Z,346,597545,,,available,19BPcrDoEeNIg89PR,https://www.youtube.com/watch?v=y-SG6wyleYE&list=PLxKLMN7WdG5DgQQKKUMdu2_ZOgfoSMPT7&index=12
youtube,W6TN7o80mTA,https://www.youtube.com/watch?v=W6TN7o80mTA&list=PLxKLMN7WdG5DgQQKKUMdu2_ZOgfoSMPT7&index=9,SONG,SONG_2024,Karaoke Hoàng Hôn Nhớ - Anh Tú | Sóng 24,VIDEO,ANNUAL_SEGMENT,PRIMARY_BROADCASTER,SEASON,OFFICIAL_PLAYLIST_COLLECTION,ACCEPTED,ACCEPTED,2024-02-16T13:05:20.000Z,203,1374664,,,available,19BPcrDoEeNIg89PR,https://www.youtube.com/watch?v=W6TN7o80mTA&list=PLxKLMN7WdG5DgQQKKUMdu2_ZOgfoSMPT7&index=9
youtube,wQj5CJoysCA,https://www.youtube.com/watch?v=wQj5CJoysCA&list=PLxKLMN7WdG5DgQQKKUMdu2_ZOgfoSMPT7&index=14,SONG,SONG_2024,"1 HOUR Mashup Những Lời Hứa Bỏ Quên, Hoàng Hôn Nhớ, Vừa Đi Vừa Khóc, Anh Tú x Vũ. x Gigi Hương Giang",VIDEO,MUSIC_ASSET,UNVERIFIED,SEASON,INFERRED,NEEDS_REVIEW,NEEDS_REVIEW,2024-02-11T05:00:22.000Z,3848,515574,,,available,19BPcrDoEeNIg89PR,https://www.youtube.com/watch?v=wQj5CJoysCA&list=PLxKLMN7WdG5DgQQKKUMdu2_ZOgfoSMPT7&index=14
youtube,JNSfZNYiimg,https://www.youtube.com/watch?v=JNSfZNYiimg&list=PLxKLMN7WdG5DgQQKKUMdu2_ZOgfoSMPT7&index=10,SONG,SONG_2024,"Anh Trai “Say Hi!” chào sân: Hoành tráng, mãn nhãn, 10 điểm không nhưng | Sóng 24",VIDEO,ANNUAL_SEGMENT,PRIMARY_BROADCASTER,SEASON,OFFICIAL_PLAYLIST_COLLECTION,ACCEPTED,ACCEPTED,2024-02-11T02:00:20.000Z,337,780987,,,available,19BPcrDoEeNIg89PR,https://www.youtube.com/watch?v=JNSfZNYiimg&list=PLxKLMN7WdG5DgQQKKUMdu2_ZOgfoSMPT7&index=10
youtube,tFt8WhuIsLY,https://www.youtube.com/watch?v=tFt8WhuIsLY&list=PLxKLMN7WdG5DgQQKKUMdu2_ZOgfoSMPT7&index=13,SONG,SONG_2024,"Hiếu Thị Hai đáp trả A Xìn cực mượt, tặng cho Diệu Lâm và A Bắp điều bất ngờ choáng váng | Sóng 24",VIDEO,ANNUAL_SEGMENT,PRIMARY_BROADCASTER,SEASON,OFFICIAL_PLAYLIST_COLLECTION,ACCEPTED,ACCEPTED,2024-02-06T14:00:42.000Z,670,595230,,,available,19BPcrDoEeNIg89PR,https://www.youtube.com/watch?v=tFt8WhuIsLY&list=PLxKLMN7WdG5DgQQKKUMdu2_ZOgfoSMPT7&index=13
youtube,N3N61dT-8FE,https://www.youtube.com/watch?v=N3N61dT-8FE&list=PLxKLMN7WdG5DgQQKKUMdu2_ZOgfoSMPT7&index=15,SONG,SONG_2024,Rhyder x COOLKID khuấy đảo cùng hit triệu view Chịu Cách Mình Nói Thua | Sóng 24,VIDEO,ANNUAL_SEGMENT,PRIMARY_BROADCASTER,SEASON,OFFICIAL_PLAYLIST_COLLECTION,ACCEPTED,ACCEPTED,2024-02-14T12:29:04.000Z,202,475931,,,available,19BPcrDoEeNIg89PR,https://www.youtube.com/watch?v=N3N61dT-8FE&list=PLxKLMN7WdG5DgQQKKUMdu2_ZOgfoSMPT7&index=15
youtube,mrA8KPqWK7Y,https://www.youtube.com/watch?v=mrA8KPqWK7Y&list=PLxKLMN7WdG5DgQQKKUMdu2_ZOgfoSMPT7&index=18,SONG,SONG_2024,HIEUTHUHAI lãnh trọn giải bóc phốt cuối năm nhờ sự nhiệt tình của Negav và Hurrykng | Sóng 24,VIDEO,ANNUAL_SEGMENT,PRIMARY_BROADCASTER,SEASON,OFFICIAL_PLAYLIST_COLLECTION,ACCEPTED,ACCEPTED,2024-02-07T07:53:03.000Z,586,142563,,,available,19BPcrDoEeNIg89PR,https://www.youtube.com/watch?v=mrA8KPqWK7Y&list=PLxKLMN7WdG5DgQQKKUMdu2_ZOgfoSMPT7&index=18
youtube,y8TmCh1j1ns,https://www.youtube.com/watch?v=y8TmCh1j1ns&list=PLxKLMN7WdG5DgQQKKUMdu2_ZOgfoSMPT7&index=19,SONG,SONG_2024,"BTS: Rhyder - Negav khóc thét vì bị kiểm tra bài, ""Học Sinh Giỏi"" Captain sơ hở là trêu | Sóng 24",VIDEO,ANNUAL_SEGMENT,PRIMARY_BROADCASTER,SEASON,OFFICIAL_PLAYLIST_COLLECTION,ACCEPTED,ACCEPTED,2024-03-14T13:07:21.000Z,579,135316,,,available,19BPcrDoEeNIg89PR,https://www.youtube.com/watch?v=y8TmCh1j1ns&list=PLxKLMN7WdG5DgQQKKUMdu2_ZOgfoSMPT7&index=19
youtube,8O3pWOKQHu0,https://www.youtube.com/watch?v=8O3pWOKQHu0&list=PLxKLMN7WdG5DgQQKKUMdu2_ZOgfoSMPT7&index=7,SONG,SONG_2024,"Top những bản ballad HAY NHẤT tại Sóng 24: Myra Trần, Trung Quân, Văn Mai Hương, Vũ., Anh Tú, Orange",VIDEO,ANNUAL_SEGMENT,UNVERIFIED,SEASON,INFERRED,NEEDS_REVIEW,NEEDS_REVIEW,2024-02-12T04:00:03.000Z,2290,2092406,,,available,19BPcrDoEeNIg89PR,https://www.youtube.com/watch?v=8O3pWOKQHu0&list=PLxKLMN7WdG5DgQQKKUMdu2_ZOgfoSMPT7&index=7
youtube,0bgab4JXLlc,https://www.youtube.com/watch?v=0bgab4JXLlc&list=PLxKLMN7WdG5DgQQKKUMdu2_ZOgfoSMPT7&index=21,SONG,SONG_2024,"Dương Lâm từ mặt HIEUTHUHAI về bên Anh Tú, Orange xám hồn vì màn giới thiệu của Trấn Thành | Sóng 24",VIDEO,ANNUAL_SEGMENT,PRIMARY_BROADCASTER,SEASON,OFFICIAL_PLAYLIST_COLLECTION,ACCEPTED,ACCEPTED,2024-02-02T14:05:00.000Z,701,130874,,,available,19BPcrDoEeNIg89PR,https://www.youtube.com/watch?v=0bgab4JXLlc&list=PLxKLMN7WdG5DgQQKKUMdu2_ZOgfoSMPT7&index=21
youtube,VzEIRcx4EGQ,https://www.youtube.com/watch?v=VzEIRcx4EGQ&list=PLxKLMN7WdG5DgQQKKUMdu2_ZOgfoSMPT7&index=24,SONG,SONG_2024,Những Câu Hỏi Khi Say x Dừng Yêu của Trung Quân x Myra [1 HOUR] chạm tim | Sóng 24,VIDEO,ANNUAL_SEGMENT,PRIMARY_BROADCASTER,SEASON,OFFICIAL_PLAYLIST_COLLECTION,ACCEPTED,ACCEPTED,2024-02-21T10:00:20.000Z,3855,103706,,,available,19BPcrDoEeNIg89PR,https://www.youtube.com/watch?v=VzEIRcx4EGQ&list=PLxKLMN7WdG5DgQQKKUMdu2_ZOgfoSMPT7&index=24
youtube,j_iaMkWq5WU,https://www.youtube.com/watch?v=j_iaMkWq5WU&list=PLxKLMN7WdG5DgQQKKUMdu2_ZOgfoSMPT7&index=6,SONG,SONG_2024,"Vũ., Gigi Hương Giang, Anh Tú gây thương nhớ Những Lời Hứa Bỏ Quên, Hoàng Hôn Nhớ, Vừa Đi Vừa Khóc",VIDEO,UNKNOWN,UNVERIFIED,SEASON,INFERRED,NEEDS_REVIEW,NEEDS_REVIEW,2024-02-11T03:00:27.000Z,795,2151911,,,available,19BPcrDoEeNIg89PR,https://www.youtube.com/watch?v=j_iaMkWq5WU&list=PLxKLMN7WdG5DgQQKKUMdu2_ZOgfoSMPT7&index=6
youtube,HnzWjgfkaNs,https://www.youtube.com/watch?v=HnzWjgfkaNs&list=PLxKLMN7WdG5DgQQKKUMdu2_ZOgfoSMPT7&index=22,SONG,SONG_2024,"BIGDADDY - B Ray hội ngộ tiết lộ về ""Dư Thật"", HIEUTHUHAI không ngại hơn thua với Anh Tú | Sóng 24",VIDEO,ANNUAL_SEGMENT,PRIMARY_BROADCASTER,SEASON,OFFICIAL_PLAYLIST_COLLECTION,ACCEPTED,ACCEPTED,2024-02-06T13:15:01.000Z,786,114171,,,available,19BPcrDoEeNIg89PR,https://www.youtube.com/watch?v=HnzWjgfkaNs&list=PLxKLMN7WdG5DgQQKKUMdu2_ZOgfoSMPT7&index=22
youtube,o0D2r2KnO_w,https://www.youtube.com/watch?v=o0D2r2KnO_w&list=PLxKLMN7WdG5DgQQKKUMdu2_ZOgfoSMPT7&index=2,SONG,SONG_2024,Sóng 24 - Chương trình giải trí âm nhạc Đêm Giao Thừa 2024 Trấn Thành Ngô Kiến Huy HIEUTHUHAI Anh Tú,VIDEO,UNKNOWN_REUPLOAD,OFFICIAL_MUSIC_CHANNEL,EPISODE,OFFICIAL_PLAYLIST_COLLECTION,NEEDS_REVIEW,NEEDS_REVIEW,2024-02-09T12:30:10.000Z,15652,5573722,,,available,19BPcrDoEeNIg89PR,https://www.youtube.com/watch?v=o0D2r2KnO_w&list=PLxKLMN7WdG5DgQQKKUMdu2_ZOgfoSMPT7&index=2
youtube,1uiUMbz83Yw,https://www.youtube.com/watch?v=1uiUMbz83Yw&list=PLxKLMN7WdG5DgQQKKUMdu2_ZOgfoSMPT7&index=1,SONG,SONG_2024,"Cú bắt tay ngoạn mục của Orange x Sofia, gây bão với loạt bài hit đình đám | Sóng 24",VIDEO,ANNUAL_SEGMENT,OFFICIAL_DISTRIBUTION_PARTNER,SEASON,OFFICIAL_PLAYLIST_COLLECTION,ACCEPTED,ACCEPTED,2024-02-11T03:00:02.000Z,557,7469432,,,available,19BPcrDoEeNIg89PR,https://www.youtube.com/watch?v=1uiUMbz83Yw&list=PLxKLMN7WdG5DgQQKKUMdu2_ZOgfoSMPT7&index=1
youtube,Iv5ntBE91T8,https://www.youtube.com/watch?v=Iv5ntBE91T8&list=PLxKLMN7WdG5DgQQKKUMdu2_ZOgfoSMPT7&index=5,SONG,SONG_2024,Sóng 24 - Chương trình giải trí âm nhạc Đêm Giao Thừa 2024 Trấn Thành Ngô Kiến Huy HIEUTHUHAI Anh Tú,VIDEO,UNKNOWN,OFFICIAL_DISTRIBUTION_PARTNER,EPISODE,OFFICIAL_PLAYLIST_COLLECTION,NEEDS_REVIEW,NEEDS_REVIEW,2024-02-09T12:30:07.000Z,15329,2150664,,,available,19BPcrDoEeNIg89PR,https://www.youtube.com/watch?v=Iv5ntBE91T8&list=PLxKLMN7WdG5DgQQKKUMdu2_ZOgfoSMPT7&index=5
youtube,MxFG03cESWs,https://www.youtube.com/watch?v=MxFG03cESWs&list=PLxKLMN7WdG5DgQQKKUMdu2_ZOgfoSMPT7&index=28,SONG,SONG_2024,"Trailer: Choáng với độ hoành tráng của Sóng 24, vô vàn màn kết hợp khiến triệu tim dậy sóng| Sóng 24",VIDEO,ANNUAL_SEGMENT,PRIMARY_BROADCASTER,SEASON,OFFICIAL_PLAYLIST_COLLECTION,ACCEPTED,ACCEPTED,2024-01-30T14:53:34.000Z,186,71750,,,available,19BPcrDoEeNIg89PR,https://www.youtube.com/watch?v=MxFG03cESWs&list=PLxKLMN7WdG5DgQQKKUMdu2_ZOgfoSMPT7&index=28
youtube,G-9oYGalq2U,https://www.youtube.com/watch?v=G-9oYGalq2U&list=PLxKLMN7WdG5DgQQKKUMdu2_ZOgfoSMPT7&index=16,SONG,SONG_2024,Hoàng Hôn Nhớ [1 HOUR] đầy nỗi niềm da diết với giọng hát Anh Tú | Sóng 24,VIDEO,ANNUAL_SEGMENT,PRIMARY_BROADCASTER,SEASON,OFFICIAL_PLAYLIST_COLLECTION,ACCEPTED,ACCEPTED,2024-02-19T14:00:16.000Z,3698,303143,,,available,19BPcrDoEeNIg89PR,https://www.youtube.com/watch?v=G-9oYGalq2U&list=PLxKLMN7WdG5DgQQKKUMdu2_ZOgfoSMPT7&index=16
youtube,w38qxVjMqpw,https://www.youtube.com/watch?v=w38qxVjMqpw&list=PLxKLMN7WdG5DgQQKKUMdu2_ZOgfoSMPT7&index=30,SONG,SONG_2024,Vừa Đi Vừa Khóc x Hoàng Hôn Nhớ gấp đôi da diết với GiGi Hương Giang - Anh Tú [1 HOUR] | Sóng 24,VIDEO,ANNUAL_SEGMENT,PRIMARY_BROADCASTER,SEASON,OFFICIAL_PLAYLIST_COLLECTION,ACCEPTED,ACCEPTED,2024-02-20T12:00:50.000Z,3822,42340,,,available,19BPcrDoEeNIg89PR,https://www.youtube.com/watch?v=w38qxVjMqpw&list=PLxKLMN7WdG5DgQQKKUMdu2_ZOgfoSMPT7&index=30
youtube,203Jk7yohFY,https://www.youtube.com/watch?v=203Jk7yohFY&list=PLxKLMN7WdG5DgQQKKUMdu2_ZOgfoSMPT7&index=26,SONG,SONG_2024,"Châu Đăng Khoa - Sofia - Orange hội ngộ, tlinh và Wren Evans nhận cơn mưa lời khen từ MC | Sóng 24",VIDEO,ANNUAL_SEGMENT,PRIMARY_BROADCASTER,SEASON,OFFICIAL_PLAYLIST_COLLECTION,ACCEPTED,ACCEPTED,2024-02-05T14:00:01.000Z,730,79323,,,available,19BPcrDoEeNIg89PR,https://www.youtube.com/watch?v=203Jk7yohFY&list=PLxKLMN7WdG5DgQQKKUMdu2_ZOgfoSMPT7&index=26
youtube,ZjYMaSziZvA,https://www.youtube.com/watch?v=ZjYMaSziZvA&list=PLxKLMN7WdG5DgQQKKUMdu2_ZOgfoSMPT7&index=27,SONG,SONG_2024,"Đức Phúc cực duyên dáng, Tết này cùng nhau Đi Chùa Cầu Duyên | Sóng 24",VIDEO,ANNUAL_SEGMENT,PRIMARY_BROADCASTER,SEASON,OFFICIAL_PLAYLIST_COLLECTION,ACCEPTED,ACCEPTED,2024-02-12T04:00:22.000Z,232,72526,,,available,19BPcrDoEeNIg89PR,https://www.youtube.com/watch?v=ZjYMaSziZvA&list=PLxKLMN7WdG5DgQQKKUMdu2_ZOgfoSMPT7&index=27
youtube,r-RUnz9gPbw,https://www.youtube.com/watch?v=r-RUnz9gPbw&list=PLxKLMN7WdG5DgQQKKUMdu2_ZOgfoSMPT7&index=23,SONG,SONG_2024,Anh trai Erik - VP Bá Vương - Hải Đăng Doo - Roy Nguyễn - JSOL chiếm trọn ánh nhìn với Laviu|Sóng 24,VIDEO,ANNUAL_SEGMENT,PRIMARY_BROADCASTER,SEASON,OFFICIAL_PLAYLIST_COLLECTION,ACCEPTED,ACCEPTED,2024-02-11T04:00:17.000Z,282,106288,,,available,19BPcrDoEeNIg89PR,https://www.youtube.com/watch?v=r-RUnz9gPbw&list=PLxKLMN7WdG5DgQQKKUMdu2_ZOgfoSMPT7&index=23
youtube,KB01NPnXYjs,https://www.youtube.com/watch?v=KB01NPnXYjs&list=PLxKLMN7WdG5DgQQKKUMdu2_ZOgfoSMPT7&index=29,SONG,SONG_2024,"Andree và B Ray liên tục được trò cưng gọi tên, Rhyder - CoolKid - Captain mãi rớt miếng | Sóng 24",VIDEO,ANNUAL_SEGMENT,PRIMARY_BROADCASTER,SEASON,OFFICIAL_PLAYLIST_COLLECTION,ACCEPTED,ACCEPTED,2024-02-06T11:45:01.000Z,530,52018,,,available,19BPcrDoEeNIg89PR,https://www.youtube.com/watch?v=KB01NPnXYjs&list=PLxKLMN7WdG5DgQQKKUMdu2_ZOgfoSMPT7&index=29
youtube,YEkvhE2CFas,https://www.youtube.com/watch?v=YEkvhE2CFas&list=PLxKLMN7WdG5DgQQKKUMdu2_ZOgfoSMPT7&index=20,SONG,SONG_2024,HIEUTHUHAI - A BẮP - ANH TÚ quằn quại hòa giọng sau màn lệch tone không hồi kết | Sóng 24,VIDEO,ANNUAL_SEGMENT,PRIMARY_BROADCASTER,SEASON,OFFICIAL_PLAYLIST_COLLECTION,ACCEPTED,ACCEPTED,2024-02-07T13:02:51.000Z,699,134094,,,available,19BPcrDoEeNIg89PR,https://www.youtube.com/watch?v=YEkvhE2CFas&list=PLxKLMN7WdG5DgQQKKUMdu2_ZOgfoSMPT7&index=20
youtube,jZsT6fCivMQ,https://www.youtube.com/watch?v=jZsT6fCivMQ&list=PLxKLMN7WdG5DgQQKKUMdu2_ZOgfoSMPT7&index=4,SONG,SONG_2024,"FULL Hài Sóng 24: Anh trai HIEUTHUHAI ứng biến cực mượt khiến Trấn Thành, Diệu Lâm bội phục |Sóng 24",VIDEO,ANNUAL_SEGMENT,PRIMARY_BROADCASTER,SEASON,OFFICIAL_PLAYLIST_COLLECTION,ACCEPTED,ACCEPTED,2024-02-10T12:00:40.000Z,2236,3828771,,,available,19BPcrDoEeNIg89PR,https://www.youtube.com/watch?v=jZsT6fCivMQ&list=PLxKLMN7WdG5DgQQKKUMdu2_ZOgfoSMPT7&index=4
youtube,8dq9UvBLE0A,https://www.youtube.com/watch?v=8dq9UvBLE0A&list=PLxKLMN7WdG5DgQQKKUMdu2_ZOgfoSMPT7&index=25,SONG,SONG_2024,"Bộ 3 anh trai ""hạt nhài"" A BẮP, HIEUTHUHAI, ANH TÚ thả miếng lạnh băng | Sóng 24",VIDEO,ANNUAL_SEGMENT,PRIMARY_BROADCASTER,SEASON,OFFICIAL_PLAYLIST_COLLECTION,ACCEPTED,ACCEPTED,2024-02-01T14:10:00.000Z,590,79681,,,available,19BPcrDoEeNIg89PR,https://www.youtube.com/watch?v=8dq9UvBLE0A&list=PLxKLMN7WdG5DgQQKKUMdu2_ZOgfoSMPT7&index=25
youtube,MM0hO7bGBXs,https://www.youtube.com/watch?v=MM0hO7bGBXs&list=PLxKLMN7WdG5DgQQKKUMdu2_ZOgfoSMPT7&index=17,SONG,SONG_2024,"BTS: Rhyder - CAPTAIN sơ hở là chọc ghẹo nhau, HURRYKNG - OgeNus sốc vì miếng của Negav | Sóng 24",VIDEO,ANNUAL_SEGMENT,PRIMARY_BROADCASTER,SEASON,OFFICIAL_PLAYLIST_COLLECTION,ACCEPTED,ACCEPTED,2024-02-17T14:00:12.000Z,748,174688,,,available,19BPcrDoEeNIg89PR,https://www.youtube.com/watch?v=MM0hO7bGBXs&list=PLxKLMN7WdG5DgQQKKUMdu2_ZOgfoSMPT7&index=17
youtube,HF82WC7mci8,https://www.youtube.com/watch?v=HF82WC7mci8&list=PLxKLMN7WdG5DgQQKKUMdu2_ZOgfoSMPT7&index=3,SONG,SONG_2024,Bùng nổ cảm xúc với bản Mashup: Nếu lúc đó x Từng Quen của tlinh x Wren Evans | Sóng 24,VIDEO,ANNUAL_SEGMENT,PRIMARY_BROADCASTER,SEASON,OFFICIAL_PLAYLIST_COLLECTION,ACCEPTED,ACCEPTED,2024-02-11T03:00:09.000Z,427,4452153,,,available,19BPcrDoEeNIg89PR,https://www.youtube.com/watch?v=HF82WC7mci8&list=PLxKLMN7WdG5DgQQKKUMdu2_ZOgfoSMPT7&index=3
youtube,c9j5j7JjO-Q,https://www.youtube.com/watch?v=c9j5j7JjO-Q&list=PLxKLMN7WdG5BIwNQgqYSWciQhg-Jtj8yQ&index=5,SONG,SONG_2025,"Ngáo Ngơ - HIEUTHUHAI, Jsol, Atus, Erik, Orange | Sóng 25 [Live Stage]",VIDEO,ANNUAL_SEGMENT,PRIMARY_BROADCASTER,SEASON,OFFICIAL_PLAYLIST_COLLECTION,ACCEPTED,ACCEPTED,2025-01-29T05:00:34.000Z,379,120282,,,available,RiHp622Pu4b8mwTlr,https://www.youtube.com/watch?v=c9j5j7JjO-Q&list=PLxKLMN7WdG5BIwNQgqYSWciQhg-Jtj8yQ&index=5
youtube,lM2kY7VGXEw,https://www.youtube.com/watch?v=lM2kY7VGXEw&list=PLxKLMN7WdG5BIwNQgqYSWciQhg-Jtj8yQ&index=1,SONG,SONG_2025,Anh Đã Làm Gì Đâu? - Nhật Hoàng ft Thùy Chi | Sóng 25 [Live Stage],VIDEO,ANNUAL_SEGMENT,PRIMARY_BROADCASTER,SEASON,OFFICIAL_PLAYLIST_COLLECTION,ACCEPTED,ACCEPTED,2025-01-31T03:00:41.000Z,667,15922,,,available,RiHp622Pu4b8mwTlr,https://www.youtube.com/watch?v=lM2kY7VGXEw&list=PLxKLMN7WdG5BIwNQgqYSWciQhg-Jtj8yQ&index=1
youtube,viCOoqmu46k,https://www.youtube.com/watch?v=viCOoqmu46k&list=PLxKLMN7WdG5BIwNQgqYSWciQhg-Jtj8yQ&index=4,SONG,SONG_2025,Đóa Hồng Chơi Vơi - Tội Cho Em - Rồi Em Sẽ Gặp Một Chàng Trai Khác: Anh Tú Hà Nhi Quân A.P | Sóng 25,VIDEO,ANNUAL_SEGMENT,PRIMARY_BROADCASTER,SEASON,OFFICIAL_PLAYLIST_COLLECTION,ACCEPTED,ACCEPTED,2025-01-30T02:00:42.000Z,1267,156663,,,available,RiHp622Pu4b8mwTlr,https://www.youtube.com/watch?v=viCOoqmu46k&list=PLxKLMN7WdG5BIwNQgqYSWciQhg-Jtj8yQ&index=4
youtube,vy61_EqnoKI,https://www.youtube.com/watch?v=vy61_EqnoKI&list=PLxKLMN7WdG5BIwNQgqYSWciQhg-Jtj8yQ&index=2,SONG,SONG_2025,Thờ Ơ: WEAN - HURRYKNG | Sóng 25 [Live Stage],VIDEO,ANNUAL_SEGMENT,PRIMARY_BROADCASTER,SEASON,OFFICIAL_PLAYLIST_COLLECTION,ACCEPTED,ACCEPTED,2025-01-31T02:00:41.000Z,441,7681,,,available,RiHp622Pu4b8mwTlr,https://www.youtube.com/watch?v=vy61_EqnoKI&list=PLxKLMN7WdG5BIwNQgqYSWciQhg-Jtj8yQ&index=2
youtube,5VQRR7om3tE,https://www.youtube.com/watch?v=5VQRR7om3tE&list=PLxKLMN7WdG5BIwNQgqYSWciQhg-Jtj8yQ&index=7,SONG,SONG_2025,"Kim Phút Kim Giờ - Hoàng Hải, Mai Tiến Dũng, Isaac, HURRYKNG, HIEUTHUHAI, Pháp Kiều, Negav |Sóng 25",VIDEO,ANNUAL_SEGMENT,PRIMARY_BROADCASTER,SEASON,OFFICIAL_PLAYLIST_COLLECTION,ACCEPTED,ACCEPTED,2025-01-29T03:00:04.000Z,1177,739064,,,available,RiHp622Pu4b8mwTlr,https://www.youtube.com/watch?v=5VQRR7om3tE&list=PLxKLMN7WdG5BIwNQgqYSWciQhg-Jtj8yQ&index=7
youtube,34h1TllevkM,https://www.youtube.com/watch?v=34h1TllevkM&list=PLxKLMN7WdG5BIwNQgqYSWciQhg-Jtj8yQ&index=6,SONG,SONG_2025,"Thắp Sáng Nơi Em - Hùng Huỳnh, Pháp Kiều, Đức Phúc, Captain Boy, Hải Đăng Doo,... | Sóng 25",VIDEO,ANNUAL_SEGMENT,PRIMARY_BROADCASTER,SEASON,OFFICIAL_PLAYLIST_COLLECTION,ACCEPTED,ACCEPTED,2025-01-29T04:00:03.000Z,503,66908,,,available,RiHp622Pu4b8mwTlr,https://www.youtube.com/watch?v=34h1TllevkM&list=PLxKLMN7WdG5BIwNQgqYSWciQhg-Jtj8yQ&index=6
youtube,UYkwXFR8Un4,https://www.youtube.com/watch?v=UYkwXFR8Un4&list=PLxKLMN7WdG5BIwNQgqYSWciQhg-Jtj8yQ&index=8,SONG,SONG_2025,"Bí Mật Gia Tộc: Dương Lâm, Lê Giang, Quang Hùng MasterD, Thuỳ Tiên, Võ Tấn Phát, Negav| Kịch Sóng 25",VIDEO,ANNUAL_SEGMENT,PRIMARY_BROADCASTER,SEASON,OFFICIAL_PLAYLIST_COLLECTION,ACCEPTED,ACCEPTED,2025-01-29T02:00:30.000Z,2217,1013990,,,available,RiHp622Pu4b8mwTlr,https://www.youtube.com/watch?v=UYkwXFR8Un4&list=PLxKLMN7WdG5BIwNQgqYSWciQhg-Jtj8yQ&index=8
youtube,GikA0wEe8Ls,https://www.youtube.com/watch?v=GikA0wEe8Ls&list=PLxKLMN7WdG5BIwNQgqYSWciQhg-Jtj8yQ&index=3,SONG,SONG_2025,Ánh Mắt Biết Cười: Quang Hùng MasterD - Tăng Duy Tân | Sóng 25 [Live Stage],VIDEO,ANNUAL_SEGMENT,PRIMARY_BROADCASTER,SEASON,OFFICIAL_PLAYLIST_COLLECTION,ACCEPTED,ACCEPTED,2025-01-30T03:00:20.000Z,456,493338,,,available,RiHp622Pu4b8mwTlr,https://www.youtube.com/watch?v=GikA0wEe8Ls&list=PLxKLMN7WdG5BIwNQgqYSWciQhg-Jtj8yQ&index=3
youtube,_2lh6rEwi8Y,https://www.youtube.com/watch?v=_2lh6rEwi8Y&list=PLxKLMN7WdG5CjEObleDT2wm09IizUC5I6&index=9,SONG,SONG_2026,"SAY SÓNG: LyHan hé lộ “góc khuất” 9 năm và MAIQUINN, Dương Domic thử thách chúc Tết cực vần |Sóng 26",VIDEO,ANNUAL_SEGMENT,PRIMARY_BROADCASTER,SEASON,OFFICIAL_PLAYLIST_COLLECTION,ACCEPTED,ACCEPTED,2026-02-12T12:30:45.000Z,899,39992,,,available,fBWvGtJdlYjsWdOpL,https://www.youtube.com/watch?v=_2lh6rEwi8Y&list=PLxKLMN7WdG5CjEObleDT2wm09IizUC5I6&index=9
youtube,uXkaPfje5Rw,https://www.youtube.com/watch?v=uXkaPfje5Rw&list=PLxKLMN7WdG5CjEObleDT2wm09IizUC5I6&index=23,SONG,SONG_2026,"SAY SÓNG: Thái Ngân CONGB bị anh em cô lập, LyHan Ngô Lan Hương “chị em keo sơn” | SÓNG 26",VIDEO,ANNUAL_SEGMENT,PRIMARY_BROADCASTER,SEASON,OFFICIAL_PLAYLIST_COLLECTION,ACCEPTED,ACCEPTED,2026-02-18T05:00:58.000Z,655,9169,,,available,fBWvGtJdlYjsWdOpL,https://www.youtube.com/watch?v=uXkaPfje5Rw&list=PLxKLMN7WdG5CjEObleDT2wm09IizUC5I6&index=23
youtube,HHW1YjI6RsY,https://www.youtube.com/watch?v=HHW1YjI6RsY&list=PLxKLMN7WdG5CjEObleDT2wm09IizUC5I6&index=22,SONG,SONG_2026,HIEUTHUHAI Marzuz tiết lộ thành tựu 2025 #hieuthuhai #marzuz #song26 #song,VIDEO,ANNUAL_SEGMENT,PRIMARY_BROADCASTER,SEASON,OFFICIAL_PLAYLIST_COLLECTION,ACCEPTED,ACCEPTED,2026-02-16T10:30:10.000Z,89,36977,,,available,fBWvGtJdlYjsWdOpL,https://www.youtube.com/watch?v=HHW1YjI6RsY&list=PLxKLMN7WdG5CjEObleDT2wm09IizUC5I6&index=22
youtube,vZyjAag1_Xs,https://www.youtube.com/watch?v=vZyjAag1_Xs&list=PLxKLMN7WdG5CjEObleDT2wm09IizUC5I6&index=12,SONG,SONG_2026,"HIGHLIGHT: Quang Hùng HIEUTHUHAI buitruonglinh tiết lộ chấn động, LyHan Mỹ Mỹ tung hint | SÓNG 26",VIDEO,ANNUAL_SEGMENT,PRIMARY_BROADCASTER,SEASON,OFFICIAL_PLAYLIST_COLLECTION,ACCEPTED,ACCEPTED,2026-02-13T13:01:41.000Z,575,65253,,,available,fBWvGtJdlYjsWdOpL,https://www.youtube.com/watch?v=vZyjAag1_Xs&list=PLxKLMN7WdG5CjEObleDT2wm09IizUC5I6&index=12
youtube,CIhiuHvCpOU,https://www.youtube.com/watch?v=CIhiuHvCpOU&list=PLxKLMN7WdG5CjEObleDT2wm09IizUC5I6&index=10,SONG,SONG_2026,3 biểu cảm nhận lì xì của Ngô Kiến Huy #song26 #song #ngokienhuy,VIDEO,ANNUAL_SEGMENT,PRIMARY_BROADCASTER,SEASON,OFFICIAL_PLAYLIST_COLLECTION,ACCEPTED,ACCEPTED,2026-02-14T03:15:00.000Z,81,13011,,,available,fBWvGtJdlYjsWdOpL,https://www.youtube.com/watch?v=CIhiuHvCpOU&list=PLxKLMN7WdG5CjEObleDT2wm09IizUC5I6&index=10
youtube,Q6dUvfG9al4,https://www.youtube.com/watch?v=Q6dUvfG9al4&list=PLxKLMN7WdG5CjEObleDT2wm09IizUC5I6&index=28,SONG,SONG_2026,"SAY SÓNG: Thái Ngân “cười khờ” khi nhắc đến B Ray, Vương Bình chia sẻ về thành tựu 2025 | SÓNG 26",VIDEO,ANNUAL_SEGMENT,PRIMARY_BROADCASTER,SEASON,OFFICIAL_PLAYLIST_COLLECTION,ACCEPTED,ACCEPTED,2026-02-21T12:00:42.000Z,715,2182,,,available,fBWvGtJdlYjsWdOpL,https://www.youtube.com/watch?v=Q6dUvfG9al4&list=PLxKLMN7WdG5CjEObleDT2wm09IizUC5I6&index=28
youtube,74_exZCoH80,https://www.youtube.com/watch?v=74_exZCoH80&list=PLxKLMN7WdG5CjEObleDT2wm09IizUC5I6&index=15,SONG,SONG_2026,"SAY SÓNG: Negav bị B Ray “bắt bài”, Bảo Anh Sơn.K Nguyễn Hùng kết hợp ăn ý | SÓNG 26",VIDEO,ANNUAL_SEGMENT,PRIMARY_BROADCASTER,SEASON,OFFICIAL_PLAYLIST_COLLECTION,ACCEPTED,ACCEPTED,2026-02-17T13:00:16.000Z,2092,7605,,,available,fBWvGtJdlYjsWdOpL,https://www.youtube.com/watch?v=74_exZCoH80&list=PLxKLMN7WdG5CjEObleDT2wm09IizUC5I6&index=15
youtube,-0iAxwza3ss,https://www.youtube.com/watch?v=-0iAxwza3ss&list=PLxKLMN7WdG5CjEObleDT2wm09IizUC5I6&index=16,SONG,SONG_2026,LÒ VI SÓNG - Quang Hùng MasterD cùng dàn Em Xinh mang đến sân khấu 1-0-2 Tại Sóng 26 [LiveStage],VIDEO,ANNUAL_SEGMENT,PRIMARY_BROADCASTER,SEASON,OFFICIAL_PLAYLIST_COLLECTION,ACCEPTED,ACCEPTED,2026-02-17T02:00:00.000Z,641,53707,,,available,fBWvGtJdlYjsWdOpL,https://www.youtube.com/watch?v=-0iAxwza3ss&list=PLxKLMN7WdG5CjEObleDT2wm09IizUC5I6&index=16
youtube,0QOhs3M4Dso,https://www.youtube.com/watch?v=0QOhs3M4Dso&list=PLxKLMN7WdG5CjEObleDT2wm09IizUC5I6&index=14,SONG,SONG_2026,"SAY SÓNG: Hải Nam Thầy Ngọc Lohan bất bình vì bị “phát hiện”, OgeNus Vương Bình bị gọi tên | Sóng 26",VIDEO,ANNUAL_SEGMENT,PRIMARY_BROADCASTER,SEASON,OFFICIAL_PLAYLIST_COLLECTION,ACCEPTED,ACCEPTED,2026-02-15T05:01:13.000Z,2767,19720,,,available,fBWvGtJdlYjsWdOpL,https://www.youtube.com/watch?v=0QOhs3M4Dso&list=PLxKLMN7WdG5CjEObleDT2wm09IizUC5I6&index=14
youtube,gYDAs2yEOJ4,https://www.youtube.com/watch?v=gYDAs2yEOJ4&list=PLxKLMN7WdG5CjEObleDT2wm09IizUC5I6&index=3,SONG,SONG_2026,SÓNG 26:TƠ TƯỞNG VỚI THỜI GIAN| Đại tiệc thị giác tráng lệ:Âm nhạc ôm ấp ký ức bằng hơi thở điện ảnh,VIDEO,UNKNOWN,OFFICIAL_DISTRIBUTION_PARTNER,EPISODE,OFFICIAL_PLAYLIST_COLLECTION,NEEDS_REVIEW,NEEDS_REVIEW,2026-02-16T14:00:08.000Z,10708,1500991,,,available,fBWvGtJdlYjsWdOpL,https://www.youtube.com/watch?v=gYDAs2yEOJ4&list=PLxKLMN7WdG5CjEObleDT2wm09IizUC5I6&index=3
youtube,EwcdNbLc5wY,https://www.youtube.com/watch?v=EwcdNbLc5wY&list=PLxKLMN7WdG5CjEObleDT2wm09IizUC5I6&index=29,SONG,SONG_2026,"SAY SÓNG: Edenia “lục đục” vì gián điệp, Mỹ Mỹ Orange xôn xao tìm “sóng” yêu thích | SÓNG 26",VIDEO,ANNUAL_SEGMENT,PRIMARY_BROADCASTER,SEASON,OFFICIAL_PLAYLIST_COLLECTION,ACCEPTED,ACCEPTED,2026-02-21T05:00:16.000Z,2886,7115,,,available,fBWvGtJdlYjsWdOpL,https://www.youtube.com/watch?v=EwcdNbLc5wY&list=PLxKLMN7WdG5CjEObleDT2wm09IizUC5I6&index=29
youtube,h7B7usCf-KE,https://www.youtube.com/watch?v=h7B7usCf-KE&list=PLxKLMN7WdG5CjEObleDT2wm09IizUC5I6&index=8,SONG,SONG_2026,LyHan Dương Domic tiết lộ về 9 năm trước #song26 #song #lyhan #duongdomic,VIDEO,ANNUAL_SEGMENT,PRIMARY_BROADCASTER,SEASON,OFFICIAL_PLAYLIST_COLLECTION,ACCEPTED,ACCEPTED,2026-02-13T07:15:05.000Z,107,35985,,,available,fBWvGtJdlYjsWdOpL,https://www.youtube.com/watch?v=h7B7usCf-KE&list=PLxKLMN7WdG5CjEObleDT2wm09IizUC5I6&index=8
youtube,Vez84EB04Ig,https://www.youtube.com/watch?v=Vez84EB04Ig&list=PLxKLMN7WdG5CjEObleDT2wm09IizUC5I6&index=2,SONG,SONG_2026,SÓNG 26:TƠ TƯỞNG VỚI THỜI GIAN| Đại tiệc thị giác tráng lệ:Âm nhạc ôm ấp ký ức bằng hơi thở điện ảnh,VIDEO,UNKNOWN_REUPLOAD,OFFICIAL_MUSIC_CHANNEL,EPISODE,OFFICIAL_PLAYLIST_COLLECTION,NEEDS_REVIEW,NEEDS_REVIEW,2026-02-16T14:00:09.000Z,10708,2427689,,,available,fBWvGtJdlYjsWdOpL,https://www.youtube.com/watch?v=Vez84EB04Ig&list=PLxKLMN7WdG5CjEObleDT2wm09IizUC5I6&index=2
youtube,d2F7yr9h3c4,https://www.youtube.com/watch?v=d2F7yr9h3c4&list=PLxKLMN7WdG5CjEObleDT2wm09IizUC5I6&index=4,SONG,SONG_2026,THE MAKING OF SÓNG - TẬP 1: SÓNG - NHỮNG GIAO THỪA ĐÃ Ở LẠI | SÓNG 26,VIDEO,ANNUAL_SEGMENT,PRIMARY_BROADCASTER,EPISODE,OFFICIAL_PLAYLIST_COLLECTION,ACCEPTED,ACCEPTED,2026-02-10T13:16:34.000Z,363,319979,,,available,fBWvGtJdlYjsWdOpL,https://www.youtube.com/watch?v=d2F7yr9h3c4&list=PLxKLMN7WdG5CjEObleDT2wm09IizUC5I6&index=4
youtube,RUbwl6iLwEo,https://www.youtube.com/watch?v=RUbwl6iLwEo&list=PLxKLMN7WdG5CjEObleDT2wm09IizUC5I6&index=20,SONG,SONG_2026,"Mashup Ballad gây nghiện nhất Sóng 26: Người Như Anh Xứng Đáng Cô Đơn, Không Đau Nữa Rồi,...",VIDEO,ANNUAL_SEGMENT,PRIMARY_BROADCASTER,SEASON,OFFICIAL_PLAYLIST_COLLECTION,ACCEPTED,ACCEPTED,2026-02-17T04:00:15.000Z,693,124017,,,available,fBWvGtJdlYjsWdOpL,https://www.youtube.com/watch?v=RUbwl6iLwEo&list=PLxKLMN7WdG5CjEObleDT2wm09IizUC5I6&index=20
youtube,NFbzMPBaD2o,https://www.youtube.com/watch?v=NFbzMPBaD2o&list=PLxKLMN7WdG5CjEObleDT2wm09IizUC5I6&index=5,SONG,SONG_2026,[TRAILER] SÓNG 26 - TƠ TƯỞNG VỚI THỜI GIAN,VIDEO,ANNUAL_SEGMENT,PRIMARY_BROADCASTER,SEASON,OFFICIAL_PLAYLIST_COLLECTION,ACCEPTED,ACCEPTED,2026-02-07T12:00:06.000Z,138,227916,,,available,fBWvGtJdlYjsWdOpL,https://www.youtube.com/watch?v=NFbzMPBaD2o&list=PLxKLMN7WdG5CjEObleDT2wm09IizUC5I6&index=5
youtube,z6te6EhobvM,https://www.youtube.com/watch?v=z6te6EhobvM&list=PLxKLMN7WdG5CjEObleDT2wm09IizUC5I6&index=6,SONG,SONG_2026,"[TEASER] The Making of SÓNG: HIEUTHUHAI, AMEE, Cody Nam Võ,... hé lộ nhiều secret tại SÓNG 26",VIDEO,ANNUAL_SEGMENT,PRIMARY_BROADCASTER,SEASON,OFFICIAL_PLAYLIST_COLLECTION,ACCEPTED,ACCEPTED,2026-02-10T05:15:07.000Z,75,1433591,,,available,fBWvGtJdlYjsWdOpL,https://www.youtube.com/watch?v=z6te6EhobvM&list=PLxKLMN7WdG5CjEObleDT2wm09IizUC5I6&index=6
youtube,Kq5whFYsz5M,https://www.youtube.com/watch?v=Kq5whFYsz5M&list=PLxKLMN7WdG5CjEObleDT2wm09IizUC5I6&index=18,SONG,SONG_2026,"Đón chờ SÓNG 26 nhiều bất ngờ cùng Trấn Thành, Ngô Kiến Huy, buitruonglinh, Mỹ Mỹ",VIDEO,ANNUAL_SEGMENT,PRIMARY_BROADCASTER,SEASON,OFFICIAL_PLAYLIST_COLLECTION,ACCEPTED,ACCEPTED,2026-02-16T04:00:30.000Z,88,68679,,,available,fBWvGtJdlYjsWdOpL,https://www.youtube.com/watch?v=Kq5whFYsz5M&list=PLxKLMN7WdG5CjEObleDT2wm09IizUC5I6&index=18
youtube,zRlTl085lUA,https://www.youtube.com/watch?v=zRlTl085lUA&list=PLxKLMN7WdG5CjEObleDT2wm09IizUC5I6&index=19,SONG,SONG_2026,"CŨNG MAY LÀ TẾT - Quẩy Tết Kiểu Độc Lạ Cùng Cody Nam Võ, Negav, B Ray, Gill | Sóng 26 [LiveStage]",VIDEO,ANNUAL_SEGMENT,PRIMARY_BROADCASTER,SEASON,OFFICIAL_PLAYLIST_COLLECTION,ACCEPTED,ACCEPTED,2026-02-17T06:00:50.000Z,958,15552,,,available,fBWvGtJdlYjsWdOpL,https://www.youtube.com/watch?v=zRlTl085lUA&list=PLxKLMN7WdG5CjEObleDT2wm09IizUC5I6&index=19
youtube,pA_mnMHmRik,https://www.youtube.com/watch?v=pA_mnMHmRik&list=PLxKLMN7WdG5CjEObleDT2wm09IizUC5I6&index=30,SONG,SONG_2026,"SAY SÓNG: Doo Moon thử thách sự ăn ý, LyHan Dương Domic “cơ cấu” bất thành | SÓNG 26",VIDEO,ANNUAL_SEGMENT,PRIMARY_BROADCASTER,SEASON,OFFICIAL_PLAYLIST_COLLECTION,ACCEPTED,ACCEPTED,2026-02-22T05:30:27.000Z,1604,6635,,,available,fBWvGtJdlYjsWdOpL,https://www.youtube.com/watch?v=pA_mnMHmRik&list=PLxKLMN7WdG5CjEObleDT2wm09IizUC5I6&index=30
youtube,KziI6WmjmeA,https://www.youtube.com/watch?v=KziI6WmjmeA&list=PLxKLMN7WdG5CjEObleDT2wm09IizUC5I6&index=7,SONG,SONG_2026,Bảo Anh tiết lộ về 2 chàng trai với sự kết hợp đặc biệt #song26 #song #baoanh,VIDEO,ANNUAL_SEGMENT,PRIMARY_BROADCASTER,SEASON,OFFICIAL_PLAYLIST_COLLECTION,ACCEPTED,ACCEPTED,2026-02-12T03:45:03.000Z,124,18787,,,available,fBWvGtJdlYjsWdOpL,https://www.youtube.com/watch?v=KziI6WmjmeA&list=PLxKLMN7WdG5CjEObleDT2wm09IizUC5I6&index=7
youtube,nBflgnvZ9ec,https://www.youtube.com/watch?v=nBflgnvZ9ec&list=PLxKLMN7WdG5CjEObleDT2wm09IizUC5I6&index=21,SONG,SONG_2026,"HÀI TẾT 2026: Dương Lâm, Lê Khánh, Huỳnh Lập, Puka, Kim Xuân đối mặt khủng hoảng mùa Tết | Sóng 26",VIDEO,ANNUAL_SEGMENT,PRIMARY_BROADCASTER,SEASON,OFFICIAL_PLAYLIST_COLLECTION,ACCEPTED,ACCEPTED,2026-02-17T05:01:00.000Z,1859,51189,,,available,fBWvGtJdlYjsWdOpL,https://www.youtube.com/watch?v=nBflgnvZ9ec&list=PLxKLMN7WdG5CjEObleDT2wm09IizUC5I6&index=21
youtube,TLCKuo-RUlk,https://www.youtube.com/watch?v=TLCKuo-RUlk&list=PLxKLMN7WdG5CjEObleDT2wm09IizUC5I6&index=24,SONG,SONG_2026,"SAY SÓNG: HIEUTHUHAI marzuz tiết lộ thành tựu, Jaysonlei liên khúc chúc Tết cực ngầu | SÓNG 26",VIDEO,ANNUAL_SEGMENT,PRIMARY_BROADCASTER,SEASON,OFFICIAL_PLAYLIST_COLLECTION,ACCEPTED,ACCEPTED,2026-02-19T05:00:36.000Z,2205,9557,,,available,fBWvGtJdlYjsWdOpL,https://www.youtube.com/watch?v=TLCKuo-RUlk&list=PLxKLMN7WdG5CjEObleDT2wm09IizUC5I6&index=24
youtube,GN3LjHNv6XE,https://www.youtube.com/watch?v=GN3LjHNv6XE&list=PLxKLMN7WdG5CjEObleDT2wm09IizUC5I6&index=26,SONG,SONG_2026,"SAY SÓNG: Jaysonlei “mắc cỡ” với người “sống chung” Negav, Hải Nam trầm tính U30 | SÓNG 26",VIDEO,ANNUAL_SEGMENT,PRIMARY_BROADCASTER,SEASON,OFFICIAL_PLAYLIST_COLLECTION,ACCEPTED,ACCEPTED,2026-02-20T05:00:15.000Z,1053,15349,,,available,fBWvGtJdlYjsWdOpL,https://www.youtube.com/watch?v=GN3LjHNv6XE&list=PLxKLMN7WdG5CjEObleDT2wm09IizUC5I6&index=26
youtube,nqGGuuAfYbU,https://www.youtube.com/watch?v=nqGGuuAfYbU&list=PLxKLMN7WdG5CjEObleDT2wm09IizUC5I6&index=11,SONG,SONG_2026,Nhận cái ôm ấm áp từ Sơn.K #song26 #song#sonk,VIDEO,ANNUAL_SEGMENT,PRIMARY_BROADCASTER,SEASON,OFFICIAL_PLAYLIST_COLLECTION,ACCEPTED,ACCEPTED,2026-02-14T07:15:04.000Z,74,23406,,,available,fBWvGtJdlYjsWdOpL,https://www.youtube.com/watch?v=nqGGuuAfYbU&list=PLxKLMN7WdG5CjEObleDT2wm09IizUC5I6&index=11
youtube,KtzDreosgBg,https://www.youtube.com/watch?v=KtzDreosgBg&list=PLxKLMN7WdG5CjEObleDT2wm09IizUC5I6&index=17,SONG,SONG_2026,"Mashup tình ca ngọt ngào: Người Đầu Tiên, Giờ Thì, Giữ Anh Cho Ngày Hôm Qua | Sóng 26 [Live Stage]",VIDEO,ANNUAL_SEGMENT,PRIMARY_BROADCASTER,SEASON,OFFICIAL_PLAYLIST_COLLECTION,ACCEPTED,ACCEPTED,2026-02-17T03:00:32.000Z,1003,77935,,,available,fBWvGtJdlYjsWdOpL,https://www.youtube.com/watch?v=KtzDreosgBg&list=PLxKLMN7WdG5CjEObleDT2wm09IizUC5I6&index=17
youtube,R58oI7z4Zg4,https://www.youtube.com/watch?v=R58oI7z4Zg4&list=PLxKLMN7WdG5CjEObleDT2wm09IizUC5I6&index=27,SONG,SONG_2026,"SAY SÓNG: JeyB tiết lộ về dự án mới, nhắn gửi đến Mẹ cực tình cảm | SÓNG 26",VIDEO,ANNUAL_SEGMENT,PRIMARY_BROADCASTER,SEASON,OFFICIAL_PLAYLIST_COLLECTION,ACCEPTED,ACCEPTED,2026-02-23T12:00:42.000Z,687,1171,,,available,fBWvGtJdlYjsWdOpL,https://www.youtube.com/watch?v=R58oI7z4Zg4&list=PLxKLMN7WdG5CjEObleDT2wm09IizUC5I6&index=27
youtube,Yvs-kXuxzFw,https://www.youtube.com/watch?v=Yvs-kXuxzFw&list=PLxKLMN7WdG5CjEObleDT2wm09IizUC5I6&index=13,SONG,SONG_2026,"HIGHLIGHT: B Ray Sơn.K “cắm nến thành tựu”, RHYDER Juky San Dương Domic tiết lộ điều “đắm chìm”",VIDEO,HIGHLIGHT,PRIMARY_BROADCASTER,SEASON,OFFICIAL_PLAYLIST_COLLECTION,ACCEPTED,ACCEPTED,2026-02-14T13:01:04.000Z,487,22082,,,available,fBWvGtJdlYjsWdOpL,https://www.youtube.com/watch?v=Yvs-kXuxzFw&list=PLxKLMN7WdG5CjEObleDT2wm09IizUC5I6&index=13
youtube,yVThX5igmUA,https://www.youtube.com/watch?v=yVThX5igmUA&list=PLxKLMN7WdG5CjEObleDT2wm09IizUC5I6&index=25,SONG,SONG_2026,"SAY SÓNG: Vương Bình “nũng nịu” nhận lì xì, bắt trọn TONGTAI Quang Hùng reherasal Lò Vi Sóng|SÓNG 26",VIDEO,ANNUAL_SEGMENT,PRIMARY_BROADCASTER,SEASON,OFFICIAL_PLAYLIST_COLLECTION,ACCEPTED,ACCEPTED,2026-02-19T12:01:42.000Z,583,5173,,,available,fBWvGtJdlYjsWdOpL,https://www.youtube.com/watch?v=yVThX5igmUA&list=PLxKLMN7WdG5CjEObleDT2wm09IizUC5I6&index=25
