show_id,show_name,season_id,season_year,season_status,format_type,episode_no,episode_label,part_no,video_id,video_url,title,normalized_title,channel_id,channel_name,channel_authority,playlist_id,playlist_name,playlist_position,published_at,duration_seconds,season_median_duration,duration_ratio,duration_flag,snapshot_at,age_days,lifetime_views_per_day,view_count,mainshow_flag,canonical_flag,split_episode_flag,reupload_flag,availability_status,classifier_score,classifier_confidence,review_status,exclusion_reason,notes,discovery_method,actor_name,actor_run_id,source_url
ATSH,"Anh Trai ""Say Hi""",ATSH_2024,2024,completed,closed_season,,,,r-RUnz9gPbw,https://www.youtube.com/watch?v=r-RUnz9gPbw&list=PLxKLMN7WdG5AYDsDPTbq7zZTpOTGH7ay6&index=22,Anh trai Erik - VP Bá Vương - Hải Đăng Doo - Roy Nguyễn - JSOL chiếm trọn ánh nhìn với Laviu|Sóng 24,anh trai erik vp ba vuong hai dang doo roy nguyen jsol chiem tron anh nhin voi laviu song 24,UCkna2OcuN1E6u5I8GVtdkOw,Vie Channel ,primary_broadcaster,PLxKLMN7WdG5AYDsDPTbq7zZTpOTGH7ay6,,21,2024-02-11T04:00:17.000Z,282,11619.0,0.0243,strong_reject_short,2026-08-12T12:44:06.975475+07:00,913.07,116.41,106288,False,False,False,False,available,10,HIGH,EXCLUDE,,official_channel;official_full_playlist;show_alias_missing,official_playlist,streamers/youtube-scraper,6aaRakgaGJxf19zR1,https://www.youtube.com/watch?v=r-RUnz9gPbw&list=PLxKLMN7WdG5AYDsDPTbq7zZTpOTGH7ay6&index=22
ATSH,"Anh Trai ""Say Hi""",ATSH_2024,2024,completed,closed_season,8,,,XMXtFmrySgQ,https://www.youtube.com/watch?v=XMXtFmrySgQ&list=PLxKLMN7WdG5AYDsDPTbq7zZTpOTGH7ay6&index=8,"Anh Trai Say Hi Tập 8: Team Rhyder - Anh Tú bùng nổ, cú lội ngược dòng từ vòng Dance Battle nảy lửa",anh trai say hi tap 8 team rhyder anh tu bung no cu loi nguoc dong tu vong dance battle nay lua,UCkna2OcuN1E6u5I8GVtdkOw,Vie Channel ,primary_broadcaster,PLxKLMN7WdG5AYDsDPTbq7zZTpOTGH7ay6,,7,2024-08-10T13:00:06.000Z,12639,11619.0,1.0878,normal,2026-08-12T12:44:06.975475+07:00,731.7,19032.67,13926152,True,True,False,False,available,20,HIGH,INCLUDE,,show_alias;numbered_episode;official_channel;official_full_playlist;plausible_duration,official_playlist,streamers/youtube-scraper,6aaRakgaGJxf19zR1,https://www.youtube.com/watch?v=XMXtFmrySgQ&list=PLxKLMN7WdG5AYDsDPTbq7zZTpOTGH7ay6&index=8
ATSH,"Anh Trai ""Say Hi""",ATSH_2024,2024,completed,closed_season,,,,Dov2pHhp0Ko,https://www.youtube.com/watch?v=Dov2pHhp0Ko&list=PLxKLMN7WdG5AYDsDPTbq7zZTpOTGH7ay6&index=24,"BTS: Anh trai Song Luân giữ nhiệm vụ ""làm màu sân cỏ"", đòi phạt thẻ đỏ A Bắp - Gin",bts anh trai song luan giu nhiem vu lam mau san co doi phat the do a bap gin,UCkna2OcuN1E6u5I8GVtdkOw,Vie Channel ,primary_broadcaster,PLxKLMN7WdG5AYDsDPTbq7zZTpOTGH7ay6,,23,2024-04-25T05:57:24.000Z,740,11619.0,0.0637,strong_reject_short,2026-08-12T12:44:06.975475+07:00,838.99,12.89,10815,False,False,False,False,available,-15,HIGH,EXCLUDE,bts,hard_exclusion:bts,official_playlist,streamers/youtube-scraper,6aaRakgaGJxf19zR1,https://www.youtube.com/watch?v=Dov2pHhp0Ko&list=PLxKLMN7WdG5AYDsDPTbq7zZTpOTGH7ay6&index=24
ATSH,"Anh Trai ""Say Hi""",ATSH_2024,2024,completed,closed_season,2,,,13gXCV5Q3Bw,https://www.youtube.com/watch?v=13gXCV5Q3Bw&list=PLxKLMN7WdG5AYDsDPTbq7zZTpOTGH7ay6&index=14,"Anh Trai Say Hi - Tập 2: Nanon xuất hiện đốt cháy sân khấu, 6 đội trưởng vỡ òa vì cú twist phút cuối",anh trai say hi tap 2 nanon xuat hien dot chay san khau 6 doi truong vo oa vi cu twist phut cuoi,UCkna2OcuN1E6u5I8GVtdkOw,Vie Channel ,primary_broadcaster,PLxKLMN7WdG5AYDsDPTbq7zZTpOTGH7ay6,,13,2024-06-22T13:00:06.000Z,9512,11619.0,0.8187,normal,2026-08-12T12:44:06.975475+07:00,780.7,14536.34,11348483,True,True,False,False,available,20,HIGH,INCLUDE,,show_alias;numbered_episode;official_channel;official_full_playlist;plausible_duration,official_playlist,streamers/youtube-scraper,6aaRakgaGJxf19zR1,https://www.youtube.com/watch?v=13gXCV5Q3Bw&list=PLxKLMN7WdG5AYDsDPTbq7zZTpOTGH7ay6&index=14
ATSH,"Anh Trai ""Say Hi""",ATSH_2024,2024,completed,closed_season,9,,,QJx96CYpJNU,https://www.youtube.com/watch?v=QJx96CYpJNU&list=PLxKLMN7WdG5AYDsDPTbq7zZTpOTGH7ay6&index=7,"Anh Trai Say Hi Tập 9: Hội anh em - hội kịch liên tục hội ngộ, vô số anh trai đánh mất nụ hôn đầu",anh trai say hi tap 9 hoi anh em hoi kich lien tuc hoi ngo vo so anh trai danh mat nu hon dau,UC2Lgi2uPsOcCVF3imz7l2mg,Vie GIẢITRÍ,official_distribution_partner,PLxKLMN7WdG5AYDsDPTbq7zZTpOTGH7ay6,,6,2024-08-17T13:00:08.000Z,15596,11619.0,1.3423,normal,2026-08-12T12:44:06.975475+07:00,724.7,22577.72,16362008,True,True,False,False,available,20,HIGH,INCLUDE,,show_alias;numbered_episode;official_channel;official_full_playlist;plausible_duration,official_playlist,streamers/youtube-scraper,6aaRakgaGJxf19zR1,https://www.youtube.com/watch?v=QJx96CYpJNU&list=PLxKLMN7WdG5AYDsDPTbq7zZTpOTGH7ay6&index=7
ATSH,"Anh Trai ""Say Hi""",ATSH_2024,2024,completed,closed_season,1,,,4d_Uctu_wWI,https://www.youtube.com/watch?v=4d_Uctu_wWI&list=PLxKLMN7WdG5AYDsDPTbq7zZTpOTGH7ay6&index=15,"Anh Trai Say Hi - Tập 1: Cú ""knock out"" bất ngờ sẽ là BẢNH team ATUS hay I.C.O.N team ISAAC?",anh trai say hi tap 1 cu knock out bat ngo se la banh team atus hay i c o n team isaac,UCkna2OcuN1E6u5I8GVtdkOw,Vie Channel ,primary_broadcaster,PLxKLMN7WdG5AYDsDPTbq7zZTpOTGH7ay6,,14,2024-06-15T13:00:06.000Z,12568,11619.0,1.0817,normal,2026-08-12T12:44:06.975475+07:00,787.7,27818.76,21912757,True,True,False,False,available,20,HIGH,INCLUDE,,show_alias;numbered_episode;official_channel;official_full_playlist;plausible_duration,official_playlist,streamers/youtube-scraper,6aaRakgaGJxf19zR1,https://www.youtube.com/watch?v=4d_Uctu_wWI&list=PLxKLMN7WdG5AYDsDPTbq7zZTpOTGH7ay6&index=15
ATSH,"Anh Trai ""Say Hi""",ATSH_2024,2024,completed,closed_season,3,,,bVPfMsREl4g,https://www.youtube.com/watch?v=bVPfMsREl4g&list=PLxKLMN7WdG5AYDsDPTbq7zZTpOTGH7ay6&index=13,"Anh Trai Say Hi - Tập 3: Đại chiến hồ bơi của quản gia Dương Lâm và 30 Anh Trai, lộ diện 8 demo mới",anh trai say hi tap 3 dai chien ho boi cua quan gia duong lam va 30 anh trai lo dien 8 demo moi,UCkna2OcuN1E6u5I8GVtdkOw,Vie Channel ,primary_broadcaster,PLxKLMN7WdG5AYDsDPTbq7zZTpOTGH7ay6,,12,2024-06-29T13:00:07.000Z,12251,11619.0,1.0544,normal,2026-08-12T12:44:06.975475+07:00,773.7,23750.26,18375507,True,True,False,False,available,20,HIGH,INCLUDE,,show_alias;numbered_episode;official_channel;official_full_playlist;plausible_duration,official_playlist,streamers/youtube-scraper,6aaRakgaGJxf19zR1,https://www.youtube.com/watch?v=bVPfMsREl4g&list=PLxKLMN7WdG5AYDsDPTbq7zZTpOTGH7ay6&index=13
ATSH,"Anh Trai ""Say Hi""",ATSH_2024,2024,completed,closed_season,10,,,u76BOoh4Ga8,https://www.youtube.com/watch?v=u76BOoh4Ga8&list=PLxKLMN7WdG5AYDsDPTbq7zZTpOTGH7ay6&index=6,Anh Trai Say Hi Tập 10: Đắm chìm cùng loạt tiết mục đẳng cấp tại Tứ Kết với mọi cung bậc cảm xúc,anh trai say hi tap 10 dam chim cung loat tiet muc dang cap tai tu ket voi moi cung bac cam xuc,UC2Lgi2uPsOcCVF3imz7l2mg,Vie GIẢITRÍ,official_distribution_partner,PLxKLMN7WdG5AYDsDPTbq7zZTpOTGH7ay6,,5,2024-08-18T13:00:08.000Z,10987,11619.0,0.9456,normal,2026-08-12T12:44:06.975475+07:00,723.7,17048.16,12337708,True,True,False,False,available,20,HIGH,INCLUDE,,show_alias;numbered_episode;official_channel;official_full_playlist;plausible_duration,official_playlist,streamers/youtube-scraper,6aaRakgaGJxf19zR1,https://www.youtube.com/watch?v=u76BOoh4Ga8&list=PLxKLMN7WdG5AYDsDPTbq7zZTpOTGH7ay6&index=6
ATSH,"Anh Trai ""Say Hi""",ATSH_2024,2024,completed,closed_season,,,,0UXCacoRFIw,https://www.youtube.com/watch?v=0UXCacoRFIw&list=PLxKLMN7WdG5AYDsDPTbq7zZTpOTGH7ay6&index=29,"BTS: A Bắp bỏ 100 triệu để đưa anh trai HIEUTHUHAI về đội, GinPu tình bể bình Cris Phan cỡ nào?",bts a bap bo 100 trieu de dua anh trai hieuthuhai ve doi ginpu tinh be binh cris phan co nao,UCkna2OcuN1E6u5I8GVtdkOw,Vie Channel ,primary_broadcaster,PLxKLMN7WdG5AYDsDPTbq7zZTpOTGH7ay6,,28,2024-04-29T05:30:00.000Z,596,11619.0,0.0513,strong_reject_short,2026-08-12T12:44:06.975475+07:00,835.01,27.36,22846,False,False,False,False,available,-15,HIGH,EXCLUDE,bts,hard_exclusion:bts,official_playlist,streamers/youtube-scraper,6aaRakgaGJxf19zR1,https://www.youtube.com/watch?v=0UXCacoRFIw&list=PLxKLMN7WdG5AYDsDPTbq7zZTpOTGH7ay6&index=29
ATSH,"Anh Trai ""Say Hi""",ATSH_2024,2024,completed,closed_season,6,,,UViWc8A8vjA,https://www.youtube.com/watch?v=UViWc8A8vjA&list=PLxKLMN7WdG5AYDsDPTbq7zZTpOTGH7ay6&index=10,"Anh Trai Say Hi Tập 6:Isaac, Rhyder, HIEUTHUHAI, Anh Tú, Dương Domic, Quân A.P all-in lập dream team",anh trai say hi tap 6 isaac rhyder hieuthuhai anh tu duong domic quan a p all in lap dream team,UCkna2OcuN1E6u5I8GVtdkOw,Vie Channel ,primary_broadcaster,PLxKLMN7WdG5AYDsDPTbq7zZTpOTGH7ay6,,9,2024-07-27T13:00:06.000Z,14704,11619.0,1.2655,normal,2026-08-12T12:44:06.975475+07:00,745.7,19859.8,14809400,True,True,False,False,available,20,HIGH,INCLUDE,,show_alias;numbered_episode;official_channel;official_full_playlist;plausible_duration,official_playlist,streamers/youtube-scraper,6aaRakgaGJxf19zR1,https://www.youtube.com/watch?v=UViWc8A8vjA&list=PLxKLMN7WdG5AYDsDPTbq7zZTpOTGH7ay6&index=10
ATSH,"Anh Trai ""Say Hi""",ATSH_2024,2024,completed,closed_season,5,,,cKRcKPXnHgs,https://www.youtube.com/watch?v=cKRcKPXnHgs&list=PLxKLMN7WdG5AYDsDPTbq7zZTpOTGH7ay6&index=11,"Anh Trai Say Hi - Tập 5: 30 Anh Trai đối diện vòng loại đầy hồi hộp, ai sẽ đi tiếp Livestage 3",anh trai say hi tap 5 30 anh trai doi dien vong loai day hoi hop ai se di tiep livestage 3,UC2Lgi2uPsOcCVF3imz7l2mg,Vie GIẢITRÍ,official_distribution_partner,PLxKLMN7WdG5AYDsDPTbq7zZTpOTGH7ay6,,10,2024-07-13T13:00:07.000Z,8715,11619.0,0.7501,normal,2026-08-12T12:44:06.975475+07:00,759.7,13166.91,10002864,True,True,False,False,available,20,HIGH,INCLUDE,,show_alias;numbered_episode;official_channel;official_full_playlist;plausible_duration,official_playlist,streamers/youtube-scraper,6aaRakgaGJxf19zR1,https://www.youtube.com/watch?v=cKRcKPXnHgs&list=PLxKLMN7WdG5AYDsDPTbq7zZTpOTGH7ay6&index=11
ATSH,"Anh Trai ""Say Hi""",ATSH_2024,2024,completed,closed_season,,,,a1MuWPRiqb0,https://www.youtube.com/watch?v=a1MuWPRiqb0&list=PLxKLMN7WdG5AYDsDPTbq7zZTpOTGH7ay6&index=27,"Người nắm giữ thông tin về các Anh Trai ""nhả hint"" chất lượng #anhtraisayhi #anhtrai #shorts",nguoi nam giu thong tin ve cac anh trai nha hint chat luong anhtraisayhi anhtrai shorts,UCkna2OcuN1E6u5I8GVtdkOw,Vie Channel ,primary_broadcaster,PLxKLMN7WdG5AYDsDPTbq7zZTpOTGH7ay6,,26,2024-04-06T11:00:00.000Z,59,11619.0,0.0051,strong_reject_short,2026-08-12T12:44:06.975475+07:00,857.78,15.01,12872,False,False,False,False,available,-15,HIGH,EXCLUDE,shorts,hard_exclusion:shorts,official_playlist,streamers/youtube-scraper,6aaRakgaGJxf19zR1,https://www.youtube.com/watch?v=a1MuWPRiqb0&list=PLxKLMN7WdG5AYDsDPTbq7zZTpOTGH7ay6&index=27
ATSH,"Anh Trai ""Say Hi""",ATSH_2024,2024,completed,closed_season,,,,7Ox5uiVWaYk,https://www.youtube.com/watch?v=7Ox5uiVWaYk&list=PLxKLMN7WdG5AYDsDPTbq7zZTpOTGH7ay6&index=28,"BTS: Anh trai HURRYKNG nhận kết đắng vì thách thức A Bắp, Cris Phan vùi dập Quỳnh Lý vì pha bóng lỗi",bts anh trai hurrykng nhan ket dang vi thach thuc a bap cris phan vui dap quynh ly vi pha bong loi,UCkna2OcuN1E6u5I8GVtdkOw,Vie Channel ,primary_broadcaster,PLxKLMN7WdG5AYDsDPTbq7zZTpOTGH7ay6,,27,2024-04-27T05:00:03.000Z,556,11619.0,0.0479,strong_reject_short,2026-08-12T12:44:06.975475+07:00,837.03,15.96,13358,False,False,False,False,available,-15,HIGH,EXCLUDE,bts,hard_exclusion:bts,official_playlist,streamers/youtube-scraper,6aaRakgaGJxf19zR1,https://www.youtube.com/watch?v=7Ox5uiVWaYk&list=PLxKLMN7WdG5AYDsDPTbq7zZTpOTGH7ay6&index=28
ATSH,"Anh Trai ""Say Hi""",ATSH_2024,2024,completed,closed_season,,,,waxE0tLYEIQ,https://www.youtube.com/watch?v=waxE0tLYEIQ&list=PLxKLMN7WdG5AYDsDPTbq7zZTpOTGH7ay6&index=17,"Teaser THE STARS - MV Theme Song | Anh Trai ""Say Hi""",teaser the stars mv theme song anh trai say hi,UCkna2OcuN1E6u5I8GVtdkOw,Vie Channel ,primary_broadcaster,PLxKLMN7WdG5AYDsDPTbq7zZTpOTGH7ay6,,16,2024-06-02T13:00:21.000Z,48,11619.0,0.0041,strong_reject_short,2026-08-12T12:44:06.975475+07:00,800.7,77.14,61769,False,False,False,False,available,-15,HIGH,EXCLUDE,teaser,hard_exclusion:teaser,official_playlist,streamers/youtube-scraper,6aaRakgaGJxf19zR1,https://www.youtube.com/watch?v=waxE0tLYEIQ&list=PLxKLMN7WdG5AYDsDPTbq7zZTpOTGH7ay6&index=17
ATSH,"Anh Trai ""Say Hi""",ATSH_2024,2024,completed,closed_season,11,,,xIBKUvuO5Fk,https://www.youtube.com/watch?v=xIBKUvuO5Fk&list=PLxKLMN7WdG5AYDsDPTbq7zZTpOTGH7ay6&index=5,"Anh Trai Say Hi Tập 11: Team HURRYKNG - Atus tạo bất ngờ lớn, hé lộ dàn anh trai góp mặt chung kết",anh trai say hi tap 11 team hurrykng atus tao bat ngo lon he lo dan anh trai gop mat chung ket,UC2Lgi2uPsOcCVF3imz7l2mg,Vie GIẢITRÍ,official_distribution_partner,PLxKLMN7WdG5AYDsDPTbq7zZTpOTGH7ay6,,4,2024-08-24T13:00:08.000Z,17319,11619.0,1.4906,normal,2026-08-12T12:44:06.975475+07:00,717.7,25248.39,18120697,True,True,False,False,available,20,HIGH,INCLUDE,,show_alias;numbered_episode;official_channel;official_full_playlist;plausible_duration,official_playlist,streamers/youtube-scraper,6aaRakgaGJxf19zR1,https://www.youtube.com/watch?v=xIBKUvuO5Fk&list=PLxKLMN7WdG5AYDsDPTbq7zZTpOTGH7ay6&index=5
ATSH,"Anh Trai ""Say Hi""",ATSH_2024,2024,completed,closed_season,,,,MH4gUH_BAd0,https://www.youtube.com/watch?v=MH4gUH_BAd0&list=PLxKLMN7WdG5AYDsDPTbq7zZTpOTGH7ay6&index=25,JustaTee sẵn sàng SUY hết mình với dàn nghệ sĩ trẻ #AnhTraiSayHi #AnhTrai #shorts,justatee san sang suy het minh voi dan nghe si tre anhtraisayhi anhtrai shorts,UCkna2OcuN1E6u5I8GVtdkOw,Vie Channel ,primary_broadcaster,PLxKLMN7WdG5AYDsDPTbq7zZTpOTGH7ay6,,24,2024-04-16T13:00:25.000Z,60,11619.0,0.0052,strong_reject_short,2026-08-12T12:44:06.975475+07:00,847.7,38.59,32714,False,False,False,False,available,-15,HIGH,EXCLUDE,shorts,hard_exclusion:shorts,official_playlist,streamers/youtube-scraper,6aaRakgaGJxf19zR1,https://www.youtube.com/watch?v=MH4gUH_BAd0&list=PLxKLMN7WdG5AYDsDPTbq7zZTpOTGH7ay6&index=25
ATSH,"Anh Trai ""Say Hi""",ATSH_2024,2024,completed,closed_season,12,,,hayn8WRniy0,https://www.youtube.com/watch?v=hayn8WRniy0&list=PLxKLMN7WdG5AYDsDPTbq7zZTpOTGH7ay6&index=4,"Anh Trai Say Hi Tập 12: Dàn anh trai bung hết skill, chơi hết sức với 8 màn solo đêm CHUNG KẾT 1",anh trai say hi tap 12 dan anh trai bung het skill choi het suc voi 8 man solo dem chung ket 1,UCkna2OcuN1E6u5I8GVtdkOw,Vie Channel ,primary_broadcaster,PLxKLMN7WdG5AYDsDPTbq7zZTpOTGH7ay6,,3,2024-08-31T13:00:08.000Z,9143,11619.0,0.7869,normal,2026-08-12T12:44:06.975475+07:00,710.7,13683.05,9724509,True,True,False,False,available,20,HIGH,INCLUDE,,show_alias;numbered_episode;official_channel;official_full_playlist;plausible_duration,official_playlist,streamers/youtube-scraper,6aaRakgaGJxf19zR1,https://www.youtube.com/watch?v=hayn8WRniy0&list=PLxKLMN7WdG5AYDsDPTbq7zZTpOTGH7ay6&index=4
ATSH,"Anh Trai ""Say Hi""",ATSH_2024,2024,completed,closed_season,,,,C8I3yL91tPE,https://www.youtube.com/watch?v=C8I3yL91tPE&list=PLxKLMN7WdG5AYDsDPTbq7zZTpOTGH7ay6&index=18,"[Trailer] Isaac, HIEUTHUHAI dẫn đầu liên quân battle ""căng đét"" với team Anh Tú | Anh Trai ""Say Hi""",trailer isaac hieuthuhai dan dau lien quan battle cang det voi team anh tu anh trai say hi,UCkna2OcuN1E6u5I8GVtdkOw,Vie Channel ,primary_broadcaster,PLxKLMN7WdG5AYDsDPTbq7zZTpOTGH7ay6,,17,2024-06-11T14:00:08.000Z,664,11619.0,0.0571,strong_reject_short,2026-08-12T12:44:06.975475+07:00,791.66,449.14,355563,False,False,False,False,available,-15,HIGH,EXCLUDE,trailer,hard_exclusion:trailer,official_playlist,streamers/youtube-scraper,6aaRakgaGJxf19zR1,https://www.youtube.com/watch?v=C8I3yL91tPE&list=PLxKLMN7WdG5AYDsDPTbq7zZTpOTGH7ay6&index=18
ATSH,"Anh Trai ""Say Hi""",ATSH_2024,2024,completed,closed_season,,,,4CHIUdNfu4Y,https://www.youtube.com/watch?v=4CHIUdNfu4Y&list=PLxKLMN7WdG5AYDsDPTbq7zZTpOTGH7ay6&index=20,"""Say hi"": MC Trấn Thành tung hint về dàn Anh Trai và giám đốc âm nhạc xịn xò | Anh Trai ""Say Hi""",say hi mc tran thanh tung hint ve dan anh trai va giam doc am nhac xin xo anh trai say hi,UCkna2OcuN1E6u5I8GVtdkOw,Vie Channel ,primary_broadcaster,PLxKLMN7WdG5AYDsDPTbq7zZTpOTGH7ay6,,19,2024-04-10T12:00:06.000Z,214,11619.0,0.0184,strong_reject_short,2026-08-12T12:44:06.975475+07:00,853.74,57.65,49218,False,False,False,False,available,14,MEDIUM,EXCLUDE,,show_alias;official_channel;official_full_playlist;episode_number_missing;duration_too_short,official_playlist,streamers/youtube-scraper,6aaRakgaGJxf19zR1,https://www.youtube.com/watch?v=4CHIUdNfu4Y&list=PLxKLMN7WdG5AYDsDPTbq7zZTpOTGH7ay6&index=20
ATSH,"Anh Trai ""Say Hi""",ATSH_2024,2024,completed,closed_season,,,,BwErdsjHbYk,https://www.youtube.com/watch?v=BwErdsjHbYk&list=PLxKLMN7WdG5AYDsDPTbq7zZTpOTGH7ay6&index=23,"BTS: Trọn bộ moment đáng giá của Anh Trai HIEUTHUHAI, Bắp - Song Luân không ra sân chỉ ""sân si""",bts tron bo moment dang gia cua anh trai hieuthuhai bap song luan khong ra san chi san si,UCkna2OcuN1E6u5I8GVtdkOw,Vie Channel ,primary_broadcaster,PLxKLMN7WdG5AYDsDPTbq7zZTpOTGH7ay6,,22,2024-04-24T06:23:19.000Z,644,11619.0,0.0554,strong_reject_short,2026-08-12T12:44:06.975475+07:00,839.97,56.38,47358,False,False,False,False,available,-15,HIGH,EXCLUDE,bts,hard_exclusion:bts,official_playlist,streamers/youtube-scraper,6aaRakgaGJxf19zR1,https://www.youtube.com/watch?v=BwErdsjHbYk&list=PLxKLMN7WdG5AYDsDPTbq7zZTpOTGH7ay6&index=23
ATSH,"Anh Trai ""Say Hi""",ATSH_2024,2024,completed,closed_season,7,,,0Gf5hvT7mRY,https://www.youtube.com/watch?v=0Gf5hvT7mRY&list=PLxKLMN7WdG5AYDsDPTbq7zZTpOTGH7ay6&index=9,"Anh Trai Say Hi Tập 7: Dàn anh trai cùng khách mời oanh tạc Livestage 3, team nào tạo nên SIÊU PHẨM",anh trai say hi tap 7 dan anh trai cung khach moi oanh tac livestage 3 team nao tao nen sieu pham,UCkna2OcuN1E6u5I8GVtdkOw,Vie Channel ,primary_broadcaster,PLxKLMN7WdG5AYDsDPTbq7zZTpOTGH7ay6,,8,2024-08-03T13:00:07.000Z,7247,11619.0,0.6237,normal,2026-08-12T12:44:06.975475+07:00,738.7,13144.78,9710009,True,True,False,False,available,20,HIGH,INCLUDE,,show_alias;numbered_episode;official_channel;official_full_playlist;plausible_duration,official_playlist,streamers/youtube-scraper,6aaRakgaGJxf19zR1,https://www.youtube.com/watch?v=0Gf5hvT7mRY&list=PLxKLMN7WdG5AYDsDPTbq7zZTpOTGH7ay6&index=9
ATSH,"Anh Trai ""Say Hi""",ATSH_2024,2024,completed,closed_season,13,,,J3kCVv5SXNk,https://www.youtube.com/watch?v=J3kCVv5SXNk&list=PLxKLMN7WdG5AYDsDPTbq7zZTpOTGH7ay6&index=3,"Anh Trai Say Hi Tập 13: Chấn động đêm CHUNG KẾT 2, mãn nhãn với 8 tiết mục solo bùng cháy sân khấu",anh trai say hi tap 13 chan dong dem chung ket 2 man nhan voi 8 tiet muc solo bung chay san khau,UCkna2OcuN1E6u5I8GVtdkOw,Vie Channel ,primary_broadcaster,PLxKLMN7WdG5AYDsDPTbq7zZTpOTGH7ay6,,2,2024-09-07T13:00:07.000Z,9211,11619.0,0.7928,normal,2026-08-12T12:44:06.975475+07:00,703.7,12459.35,8767608,True,True,False,False,available,20,HIGH,INCLUDE,,show_alias;numbered_episode;official_channel;official_full_playlist;plausible_duration,official_playlist,streamers/youtube-scraper,6aaRakgaGJxf19zR1,https://www.youtube.com/watch?v=J3kCVv5SXNk&list=PLxKLMN7WdG5AYDsDPTbq7zZTpOTGH7ay6&index=3
ATSH,"Anh Trai ""Say Hi""",ATSH_2024,2024,completed,closed_season,14,,,qKTqFeRb43w,https://www.youtube.com/watch?v=qKTqFeRb43w&list=PLxKLMN7WdG5AYDsDPTbq7zZTpOTGH7ay6&index=2,Anh Trai Say Hi Tập 14: Đêm Chung Kết - Công Bố & Trao Giải,anh trai say hi tap 14 dem chung ket cong bo trao giai,UCkna2OcuN1E6u5I8GVtdkOw,Vie Channel ,primary_broadcaster,PLxKLMN7WdG5AYDsDPTbq7zZTpOTGH7ay6,,1,2024-09-14T17:04:34.000Z,13861,11619.0,1.193,normal,2026-08-12T12:44:06.975475+07:00,696.53,27232.3,18968047,True,True,False,False,available,20,HIGH,INCLUDE,,show_alias;numbered_episode;official_channel;official_full_playlist;plausible_duration,official_playlist,streamers/youtube-scraper,6aaRakgaGJxf19zR1,https://www.youtube.com/watch?v=qKTqFeRb43w&list=PLxKLMN7WdG5AYDsDPTbq7zZTpOTGH7ay6&index=2
ATSH,"Anh Trai ""Say Hi""",ATSH_2024,2024,completed,closed_season,4,,,sZdDZDHLtaU,https://www.youtube.com/watch?v=sZdDZDHLtaU&list=PLxKLMN7WdG5AYDsDPTbq7zZTpOTGH7ay6&index=12,"Anh Trai Say Hi - Tập 4: HIEUTHUHAI, Negav, Song Luân, Isaac mở màn với 4 siêu phẩm phá đảo sân khấu",anh trai say hi tap 4 hieuthuhai negav song luan isaac mo man voi 4 sieu pham pha dao san khau,UC2Lgi2uPsOcCVF3imz7l2mg,Vie GIẢITRÍ,official_distribution_partner,PLxKLMN7WdG5AYDsDPTbq7zZTpOTGH7ay6,,11,2024-07-06T13:00:08.000Z,6682,11619.0,0.5751,review_short,2026-08-12T12:44:06.975475+07:00,766.7,14282.92,10950673,True,True,False,False,available,20,HIGH,INCLUDE,,show_alias;numbered_episode;official_channel;official_full_playlist;plausible_duration,official_playlist,streamers/youtube-scraper,6aaRakgaGJxf19zR1,https://www.youtube.com/watch?v=sZdDZDHLtaU&list=PLxKLMN7WdG5AYDsDPTbq7zZTpOTGH7ay6&index=12
ATSH,"Anh Trai ""Say Hi""",ATSH_2024,2024,completed,closed_season,,,,lqp2_F53XPM,https://www.youtube.com/watch?v=lqp2_F53XPM&list=PLxKLMN7WdG5AYDsDPTbq7zZTpOTGH7ay6&index=16,"THE STARS - Official MV Theme Song | Anh Trai ""Say Hi""",the stars official mv theme song anh trai say hi,UC2fu6CiFfNYz5UFORvFyc0w,Vie Channel - MUSIC,unknown,PLxKLMN7WdG5AYDsDPTbq7zZTpOTGH7ay6,,15,2024-06-05T12:00:07.000Z,301,11619.0,0.0259,strong_reject_short,2026-08-12T12:44:06.975475+07:00,797.74,2242.98,1789312,False,False,False,False,available,-15,HIGH,EXCLUDE,official mv,hard_exclusion:official mv,official_playlist,streamers/youtube-scraper,6aaRakgaGJxf19zR1,https://www.youtube.com/watch?v=lqp2_F53XPM&list=PLxKLMN7WdG5AYDsDPTbq7zZTpOTGH7ay6&index=16
ATSH,"Anh Trai ""Say Hi""",ATSH_2024,2024,completed,closed_season,,,,LLsGSQBv5yI,https://www.youtube.com/watch?v=LLsGSQBv5yI&list=PLxKLMN7WdG5AYDsDPTbq7zZTpOTGH7ay6&index=19,"[Teaser] Đại tiệc visual, 30 Anh Trai sẵn sàng bứt phá mọi giới hạn của bản thân | Anh Trai ""Say Hi""",teaser dai tiec visual 30 anh trai san sang but pha moi gioi han cua ban than anh trai say hi,UCkna2OcuN1E6u5I8GVtdkOw,Vie Channel ,primary_broadcaster,PLxKLMN7WdG5AYDsDPTbq7zZTpOTGH7ay6,,18,2024-06-07T14:00:29.000Z,527,11619.0,0.0454,strong_reject_short,2026-08-12T12:44:06.975475+07:00,795.66,102.15,81279,False,False,False,False,available,-15,HIGH,EXCLUDE,teaser,hard_exclusion:teaser,official_playlist,streamers/youtube-scraper,6aaRakgaGJxf19zR1,https://www.youtube.com/watch?v=LLsGSQBv5yI&list=PLxKLMN7WdG5AYDsDPTbq7zZTpOTGH7ay6&index=19
ATSH,"Anh Trai ""Say Hi""",ATSH_2024,2024,completed,closed_season,,,,7Guuuo8jCTM,https://www.youtube.com/watch?v=7Guuuo8jCTM&list=PLxKLMN7WdG5AYDsDPTbq7zZTpOTGH7ay6&index=26,"Trấn Thành tiết lộ liên hoàn hint chấn động về Anh Trai ""Say Hi"" #AnhTraiSayHi #AnhTrai #shorts",tran thanh tiet lo lien hoan hint chan dong ve anh trai say hi anhtraisayhi anhtrai shorts,UCkna2OcuN1E6u5I8GVtdkOw,Vie Channel ,primary_broadcaster,PLxKLMN7WdG5AYDsDPTbq7zZTpOTGH7ay6,,25,2024-04-11T03:11:25.000Z,60,11619.0,0.0052,strong_reject_short,2026-08-12T12:44:06.975475+07:00,853.11,15.71,13403,False,False,False,False,available,-15,HIGH,EXCLUDE,shorts,hard_exclusion:shorts,official_playlist,streamers/youtube-scraper,6aaRakgaGJxf19zR1,https://www.youtube.com/watch?v=7Guuuo8jCTM&list=PLxKLMN7WdG5AYDsDPTbq7zZTpOTGH7ay6&index=26
ATSH,"Anh Trai ""Say Hi""",ATSH_2024,2024,completed,closed_season,3,,,2V20IKyMqnM,https://www.youtube.com/watch?v=2V20IKyMqnM&list=PLxKLMN7WdG5AYDsDPTbq7zZTpOTGH7ay6&index=1,"Say Hi Rực Rỡ - Tập 3: Hội anh trai trốn khỏi rừng, hé lộ cuốn nhật kí ""cảm lạnh"" 80 trang",say hi ruc ro tap 3 hoi anh trai tron khoi rung he lo cuon nhat ki cam lanh 80 trang,UCFMEYTv6N64hIL9FlQ_hxBw,ĐÔNG TÂY PROMOTION OFFICIAL,primary_producer,PLxKLMN7WdG5AYDsDPTbq7zZTpOTGH7ay6,,0,2026-06-21T13:00:07.000Z,6389,11619.0,0.5499,review_short,2026-08-12T12:44:06.975475+07:00,51.7,46012.12,2378699,False,False,False,False,available,16,HIGH,EXCLUDE,,numbered_episode;official_channel;official_full_playlist;plausible_duration;show_alias_missing,official_playlist,streamers/youtube-scraper,6aaRakgaGJxf19zR1,https://www.youtube.com/watch?v=2V20IKyMqnM&list=PLxKLMN7WdG5AYDsDPTbq7zZTpOTGH7ay6&index=1
ATSH,"Anh Trai ""Say Hi""",ATSH_2024,2024,completed,closed_season,,,,lGepyqJ98uM,https://www.youtube.com/watch?v=lGepyqJ98uM&list=PLxKLMN7WdG5AYDsDPTbq7zZTpOTGH7ay6&index=30,"BTS: Anh trai Gin Tuấn Kiệt được Puka đến tiếp năng lượng, Yuno BigBoi có lăn xả nhưng không đáng kể",bts anh trai gin tuan kiet duoc puka den tiep nang luong yuno bigboi co lan xa nhung khong dang ke,UCkna2OcuN1E6u5I8GVtdkOw,Vie Channel ,primary_broadcaster,PLxKLMN7WdG5AYDsDPTbq7zZTpOTGH7ay6,,29,2024-04-28T05:00:22.000Z,568,11619.0,0.0489,strong_reject_short,2026-08-12T12:44:06.975475+07:00,836.03,25.29,21142,False,False,False,False,available,-15,HIGH,EXCLUDE,bts,hard_exclusion:bts,official_playlist,streamers/youtube-scraper,6aaRakgaGJxf19zR1,https://www.youtube.com/watch?v=lGepyqJ98uM&list=PLxKLMN7WdG5AYDsDPTbq7zZTpOTGH7ay6&index=30
ATSH,"Anh Trai ""Say Hi""",ATSH_2024,2024,completed,closed_season,,,,JNSfZNYiimg,https://www.youtube.com/watch?v=JNSfZNYiimg&list=PLxKLMN7WdG5AYDsDPTbq7zZTpOTGH7ay6&index=21,"Anh Trai “Say Hi!” chào sân: Hoành tráng, mãn nhãn, 10 điểm không nhưng | Sóng 24",anh trai say hi chao san hoanh trang man nhan 10 diem khong nhung song 24,UCkna2OcuN1E6u5I8GVtdkOw,Vie Channel ,primary_broadcaster,PLxKLMN7WdG5AYDsDPTbq7zZTpOTGH7ay6,,20,2024-02-11T02:00:20.000Z,337,11619.0,0.029,strong_reject_short,2026-08-12T12:44:06.975475+07:00,913.16,855.27,780993,False,False,False,False,available,14,MEDIUM,EXCLUDE,,show_alias;official_channel;official_full_playlist;episode_number_missing;duration_too_short,official_playlist,streamers/youtube-scraper,6aaRakgaGJxf19zR1,https://www.youtube.com/watch?v=JNSfZNYiimg&list=PLxKLMN7WdG5AYDsDPTbq7zZTpOTGH7ay6&index=21
ATSH,"Anh Trai ""Say Hi""",ATSH_2025,2025,completed,closed_season,11,,,JLE79Jh5e2U,https://www.youtube.com/watch?v=JLE79Jh5e2U,"Anh Trai Say Hi 2025 -Tập 11: Gay cấn vòng loại cuối, đảo hoang ""lật kèo"" lộ diện đội hình chung kết",anh trai say hi 2025 tap 11 gay can vong loai cuoi dao hoang lat keo lo dien doi hinh chung ket,UCkna2OcuN1E6u5I8GVtdkOw,Vie Channel ,primary_broadcaster,,,0,2025-11-22T12:30:11.000Z,22436,12188.0,1.8408,review_long,2026-08-12T13:50:58.446867+07:00,262.76,23710.55,6230289,True,True,False,False,available,14,HIGH,INCLUDE,,show_alias;numbered_episode;official_channel;plausible_duration,apify_search,streamers/youtube-scraper,M5uwXGq8dZ92waEPT,https://www.youtube.com/watch?v=JLE79Jh5e2U
ATSH,"Anh Trai ""Say Hi""",ATSH_2025,2025,completed,closed_season,6,,,piOfzIT7sQ0,https://www.youtube.com/watch?v=piOfzIT7sQ0,"Anh Trai ""Say Hi"" 2025 Tập 6: 30 Anh Trai Reply 2000s bùng nổ kí ức,”mùa hoa nở” huyền thoại trở lại",anh trai say hi 2025 tap 6 30 anh trai reply 2000s bung no ki uc mua hoa no huyen thoai tro lai,UCkna2OcuN1E6u5I8GVtdkOw,Vie Channel ,primary_broadcaster,,,2,2025-10-25T12:30:06.000Z,18514,12188.0,1.519,normal,2026-08-12T13:50:58.446867+07:00,290.76,25997.91,7559268,True,False,False,False,available,14,HIGH,EXCLUDE,official_duplicate_logical_episode,show_alias;numbered_episode;official_channel;plausible_duration;superseded_by_evidence_rank,apify_search,streamers/youtube-scraper,M5uwXGq8dZ92waEPT,https://www.youtube.com/watch?v=piOfzIT7sQ0
ATSH,"Anh Trai ""Say Hi""",ATSH_2025,2025,completed,closed_season,10,,,DkPgUmAKEgY,https://www.youtube.com/watch?v=DkPgUmAKEgY,"Anh Trai ""Say Hi"" 2025-Tập 10:Tàu lượn cảm xúc với loạt tiết mục Livestage4,đại tiệc âm nhạc mãn nhĩ",anh trai say hi 2025 tap 10 tau luon cam xuc voi loat tiet muc livestage4 dai tiec am nhac man nhi,UCkna2OcuN1E6u5I8GVtdkOw,Vie Channel ,primary_broadcaster,,,2,2025-11-16T12:30:11.000Z,11645,12188.0,0.9554,normal,2026-08-12T13:50:58.446867+07:00,268.76,15856.3,4261610,True,True,False,False,available,14,HIGH,INCLUDE,,show_alias;numbered_episode;official_channel;plausible_duration,apify_search,streamers/youtube-scraper,M5uwXGq8dZ92waEPT,https://www.youtube.com/watch?v=DkPgUmAKEgY
ATSH,"Anh Trai ""Say Hi""",ATSH_2025,2025,completed,closed_season,,,,Rb3hfEPyJxQ,https://www.youtube.com/watch?v=Rb3hfEPyJxQ&list=RDRb3hfEPyJxQ&start_radio=1,"SECRET - Cody Nam Võ, Quang Hùng MasterD, Wren Evans, CONGB | TINH HÀ SAY HI [PERFORMANCE]",secret cody nam vo quang hung masterd wren evans congb tinh ha say hi performance,UC2fu6CiFfNYz5UFORvFyc0w,Vie Channel - MUSIC,unknown,,,10,2026-08-09T05:00:06.000Z,320,12188.0,0.0263,strong_reject_short,2026-08-12T13:50:58.446867+07:00,3.08,581527.26,1789357,False,False,False,False,available,-15,HIGH,EXCLUDE,performance,hard_exclusion:performance,apify_search,streamers/youtube-scraper,M5uwXGq8dZ92waEPT,https://www.youtube.com/watch?v=Rb3hfEPyJxQ&list=RDRb3hfEPyJxQ&start_radio=1
ATSH,"Anh Trai ""Say Hi""",ATSH_2025,2025,completed,closed_season,3,,,alsFPwMJGOI,https://www.youtube.com/watch?v=alsFPwMJGOI,"Anh Trai ""Say Hi"" 2025 Tập 3: Chuyến tàu định mệnh và pha đấu trí gay cấn, Dương Lâm cầu nối cảm xúc",anh trai say hi 2025 tap 3 chuyen tau dinh menh va pha dau tri gay can duong lam cau noi cam xuc,UCkna2OcuN1E6u5I8GVtdkOw,Vie Channel ,primary_broadcaster,,,0,2025-10-04T12:00:06.000Z,20932,12188.0,1.7174,review_long,2026-08-12T13:50:58.446867+07:00,311.79,28150.86,8777025,True,False,False,False,available,14,HIGH,EXCLUDE,official_duplicate_logical_episode,show_alias;numbered_episode;official_channel;plausible_duration;superseded_by_evidence_rank,apify_search,streamers/youtube-scraper,M5uwXGq8dZ92waEPT,https://www.youtube.com/watch?v=alsFPwMJGOI
ATSH,"Anh Trai ""Say Hi""",ATSH_2025,2025,completed,closed_season,,,,hOe5p-yMR_w,https://www.youtube.com/watch?v=hOe5p-yMR_w&list=RDhOe5p-yMR_w&start_radio=1,"RUN TO YOU - Ali Hoàng Dương, IVAN, KIMLONG, Song Luân | TINH HÀ SAY HI [PERFORMANCE]",run to you ali hoang duong ivan kimlong song luan tinh ha say hi performance,UC2fu6CiFfNYz5UFORvFyc0w,Vie Channel - MUSIC,unknown,,,17,2026-08-09T03:00:06.000Z,312,12188.0,0.0256,strong_reject_short,2026-08-12T13:50:58.446867+07:00,3.16,61084.46,193047,False,False,False,False,available,-15,HIGH,EXCLUDE,performance,hard_exclusion:performance,apify_search,streamers/youtube-scraper,M5uwXGq8dZ92waEPT,https://www.youtube.com/watch?v=hOe5p-yMR_w&list=RDhOe5p-yMR_w&start_radio=1
ATSH,"Anh Trai ""Say Hi""",ATSH_2025,2025,completed,closed_season,1,,,AtIHwHuj8SQ,https://www.youtube.com/watch?v=AtIHwHuj8SQ,"TINH HÀ SAY HI TẬP 1: 24 Anh Trai đối mặt thử thách MV THEMESONG,ngập tràn twist với độ khó nâng cấp",tinh ha say hi tap 1 24 anh trai doi mat thu thach mv themesong ngap tran twist voi do kho nang cap,UCkna2OcuN1E6u5I8GVtdkOw,Vie Channel ,primary_broadcaster,,,14,2026-07-04T12:00:06.000Z,19096,12188.0,1.5668,normal,2026-08-12T13:50:58.446867+07:00,38.79,207386.84,8043567,False,False,False,False,available,10,HIGH,EXCLUDE,,numbered_episode;official_channel;plausible_duration;show_alias_missing,apify_search,streamers/youtube-scraper,M5uwXGq8dZ92waEPT,https://www.youtube.com/watch?v=AtIHwHuj8SQ
ATSH,"Anh Trai ""Say Hi""",ATSH_2025,2025,completed,closed_season,6,,,0mQn-pPDLuM,https://www.youtube.com/watch?v=0mQn-pPDLuM,TINH HÀ SAY HI TẬP 6: Vòng Đấu EP | Team Quang Hùng MasterD - EP: TRẠM ĐẾN EM,tinh ha say hi tap 6 vong dau ep team quang hung masterd ep tram den em,UCkna2OcuN1E6u5I8GVtdkOw,Vie Channel ,primary_broadcaster,,,2,2026-08-08T13:00:06.000Z,13491,12188.0,1.1069,normal,2026-08-12T13:50:58.446867+07:00,3.74,847847.51,3174055,False,False,False,False,available,10,HIGH,EXCLUDE,,numbered_episode;official_channel;plausible_duration;show_alias_missing,apify_search,streamers/youtube-scraper,M5uwXGq8dZ92waEPT,https://www.youtube.com/watch?v=0mQn-pPDLuM
ATSH,"Anh Trai ""Say Hi""",ATSH_2025,2025,completed,closed_season,,,,6M2Pjtq1OPA,https://www.youtube.com/watch?v=6M2Pjtq1OPA&list=RD6M2Pjtq1OPA&start_radio=1,Playlist FULL Lyrics  - Ôn Tập Trước Thềm Concert ANH TRAI SAY HI 2025,playlist full lyrics on tap truoc them concert anh trai say hi 2025,UCzpv5GkSbYqkFdC_lOOi4aQ,VieShows,unknown,,,11,2025-12-23T13:00:14.000Z,13640,12188.0,1.1191,normal,2026-08-12T13:50:58.446867+07:00,231.74,1326.25,307350,False,False,False,False,available,-15,HIGH,EXCLUDE,lyrics,hard_exclusion:lyrics,apify_search,streamers/youtube-scraper,M5uwXGq8dZ92waEPT,https://www.youtube.com/watch?v=6M2Pjtq1OPA&list=RD6M2Pjtq1OPA&start_radio=1
ATSH,"Anh Trai ""Say Hi""",ATSH_2025,2025,completed,closed_season,7,,,TH_z2nHyct4,https://www.youtube.com/watch?v=TH_z2nHyct4,"Anh Trai ""Say Hi"" 2025 -Tập 7: Cuộc đổ bộ 4 siêu phẩm cùng Bảo Thy, MIN, 52Hz, Mỹ Mỹ tại Livestage 3",anh trai say hi 2025 tap 7 cuoc do bo 4 sieu pham cung bao thy min 52hz my my tai livestage 3,UCkna2OcuN1E6u5I8GVtdkOw,Vie Channel ,primary_broadcaster,,,0,2025-11-01T12:30:11.000Z,7360,12188.0,0.6039,normal,2026-08-12T13:50:58.446867+07:00,283.76,20897.39,5929937,True,True,False,False,available,14,HIGH,INCLUDE,,show_alias;numbered_episode;official_channel;plausible_duration,apify_search,streamers/youtube-scraper,M5uwXGq8dZ92waEPT,https://www.youtube.com/watch?v=TH_z2nHyct4
ATSH,"Anh Trai ""Say Hi""",ATSH_2025,2025,completed,closed_season,4,,,U_KeF48W4qE,https://www.youtube.com/watch?v=U_KeF48W4qE,"Anh Trai ""Say Hi"" 2025-Tập 4: Cú nổ lớn ngay tại Livestage 2, 4 đội hình mở màn cuộc chiến khốc liệt",anh trai say hi 2025 tap 4 cu no lon ngay tai livestage 2 4 doi hinh mo man cuoc chien khoc liet,UCkna2OcuN1E6u5I8GVtdkOw,Vie Channel ,primary_broadcaster,,,0,2025-10-11T13:00:06.000Z,8290,12188.0,0.6802,normal,2026-08-12T13:50:58.446867+07:00,304.74,14813.54,4514332,True,True,False,False,available,14,HIGH,INCLUDE,,show_alias;numbered_episode;official_channel;plausible_duration,apify_search,streamers/youtube-scraper,M5uwXGq8dZ92waEPT,https://www.youtube.com/watch?v=U_KeF48W4qE
ATSH,"Anh Trai ""Say Hi""",ATSH_2025,2025,completed,closed_season,5,,,DXNSmHHkARY,https://www.youtube.com/watch?v=DXNSmHHkARY,"Anh Trai ""Say Hi"" 2025 -Tập 5: Cú lội ngược dòng ngoạn mục, 30 Anh Trai bước vào vòng loại nghẹt thở",anh trai say hi 2025 tap 5 cu loi nguoc dong ngoan muc 30 anh trai buoc vao vong loai nghet tho,UCkna2OcuN1E6u5I8GVtdkOw,Vie Channel ,primary_broadcaster,,,0,2025-10-18T12:30:07.000Z,8810,12188.0,0.7228,normal,2026-08-12T13:50:58.446867+07:00,297.76,20338.16,6055983,True,True,False,False,available,14,HIGH,INCLUDE,,show_alias;numbered_episode;official_channel;plausible_duration,apify_search,streamers/youtube-scraper,M5uwXGq8dZ92waEPT,https://www.youtube.com/watch?v=DXNSmHHkARY
ATSH,"Anh Trai ""Say Hi""",ATSH_2025,2025,completed,closed_season,8,,,Xdqdt6eobbk,https://www.youtube.com/watch?v=Xdqdt6eobbk,"Anh Trai ""Say Hi"" 2025 Tập 8: BigDaddy Robber đột phá, Dance Battle với cỗ máy nhảy bí ẩn bung skill",anh trai say hi 2025 tap 8 bigdaddy robber dot pha dance battle voi co may nhay bi an bung skill,UCkna2OcuN1E6u5I8GVtdkOw,Vie Channel ,primary_broadcaster,,,1,2025-11-08T12:30:11.000Z,14894,12188.0,1.222,normal,2026-08-12T13:50:58.446867+07:00,276.76,19467.24,5387840,True,False,False,False,available,14,HIGH,EXCLUDE,official_duplicate_logical_episode,show_alias;numbered_episode;official_channel;plausible_duration;superseded_by_evidence_rank,apify_search,streamers/youtube-scraper,M5uwXGq8dZ92waEPT,https://www.youtube.com/watch?v=Xdqdt6eobbk
ATSH,"Anh Trai ""Say Hi""",ATSH_2025,2025,completed,closed_season,,,,CXrJ1_dTtz4,https://www.youtube.com/watch?v=CXrJ1_dTtz4&list=RDCXrJ1_dTtz4&start_radio=1,TRẠM ĐẾN EM - LIÊN QUÂN 2 | Full EP Experience | TINH HÀ SAY HI,tram den em lien quan 2 full ep experience tinh ha say hi,UC2fu6CiFfNYz5UFORvFyc0w,Vie Channel - MUSIC,unknown,,,15,2026-08-09T02:00:07.000Z,1098,12188.0,0.0901,strong_reject_short,2026-08-12T13:50:58.446867+07:00,3.2,165988.94,531494,False,False,False,False,available,0,HIGH,EXCLUDE,,show_alias_missing,apify_search,streamers/youtube-scraper,M5uwXGq8dZ92waEPT,https://www.youtube.com/watch?v=CXrJ1_dTtz4&list=RDCXrJ1_dTtz4&start_radio=1
ATSH,"Anh Trai ""Say Hi""",ATSH_2025,2025,completed,closed_season,,,,cwlToxaWuL8,https://www.youtube.com/watch?v=cwlToxaWuL8&list=RDcwlToxaWuL8&start_radio=1,"MRT - XUÂN ĐỊNH KY, buitruonglinh, CAPTAIN BOY, HYO | TINH HÀ SAY HI [PERFORMANCE]",mrt xuan dinh ky buitruonglinh captain boy hyo tinh ha say hi performance,UC2fu6CiFfNYz5UFORvFyc0w,Vie Channel - MUSIC,unknown,,,18,2026-08-09T04:00:06.000Z,372,12188.0,0.0305,strong_reject_short,2026-08-12T13:50:58.446867+07:00,3.12,266687.4,831708,False,False,False,False,available,-15,HIGH,EXCLUDE,performance,hard_exclusion:performance,apify_search,streamers/youtube-scraper,M5uwXGq8dZ92waEPT,https://www.youtube.com/watch?v=cwlToxaWuL8&list=RDcwlToxaWuL8&start_radio=1
ATSH,"Anh Trai ""Say Hi""",ATSH_2025,2025,completed,closed_season,,,,vs5PyV_nvH8,https://www.youtube.com/watch?v=vs5PyV_nvH8,"[Uncut] Full màn Rap Battle cực chiến của 2 Liên Quân, Ryn Lee xung phong đáp trả | Anh Trai Say Hi",uncut full man rap battle cuc chien cua 2 lien quan ryn lee xung phong dap tra anh trai say hi,UCkna2OcuN1E6u5I8GVtdkOw,Vie Channel ,primary_broadcaster,,,2,2025-09-23T13:01:50.000Z,1839,12188.0,0.1509,strong_reject_short,2026-08-12T13:50:58.446867+07:00,322.74,868.65,280351,False,False,False,False,available,-15,HIGH,EXCLUDE,uncut,hard_exclusion:uncut,apify_search,streamers/youtube-scraper,M5uwXGq8dZ92waEPT,https://www.youtube.com/watch?v=vs5PyV_nvH8
ATSH,"Anh Trai ""Say Hi""",ATSH_2025,2025,completed,closed_season,,,,XUvWJyj273c,https://www.youtube.com/watch?v=XUvWJyj273c,"[Uncut] Full màn chia tay đẫm lệ tại vòng loại đáng nhớ, cận cảnh OgeNus ""an ủi"" các Anh Trai",uncut full man chia tay dam le tai vong loai dang nho can canh ogenus an ui cac anh trai,UCkna2OcuN1E6u5I8GVtdkOw,Vie Channel ,primary_broadcaster,,,2,2025-10-21T12:59:19.000Z,9421,12188.0,0.773,normal,2026-08-12T13:50:58.446867+07:00,294.74,598.81,176496,False,False,False,False,available,-15,HIGH,EXCLUDE,uncut,hard_exclusion:uncut,apify_search,streamers/youtube-scraper,M5uwXGq8dZ92waEPT,https://www.youtube.com/watch?v=XUvWJyj273c
ATSH,"Anh Trai ""Say Hi""",ATSH_2025,2025,completed,closed_season,1,,,5X8_IxZo8w8,https://www.youtube.com/watch?v=5X8_IxZo8w8,"Anh Trai ""Say Hi"" 2025 -Tập 1: 30 Anh Trai ""Chill Guys Ngon Zai"" ""Độc Nhất Vô Nhị"" chào sân cực chất",anh trai say hi 2025 tap 1 30 anh trai chill guys ngon zai doc nhat vo nhi chao san cuc chat,UCkna2OcuN1E6u5I8GVtdkOw,Vie Channel ,primary_broadcaster,,,0,2025-09-20T12:00:06.000Z,16685,12188.0,1.369,normal,2026-08-12T13:50:58.446867+07:00,325.79,32883.4,10712930,True,False,False,False,available,14,HIGH,EXCLUDE,official_duplicate_logical_episode,show_alias;numbered_episode;official_channel;plausible_duration;superseded_by_evidence_rank,apify_search,streamers/youtube-scraper,M5uwXGq8dZ92waEPT,https://www.youtube.com/watch?v=5X8_IxZo8w8
ATSH,"Anh Trai ""Say Hi""",ATSH_2025,2025,completed,closed_season,2,,,v8WCvNSPSa0,https://www.youtube.com/watch?v=v8WCvNSPSa0,"Anh Trai ""Say Hi"" 2025 -Tập 2: Team Vũ Cát Tường GILL KHOI VU RIO Sơn.K OgeNus công phá Livestage 1",anh trai say hi 2025 tap 2 team vu cat tuong gill khoi vu rio son k ogenus cong pha livestage 1,UCkna2OcuN1E6u5I8GVtdkOw,Vie Channel ,primary_broadcaster,,,0,2025-09-27T12:00:06.000Z,11621,12188.0,0.9535,normal,2026-08-12T13:50:58.446867+07:00,318.79,21781.82,6943725,True,True,False,False,available,14,HIGH,INCLUDE,,show_alias;numbered_episode;official_channel;plausible_duration,apify_search,streamers/youtube-scraper,M5uwXGq8dZ92waEPT,https://www.youtube.com/watch?v=v8WCvNSPSa0
ATSH,"Anh Trai ""Say Hi""",ATSH_2025,2025,completed,closed_season,9,,,zjYcqzWbNJE,https://www.youtube.com/watch?v=zjYcqzWbNJE,"Anh Trai ""Say Hi"" 2025 Tập 9: Chuyến thám hiểm sinh tồn hoang dã, cuộc chiến chọn demo đầy tương tàn",anh trai say hi 2025 tap 9 chuyen tham hiem sinh ton hoang da cuoc chien chon demo day tuong tan,UCkna2OcuN1E6u5I8GVtdkOw,Vie Channel ,primary_broadcaster,,,1,2025-11-17T00:59:22.000Z,15486,12188.0,1.2706,normal,2026-08-12T13:50:58.446867+07:00,268.24,12446.62,3338734,True,True,False,False,available,14,HIGH,INCLUDE,,show_alias;numbered_episode;official_channel;plausible_duration,apify_search,streamers/youtube-scraper,M5uwXGq8dZ92waEPT,https://www.youtube.com/watch?v=zjYcqzWbNJE
ATSH,"Anh Trai ""Say Hi""",ATSH_2025,2025,completed,closed_season,,,,2HFRyTKYMAo,https://www.youtube.com/watch?v=2HFRyTKYMAo&list=RD2HFRyTKYMAo&start_radio=1,Playlist Tinh Hà Say Hi: Tuyển Tập ĐẦY ĐỦ NHẤT Performance 3 Live Stage,playlist tinh ha say hi tuyen tap day du nhat performance 3 live stage,UCDV0U41nnwOZyKMW4e7oExQ,VieSTARS,unknown,,,27,2026-08-10T12:00:03.000Z,4528,12188.0,0.3715,review_short,2026-08-12T13:50:58.446867+07:00,1.79,12125.26,21648,False,False,False,False,available,-15,HIGH,EXCLUDE,performance,hard_exclusion:performance,apify_search,streamers/youtube-scraper,M5uwXGq8dZ92waEPT,https://www.youtube.com/watch?v=2HFRyTKYMAo&list=RD2HFRyTKYMAo&start_radio=1
ATSH,"Anh Trai ""Say Hi""",ATSH_2025,2025,completed,closed_season,,,,e-Zg0_bf9lA,https://www.youtube.com/watch?v=e-Zg0_bf9lA&list=RDe-Zg0_bf9lA&start_radio=1,"ĐỘC NHẤT VÔ NHỊ - Liên Quân 2 khiến sân khấu ""nổ tung"" | Anh Trai Say Hi 2025 Concert [Live Stage]",doc nhat vo nhi lien quan 2 khien san khau no tung anh trai say hi 2025 concert live stage,UCkna2OcuN1E6u5I8GVtdkOw,Vie Channel ,primary_broadcaster,,,25,2026-01-26T11:01:10.000Z,362,12188.0,0.0297,strong_reject_short,2026-08-12T13:50:58.446867+07:00,197.83,175.33,34685,False,False,False,False,available,-15,HIGH,EXCLUDE,concert,hard_exclusion:concert,apify_search,streamers/youtube-scraper,M5uwXGq8dZ92waEPT,https://www.youtube.com/watch?v=e-Zg0_bf9lA&list=RDe-Zg0_bf9lA&start_radio=1
ATSH,"Anh Trai ""Say Hi""",ATSH_2025,2025,completed,closed_season,1,,,tSshdpvm2ko,https://www.youtube.com/watch?v=tSshdpvm2ko,"Anh Trai ""Say Hi"" 2025 Concert Tập 1:Đắm chìm lần nữa vào MỘT ĐÊM ĐÁNG ĐẾM TẠI A MERRY X'MAS CONCERT",anh trai say hi 2025 concert tap 1 dam chim lan nua vao mot dem dang dem tai a merry x mas concert,UCkna2OcuN1E6u5I8GVtdkOw,Vie Channel ,primary_broadcaster,,,29,2026-01-24T13:00:11.000Z,6480,12188.0,0.5317,review_short,2026-08-12T13:50:58.446867+07:00,199.74,12126.74,2422238,False,False,False,False,available,-15,HIGH,EXCLUDE,concert,hard_exclusion:concert,apify_search,streamers/youtube-scraper,M5uwXGq8dZ92waEPT,https://www.youtube.com/watch?v=tSshdpvm2ko
ATSH,"Anh Trai ""Say Hi""",ATSH_2025,2025,completed,closed_season,6,,,UViWc8A8vjA,https://www.youtube.com/watch?v=UViWc8A8vjA,"Anh Trai Say Hi Tập 6:Isaac, Rhyder, HIEUTHUHAI, Anh Tú, Dương Domic, Quân A.P all-in lập dream team",anh trai say hi tap 6 isaac rhyder hieuthuhai anh tu duong domic quan a p all in lap dream team,UCkna2OcuN1E6u5I8GVtdkOw,Vie Channel ,primary_broadcaster,,,1,2024-07-27T13:00:06.000Z,14704,12188.0,1.2064,normal,2026-08-12T13:50:58.446867+07:00,745.74,19858.91,14809655,True,True,False,False,available,14,HIGH,INCLUDE,,show_alias;numbered_episode;official_channel;plausible_duration,apify_search,streamers/youtube-scraper,M5uwXGq8dZ92waEPT,https://www.youtube.com/watch?v=UViWc8A8vjA
ATSH,"Anh Trai ""Say Hi""",ATSH_2025,2025,completed,closed_season,,,,64Njw-cCJkg,https://www.youtube.com/watch?v=64Njw-cCJkg,MỜI ĐOÀN MÌNH LÊN SÀN - GILL khiến cả sân khấu phải quẩy cùng | Anh Trai Say Hi 2025 [Livestage],moi doan minh len san gill khien ca san khau phai quay cung anh trai say hi 2025 livestage,UCkna2OcuN1E6u5I8GVtdkOw,Vie Channel ,primary_broadcaster,,,26,2025-12-07T06:00:09.000Z,583,12188.0,0.0478,strong_reject_short,2026-08-12T13:50:58.446867+07:00,248.04,758.69,188182,False,False,False,False,available,8,MEDIUM,EXCLUDE,,show_alias;official_channel;episode_number_missing;duration_too_short,apify_search,streamers/youtube-scraper,M5uwXGq8dZ92waEPT,https://www.youtube.com/watch?v=64Njw-cCJkg
ATSH,"Anh Trai ""Say Hi""",ATSH_2025,2025,completed,closed_season,,,,vBXDH2nltYY,https://www.youtube.com/watch?v=vBXDH2nltYY,Anh Trai Say Hi: Tuyển tập khoảnh khắc vui nhất #3 - Chuyến Tàu Định Mệnh của các Anh Trai,anh trai say hi tuyen tap khoanh khac vui nhat 3 chuyen tau dinh menh cua cac anh trai,UCzpv5GkSbYqkFdC_lOOi4aQ,VieShows,unknown,,,20,2026-03-17T12:00:07.000Z,10511,12188.0,0.8624,normal,2026-08-12T13:50:58.446867+07:00,147.79,485.86,71803,False,False,False,False,available,6,LOW,REVIEW,,show_alias;plausible_duration,apify_search,streamers/youtube-scraper,M5uwXGq8dZ92waEPT,https://www.youtube.com/watch?v=vBXDH2nltYY
ATSH,"Anh Trai ""Say Hi""",ATSH_2025,2025,completed,closed_season,1,,,fBsruxXXeTc,https://www.youtube.com/watch?v=fBsruxXXeTc,Tổng hợp UNCUT tập 1 Anh Trai Say Hi 2025 – Phần 1: Full màn Say Hi cực bá đạo của 30 Anh Trai,tong hop uncut tap 1 anh trai say hi 2025 phan 1 full man say hi cuc ba dao cua 30 anh trai,UC2Lgi2uPsOcCVF3imz7l2mg,Vie GIẢITRÍ,official_distribution_partner,,,1,2025-10-09T13:00:06.000Z,14415,12188.0,1.1827,normal,2026-08-12T13:50:58.446867+07:00,306.74,418.57,128395,False,False,False,False,available,-15,HIGH,EXCLUDE,uncut,hard_exclusion:uncut,apify_search,streamers/youtube-scraper,M5uwXGq8dZ92waEPT,https://www.youtube.com/watch?v=fBsruxXXeTc
ATSH,"Anh Trai ""Say Hi""",ATSH_2025,2025,completed,closed_season,,,,WeRZqP8TpJo,https://www.youtube.com/watch?v=WeRZqP8TpJo,"NGẤT NGÂY CON GÀ TÂY - Sơn.K, CONGB, BigDaddy, Mason Nguyễn | Anh Trai Say Hi 2025 [Livestage]",ngat ngay con ga tay son k congb bigdaddy mason nguyen anh trai say hi 2025 livestage,UCkna2OcuN1E6u5I8GVtdkOw,Vie Channel ,primary_broadcaster,,,28,2025-12-14T04:00:36.000Z,608,12188.0,0.0499,strong_reject_short,2026-08-12T13:50:58.446867+07:00,241.12,481.76,116160,False,False,False,False,available,8,MEDIUM,EXCLUDE,,show_alias;official_channel;episode_number_missing;duration_too_short,apify_search,streamers/youtube-scraper,M5uwXGq8dZ92waEPT,https://www.youtube.com/watch?v=WeRZqP8TpJo
ATSH,"Anh Trai ""Say Hi""",ATSH_2025,2025,completed,closed_season,,,,nxTzWhDwv_Y,https://www.youtube.com/watch?v=nxTzWhDwv_Y&list=RDnxTzWhDwv_Y&start_radio=1,"ALL EYES ON US - Official MV Theme Song | Anh Trai ""Say Hi"" 2025",all eyes on us official mv theme song anh trai say hi 2025,UC2fu6CiFfNYz5UFORvFyc0w,Vie Channel - MUSIC,unknown,,,31,2025-09-17T13:00:07.000Z,352,12188.0,0.0289,strong_reject_short,2026-08-12T13:50:58.446867+07:00,328.74,13867.42,4558827,False,False,False,False,available,-15,HIGH,EXCLUDE,official mv,hard_exclusion:official mv,apify_search,streamers/youtube-scraper,M5uwXGq8dZ92waEPT,https://www.youtube.com/watch?v=nxTzWhDwv_Y&list=RDnxTzWhDwv_Y&start_radio=1
ATSH,"Anh Trai ""Say Hi""",ATSH_2025,2025,completed,closed_season,6,,,BP236Tcs5mk,https://www.youtube.com/watch?v=BP236Tcs5mk,"Toàn cảnh tập nhảy SECRET: CONGB Cody Nam Võ đưa idea khiến biên đạo ""bó tay"" | Tinh Hà Say Hi Tập 6",toan canh tap nhay secret congb cody nam vo dua idea khien bien dao bo tay tinh ha say hi tap 6,UCDV0U41nnwOZyKMW4e7oExQ,VieSTARS,unknown,,,32,2026-08-11T05:00:15.000Z,1274,12188.0,0.1045,strong_reject_short,2026-08-12T13:50:58.446867+07:00,1.08,11739.34,12642,False,False,False,False,available,4,HIGH,EXCLUDE,,numbered_episode;show_alias_missing,apify_search,streamers/youtube-scraper,M5uwXGq8dZ92waEPT,https://www.youtube.com/watch?v=BP236Tcs5mk
ATSH,"Anh Trai ""Say Hi""",ATSH_2025,2025,completed,closed_season,1,,,HdMx4Fq-lxo,https://www.youtube.com/watch?v=HdMx4Fq-lxo,Anh Trai Say Hi 2025 - Tập 1: 6 Đội tranh tài căng thẳng cố giành Demo hoàn hảo,anh trai say hi 2025 tap 1 6 doi tranh tai cang thang co gianh demo hoan hao,UC2Lgi2uPsOcCVF3imz7l2mg,Vie GIẢITRÍ,official_distribution_partner,,,24,2025-09-21T05:00:31.000Z,1409,12188.0,0.1156,strong_reject_short,2026-08-12T13:50:58.446867+07:00,325.08,72.79,23661,True,False,False,False,available,12,HIGH,EXCLUDE,official_duplicate_logical_episode,show_alias;numbered_episode;official_channel;superseded_by_evidence_rank,apify_search,streamers/youtube-scraper,M5uwXGq8dZ92waEPT,https://www.youtube.com/watch?v=HdMx4Fq-lxo
ATSH,"Anh Trai ""Say Hi""",ATSH_2025,2025,completed,closed_season,,,,3ClIC-yT-Fc,https://www.youtube.com/watch?v=3ClIC-yT-Fc,NGƯỜI NHƯ ANH XỨNG ĐÁNG CÔ ĐƠN - Jey B Negav Vũ Cát Tường Ngô Kiến Huy Karik | Anh Trai Say Hi 2025,nguoi nhu anh xung dang co don jey b negav vu cat tuong ngo kien huy karik anh trai say hi 2025,UCkna2OcuN1E6u5I8GVtdkOw,Vie Channel ,primary_broadcaster,,,40,2025-09-28T02:00:08.000Z,1168,12188.0,0.0958,strong_reject_short,2026-08-12T13:50:58.446867+07:00,318.2,3074.0,978152,False,False,False,False,available,8,MEDIUM,EXCLUDE,,show_alias;official_channel;episode_number_missing;duration_too_short,apify_search,streamers/youtube-scraper,M5uwXGq8dZ92waEPT,https://www.youtube.com/watch?v=3ClIC-yT-Fc
ATSH,"Anh Trai ""Say Hi""",ATSH_2025,2025,completed,closed_season,,,,V35glHJioZ8,https://www.youtube.com/watch?v=V35glHJioZ8,ANH TRAI SAY HI 2025 CONCERT - DAY 1 RECAP: Nhìn lại những khoảnh khắc cháy hết mình của 30 Anh Trai,anh trai say hi 2025 concert day 1 recap nhin lai nhung khoanh khac chay het minh cua 30 anh trai,UCkna2OcuN1E6u5I8GVtdkOw,Vie Channel ,primary_broadcaster,,,48,2026-02-08T13:00:58.000Z,574,12188.0,0.0471,strong_reject_short,2026-08-12T13:50:58.446867+07:00,184.74,26.16,4833,False,False,False,False,available,-15,HIGH,EXCLUDE,recap,hard_exclusion:recap,apify_search,streamers/youtube-scraper,M5uwXGq8dZ92waEPT,https://www.youtube.com/watch?v=V35glHJioZ8
ATSH,"Anh Trai ""Say Hi""",ATSH_2025,2025,completed,closed_season,6,,,wF0JWdmgYPI,https://www.youtube.com/watch?v=wF0JWdmgYPI,"HIGHLIGHT TẬP 6: Quang Hùng MasterD Dương Domic bật mood Liên Quân Trưởng, màn kết hợp gây tranh cãi",highlight tap 6 quang hung masterd duong domic bat mood lien quan truong man ket hop gay tranh cai,UCkna2OcuN1E6u5I8GVtdkOw,Vie Channel ,primary_broadcaster,,,3,2026-08-05T13:00:06.000Z,1176,12188.0,0.0965,strong_reject_short,2026-08-12T13:50:58.446867+07:00,6.74,66033.11,445305,False,False,False,False,available,-15,HIGH,EXCLUDE,highlight,hard_exclusion:highlight,apify_search,streamers/youtube-scraper,M5uwXGq8dZ92waEPT,https://www.youtube.com/watch?v=wF0JWdmgYPI
ATSH,"Anh Trai ""Say Hi""",ATSH_2025,2025,completed,closed_season,,,,Pj2qb3E0SqY,https://www.youtube.com/watch?v=Pj2qb3E0SqY,"[Uncut] Ngô Kiến Huy Vũ Cát Tường song kiếm tạo miếng, Thái Ngân ""dính bẫy"" BigDaddy|Anh Trai Say Hi",uncut ngo kien huy vu cat tuong song kiem tao mieng thai ngan dinh bay bigdaddy anh trai say hi,UCkna2OcuN1E6u5I8GVtdkOw,Vie Channel ,primary_broadcaster,,,49,2025-10-06T13:19:00.000Z,1992,12188.0,0.1634,strong_reject_short,2026-08-12T13:50:58.446867+07:00,309.73,108.01,33453,False,False,False,False,available,-15,HIGH,EXCLUDE,uncut,hard_exclusion:uncut,apify_search,streamers/youtube-scraper,M5uwXGq8dZ92waEPT,https://www.youtube.com/watch?v=Pj2qb3E0SqY
ATSH,"Anh Trai ""Say Hi""",ATSH_2025,2025,completed,closed_season,,,,7PH4PalhtQs,https://www.youtube.com/watch?v=7PH4PalhtQs&list=RD7PH4PalhtQs&start_radio=1,"THOÁT RA KHỎI EM - RIO, Phúc Du, Thái Ngân, Jey B | Anh Trai ""Say Hi"" 2025 [Performance]",thoat ra khoi em rio phuc du thai ngan jey b anh trai say hi 2025 performance,UC2fu6CiFfNYz5UFORvFyc0w,Vie Channel - MUSIC,unknown,,,46,2025-10-19T02:00:07.000Z,292,12188.0,0.024,strong_reject_short,2026-08-12T13:50:58.446867+07:00,297.2,2976.11,884506,False,False,False,False,available,-15,HIGH,EXCLUDE,performance,hard_exclusion:performance,apify_search,streamers/youtube-scraper,M5uwXGq8dZ92waEPT,https://www.youtube.com/watch?v=7PH4PalhtQs&list=RD7PH4PalhtQs&start_radio=1
ATSH,"Anh Trai ""Say Hi""",ATSH_2025,2025,completed,closed_season,,,,0MmOHdJddyE,https://www.youtube.com/watch?v=0MmOHdJddyE&list=RD0MmOHdJddyE&start_radio=1,"SAY HI NEVER SAY GOODBYE - 30 Anh Trai | Anh Trai ""Say Hi"" Concert 2024",say hi never say goodbye 30 anh trai anh trai say hi concert 2024,UC2fu6CiFfNYz5UFORvFyc0w,Vie Channel - MUSIC,unknown,,,33,2024-10-19T19:53:54.000Z,294,12188.0,0.0241,strong_reject_short,2026-08-12T13:50:58.446867+07:00,661.46,10182.87,6735522,False,False,False,False,available,-15,HIGH,EXCLUDE,concert,hard_exclusion:concert,apify_search,streamers/youtube-scraper,M5uwXGq8dZ92waEPT,https://www.youtube.com/watch?v=0MmOHdJddyE&list=RD0MmOHdJddyE&start_radio=1
ATSH,"Anh Trai ""Say Hi""",ATSH_2025,2025,completed,closed_season,,,,x7FnxozM6CI,https://www.youtube.com/watch?v=x7FnxozM6CI&list=RDx7FnxozM6CI&start_radio=1,"ẢO ẢNH - Vũ Cát Tường, Ryn Lee, GILL | Anh Trai ""Say Hi"" 2025 [Performance]",ao anh vu cat tuong ryn lee gill anh trai say hi 2025 performance,UC2fu6CiFfNYz5UFORvFyc0w,Vie Channel - MUSIC,unknown,,,35,2025-10-19T03:00:07.000Z,297,12188.0,0.0244,strong_reject_short,2026-08-12T13:50:58.446867+07:00,297.16,7158.3,2127164,False,False,False,False,available,-15,HIGH,EXCLUDE,performance,hard_exclusion:performance,apify_search,streamers/youtube-scraper,M5uwXGq8dZ92waEPT,https://www.youtube.com/watch?v=x7FnxozM6CI&list=RDx7FnxozM6CI&start_radio=1
ATSH,"Anh Trai ""Say Hi""",ATSH_2025,2025,completed,closed_season,3,,,bVPfMsREl4g,https://www.youtube.com/watch?v=bVPfMsREl4g,"Anh Trai Say Hi - Tập 3: Đại chiến hồ bơi của quản gia Dương Lâm và 30 Anh Trai, lộ diện 8 demo mới",anh trai say hi tap 3 dai chien ho boi cua quan gia duong lam va 30 anh trai lo dien 8 demo moi,UCkna2OcuN1E6u5I8GVtdkOw,Vie Channel ,primary_broadcaster,,,1,2024-06-29T13:00:07.000Z,12251,12188.0,1.0052,normal,2026-08-12T13:50:58.446867+07:00,773.74,23749.13,18375739,True,True,False,False,available,14,HIGH,INCLUDE,,show_alias;numbered_episode;official_channel;plausible_duration,apify_search,streamers/youtube-scraper,M5uwXGq8dZ92waEPT,https://www.youtube.com/watch?v=bVPfMsREl4g
ATSH,"Anh Trai ""Say Hi""",ATSH_2025,2025,completed,closed_season,,,,ASwhjmbXvDY,https://www.youtube.com/watch?v=ASwhjmbXvDY,CHILL GUYS NGON ZAI - Liên Quân 1 gây bão với phong cách cực chất |Anh Trai Say Hi 2025 [Live Stage],chill guys ngon zai lien quan 1 gay bao voi phong cach cuc chat anh trai say hi 2025 live stage,UCkna2OcuN1E6u5I8GVtdkOw,Vie Channel ,primary_broadcaster,,,41,2025-09-21T02:00:09.000Z,703,12188.0,0.0577,strong_reject_short,2026-08-12T13:50:58.446867+07:00,325.2,1741.64,566384,False,False,False,False,available,8,MEDIUM,EXCLUDE,,show_alias;official_channel;episode_number_missing;duration_too_short,apify_search,streamers/youtube-scraper,M5uwXGq8dZ92waEPT,https://www.youtube.com/watch?v=ASwhjmbXvDY
ATSH,"Anh Trai ""Say Hi""",ATSH_2025,2025,completed,closed_season,,,,Cr5HV-cY9Z0,https://www.youtube.com/watch?v=Cr5HV-cY9Z0,"UNCUT: Cận cảnh cuộc chiến cực căng SONG LUÂN WEAN, tiết lộ lý do HURRYKNG đi trốn | Tinh Hà Say Hi",uncut can canh cuoc chien cuc cang song luan wean tiet lo ly do hurrykng di tron tinh ha say hi,UCkna2OcuN1E6u5I8GVtdkOw,Vie Channel ,primary_broadcaster,,,50,2026-08-10T05:15:05.000Z,1615,12188.0,0.1325,strong_reject_short,2026-08-12T13:50:58.446867+07:00,2.07,14606.18,30185,False,False,False,False,available,-15,HIGH,EXCLUDE,uncut,hard_exclusion:uncut,apify_search,streamers/youtube-scraper,M5uwXGq8dZ92waEPT,https://www.youtube.com/watch?v=Cr5HV-cY9Z0
ATSH,"Anh Trai ""Say Hi""",ATSH_2025,2025,completed,closed_season,,,,H0t99yQWJeA,https://www.youtube.com/watch?v=H0t99yQWJeA&list=RDH0t99yQWJeA&start_radio=1,"NGẤT NGÂY CON GÀ TÂY - Anh Trai Say Hi 2025 Concert - Sơn.K, CONGB, BigDaddy, Mason Nguyễn",ngat ngay con ga tay anh trai say hi 2025 concert son k congb bigdaddy mason nguyen,UCkna2OcuN1E6u5I8GVtdkOw,Vie Channel ,primary_broadcaster,,,34,2026-03-16T16:30:06.000Z,449,12188.0,0.0368,strong_reject_short,2026-08-12T13:50:58.446867+07:00,148.6,424.62,63097,False,False,False,False,available,-15,HIGH,EXCLUDE,concert,hard_exclusion:concert,apify_search,streamers/youtube-scraper,M5uwXGq8dZ92waEPT,https://www.youtube.com/watch?v=H0t99yQWJeA&list=RDH0t99yQWJeA&start_radio=1
ATSH,"Anh Trai ""Say Hi""",ATSH_2025,2025,completed,closed_season,,,,sH9fdyS8Oxw,https://www.youtube.com/watch?v=sH9fdyS8Oxw,"Nghi vấn CAPTAIN BOY cài người nhà, ĐỘI VÔ ĐỊNH ""xin vía"" TOP 1, buitruonglinh HYO tranh giải Oscars",nghi van captain boy cai nguoi nha doi vo dinh xin via top 1 buitruonglinh hyo tranh giai oscars,UCkna2OcuN1E6u5I8GVtdkOw,Vie Channel ,primary_broadcaster,,,45,2026-08-07T04:20:39.000Z,1407,12188.0,0.1154,strong_reject_short,2026-08-12T13:50:58.446867+07:00,5.1,18089.91,92338,False,False,False,False,available,4,HIGH,EXCLUDE,,official_channel;show_alias_missing,apify_search,streamers/youtube-scraper,M5uwXGq8dZ92waEPT,https://www.youtube.com/watch?v=sH9fdyS8Oxw
ATSH,"Anh Trai ""Say Hi""",ATSH_2025,2025,completed,closed_season,,,,5y_35sqk-iU,https://www.youtube.com/watch?v=5y_35sqk-iU&list=RD5y_35sqk-iU&start_radio=1,"AI YÊU ANH NHẤT - B Ray, NEGAV, GILL, Vương Bình | Anh Trai Say Hi 2025 [Livestage]",ai yeu anh nhat b ray negav gill vuong binh anh trai say hi 2025 livestage,UCkna2OcuN1E6u5I8GVtdkOw,Vie Channel ,primary_broadcaster,,,47,2025-12-14T06:00:12.000Z,494,12188.0,0.0405,strong_reject_short,2026-08-12T13:50:58.446867+07:00,241.04,102.86,24792,False,False,False,False,available,8,MEDIUM,EXCLUDE,,show_alias;official_channel;episode_number_missing;duration_too_short,apify_search,streamers/youtube-scraper,M5uwXGq8dZ92waEPT,https://www.youtube.com/watch?v=5y_35sqk-iU&list=RD5y_35sqk-iU&start_radio=1
ATSH,"Anh Trai ""Say Hi""",ATSH_2025,2025,completed,closed_season,1,,,tqxAaVe8KH0,https://www.youtube.com/watch?v=tqxAaVe8KH0,"Tinh Hà ""Say Hi"" Teaser Trailer | TẬP 1 CHÍNH THỨC PHÁT SÓNG: 20H00 I THỨ BẢY 04.07.2026",tinh ha say hi teaser trailer tap 1 chinh thuc phat song 20h00 i thu bay 04 07 2026,UCkna2OcuN1E6u5I8GVtdkOw,Vie Channel ,primary_broadcaster,,,38,2026-06-24T12:00:33.000Z,68,12188.0,0.0056,strong_reject_short,2026-08-12T13:50:58.446867+07:00,48.79,6188.64,301913,False,False,False,False,available,-15,HIGH,EXCLUDE,trailer,hard_exclusion:trailer,apify_search,streamers/youtube-scraper,M5uwXGq8dZ92waEPT,https://www.youtube.com/watch?v=tqxAaVe8KH0
ATSH,"Anh Trai ""Say Hi""",ATSH_2025,2025,completed,closed_season,,,,eUEJe8EFe64,https://www.youtube.com/watch?v=eUEJe8EFe64,"UNCUT: TOP tiêu chí TONGTAI Quang Hùng MasterD ""tuyển nhân sự"" Game Thể Lực | Tinh Hà Say Hi",uncut top tieu chi tongtai quang hung masterd tuyen nhan su game the luc tinh ha say hi,UCkna2OcuN1E6u5I8GVtdkOw,Vie Channel ,primary_broadcaster,,,43,2026-08-07T05:20:31.000Z,1496,12188.0,0.1227,strong_reject_short,2026-08-12T13:50:58.446867+07:00,5.06,10163.51,51456,False,False,False,False,available,-15,HIGH,EXCLUDE,uncut,hard_exclusion:uncut,apify_search,streamers/youtube-scraper,M5uwXGq8dZ92waEPT,https://www.youtube.com/watch?v=eUEJe8EFe64
ATSH,"Anh Trai ""Say Hi""",ATSH_2025,2025,completed,closed_season,,,,YQRk6iDykHw,https://www.youtube.com/watch?v=YQRk6iDykHw,"[Uncut] Full màn ""Say Hi"" của dàn Anh Trai, BigDaddy cố vị, BUITRUONGLINH GILL Sơn.K,... show skill",uncut full man say hi cua dan anh trai bigdaddy co vi buitruonglinh gill son k show skill,UCkna2OcuN1E6u5I8GVtdkOw,Vie Channel ,primary_broadcaster,,,21,2025-10-02T13:01:08.000Z,7310,12188.0,0.5998,review_short,2026-08-12T13:50:58.446867+07:00,313.74,372.9,116995,False,False,False,False,available,-15,HIGH,EXCLUDE,uncut,hard_exclusion:uncut,apify_search,streamers/youtube-scraper,M5uwXGq8dZ92waEPT,https://www.youtube.com/watch?v=YQRk6iDykHw
ATSH,"Anh Trai ""Say Hi""",ATSH_2025,2025,completed,closed_season,,,,GeCKwuK5W4s,https://www.youtube.com/watch?v=GeCKwuK5W4s,Anh Trai Say Hi: Tuyển tập khoảnh khắc vui nhất #4 - Đại chiến bể bơi của 30 Anh Trai,anh trai say hi tuyen tap khoanh khac vui nhat 4 dai chien be boi cua 30 anh trai,UCzpv5GkSbYqkFdC_lOOi4aQ,VieShows,unknown,,,42,2026-03-18T04:00:06.000Z,7367,12188.0,0.6044,normal,2026-08-12T13:50:58.446867+07:00,147.12,1246.27,183350,False,False,False,False,available,6,LOW,REVIEW,,show_alias;plausible_duration,apify_search,streamers/youtube-scraper,M5uwXGq8dZ92waEPT,https://www.youtube.com/watch?v=GeCKwuK5W4s
ATSH,"Anh Trai ""Say Hi""",ATSH_2025,2025,completed,closed_season,1,,,4d_Uctu_wWI,https://www.youtube.com/watch?v=4d_Uctu_wWI,"Anh Trai Say Hi - Tập 1: Cú ""knock out"" bất ngờ sẽ là BẢNH team ATUS hay I.C.O.N team ISAAC?",anh trai say hi tap 1 cu knock out bat ngo se la banh team atus hay i c o n team isaac,UCkna2OcuN1E6u5I8GVtdkOw,Vie Channel ,primary_broadcaster,,,37,2024-06-15T13:00:06.000Z,12568,12188.0,1.0312,normal,2026-08-12T13:50:58.446867+07:00,787.74,27817.51,21913071,True,True,False,False,available,14,HIGH,INCLUDE,,show_alias;numbered_episode;official_channel;plausible_duration,apify_search,streamers/youtube-scraper,M5uwXGq8dZ92waEPT,https://www.youtube.com/watch?v=4d_Uctu_wWI
ATSH,"Anh Trai ""Say Hi""",ATSH_2025,2025,completed,closed_season,,,,TPsm1y7A07c,https://www.youtube.com/watch?v=TPsm1y7A07c,CHỜ ANH VỀ - B Ray x AMEE x MASEW màn collab vô cùng ấn tượng | Anh Trai Say Hi 2025 [Livestage],cho anh ve b ray x amee x masew man collab vo cung an tuong anh trai say hi 2025 livestage,UCkna2OcuN1E6u5I8GVtdkOw,Vie Channel ,primary_broadcaster,,,30,2025-12-07T04:00:35.000Z,1091,12188.0,0.0895,strong_reject_short,2026-08-12T13:50:58.446867+07:00,248.12,6933.05,1720218,False,False,False,False,available,8,MEDIUM,EXCLUDE,,show_alias;official_channel;episode_number_missing;duration_too_short,apify_search,streamers/youtube-scraper,M5uwXGq8dZ92waEPT,https://www.youtube.com/watch?v=TPsm1y7A07c
ATSH,"Anh Trai ""Say Hi""",ATSH_2025,2025,completed,closed_season,8,,,XMXtFmrySgQ,https://www.youtube.com/watch?v=XMXtFmrySgQ,"Anh Trai Say Hi Tập 8: Team Rhyder - Anh Tú bùng nổ, cú lội ngược dòng từ vòng Dance Battle nảy lửa",anh trai say hi tap 8 team rhyder anh tu bung no cu loi nguoc dong tu vong dance battle nay lua,UCkna2OcuN1E6u5I8GVtdkOw,Vie Channel ,primary_broadcaster,,,2,2024-08-10T13:00:06.000Z,12639,12188.0,1.037,normal,2026-08-12T13:50:58.446867+07:00,731.74,19031.63,13926274,True,True,False,False,available,14,HIGH,INCLUDE,,show_alias;numbered_episode;official_channel;plausible_duration,apify_search,streamers/youtube-scraper,M5uwXGq8dZ92waEPT,https://www.youtube.com/watch?v=XMXtFmrySgQ
ATSH,"Anh Trai ""Say Hi""",ATSH_2025,2025,completed,closed_season,,,,Szg0NmaAZqE,https://www.youtube.com/watch?v=Szg0NmaAZqE,"[Uncut] Full màn trải lòng đầy cảm xúc của 30 Anh Trai, những chia sẻ thầm kín lần đầu được tiết lộ",uncut full man trai long day cam xuc cua 30 anh trai nhung chia se tham kin lan dau duoc tiet lo,UCkna2OcuN1E6u5I8GVtdkOw,Vie Channel ,primary_broadcaster,,,3,2025-10-08T05:32:06.000Z,6230,12188.0,0.5112,review_short,2026-08-12T13:50:58.446867+07:00,308.05,375.02,115528,False,False,False,False,available,-15,HIGH,EXCLUDE,uncut,hard_exclusion:uncut,apify_search,streamers/youtube-scraper,M5uwXGq8dZ92waEPT,https://www.youtube.com/watch?v=Szg0NmaAZqE
ATSH,"Anh Trai ""Say Hi""",ATSH_2025,2025,completed,closed_season,13,,,tWnkq9zIK7A,https://www.youtube.com/watch?v=tWnkq9zIK7A,"[BTS Tập 13] HERMOSA siêu lò vi sóng, các Anh Trai cùng nhau quẩy tại Solo Stage | ATSH 2025",bts tap 13 hermosa sieu lo vi song cac anh trai cung nhau quay tai solo stage atsh 2025,UC2Lgi2uPsOcCVF3imz7l2mg,Vie GIẢITRÍ,official_distribution_partner,,,1,2025-12-07T11:01:45.000Z,522,12188.0,0.0428,strong_reject_short,2026-08-12T13:50:58.446867+07:00,247.83,66.57,16499,False,False,False,False,available,-15,HIGH,EXCLUDE,bts,hard_exclusion:bts,apify_search,streamers/youtube-scraper,M5uwXGq8dZ92waEPT,https://www.youtube.com/watch?v=tWnkq9zIK7A
ATSH,"Anh Trai ""Say Hi""",ATSH_2025,2025,completed,closed_season,8,,,UMTDNjOL2KM,https://www.youtube.com/watch?v=UMTDNjOL2KM,"Say Hi Rực Rỡ - Tập 8: Hội anh trai hoang mang với thước phim tự quay, hé lộ đêm trao giải đặc biệt",say hi ruc ro tap 8 hoi anh trai hoang mang voi thuoc phim tu quay he lo dem trao giai dac biet,UCFMEYTv6N64hIL9FlQ_hxBw,ĐÔNG TÂY PROMOTION OFFICIAL,primary_producer,,,3,2026-07-26T13:00:07.000Z,6684,12188.0,0.5484,review_short,2026-08-12T13:50:58.446867+07:00,16.74,36284.62,607537,False,False,False,False,available,10,HIGH,EXCLUDE,,numbered_episode;official_channel;plausible_duration;show_alias_missing,apify_search,streamers/youtube-scraper,M5uwXGq8dZ92waEPT,https://www.youtube.com/watch?v=UMTDNjOL2KM
ATSH,"Anh Trai ""Say Hi""",ATSH_2025,2025,completed,closed_season,14,,,VZrf5Ks9Ixo,https://www.youtube.com/watch?v=VZrf5Ks9Ixo,"HIGHLIGHT TẬP 14: B Ray Karik làm nhạc ""socola kẹo mút"", Robber quyết hơn thua, team Sơn.K ngất ngây",highlight tap 14 b ray karik lam nhac socola keo mut robber quyet hon thua team son k ngat ngay,UCkna2OcuN1E6u5I8GVtdkOw,Vie Channel ,primary_broadcaster,,,1,2025-12-12T13:00:44.000Z,1535,12188.0,0.1259,strong_reject_short,2026-08-12T13:50:58.446867+07:00,242.74,412.84,100214,False,False,False,False,available,-15,HIGH,EXCLUDE,highlight,hard_exclusion:highlight,apify_search,streamers/youtube-scraper,M5uwXGq8dZ92waEPT,https://www.youtube.com/watch?v=VZrf5Ks9Ixo
ATSH,"Anh Trai ""Say Hi""",ATSH_2025,2025,completed,closed_season,13,,,sTUMLAuZKc4,https://www.youtube.com/watch?v=sTUMLAuZKc4,"[TIẾT LỘ TẬP 13] Team Chạm ""HỘI NGỘ"", JSOL đến ủng hộ “em trai”",tiet lo tap 13 team cham hoi ngo jsol den ung ho em trai,UCBVSuk_f8ZCPIQ_KwXEGWFw,VieTalents,unknown,,,3,2025-12-06T02:01:05.000Z,2455,12188.0,0.2014,strong_reject_short,2026-08-12T13:50:58.446867+07:00,249.2,55.85,13918,False,False,False,False,available,6,HIGH,EXCLUDE,,numbered_episode;plausible_duration;show_alias_missing,apify_search,streamers/youtube-scraper,M5uwXGq8dZ92waEPT,https://www.youtube.com/watch?v=sTUMLAuZKc4
ATSH,"Anh Trai ""Say Hi""",ATSH_2025,2025,completed,closed_season,,,,nU9pgOM-_7s,https://www.youtube.com/watch?v=nU9pgOM-_7s,"Anh Trai Say Hi: Tuyển tập khoảnh khắc vui nhất #14 - Ngô Kiến Huy vào vai boy phố, Karik bị tố cáo",anh trai say hi tuyen tap khoanh khac vui nhat 14 ngo kien huy vao vai boy pho karik bi to cao,UCzpv5GkSbYqkFdC_lOOi4aQ,VieShows,unknown,,,2,2026-04-01T12:30:06.000Z,3843,12188.0,0.3153,strong_reject_short,2026-08-12T13:50:58.446867+07:00,132.76,160.21,21270,False,False,False,False,available,6,LOW,REVIEW,,show_alias;plausible_duration,apify_search,streamers/youtube-scraper,M5uwXGq8dZ92waEPT,https://www.youtube.com/watch?v=nU9pgOM-_7s
ATSH,"Anh Trai ""Say Hi""",ATSH_2025,2025,completed,closed_season,,,,gYu-XroEElw,https://www.youtube.com/watch?v=gYu-XroEElw,"WALK - HIEUTHUHAI, Negav, HURRYKNG, Pháp Kiều, ISAAC khuấy đảo đêm Chung Kết Anh Trai Say Hi 2025",walk hieuthuhai negav hurrykng phap kieu isaac khuay dao dem chung ket anh trai say hi 2025,UCGqQeQ4wSCSCKbtxzG5qzlw,VieBeauty,unknown,,,4,2025-12-14T11:28:54.000Z,897,12188.0,0.0736,strong_reject_short,2026-08-12T13:50:58.446867+07:00,240.81,432.88,104240,False,False,False,False,available,4,MEDIUM,EXCLUDE,,show_alias;episode_number_missing;duration_too_short,apify_search,streamers/youtube-scraper,M5uwXGq8dZ92waEPT,https://www.youtube.com/watch?v=gYu-XroEElw
ATSH,"Anh Trai ""Say Hi""",ATSH_2025,2025,completed,closed_season,11,,,xIBKUvuO5Fk,https://www.youtube.com/watch?v=xIBKUvuO5Fk,"Anh Trai Say Hi Tập 11: Team HURRYKNG - Atus tạo bất ngờ lớn, hé lộ dàn anh trai góp mặt chung kết",anh trai say hi tap 11 team hurrykng atus tao bat ngo lon he lo dan anh trai gop mat chung ket,UC2Lgi2uPsOcCVF3imz7l2mg,Vie GIẢITRÍ,official_distribution_partner,,,2,2024-08-24T13:00:08.000Z,17319,12188.0,1.421,normal,2026-08-12T13:50:58.446867+07:00,717.74,25247.05,18120906,True,False,False,False,available,14,HIGH,EXCLUDE,official_duplicate_logical_episode,show_alias;numbered_episode;official_channel;plausible_duration;superseded_by_evidence_rank,apify_search,streamers/youtube-scraper,M5uwXGq8dZ92waEPT,https://www.youtube.com/watch?v=xIBKUvuO5Fk
ATSH,"Anh Trai ""Say Hi""",ATSH_2025,2025,completed,closed_season,4,,,o3kMC5RE1cc,https://www.youtube.com/watch?v=o3kMC5RE1cc,"( Reaction ) Tập 4 - Anh Trai ""Say Hi"" 2025 | LIVESTAGE 2, TEAM BRAY DIỄN TIẾT MỤC CHUNG KẾT SỚM !!!",reaction tap 4 anh trai say hi 2025 livestage 2 team bray dien tiet muc chung ket som,UCePQWJZegisuUJDY3Uz5Iag,DMax,unknown,,,1,2025-10-13T14:20:06.000Z,2730,12188.0,0.224,strong_reject_short,2026-08-12T13:50:58.446867+07:00,302.69,333.71,101011,False,False,False,False,available,-15,HIGH,EXCLUDE,reaction,hard_exclusion:reaction,apify_search,streamers/youtube-scraper,M5uwXGq8dZ92waEPT,https://www.youtube.com/watch?v=o3kMC5RE1cc
ATSH,"Anh Trai ""Say Hi""",ATSH_2025,2025,completed,closed_season,,,,hoXkEDe4Rew,https://www.youtube.com/watch?v=hoXkEDe4Rew&list=RDhoXkEDe4Rew&start_radio=1,Playlist FULL 10 Tiết Mục Livstage 4 Anh Trai Say Hi - 25 Anh Trai tỏa sáng như thể đêm chung kết,playlist full 10 tiet muc livstage 4 anh trai say hi 25 anh trai toa sang nhu the dem chung ket,UCzpv5GkSbYqkFdC_lOOi4aQ,VieShows,unknown,,,3,2025-11-24T13:45:06.000Z,2686,12188.0,0.2204,strong_reject_short,2026-08-12T13:50:58.446867+07:00,260.71,149.25,38911,False,False,False,False,available,6,LOW,REVIEW,,show_alias;plausible_duration,apify_search,streamers/youtube-scraper,M5uwXGq8dZ92waEPT,https://www.youtube.com/watch?v=hoXkEDe4Rew&list=RDhoXkEDe4Rew&start_radio=1
ATSH,"Anh Trai ""Say Hi""",ATSH_2025,2025,completed,closed_season,13,,,e6EPRUnbogw,https://www.youtube.com/watch?v=e6EPRUnbogw,"Anh Trai Say Hi 2025-Tập 13: Sự trở về nguyên bản gây bão, dàn Anh Trai “lên sàn” thổi tung sân khấu",anh trai say hi 2025 tap 13 su tro ve nguyen ban gay bao dan anh trai len san thoi tung san khau,UCkna2OcuN1E6u5I8GVtdkOw,Vie Channel ,primary_broadcaster,,,0,2025-12-06T12:30:11.000Z,12125,12188.0,0.9948,normal,2026-08-12T13:50:58.446867+07:00,248.76,12670.56,3151985,True,True,False,False,available,14,HIGH,INCLUDE,,show_alias;numbered_episode;official_channel;plausible_duration,apify_search,streamers/youtube-scraper,M5uwXGq8dZ92waEPT,https://www.youtube.com/watch?v=e6EPRUnbogw
ATSH,"Anh Trai ""Say Hi""",ATSH_2025,2025,completed,closed_season,11,,,vIxVFg38U-g,https://www.youtube.com/watch?v=vIxVFg38U-g,"Tập 11: OgeNus ý định giật giải KHÓC XẤU của BigDaddy, Bùi Duy Ngọc xuất hiện | Anh Trai Say Hi 2025",tap 11 ogenus y dinh giat giai khoc xau cua bigdaddy bui duy ngoc xuat hien anh trai say hi 2025,UC2Lgi2uPsOcCVF3imz7l2mg,Vie GIẢITRÍ,official_distribution_partner,,,1,2025-11-22T07:01:22.000Z,734,12188.0,0.0602,strong_reject_short,2026-08-12T13:50:58.446867+07:00,262.99,50.92,13392,True,False,False,False,available,12,HIGH,EXCLUDE,official_duplicate_logical_episode,show_alias;numbered_episode;official_channel;superseded_by_evidence_rank,apify_search,streamers/youtube-scraper,M5uwXGq8dZ92waEPT,https://www.youtube.com/watch?v=vIxVFg38U-g
ATSH,"Anh Trai ""Say Hi""",ATSH_2025,2025,completed,closed_season,9,,,QJx96CYpJNU,https://www.youtube.com/watch?v=QJx96CYpJNU,"Anh Trai Say Hi Tập 9: Hội anh em - hội kịch liên tục hội ngộ, vô số anh trai đánh mất nụ hôn đầu",anh trai say hi tap 9 hoi anh em hoi kich lien tuc hoi ngo vo so anh trai danh mat nu hon dau,UC2Lgi2uPsOcCVF3imz7l2mg,Vie GIẢITRÍ,official_distribution_partner,,,1,2024-08-17T13:00:08.000Z,15596,12188.0,1.2796,normal,2026-08-12T13:50:58.446867+07:00,724.74,22576.64,16362275,True,False,False,False,available,14,HIGH,EXCLUDE,official_duplicate_logical_episode,show_alias;numbered_episode;official_channel;plausible_duration;superseded_by_evidence_rank,apify_search,streamers/youtube-scraper,M5uwXGq8dZ92waEPT,https://www.youtube.com/watch?v=QJx96CYpJNU
ATSH,"Anh Trai ""Say Hi""",ATSH_2025,2025,completed,closed_season,9,,,ReC2ZGbo7n4,https://www.youtube.com/watch?v=ReC2ZGbo7n4,"HIGHLIGHT TẬP 9: Lộ diện 2 ""thủ lĩnh mới"", B Ray Robber ""lặng người"" với 2H mất ngủ cùng Jaysonlei",highlight tap 9 lo dien 2 thu linh moi b ray robber lang nguoi voi 2h mat ngu cung jaysonlei,UCkna2OcuN1E6u5I8GVtdkOw,Vie Channel ,primary_broadcaster,,,4,2025-11-12T13:00:55.000Z,1322,12188.0,0.1085,strong_reject_short,2026-08-12T13:50:58.446867+07:00,272.74,1482.19,404256,False,False,False,False,available,-15,HIGH,EXCLUDE,highlight,hard_exclusion:highlight,apify_search,streamers/youtube-scraper,M5uwXGq8dZ92waEPT,https://www.youtube.com/watch?v=ReC2ZGbo7n4
ATSH,"Anh Trai ""Say Hi""",ATSH_2025,2025,completed,closed_season,12,,,hayn8WRniy0,https://www.youtube.com/watch?v=hayn8WRniy0,"Anh Trai Say Hi Tập 12: Dàn anh trai bung hết skill, chơi hết sức với 8 màn solo đêm CHUNG KẾT 1",anh trai say hi tap 12 dan anh trai bung het skill choi het suc voi 8 man solo dem chung ket 1,UCkna2OcuN1E6u5I8GVtdkOw,Vie Channel ,primary_broadcaster,,,1,2024-08-31T13:00:08.000Z,9143,12188.0,0.7502,normal,2026-08-12T13:50:58.446867+07:00,710.74,13682.27,9724585,True,True,False,False,available,14,HIGH,INCLUDE,,show_alias;numbered_episode;official_channel;plausible_duration,apify_search,streamers/youtube-scraper,M5uwXGq8dZ92waEPT,https://www.youtube.com/watch?v=hayn8WRniy0
ATSH,"Anh Trai ""Say Hi""",ATSH_2025,2025,completed,closed_season,,,,Aqs13OxE9rs,https://www.youtube.com/watch?v=Aqs13OxE9rs,"[Uncut] B Ray Robber rủ Thái Ngân giữ chuỗi đi thi, Ngô Kiến Huy khiếu nại miếng nội bộ của CONGB",uncut b ray robber ru thai ngan giu chuoi di thi ngo kien huy khieu nai mieng noi bo cua congb,UCkna2OcuN1E6u5I8GVtdkOw,Vie Channel ,primary_broadcaster,,,3,2025-12-05T05:05:16.000Z,8163,12188.0,0.6698,normal,2026-08-12T13:50:58.446867+07:00,250.07,295.59,73920,False,False,False,False,available,-15,HIGH,EXCLUDE,uncut,hard_exclusion:uncut,apify_search,streamers/youtube-scraper,M5uwXGq8dZ92waEPT,https://www.youtube.com/watch?v=Aqs13OxE9rs
ATSH,"Anh Trai ""Say Hi""",ATSH_2025,2025,completed,closed_season,12,,,bk-lKnwLztc,https://www.youtube.com/watch?v=bk-lKnwLztc,Anh Trai Say Hi 2025-Tập 12: Thăng hoa cảm xúc với loạt tiết mục solo bùng nổ mang đậm màu sắc riêng,anh trai say hi 2025 tap 12 thang hoa cam xuc voi loat tiet muc solo bung no mang dam mau sac rieng,UCkna2OcuN1E6u5I8GVtdkOw,Vie Channel ,primary_broadcaster,,,0,2025-11-29T12:30:11.000Z,11225,12188.0,0.921,normal,2026-08-12T13:50:58.446867+07:00,255.76,13736.86,3513400,True,False,False,False,available,14,HIGH,EXCLUDE,official_duplicate_logical_episode,show_alias;numbered_episode;official_channel;plausible_duration;superseded_by_evidence_rank,apify_search,streamers/youtube-scraper,M5uwXGq8dZ92waEPT,https://www.youtube.com/watch?v=bk-lKnwLztc
ATSH,"Anh Trai ""Say Hi""",ATSH_2025,2025,completed,closed_season,10,,,_5-4wH4aiLU,https://www.youtube.com/watch?v=_5-4wH4aiLU,"[BTS TẬP 10] Karik, B Ray ""này nọ"" với CONGB, Ngô Kiến Huy bị vạ lây vì chung team | ATSH 2025",bts tap 10 karik b ray nay no voi congb ngo kien huy bi va lay vi chung team atsh 2025,UC2Lgi2uPsOcCVF3imz7l2mg,Vie GIẢITRÍ,official_distribution_partner,,,1,2025-11-19T03:59:47.000Z,754,12188.0,0.0619,strong_reject_short,2026-08-12T13:50:58.446867+07:00,266.12,157.59,41937,False,False,False,False,available,-15,HIGH,EXCLUDE,bts,hard_exclusion:bts,apify_search,streamers/youtube-scraper,M5uwXGq8dZ92waEPT,https://www.youtube.com/watch?v=_5-4wH4aiLU
ATSH,"Anh Trai ""Say Hi""",ATSH_2025,2025,completed,closed_season,5,,,kr4xj89HwiI,https://www.youtube.com/watch?v=kr4xj89HwiI,"GAME VÀO PHÒNG: Song Luân WEAN căng sức, Wren Evans bất bình dùm Pháp Kiều | Tinh Hà Say Hi Tập 5",game vao phong song luan wean cang suc wren evans bat binh dum phap kieu tinh ha say hi tap 5,UCDV0U41nnwOZyKMW4e7oExQ,VieSTARS,unknown,,,3,2026-08-03T12:00:06.000Z,3458,12188.0,0.2837,strong_reject_short,2026-08-12T13:50:58.446867+07:00,8.79,17457.74,153372,False,False,False,False,available,6,HIGH,EXCLUDE,,numbered_episode;plausible_duration;show_alias_missing,apify_search,streamers/youtube-scraper,M5uwXGq8dZ92waEPT,https://www.youtube.com/watch?v=kr4xj89HwiI
ATSH,"Anh Trai ""Say Hi""",ATSH_2025,2025,completed,closed_season,10,,,H0M2a_ZngVA,https://www.youtube.com/watch?v=H0M2a_ZngVA,Tổng hợp quảng cáo Anh Trai Say Hi 2025 tập 10 trên HTV2 Vie Channel và ON Vie Giải Trí (16/11/2025),tong hop quang cao anh trai say hi 2025 tap 10 tren htv2 vie channel va on vie giai tri 16 11 2025,UCWymij6IyhwzdgoCH7kNJ2A,Thập cẩm quảng cáo,unknown,,,4,2025-11-17T03:15:26.000Z,2593,12188.0,0.2128,strong_reject_short,2026-08-12T13:50:58.446867+07:00,268.15,2.27,610,False,False,False,False,available,10,LOW,REVIEW,,show_alias;numbered_episode;plausible_duration;source_authority_unverified,apify_search,streamers/youtube-scraper,M5uwXGq8dZ92waEPT,https://www.youtube.com/watch?v=H0M2a_ZngVA
ATSH,"Anh Trai ""Say Hi""",ATSH_2025,2025,completed,closed_season,5,,,-jba7xVTqVA,https://www.youtube.com/watch?v=-jba7xVTqVA,[UNCUT TẬP 5] Cận cảnh biểu cảm của các Anh Trai khi biết top 6 bị loại | Anh Trai Say Hi 2025,uncut tap 5 can canh bieu cam cua cac anh trai khi biet top 6 bi loai anh trai say hi 2025,UC2Lgi2uPsOcCVF3imz7l2mg,Vie GIẢITRÍ,official_distribution_partner,,,1,2025-10-22T11:00:01.000Z,8560,12188.0,0.7023,normal,2026-08-12T13:50:58.446867+07:00,293.83,46.66,13710,False,False,False,False,available,-15,HIGH,EXCLUDE,uncut,hard_exclusion:uncut,apify_search,streamers/youtube-scraper,M5uwXGq8dZ92waEPT,https://www.youtube.com/watch?v=-jba7xVTqVA
ATSH,"Anh Trai ""Say Hi""",ATSH_2025,2025,completed,closed_season,2,,,9oe2Hk0vTxE,https://www.youtube.com/watch?v=9oe2Hk0vTxE,"TINH HÀ SAY HI TẬP 2: 24 Anh Trai nâng cấp cuộc chiến, tranh đấu với 6 set quay Performance Video",tinh ha say hi tap 2 24 anh trai nang cap cuoc chien tranh dau voi 6 set quay performance video,UCkna2OcuN1E6u5I8GVtdkOw,Vie Channel ,primary_broadcaster,,,4,2026-07-11T13:00:06.000Z,15128,12188.0,1.2412,normal,2026-08-12T13:50:58.446867+07:00,31.74,153449.84,4871060,False,False,False,False,available,-15,HIGH,EXCLUDE,performance,hard_exclusion:performance,apify_search,streamers/youtube-scraper,M5uwXGq8dZ92waEPT,https://www.youtube.com/watch?v=9oe2Hk0vTxE
ATSH,"Anh Trai ""Say Hi""",ATSH_2025,2025,completed,closed_season,10,,,u76BOoh4Ga8,https://www.youtube.com/watch?v=u76BOoh4Ga8,Anh Trai Say Hi Tập 10: Đắm chìm cùng loạt tiết mục đẳng cấp tại Tứ Kết với mọi cung bậc cảm xúc,anh trai say hi tap 10 dam chim cung loat tiet muc dang cap tai tu ket voi moi cung bac cam xuc,UC2Lgi2uPsOcCVF3imz7l2mg,Vie GIẢITRÍ,official_distribution_partner,,,3,2024-08-18T13:00:08.000Z,10987,12188.0,0.9015,normal,2026-08-12T13:50:58.446867+07:00,723.74,17047.24,12337828,True,False,False,False,available,14,HIGH,EXCLUDE,official_duplicate_logical_episode,show_alias;numbered_episode;official_channel;plausible_duration;superseded_by_evidence_rank,apify_search,streamers/youtube-scraper,M5uwXGq8dZ92waEPT,https://www.youtube.com/watch?v=u76BOoh4Ga8
ATSH,"Anh Trai ""Say Hi""",ATSH_2025,2025,completed,closed_season,14,,,_Fq2eGjRnmo,https://www.youtube.com/watch?v=_Fq2eGjRnmo,"Anh Trai ""Say Hi"" 2025 - Tập 14: Đêm Chung Kết - Công Bố & Trao Giải",anh trai say hi 2025 tap 14 dem chung ket cong bo trao giai,UCkna2OcuN1E6u5I8GVtdkOw,Vie Channel ,primary_broadcaster,,,,2025-12-13T17:11:46.000Z,15276,12188.0,1.2534,normal,2026-08-12T13:50:58.446867+07:00,241.57,19508.06,4712541,True,True,False,False,available,14,HIGH,INCLUDE,,show_alias;numbered_episode;official_channel;plausible_duration,apify_search,streamers/youtube-scraper,M5uwXGq8dZ92waEPT,https://www.youtube.com/watch?v=_Fq2eGjRnmo
EXSH,"Em Xinh ""Say Hi""",EXSH_2025,2025,completed,closed_season,5,,,DDJXbr6NlCI,https://www.youtube.com/watch?v=DDJXbr6NlCI&list=PLxKLMN7WdG5D1LrbMdeJMn_fL9FrQbJ6V&index=10,"Em Xinh Say Hi Tập 5: 4 màn so tài nghẹt thở, Em Xinh nào sẽ dừng chân sau Livestage 2 đầy cảm xúc?",em xinh say hi tap 5 4 man so tai nghet tho em xinh nao se dung chan sau livestage 2 day cam xuc,UCkna2OcuN1E6u5I8GVtdkOw,Vie Channel ,primary_broadcaster,PLxKLMN7WdG5D1LrbMdeJMn_fL9FrQbJ6V,,9,2025-06-28T13:00:06.000Z,10668,14474.0,0.737,normal,2026-08-12T13:28:03.124842+07:00,409.73,18109.94,7420143,True,True,False,False,available,20,HIGH,INCLUDE,,show_alias;numbered_episode;official_channel;official_full_playlist;plausible_duration,official_playlist,streamers/youtube-scraper,TixQy2mPtqIl9j2Dw,https://www.youtube.com/watch?v=DDJXbr6NlCI&list=PLxKLMN7WdG5D1LrbMdeJMn_fL9FrQbJ6V&index=10
EXSH,"Em Xinh ""Say Hi""",EXSH_2025,2025,completed,closed_season,,,,GNW7dLmYUV8,https://www.youtube.com/watch?v=GNW7dLmYUV8&list=PLxKLMN7WdG5D1LrbMdeJMn_fL9FrQbJ6V&index=23,"Phương Ly, Bảo Anh flex thế mạnh khiến ai cũng dè chừng, thế hệ cợt nhả Hoàng Duyên, Ngô Lan Hương",phuong ly bao anh flex the manh khien ai cung de chung the he cot nha hoang duyen ngo lan huong,UCkna2OcuN1E6u5I8GVtdkOw,Vie Channel ,primary_broadcaster,PLxKLMN7WdG5D1LrbMdeJMn_fL9FrQbJ6V,,22,2025-05-27T05:00:13.000Z,969,14474.0,0.0669,strong_reject_short,2026-08-12T13:28:03.124842+07:00,442.06,47.26,20890,False,False,False,False,available,10,HIGH,EXCLUDE,,official_channel;official_full_playlist;show_alias_missing,official_playlist,streamers/youtube-scraper,TixQy2mPtqIl9j2Dw,https://www.youtube.com/watch?v=GNW7dLmYUV8&list=PLxKLMN7WdG5D1LrbMdeJMn_fL9FrQbJ6V&index=23
EXSH,"Em Xinh ""Say Hi""",EXSH_2025,2025,completed,closed_season,,,,Qzc1gq34szk,https://www.youtube.com/watch?v=Qzc1gq34szk&list=PLxKLMN7WdG5D1LrbMdeJMn_fL9FrQbJ6V&index=21,Em Xinh Bích Phương đến với chương trình với năng lượng 100% vui vẻ #shorts #EmXinhSayHi #EmXinh,em xinh bich phuong den voi chuong trinh voi nang luong 100 vui ve shorts emxinhsayhi emxinh,UCkna2OcuN1E6u5I8GVtdkOw,Vie Channel ,primary_broadcaster,PLxKLMN7WdG5D1LrbMdeJMn_fL9FrQbJ6V,,20,2025-05-05T07:00:32.000Z,122,14474.0,0.0084,strong_reject_short,2026-08-12T13:28:03.124842+07:00,463.98,64.69,30015,False,False,False,False,available,-15,HIGH,EXCLUDE,shorts,hard_exclusion:shorts,official_playlist,streamers/youtube-scraper,TixQy2mPtqIl9j2Dw,https://www.youtube.com/watch?v=Qzc1gq34szk&list=PLxKLMN7WdG5D1LrbMdeJMn_fL9FrQbJ6V&index=21
EXSH,"Em Xinh ""Say Hi""",EXSH_2025,2025,completed,closed_season,6,,,hiVt64PSzI0,https://www.youtube.com/watch?v=hiVt64PSzI0&list=PLxKLMN7WdG5D1LrbMdeJMn_fL9FrQbJ6V&index=9,"Em Xinh Say Hi Tập 6: Lộ diện 6 đội chinh chiến Livestage 3, bất ngờ với luật chơi mới đầy khốc liệt",em xinh say hi tap 6 lo dien 6 doi chinh chien livestage 3 bat ngo voi luat choi moi day khoc liet,UCkna2OcuN1E6u5I8GVtdkOw,Vie Channel ,primary_broadcaster,PLxKLMN7WdG5D1LrbMdeJMn_fL9FrQbJ6V,,8,2025-07-05T13:00:06.000Z,16829,14474.0,1.1627,normal,2026-08-12T13:28:03.124842+07:00,402.73,23538.65,9479666,True,True,False,False,available,20,HIGH,INCLUDE,,show_alias;numbered_episode;official_channel;official_full_playlist;plausible_duration,official_playlist,streamers/youtube-scraper,TixQy2mPtqIl9j2Dw,https://www.youtube.com/watch?v=hiVt64PSzI0&list=PLxKLMN7WdG5D1LrbMdeJMn_fL9FrQbJ6V&index=9
EXSH,"Em Xinh ""Say Hi""",EXSH_2025,2025,completed,closed_season,1,,,zYdWhh60euQ,https://www.youtube.com/watch?v=zYdWhh60euQ&list=PLxKLMN7WdG5D1LrbMdeJMn_fL9FrQbJ6V&index=14,"Em Xinh Say Hi Tập 1: “Đã Xinh Lại Còn Thông Minh” tỏa sáng, “AAA” phản đòn – Cú hit gọi tên ai?",em xinh say hi tap 1 da xinh lai con thong minh toa sang aaa phan don cu hit goi ten ai,UCkna2OcuN1E6u5I8GVtdkOw,Vie Channel ,primary_broadcaster,PLxKLMN7WdG5D1LrbMdeJMn_fL9FrQbJ6V,,13,2025-05-31T12:30:06.000Z,15925,14474.0,1.1002,normal,2026-08-12T13:28:03.124842+07:00,437.75,31052.8,13593319,True,True,False,False,available,20,HIGH,INCLUDE,,show_alias;numbered_episode;official_channel;official_full_playlist;plausible_duration,official_playlist,streamers/youtube-scraper,TixQy2mPtqIl9j2Dw,https://www.youtube.com/watch?v=zYdWhh60euQ&list=PLxKLMN7WdG5D1LrbMdeJMn_fL9FrQbJ6V&index=14
EXSH,"Em Xinh ""Say Hi""",EXSH_2025,2025,completed,closed_season,,,,YKUsVkMlU4I,https://www.youtube.com/watch?v=YKUsVkMlU4I&list=PLxKLMN7WdG5D1LrbMdeJMn_fL9FrQbJ6V&index=16,"Em Xinh Bích Phương Tiên Tiên giao hữu, Phương Ly Pháo Liu Grace tung chiêu cực căng |Em Xinh Say Hi",em xinh bich phuong tien tien giao huu phuong ly phao liu grace tung chieu cuc cang em xinh say hi,UCkna2OcuN1E6u5I8GVtdkOw,Vie Channel ,primary_broadcaster,PLxKLMN7WdG5D1LrbMdeJMn_fL9FrQbJ6V,,15,2025-05-27T13:07:31.000Z,809,14474.0,0.0559,strong_reject_short,2026-08-12T13:28:03.124842+07:00,441.72,900.27,397668,False,False,False,False,available,14,MEDIUM,EXCLUDE,,show_alias;official_channel;official_full_playlist;episode_number_missing;duration_too_short,official_playlist,streamers/youtube-scraper,TixQy2mPtqIl9j2Dw,https://www.youtube.com/watch?v=YKUsVkMlU4I&list=PLxKLMN7WdG5D1LrbMdeJMn_fL9FrQbJ6V&index=16
EXSH,"Em Xinh ""Say Hi""",EXSH_2025,2025,completed,closed_season,,,,p9jiaPI1a18,https://www.youtube.com/watch?v=p9jiaPI1a18&list=PLxKLMN7WdG5D1LrbMdeJMn_fL9FrQbJ6V&index=25,Em Xinh Han Sara xin chào cả nhàaaa #shorts #EmXinhSayHi #EmXinh,em xinh han sara xin chao ca nhaaaa shorts emxinhsayhi emxinh,UCkna2OcuN1E6u5I8GVtdkOw,Vie Channel ,primary_broadcaster,PLxKLMN7WdG5D1LrbMdeJMn_fL9FrQbJ6V,,24,2025-05-06T05:00:47.000Z,108,14474.0,0.0075,strong_reject_short,2026-08-12T13:28:03.124842+07:00,463.06,57.87,26799,False,False,False,False,available,-15,HIGH,EXCLUDE,shorts,hard_exclusion:shorts,official_playlist,streamers/youtube-scraper,TixQy2mPtqIl9j2Dw,https://www.youtube.com/watch?v=p9jiaPI1a18&list=PLxKLMN7WdG5D1LrbMdeJMn_fL9FrQbJ6V&index=25
EXSH,"Em Xinh ""Say Hi""",EXSH_2025,2025,completed,closed_season,2,,,p6BEWnZ_WjE,https://www.youtube.com/watch?v=p6BEWnZ_WjE&list=PLxKLMN7WdG5D1LrbMdeJMn_fL9FrQbJ6V&index=13,Em Xinh Say Hi Tập 2: 30 cực phẩm hội tụ - Đại chiến căng thẳng cùng 6 tiết mục dàn dựng công phu,em xinh say hi tap 2 30 cuc pham hoi tu dai chien cang thang cung 6 tiet muc dan dung cong phu,UCkna2OcuN1E6u5I8GVtdkOw,Vie Channel ,primary_broadcaster,PLxKLMN7WdG5D1LrbMdeJMn_fL9FrQbJ6V,,12,2025-06-07T13:00:06.000Z,11376,14474.0,0.786,normal,2026-08-12T13:28:03.124842+07:00,430.73,21425.36,9228499,True,True,False,False,available,20,HIGH,INCLUDE,,show_alias;numbered_episode;official_channel;official_full_playlist;plausible_duration,official_playlist,streamers/youtube-scraper,TixQy2mPtqIl9j2Dw,https://www.youtube.com/watch?v=p6BEWnZ_WjE&list=PLxKLMN7WdG5D1LrbMdeJMn_fL9FrQbJ6V&index=13
EXSH,"Em Xinh ""Say Hi""",EXSH_2025,2025,completed,closed_season,,,,0p2FvtMpYDM,https://www.youtube.com/watch?v=0p2FvtMpYDM&list=PLxKLMN7WdG5D1LrbMdeJMn_fL9FrQbJ6V&index=26,"Dàn Em Xinh bùng nổ visual xuất hiện chấn động tại Lễ Ra Mắt 30 Em Xinh | Em Xinh ""Say Hi""",dan em xinh bung no visual xuat hien chan dong tai le ra mat 30 em xinh em xinh say hi,UCkna2OcuN1E6u5I8GVtdkOw,Vie Channel ,primary_broadcaster,PLxKLMN7WdG5D1LrbMdeJMn_fL9FrQbJ6V,,25,2025-05-22T11:00:03.000Z,267,14474.0,0.0184,strong_reject_short,2026-08-12T13:28:03.124842+07:00,446.81,82.95,37063,False,False,False,False,available,14,MEDIUM,EXCLUDE,,show_alias;official_channel;official_full_playlist;episode_number_missing;duration_too_short,official_playlist,streamers/youtube-scraper,TixQy2mPtqIl9j2Dw,https://www.youtube.com/watch?v=0p2FvtMpYDM&list=PLxKLMN7WdG5D1LrbMdeJMn_fL9FrQbJ6V&index=26
EXSH,"Em Xinh ""Say Hi""",EXSH_2025,2025,completed,closed_season,,,,yHQh2HFU3zE,https://www.youtube.com/watch?v=yHQh2HFU3zE&list=PLxKLMN7WdG5D1LrbMdeJMn_fL9FrQbJ6V&index=17,Các Anh Trai đã xuất hiện để cổ vũ Em Xinh Say Hi #shorts #emxinhsayhi,cac anh trai da xuat hien de co vu em xinh say hi shorts emxinhsayhi,UCkna2OcuN1E6u5I8GVtdkOw,Vie Channel ,primary_broadcaster,PLxKLMN7WdG5D1LrbMdeJMn_fL9FrQbJ6V,,16,2025-05-15T08:30:24.000Z,22,14474.0,0.0015,strong_reject_short,2026-08-12T13:28:03.124842+07:00,453.92,450.2,204351,False,False,False,False,available,-15,HIGH,EXCLUDE,shorts,hard_exclusion:shorts,official_playlist,streamers/youtube-scraper,TixQy2mPtqIl9j2Dw,https://www.youtube.com/watch?v=yHQh2HFU3zE&list=PLxKLMN7WdG5D1LrbMdeJMn_fL9FrQbJ6V&index=17
EXSH,"Em Xinh ""Say Hi""",EXSH_2025,2025,completed,closed_season,,,,FcdcDXMln7o,https://www.youtube.com/watch?v=FcdcDXMln7o&list=PLxKLMN7WdG5D1LrbMdeJMn_fL9FrQbJ6V&index=28,"Em Xinh Châu Bùi mong chờ thể hiện ""Châu Bùi trong âm nhạc"" với khán giả #EmXinhSayHi #EmXinh",em xinh chau bui mong cho the hien chau bui trong am nhac voi khan gia emxinhsayhi emxinh,UCkna2OcuN1E6u5I8GVtdkOw,Vie Channel ,primary_broadcaster,PLxKLMN7WdG5D1LrbMdeJMn_fL9FrQbJ6V,,27,2025-05-06T07:00:16.000Z,177,14474.0,0.0122,strong_reject_short,2026-08-12T13:28:03.124842+07:00,462.98,48.49,22448,False,False,False,False,available,10,HIGH,EXCLUDE,,official_channel;official_full_playlist;show_alias_missing,official_playlist,streamers/youtube-scraper,TixQy2mPtqIl9j2Dw,https://www.youtube.com/watch?v=FcdcDXMln7o&list=PLxKLMN7WdG5D1LrbMdeJMn_fL9FrQbJ6V&index=28
EXSH,"Em Xinh ""Say Hi""",EXSH_2025,2025,completed,closed_season,,,,8bykG6rb308,https://www.youtube.com/watch?v=8bykG6rb308&list=PLxKLMN7WdG5D1LrbMdeJMn_fL9FrQbJ6V&index=19,"Pháo, Chi Xê, Liu Grace “3 máy nói vô tri” hội tụ, Pháo Liu Grace ngỡ “battle rap”| Em Xinh “Say Hi”",phao chi xe liu grace 3 may noi vo tri hoi tu phao liu grace ngo battle rap em xinh say hi,UCkna2OcuN1E6u5I8GVtdkOw,Vie Channel ,primary_broadcaster,PLxKLMN7WdG5D1LrbMdeJMn_fL9FrQbJ6V,,18,2025-05-07T14:00:20.000Z,730,14474.0,0.0504,strong_reject_short,2026-08-12T13:28:03.124842+07:00,461.69,71.26,32900,False,False,False,False,available,14,MEDIUM,EXCLUDE,,show_alias;official_channel;official_full_playlist;episode_number_missing;duration_too_short,official_playlist,streamers/youtube-scraper,TixQy2mPtqIl9j2Dw,https://www.youtube.com/watch?v=8bykG6rb308&list=PLxKLMN7WdG5D1LrbMdeJMn_fL9FrQbJ6V&index=19
EXSH,"Em Xinh ""Say Hi""",EXSH_2025,2025,completed,closed_season,,,,tgmugUoGjNw,https://www.youtube.com/watch?v=tgmugUoGjNw&list=PLxKLMN7WdG5D1LrbMdeJMn_fL9FrQbJ6V&index=27,"Tiên Tiên vào vai EM BÉ của chương trình, Lyly hứa hẹn bộc lộ hết khía cạnh mới | Em Xinh ""Say Hi""",tien tien vao vai em be cua chuong trinh lyly hua hen boc lo het khia canh moi em xinh say hi,UCkna2OcuN1E6u5I8GVtdkOw,Vie Channel ,primary_broadcaster,PLxKLMN7WdG5D1LrbMdeJMn_fL9FrQbJ6V,,26,2025-05-08T12:01:39.000Z,654,14474.0,0.0452,strong_reject_short,2026-08-12T13:28:03.124842+07:00,460.77,28.47,13119,False,False,False,False,available,14,MEDIUM,EXCLUDE,,show_alias;official_channel;official_full_playlist;episode_number_missing;duration_too_short,official_playlist,streamers/youtube-scraper,TixQy2mPtqIl9j2Dw,https://www.youtube.com/watch?v=tgmugUoGjNw&list=PLxKLMN7WdG5D1LrbMdeJMn_fL9FrQbJ6V&index=27
EXSH,"Em Xinh ""Say Hi""",EXSH_2025,2025,completed,closed_season,8,,,zzP6-SrQ7R8,https://www.youtube.com/watch?v=zzP6-SrQ7R8&list=PLxKLMN7WdG5D1LrbMdeJMn_fL9FrQbJ6V&index=7,"Em Xinh Say Hi Tập 8: Team 52Hz - Mỹ Mỹ toả sáng, Dance Battle bùng nổ cùng loạt nhân tố bí ẩn",em xinh say hi tap 8 team 52hz my my toa sang dance battle bung no cung loat nhan to bi an,UC2Lgi2uPsOcCVF3imz7l2mg,Vie GIẢITRÍ,official_distribution_partner,PLxKLMN7WdG5D1LrbMdeJMn_fL9FrQbJ6V,,6,2025-07-19T13:00:06.000Z,16612,14474.0,1.1477,normal,2026-08-12T13:28:03.124842+07:00,388.73,22065.04,8577295,True,True,False,False,available,20,HIGH,INCLUDE,,show_alias;numbered_episode;official_channel;official_full_playlist;plausible_duration,official_playlist,streamers/youtube-scraper,TixQy2mPtqIl9j2Dw,https://www.youtube.com/watch?v=zzP6-SrQ7R8&list=PLxKLMN7WdG5D1LrbMdeJMn_fL9FrQbJ6V&index=7
EXSH,"Em Xinh ""Say Hi""",EXSH_2025,2025,completed,closed_season,12,,,O-_lQxbES_s,https://www.youtube.com/watch?v=O-_lQxbES_s&list=PLxKLMN7WdG5D1LrbMdeJMn_fL9FrQbJ6V&index=3,Em Xinh Say Hi Tập 12: Loạt tiết mục solo đẳng cấp trình làng - 8 em xinh mở màn khuấy đảo sân khấu,em xinh say hi tap 12 loat tiet muc solo dang cap trinh lang 8 em xinh mo man khuay dao san khau,UCkna2OcuN1E6u5I8GVtdkOw,Vie Channel ,primary_broadcaster,PLxKLMN7WdG5D1LrbMdeJMn_fL9FrQbJ6V,,2,2025-08-16T13:00:06.000Z,11601,14474.0,0.8015,normal,2026-08-12T13:28:03.124842+07:00,360.73,16537.72,5965613,True,True,False,False,available,20,HIGH,INCLUDE,,show_alias;numbered_episode;official_channel;official_full_playlist;plausible_duration,official_playlist,streamers/youtube-scraper,TixQy2mPtqIl9j2Dw,https://www.youtube.com/watch?v=O-_lQxbES_s&list=PLxKLMN7WdG5D1LrbMdeJMn_fL9FrQbJ6V&index=3
EXSH,"Em Xinh ""Say Hi""",EXSH_2025,2025,completed,closed_season,,,,kK9BT6SVky4,https://www.youtube.com/watch?v=kK9BT6SVky4&list=PLxKLMN7WdG5D1LrbMdeJMn_fL9FrQbJ6V&index=30,Bích Phương - Bảo Anh - LyLy - Juky San - Đào Tử A1J lộng lẫy đổ bộ họp báo #emxinhsayhi,bich phuong bao anh lyly juky san dao tu a1j long lay do bo hop bao emxinhsayhi,UCkna2OcuN1E6u5I8GVtdkOw,Vie Channel ,primary_broadcaster,PLxKLMN7WdG5D1LrbMdeJMn_fL9FrQbJ6V,,29,2025-05-14T11:30:43.000Z,11,14474.0,0.0008,strong_reject_short,2026-08-12T13:28:03.124842+07:00,454.79,72.8,33107,False,False,False,False,available,10,HIGH,EXCLUDE,,official_channel;official_full_playlist;show_alias_missing,official_playlist,streamers/youtube-scraper,TixQy2mPtqIl9j2Dw,https://www.youtube.com/watch?v=kK9BT6SVky4&list=PLxKLMN7WdG5D1LrbMdeJMn_fL9FrQbJ6V&index=30
EXSH,"Em Xinh ""Say Hi""",EXSH_2025,2025,completed,closed_season,7,,,-lFBuMLqfPA,https://www.youtube.com/watch?v=-lFBuMLqfPA&list=PLxKLMN7WdG5D1LrbMdeJMn_fL9FrQbJ6V&index=8,"Em Xinh Say Hi Tập 7: Livestage 3 nóng hơn bao giờ hết, đại tiệc visual cùng loạt siêu phẩm ra mắt",em xinh say hi tap 7 livestage 3 nong hon bao gio het dai tiec visual cung loat sieu pham ra mat,UC2Lgi2uPsOcCVF3imz7l2mg,Vie GIẢITRÍ,official_distribution_partner,PLxKLMN7WdG5D1LrbMdeJMn_fL9FrQbJ6V,,7,2025-07-12T13:00:07.000Z,9028,14474.0,0.6237,normal,2026-08-12T13:28:03.124842+07:00,395.73,16306.21,6452819,True,True,False,False,available,20,HIGH,INCLUDE,,show_alias;numbered_episode;official_channel;official_full_playlist;plausible_duration,official_playlist,streamers/youtube-scraper,TixQy2mPtqIl9j2Dw,https://www.youtube.com/watch?v=-lFBuMLqfPA&list=PLxKLMN7WdG5D1LrbMdeJMn_fL9FrQbJ6V&index=8
EXSH,"Em Xinh ""Say Hi""",EXSH_2025,2025,completed,closed_season,9,,,nAJdhVe_XGY,https://www.youtube.com/watch?v=nAJdhVe_XGY&list=PLxKLMN7WdG5D1LrbMdeJMn_fL9FrQbJ6V&index=6,"Em Xinh Say Hi Tập 9: Cuộc chiến trò chơi dân gian nảy lửa, 8 demo đỉnh cao lộ diện hứa hẹn bùng nổ",em xinh say hi tap 9 cuoc chien tro choi dan gian nay lua 8 demo dinh cao lo dien hua hen bung no,UCkna2OcuN1E6u5I8GVtdkOw,Vie Channel ,primary_broadcaster,PLxKLMN7WdG5D1LrbMdeJMn_fL9FrQbJ6V,,5,2025-07-26T13:00:07.000Z,18184,14474.0,1.2563,normal,2026-08-12T13:28:03.124842+07:00,381.73,29948.15,11432038,True,True,False,False,available,20,HIGH,INCLUDE,,show_alias;numbered_episode;official_channel;official_full_playlist;plausible_duration,official_playlist,streamers/youtube-scraper,TixQy2mPtqIl9j2Dw,https://www.youtube.com/watch?v=nAJdhVe_XGY&list=PLxKLMN7WdG5D1LrbMdeJMn_fL9FrQbJ6V&index=6
EXSH,"Em Xinh ""Say Hi""",EXSH_2025,2025,completed,closed_season,14,,,YzMcYwfj3V4,https://www.youtube.com/watch?v=YzMcYwfj3V4&list=PLxKLMN7WdG5D1LrbMdeJMn_fL9FrQbJ6V&index=1,Em Xinh Say Hi Tập 14: Đêm Chung Kết - Công Bố & Trao Giải,em xinh say hi tap 14 dem chung ket cong bo trao giai,UCkna2OcuN1E6u5I8GVtdkOw,Vie Channel ,primary_broadcaster,PLxKLMN7WdG5D1LrbMdeJMn_fL9FrQbJ6V,,0,2025-08-23T17:57:37.000Z,16532,14474.0,1.1422,normal,2026-08-12T13:28:03.124842+07:00,353.52,21417.55,7571557,True,True,False,False,available,20,HIGH,INCLUDE,,show_alias;numbered_episode;official_channel;official_full_playlist;plausible_duration,official_playlist,streamers/youtube-scraper,TixQy2mPtqIl9j2Dw,https://www.youtube.com/watch?v=YzMcYwfj3V4&list=PLxKLMN7WdG5D1LrbMdeJMn_fL9FrQbJ6V&index=1
EXSH,"Em Xinh ""Say Hi""",EXSH_2025,2025,completed,closed_season,,,,oOFm8qIiQdg,https://www.youtube.com/watch?v=oOFm8qIiQdg&list=PLxKLMN7WdG5D1LrbMdeJMn_fL9FrQbJ6V&index=29,"Em Xinh Ngô Lan Hương quyết làm ""em xinh thư giãn"" #shorts #EmXinhSayHi #EmXinh",em xinh ngo lan huong quyet lam em xinh thu gian shorts emxinhsayhi emxinh,UCkna2OcuN1E6u5I8GVtdkOw,Vie Channel ,primary_broadcaster,PLxKLMN7WdG5D1LrbMdeJMn_fL9FrQbJ6V,,28,2025-05-07T05:00:50.000Z,123,14474.0,0.0085,strong_reject_short,2026-08-12T13:28:03.124842+07:00,462.06,41.02,18956,False,False,False,False,available,-15,HIGH,EXCLUDE,shorts,hard_exclusion:shorts,official_playlist,streamers/youtube-scraper,TixQy2mPtqIl9j2Dw,https://www.youtube.com/watch?v=oOFm8qIiQdg&list=PLxKLMN7WdG5D1LrbMdeJMn_fL9FrQbJ6V&index=29
EXSH,"Em Xinh ""Say Hi""",EXSH_2025,2025,completed,closed_season,11,,,O86YTeWG7q4,https://www.youtube.com/watch?v=O86YTeWG7q4&list=PLxKLMN7WdG5D1LrbMdeJMn_fL9FrQbJ6V&index=4,"Em Xinh Say Hi Tập 11: Team Phương Ly - LyHan kết màn cực đẳng cấp, lộ diện đội hình Livestage 5",em xinh say hi tap 11 team phuong ly lyhan ket man cuc dang cap lo dien doi hinh livestage 5,UCkna2OcuN1E6u5I8GVtdkOw,Vie Channel ,primary_broadcaster,PLxKLMN7WdG5D1LrbMdeJMn_fL9FrQbJ6V,,3,2025-08-09T13:00:06.000Z,21229,14474.0,1.4667,normal,2026-08-12T13:28:03.124842+07:00,367.73,24683.13,9076673,True,True,False,False,available,20,HIGH,INCLUDE,,show_alias;numbered_episode;official_channel;official_full_playlist;plausible_duration,official_playlist,streamers/youtube-scraper,TixQy2mPtqIl9j2Dw,https://www.youtube.com/watch?v=O86YTeWG7q4&list=PLxKLMN7WdG5D1LrbMdeJMn_fL9FrQbJ6V&index=4
EXSH,"Em Xinh ""Say Hi""",EXSH_2025,2025,completed,closed_season,10,,,piJAY4GF8s0,https://www.youtube.com/watch?v=piJAY4GF8s0&list=PLxKLMN7WdG5D1LrbMdeJMn_fL9FrQbJ6V&index=5,"Em Xinh Say Hi Tập 10: Màn so tài nghẹt thở tại Livestage 4, team nào sẽ giữ vững vị trí HOT CHAIR?",em xinh say hi tap 10 man so tai nghet tho tai livestage 4 team nao se giu vung vi tri hot chair,UCkna2OcuN1E6u5I8GVtdkOw,Vie Channel ,primary_broadcaster,PLxKLMN7WdG5D1LrbMdeJMn_fL9FrQbJ6V,,4,2025-08-02T13:00:06.000Z,13023,14474.0,0.8998,normal,2026-08-12T13:28:03.124842+07:00,374.73,19029.88,7131023,True,True,False,False,available,20,HIGH,INCLUDE,,show_alias;numbered_episode;official_channel;official_full_playlist;plausible_duration,official_playlist,streamers/youtube-scraper,TixQy2mPtqIl9j2Dw,https://www.youtube.com/watch?v=piJAY4GF8s0&list=PLxKLMN7WdG5D1LrbMdeJMn_fL9FrQbJ6V&index=5
EXSH,"Em Xinh ""Say Hi""",EXSH_2025,2025,completed,closed_season,3,,,de6UvFKbuZQ,https://www.youtube.com/watch?v=de6UvFKbuZQ&list=PLxKLMN7WdG5D1LrbMdeJMn_fL9FrQbJ6V&index=12,"Em Xinh Say Hi Tập 3: Đại chiến lập đội với màn đấu trí nghẹt thở, Dương Lâm đối đầu thế hệ cợt nhả",em xinh say hi tap 3 dai chien lap doi voi man dau tri nghet tho duong lam doi dau the he cot nha,UCkna2OcuN1E6u5I8GVtdkOw,Vie Channel ,primary_broadcaster,PLxKLMN7WdG5D1LrbMdeJMn_fL9FrQbJ6V,,11,2025-06-14T13:00:06.000Z,18462,14474.0,1.2755,normal,2026-08-12T13:28:03.124842+07:00,423.73,29063.45,12314990,True,True,False,False,available,20,HIGH,INCLUDE,,show_alias;numbered_episode;official_channel;official_full_playlist;plausible_duration,official_playlist,streamers/youtube-scraper,TixQy2mPtqIl9j2Dw,https://www.youtube.com/watch?v=de6UvFKbuZQ&list=PLxKLMN7WdG5D1LrbMdeJMn_fL9FrQbJ6V&index=12
EXSH,"Em Xinh ""Say Hi""",EXSH_2025,2025,completed,closed_season,,,,VfQsZe_fhwM,https://www.youtube.com/watch?v=VfQsZe_fhwM&list=PLxKLMN7WdG5D1LrbMdeJMn_fL9FrQbJ6V&index=24,"Hội chị em ĐỒNG GEN mới gặp mà đã ăn ý, Lâm Bảo Ngọc rủ Phương Mỹ Chi đu trend | Em Xinh “Say Hi”",hoi chi em dong gen moi gap ma da an y lam bao ngoc ru phuong my chi du trend em xinh say hi,UCkna2OcuN1E6u5I8GVtdkOw,Vie Channel ,primary_broadcaster,PLxKLMN7WdG5D1LrbMdeJMn_fL9FrQbJ6V,,23,2025-05-09T12:00:52.000Z,545,14474.0,0.0377,strong_reject_short,2026-08-12T13:28:03.124842+07:00,459.77,37.95,17448,False,False,False,False,available,14,MEDIUM,EXCLUDE,,show_alias;official_channel;official_full_playlist;episode_number_missing;duration_too_short,official_playlist,streamers/youtube-scraper,TixQy2mPtqIl9j2Dw,https://www.youtube.com/watch?v=VfQsZe_fhwM&list=PLxKLMN7WdG5D1LrbMdeJMn_fL9FrQbJ6V&index=24
EXSH,"Em Xinh ""Say Hi""",EXSH_2025,2025,completed,closed_season,,,,PiYnzheu9-Y,https://www.youtube.com/watch?v=PiYnzheu9-Y&list=PLxKLMN7WdG5D1LrbMdeJMn_fL9FrQbJ6V&index=22,"Bích Phương đính chính ""thích lười"" - Mộng Cam - Vũ Thảo My theo đuổi hệ tâm linh | Em Xinh “Say Hi”",bich phuong dinh chinh thich luoi mong cam vu thao my theo duoi he tam linh em xinh say hi,UCkna2OcuN1E6u5I8GVtdkOw,Vie Channel ,primary_broadcaster,PLxKLMN7WdG5D1LrbMdeJMn_fL9FrQbJ6V,,21,2025-05-14T12:00:46.000Z,674,14474.0,0.0466,strong_reject_short,2026-08-12T13:28:03.124842+07:00,454.77,42.16,19175,False,False,False,False,available,14,MEDIUM,EXCLUDE,,show_alias;official_channel;official_full_playlist;episode_number_missing;duration_too_short,official_playlist,streamers/youtube-scraper,TixQy2mPtqIl9j2Dw,https://www.youtube.com/watch?v=PiYnzheu9-Y&list=PLxKLMN7WdG5D1LrbMdeJMn_fL9FrQbJ6V&index=22
EXSH,"Em Xinh ""Say Hi""",EXSH_2025,2025,completed,closed_season,13,,,DNOYwiaVstY,https://www.youtube.com/watch?v=DNOYwiaVstY&list=PLxKLMN7WdG5D1LrbMdeJMn_fL9FrQbJ6V&index=2,Em Xinh Say Hi Tập 13: Chạm đỉnh cảm xúc cùng 8 tiết mục kết màn vòng SOLO đầy cuốn hút,em xinh say hi tap 13 cham dinh cam xuc cung 8 tiet muc ket man vong solo day cuon hut,UCkna2OcuN1E6u5I8GVtdkOw,Vie Channel ,primary_broadcaster,PLxKLMN7WdG5D1LrbMdeJMn_fL9FrQbJ6V,,1,2025-08-17T13:00:06.000Z,8886,14474.0,0.6139,normal,2026-08-12T13:28:03.124842+07:00,359.73,11983.52,4310805,True,True,False,False,available,20,HIGH,INCLUDE,,show_alias;numbered_episode;official_channel;official_full_playlist;plausible_duration,official_playlist,streamers/youtube-scraper,TixQy2mPtqIl9j2Dw,https://www.youtube.com/watch?v=DNOYwiaVstY&list=PLxKLMN7WdG5D1LrbMdeJMn_fL9FrQbJ6V&index=2
EXSH,"Em Xinh ""Say Hi""",EXSH_2025,2025,completed,closed_season,,,,W82CmMFLINw,https://www.youtube.com/watch?v=W82CmMFLINw&list=PLxKLMN7WdG5D1LrbMdeJMn_fL9FrQbJ6V&index=20,"Bích Phương ""chưa chuẩn bị gì hết"" khi đến show còn Ánh Sáng AZA thì ""chạy cật lực""|Em Xinh ""Say Hi""",bich phuong chua chuan bi gi het khi den show con anh sang aza thi chay cat luc em xinh say hi,UCkna2OcuN1E6u5I8GVtdkOw,Vie Channel ,primary_broadcaster,PLxKLMN7WdG5D1LrbMdeJMn_fL9FrQbJ6V,,19,2025-05-07T13:00:53.000Z,783,14474.0,0.0541,strong_reject_short,2026-08-12T13:28:03.124842+07:00,461.73,58.62,27066,False,False,False,False,available,14,MEDIUM,EXCLUDE,,show_alias;official_channel;official_full_playlist;episode_number_missing;duration_too_short,official_playlist,streamers/youtube-scraper,TixQy2mPtqIl9j2Dw,https://www.youtube.com/watch?v=W82CmMFLINw&list=PLxKLMN7WdG5D1LrbMdeJMn_fL9FrQbJ6V&index=20
EXSH,"Em Xinh ""Say Hi""",EXSH_2025,2025,completed,closed_season,4,,,qVliOE9Pg4U,https://www.youtube.com/watch?v=qVliOE9Pg4U&list=PLxKLMN7WdG5D1LrbMdeJMn_fL9FrQbJ6V&index=11,"Em Xinh Say Hi Tập 4: Livestage 2 mở màn cùng 4 tiết mục gây sốt, visual đỉnh – âm nhạc cực chất!",em xinh say hi tap 4 livestage 2 mo man cung 4 tiet muc gay sot visual dinh am nhac cuc chat,UCkna2OcuN1E6u5I8GVtdkOw,Vie Channel ,primary_broadcaster,PLxKLMN7WdG5D1LrbMdeJMn_fL9FrQbJ6V,,10,2025-06-21T13:00:06.000Z,9118,14474.0,0.63,normal,2026-08-12T13:28:03.124842+07:00,416.73,19320.9,8051553,True,True,False,False,available,20,HIGH,INCLUDE,,show_alias;numbered_episode;official_channel;official_full_playlist;plausible_duration,official_playlist,streamers/youtube-scraper,TixQy2mPtqIl9j2Dw,https://www.youtube.com/watch?v=qVliOE9Pg4U&list=PLxKLMN7WdG5D1LrbMdeJMn_fL9FrQbJ6V&index=11
EXSH,"Em Xinh ""Say Hi""",EXSH_2025,2025,completed,closed_season,,,,ReSz2CrbOnA,https://www.youtube.com/watch?v=ReSz2CrbOnA&list=PLxKLMN7WdG5D1LrbMdeJMn_fL9FrQbJ6V&index=18,"Orange được HIEUTHUHAI, Atus khuyên mà lạ lắm, Lamoon mang 100% tích cực đến show | Em Xinh ""Say Hi""",orange duoc hieuthuhai atus khuyen ma la lam lamoon mang 100 tich cuc den show em xinh say hi,UCkna2OcuN1E6u5I8GVtdkOw,Vie Channel ,primary_broadcaster,PLxKLMN7WdG5D1LrbMdeJMn_fL9FrQbJ6V,,17,2025-05-07T04:00:34.000Z,656,14474.0,0.0453,strong_reject_short,2026-08-12T13:28:03.124842+07:00,462.1,118.69,54849,False,False,False,False,available,14,MEDIUM,EXCLUDE,,show_alias;official_channel;official_full_playlist;episode_number_missing;duration_too_short,official_playlist,streamers/youtube-scraper,TixQy2mPtqIl9j2Dw,https://www.youtube.com/watch?v=ReSz2CrbOnA&list=PLxKLMN7WdG5D1LrbMdeJMn_fL9FrQbJ6V&index=18
EXSH,"Em Xinh ""Say Hi""",EXSH_2025,2025,completed,closed_season,,,,ya31HMyeHX0,https://www.youtube.com/watch?v=ya31HMyeHX0&list=PLxKLMN7WdG5D1LrbMdeJMn_fL9FrQbJ6V&index=15,"THE REAL AURA -  Official MV Theme Song | Em Xinh ""Say Hi""",the real aura official mv theme song em xinh say hi,UC2fu6CiFfNYz5UFORvFyc0w,Vie Channel - MUSIC,unknown,PLxKLMN7WdG5D1LrbMdeJMn_fL9FrQbJ6V,,14,2025-05-28T13:00:07.000Z,389,14474.0,0.0269,strong_reject_short,2026-08-12T13:28:03.124842+07:00,440.73,12270.36,5407888,False,False,False,False,available,-15,HIGH,EXCLUDE,official mv,hard_exclusion:official mv,official_playlist,streamers/youtube-scraper,TixQy2mPtqIl9j2Dw,https://www.youtube.com/watch?v=ya31HMyeHX0&list=PLxKLMN7WdG5D1LrbMdeJMn_fL9FrQbJ6V&index=15
THSH,"Tinh Hà ""Say Hi""",THSH_2026,2026,airing,closed_season,,,,CzJbD44jU6Y,https://www.youtube.com/watch?v=CzJbD44jU6Y,"Pháp Kiều - WEAN mở bát ""NỞ HOA"", huyền thoại ""HOA LÊ"" quay lại lợi hại hơn xưa | TINH HÀ SAY HI",phap kieu wean mo bat no hoa huyen thoai hoa le quay lai loi hai hon xua tinh ha say hi,UCBVSuk_f8ZCPIQ_KwXEGWFw,VieTalents,unknown,,,1,2026-08-01T02:48:40.000Z,1419,19096,0.0743,strong_reject_short,2026-08-12T13:52:21.084157+07:00,11.17,3366.57,37602,False,False,False,False,available,4,MEDIUM,EXCLUDE,,show_alias;episode_number_missing;duration_too_short,apify_search,streamers/youtube-scraper,W1tKZGzU3uGHBIo5U,https://www.youtube.com/watch?v=CzJbD44jU6Y
THSH,"Tinh Hà ""Say Hi""",THSH_2026,2026,airing,closed_season,,,,9Ydft3BqWXs,https://www.youtube.com/watch?v=9Ydft3BqWXs&list=RD9Ydft3BqWXs&start_radio=1,MƯA VỘI PHÓNG (MVP) | TINH HÀ SAY HI | OFFICIAL VISUALIZER,mua voi phong mvp tinh ha say hi official visualizer,UC2fu6CiFfNYz5UFORvFyc0w,Vie Channel - MUSIC,unknown,,,10,2026-08-05T12:00:24.000Z,305,19096,0.016,strong_reject_short,2026-08-12T13:52:21.084157+07:00,6.79,5958.38,40434,False,False,False,False,available,4,MEDIUM,EXCLUDE,,show_alias;episode_number_missing;duration_too_short,apify_search,streamers/youtube-scraper,W1tKZGzU3uGHBIo5U,https://www.youtube.com/watch?v=9Ydft3BqWXs&list=RD9Ydft3BqWXs&start_radio=1
THSH,"Tinh Hà ""Say Hi""",THSH_2026,2026,airing,closed_season,,,,Cr5HV-cY9Z0,https://www.youtube.com/watch?v=Cr5HV-cY9Z0,"UNCUT: Cận cảnh cuộc chiến cực căng SONG LUÂN WEAN, tiết lộ lý do HURRYKNG đi trốn | Tinh Hà Say Hi",uncut can canh cuoc chien cuc cang song luan wean tiet lo ly do hurrykng di tron tinh ha say hi,UCkna2OcuN1E6u5I8GVtdkOw,Vie Channel ,primary_broadcaster,,,3,2026-08-10T05:15:05.000Z,1615,19096,0.0846,strong_reject_short,2026-08-12T13:52:21.084157+07:00,2.07,14599.42,30185,False,False,False,False,available,-15,HIGH,EXCLUDE,uncut,hard_exclusion:uncut,apify_search,streamers/youtube-scraper,W1tKZGzU3uGHBIo5U,https://www.youtube.com/watch?v=Cr5HV-cY9Z0
THSH,"Tinh Hà ""Say Hi""",THSH_2026,2026,airing,closed_season,6,,,BP236Tcs5mk,https://www.youtube.com/watch?v=BP236Tcs5mk,"Toàn cảnh tập nhảy SECRET: CONGB Cody Nam Võ đưa idea khiến biên đạo ""bó tay"" | Tinh Hà Say Hi Tập 6",toan canh tap nhay secret congb cody nam vo dua idea khien bien dao bo tay tinh ha say hi tap 6,UCDV0U41nnwOZyKMW4e7oExQ,VieSTARS,unknown,,,5,2026-08-11T05:00:15.000Z,1274,19096,0.0667,strong_reject_short,2026-08-12T13:52:21.084157+07:00,1.08,11765.11,12681,False,False,False,False,available,8,LOW,REVIEW,,show_alias;numbered_episode;source_authority_unverified,apify_search,streamers/youtube-scraper,W1tKZGzU3uGHBIo5U,https://www.youtube.com/watch?v=BP236Tcs5mk
THSH,"Tinh Hà ""Say Hi""",THSH_2026,2026,airing,closed_season,,,,cwlToxaWuL8,https://www.youtube.com/watch?v=cwlToxaWuL8&list=RDcwlToxaWuL8&start_radio=1,"MRT - XUÂN ĐỊNH KY, buitruonglinh, CAPTAIN BOY, HYO | TINH HÀ SAY HI [PERFORMANCE]",mrt xuan dinh ky buitruonglinh captain boy hyo tinh ha say hi performance,UC2fu6CiFfNYz5UFORvFyc0w,Vie Channel - MUSIC,unknown,,,6,2026-08-09T04:00:06.000Z,372,19096,0.0195,strong_reject_short,2026-08-12T13:52:21.084157+07:00,3.12,266605.63,831708,False,False,False,False,available,-15,HIGH,EXCLUDE,performance,hard_exclusion:performance,apify_search,streamers/youtube-scraper,W1tKZGzU3uGHBIo5U,https://www.youtube.com/watch?v=cwlToxaWuL8&list=RDcwlToxaWuL8&start_radio=1
THSH,"Tinh Hà ""Say Hi""",THSH_2026,2026,airing,closed_season,,,,E-Yc2gKgu6s,https://www.youtube.com/watch?v=E-Yc2gKgu6s,TOP 1 CÁI MỎ nói lia lịa như cái chợ khiến các anh trai khác phải NGÁN NGẨM | Tinh Hà Say Hi,top 1 cai mo noi lia lia nhu cai cho khien cac anh trai khac phai ngan ngam tinh ha say hi,UCzpv5GkSbYqkFdC_lOOi4aQ,VieShows,unknown,,,8,2026-08-07T13:00:39.000Z,1228,19096,0.0643,strong_reject_short,2026-08-12T13:52:21.084157+07:00,4.74,2943.15,13963,False,False,False,False,available,4,MEDIUM,EXCLUDE,,show_alias;episode_number_missing;duration_too_short,apify_search,streamers/youtube-scraper,W1tKZGzU3uGHBIo5U,https://www.youtube.com/watch?v=E-Yc2gKgu6s
THSH,"Tinh Hà ""Say Hi""",THSH_2026,2026,airing,closed_season,,,,1ldd8tgMv-M,https://www.youtube.com/watch?v=1ldd8tgMv-M,TOGETHER WE SHINE | Nhật Ký Phòng Tập - Tinh Hà Say Hi,together we shine nhat ky phong tap tinh ha say hi,UCDV0U41nnwOZyKMW4e7oExQ,VieSTARS,unknown,,,12,2026-07-09T05:14:37.000Z,970,19096,0.0508,strong_reject_short,2026-08-12T13:52:21.084157+07:00,34.07,541.21,18438,False,False,False,False,available,4,MEDIUM,EXCLUDE,,show_alias;episode_number_missing;duration_too_short,apify_search,streamers/youtube-scraper,W1tKZGzU3uGHBIo5U,https://www.youtube.com/watch?v=1ldd8tgMv-M
THSH,"Tinh Hà ""Say Hi""",THSH_2026,2026,airing,closed_season,,,,lDK2rP5ORmo,https://www.youtube.com/watch?v=lDK2rP5ORmo,"NGỌT XỈU khoảnh khắc Dương Domic đón Pháp Kiều về đội y hệt ""TRUYỆN CỔ TÍCH"" | Tinh Hà Say Hi",ngot xiu khoanh khac duong domic don phap kieu ve doi y het truyen co tich tinh ha say hi,UC2EDxDPvwukBy5QMy5o2jkQ,VieHomiez,unknown,,,15,2026-08-04T12:30:06.000Z,1306,19096,0.0684,strong_reject_short,2026-08-12T13:52:21.084157+07:00,7.77,1112.49,8639,False,False,False,False,available,4,MEDIUM,EXCLUDE,,show_alias;episode_number_missing;duration_too_short,apify_search,streamers/youtube-scraper,W1tKZGzU3uGHBIo5U,https://www.youtube.com/watch?v=lDK2rP5ORmo
THSH,"Tinh Hà ""Say Hi""",THSH_2026,2026,airing,closed_season,6,,,wF0JWdmgYPI,https://www.youtube.com/watch?v=wF0JWdmgYPI,"HIGHLIGHT TẬP 6: Quang Hùng MasterD Dương Domic bật mood Liên Quân Trưởng, màn kết hợp gây tranh cãi",highlight tap 6 quang hung masterd duong domic bat mood lien quan truong man ket hop gay tranh cai,UCkna2OcuN1E6u5I8GVtdkOw,Vie Channel ,primary_broadcaster,,,18,2026-08-05T13:00:06.000Z,1176,19096,0.0616,strong_reject_short,2026-08-12T13:52:21.084157+07:00,6.74,66029.23,445342,False,False,False,False,available,-15,HIGH,EXCLUDE,highlight,hard_exclusion:highlight,apify_search,streamers/youtube-scraper,W1tKZGzU3uGHBIo5U,https://www.youtube.com/watch?v=wF0JWdmgYPI
THSH,"Tinh Hà ""Say Hi""",THSH_2026,2026,airing,closed_season,,,,NTNZhCQZqs8,https://www.youtube.com/watch?v=NTNZhCQZqs8,"Dương Lâm giữ chuỗi xuất hiện tại ""Say Hi"", trận bóng KỲ THÚ với 7749 nhân dạng LẠ | TINH HÀ SAY HI",duong lam giu chuoi xuat hien tai say hi tran bong ky thu voi 7749 nhan dang la tinh ha say hi,UCBVSuk_f8ZCPIQ_KwXEGWFw,VieTalents,unknown,,,17,2026-07-16T03:41:04.000Z,1204,19096,0.063,strong_reject_short,2026-08-12T13:52:21.084157+07:00,27.13,1777.85,48238,False,False,False,False,available,4,MEDIUM,EXCLUDE,,show_alias;episode_number_missing;duration_too_short,apify_search,streamers/youtube-scraper,W1tKZGzU3uGHBIo5U,https://www.youtube.com/watch?v=NTNZhCQZqs8
THSH,"Tinh Hà ""Say Hi""",THSH_2026,2026,airing,closed_season,3,,,OdqLJ_DHw6M,https://www.youtube.com/watch?v=OdqLJ_DHw6M,Tinh Hà Say Hi - Tập 3: Lộ diện 6 Đội Trưởng & Full Demo bài hát Live Stage 2,tinh ha say hi tap 3 lo dien 6 doi truong full demo bai hat live stage 2,UCDV0U41nnwOZyKMW4e7oExQ,VieSTARS,unknown,,,16,2026-07-23T12:00:38.000Z,863,19096,0.0452,strong_reject_short,2026-08-12T13:52:21.084157+07:00,19.79,189.73,3754,False,False,False,False,available,8,LOW,REVIEW,,show_alias;numbered_episode;source_authority_unverified,apify_search,streamers/youtube-scraper,W1tKZGzU3uGHBIo5U,https://www.youtube.com/watch?v=OdqLJ_DHw6M
THSH,"Tinh Hà ""Say Hi""",THSH_2026,2026,airing,closed_season,,,,4fk_IdZArYs,https://www.youtube.com/watch?v=4fk_IdZArYs,"Trấn Thành được phen cười ná thở với ""trọng tài"" Dương Lâm, CONGB và vũ điệu ăn mừng |Tinh Hà Say Hi",tran thanh duoc phen cuoi na tho voi trong tai duong lam congb va vu dieu an mung tinh ha say hi,UCBVSuk_f8ZCPIQ_KwXEGWFw,VieTalents,unknown,,,19,2026-07-20T06:54:06.000Z,2099,19096,0.1099,strong_reject_short,2026-08-12T13:52:21.084157+07:00,23.0,7700.36,177099,False,False,False,False,available,6,LOW,REVIEW,,show_alias;plausible_duration,apify_search,streamers/youtube-scraper,W1tKZGzU3uGHBIo5U,https://www.youtube.com/watch?v=4fk_IdZArYs
THSH,"Tinh Hà ""Say Hi""",THSH_2026,2026,airing,closed_season,1,,,_TY8jqZHuE8,https://www.youtube.com/watch?v=_TY8jqZHuE8&list=RD_TY8jqZHuE8&start_radio=1,"Sảnh chờ TẬP 1 TINH HÀ ""SAY HI"" - hóng màn ra mắt của 24 Anh Trai cùng playlist nhà ""Say Hi""",sanh cho tap 1 tinh ha say hi hong man ra mat cua 24 anh trai cung playlist nha say hi,UCBVSuk_f8ZCPIQ_KwXEGWFw,VieTalents,unknown,,,4,2026-07-04T05:00:07.000Z,12824,19096,0.6716,normal,2026-08-12T13:52:21.084157+07:00,39.08,1717.23,67106,False,False,False,False,available,10,LOW,REVIEW,,show_alias;numbered_episode;plausible_duration;source_authority_unverified,apify_search,streamers/youtube-scraper,W1tKZGzU3uGHBIo5U,https://www.youtube.com/watch?v=_TY8jqZHuE8&list=RD_TY8jqZHuE8&start_radio=1
THSH,"Tinh Hà ""Say Hi""",THSH_2026,2026,airing,closed_season,,,,xETexMuAMFw,https://www.youtube.com/watch?v=xETexMuAMFw&list=RDxETexMuAMFw&start_radio=1,"Chill cùng TOP 15 HIT mới nhất từ Tinh Hà ""Say Hi"": Thế Giới Của Anh, 50 Cuộc Gọi Nhỡ, Mất La Bàn...",chill cung top 15 hit moi nhat tu tinh ha say hi the gioi cua anh 50 cuoc goi nho mat la ban,UCBVSuk_f8ZCPIQ_KwXEGWFw,VieTalents,unknown,,,2,2026-08-04T05:10:06.000Z,4410,19096,0.2309,strong_reject_short,2026-08-12T13:52:21.084157+07:00,8.07,7194.39,58066,False,False,False,False,available,6,LOW,REVIEW,,show_alias;plausible_duration,apify_search,streamers/youtube-scraper,W1tKZGzU3uGHBIo5U,https://www.youtube.com/watch?v=xETexMuAMFw&list=RDxETexMuAMFw&start_radio=1
THSH,"Tinh Hà ""Say Hi""",THSH_2026,2026,airing,closed_season,,,,6JYezwyG9Dc,https://www.youtube.com/watch?v=6JYezwyG9Dc,"MRT - XUÂN ĐỊNH KY, buitruonglinh, CAPTAIN BOY, HYO - bản ballad từ EP-TRẠM ĐẾN EM | TINH HÀ SAY HI",mrt xuan dinh ky buitruonglinh captain boy hyo ban ballad tu ep tram den em tinh ha say hi,UCBVSuk_f8ZCPIQ_KwXEGWFw,VieTalents,unknown,,,9,2026-08-09T03:30:01.000Z,1227,19096,0.0643,strong_reject_short,2026-08-12T13:52:21.084157+07:00,3.14,17508.94,54987,False,False,False,False,available,4,MEDIUM,EXCLUDE,,show_alias;episode_number_missing;duration_too_short,apify_search,streamers/youtube-scraper,W1tKZGzU3uGHBIo5U,https://www.youtube.com/watch?v=6JYezwyG9Dc
THSH,"Tinh Hà ""Say Hi""",THSH_2026,2026,airing,closed_season,6,,,7I9obn4JoNo,https://www.youtube.com/watch?v=7I9obn4JoNo,[DOLLIE REACTION] TINH HÀ SAY HI TẬP 6: Vòng Đấu EP | Team Quang Hùng MasterD - EP: TRẠM ĐẾN EM,dollie reaction tinh ha say hi tap 6 vong dau ep team quang hung masterd ep tram den em,UCGFgVaYHsUoHCsoGGl9Koug,Dollie nè mấy bà,unknown,,,14,2026-08-11T11:55:58.000Z,4950,19096,0.2592,strong_reject_short,2026-08-12T13:52:21.084157+07:00,0.79,16426.41,12963,False,False,False,False,available,-15,HIGH,EXCLUDE,reaction,hard_exclusion:reaction,apify_search,streamers/youtube-scraper,W1tKZGzU3uGHBIo5U,https://www.youtube.com/watch?v=7I9obn4JoNo
THSH,"Tinh Hà ""Say Hi""",THSH_2026,2026,airing,closed_season,1,,,AtIHwHuj8SQ,https://www.youtube.com/watch?v=AtIHwHuj8SQ,"TINH HÀ SAY HI TẬP 1: 24 Anh Trai đối mặt thử thách MV THEMESONG,ngập tràn twist với độ khó nâng cấp",tinh ha say hi tap 1 24 anh trai doi mat thu thach mv themesong ngap tran twist voi do kho nang cap,UCkna2OcuN1E6u5I8GVtdkOw,Vie Channel ,primary_broadcaster,,,8,2026-07-04T12:00:06.000Z,19096,19096,1.0,normal,2026-08-12T13:52:21.084157+07:00,38.79,207396.37,8044135,True,True,False,False,available,14,HIGH,INCLUDE,,show_alias;numbered_episode;official_channel;plausible_duration,apify_search,streamers/youtube-scraper,W1tKZGzU3uGHBIo5U,https://www.youtube.com/watch?v=AtIHwHuj8SQ
THSH,"Tinh Hà ""Say Hi""",THSH_2026,2026,airing,closed_season,,,,qG5IGZuYHl8,https://www.youtube.com/watch?v=qG5IGZuYHl8,"Cuộc đua ""khắc nghiệt"" cỡ nào mà các Anh Trai quằn cỡ này | TINH HÀ SAY HI",cuoc dua khac nghiet co nao ma cac anh trai quan co nay tinh ha say hi,UCBVSuk_f8ZCPIQ_KwXEGWFw,VieTalents,unknown,,,7,2026-07-18T02:00:12.000Z,1319,19096,0.0691,strong_reject_short,2026-08-12T13:52:21.084157+07:00,25.2,1251.36,31538,False,False,False,False,available,4,MEDIUM,EXCLUDE,,show_alias;episode_number_missing;duration_too_short,apify_search,streamers/youtube-scraper,W1tKZGzU3uGHBIo5U,https://www.youtube.com/watch?v=qG5IGZuYHl8
THSH,"Tinh Hà ""Say Hi""",THSH_2026,2026,airing,closed_season,,,,IO1vbkRBM20,https://www.youtube.com/watch?v=IO1vbkRBM20,"RUN TO YOU - Ali Hoàng Dương, IVAN, KIMLONG, Song Luân từ EP - TRẠM ĐẾN EM | TINH HÀ SAY HI",run to you ali hoang duong ivan kimlong song luan tu ep tram den em tinh ha say hi,UCBVSuk_f8ZCPIQ_KwXEGWFw,VieTalents,unknown,,,24,2026-08-09T04:30:10.000Z,1973,19096,0.1033,strong_reject_short,2026-08-12T13:52:21.084157+07:00,3.1,2946.36,9130,False,False,False,False,available,6,LOW,REVIEW,,show_alias;plausible_duration,apify_search,streamers/youtube-scraper,W1tKZGzU3uGHBIo5U,https://www.youtube.com/watch?v=IO1vbkRBM20
THSH,"Tinh Hà ""Say Hi""",THSH_2026,2026,airing,closed_season,,,,F3AAcXvwM3E,https://www.youtube.com/watch?v=F3AAcXvwM3E,HURRYKNG cười toe toét khi nghe thấy tên Idol và cái kết chọn đội ngã ngửa | Tinh Hà Say Hi,hurrykng cuoi toe toet khi nghe thay ten idol va cai ket chon doi nga ngua tinh ha say hi,UCBVSuk_f8ZCPIQ_KwXEGWFw,VieTalents,unknown,,,27,2026-08-03T05:34:27.000Z,1019,19096,0.0534,strong_reject_short,2026-08-12T13:52:21.084157+07:00,9.05,2587.89,23431,False,False,False,False,available,4,MEDIUM,EXCLUDE,,show_alias;episode_number_missing;duration_too_short,apify_search,streamers/youtube-scraper,W1tKZGzU3uGHBIo5U,https://www.youtube.com/watch?v=F3AAcXvwM3E
THSH,"Tinh Hà ""Say Hi""",THSH_2026,2026,airing,closed_season,,,,Dd78O2L9ZIA,https://www.youtube.com/watch?v=Dd78O2L9ZIA,"HURRYKNG soán ngôi ""CHƠI DƠ NHẤT"", Pháp Kiều truyền gen ""XÌ-LAY"" cho Ca Siêu | Tinh Hà ""Say Hi""",hurrykng soan ngoi choi do nhat phap kieu truyen gen xi lay cho ca sieu tinh ha say hi,UCBVSuk_f8ZCPIQ_KwXEGWFw,VieTalents,unknown,,,23,2026-07-20T04:51:24.000Z,2074,19096,0.1086,strong_reject_short,2026-08-12T13:52:21.084157+07:00,23.08,7955.34,183641,False,False,False,False,available,6,LOW,REVIEW,,show_alias;plausible_duration,apify_search,streamers/youtube-scraper,W1tKZGzU3uGHBIo5U,https://www.youtube.com/watch?v=Dd78O2L9ZIA
THSH,"Tinh Hà ""Say Hi""",THSH_2026,2026,airing,closed_season,,,,PWZCdwX6Id0,https://www.youtube.com/watch?v=PWZCdwX6Id0,"BTS: Dương Domic Song Luân tình thương mến thương, CONGB buitruonglinh thị phạm trước Dance Battle",bts duong domic song luan tinh thuong men thuong congb buitruonglinh thi pham truoc dance battle,UCkna2OcuN1E6u5I8GVtdkOw,Vie Channel ,primary_broadcaster,,,26,2026-08-12T05:01:54.000Z,511,19096,0.0268,strong_reject_short,2026-08-12T13:52:21.084157+07:00,0.08,51080.56,3918,False,False,False,False,available,-15,HIGH,EXCLUDE,bts,hard_exclusion:bts,apify_search,streamers/youtube-scraper,W1tKZGzU3uGHBIo5U,https://www.youtube.com/watch?v=PWZCdwX6Id0
THSH,"Tinh Hà ""Say Hi""",THSH_2026,2026,airing,closed_season,,,,CzOsMP8d5GY,https://www.youtube.com/watch?v=CzOsMP8d5GY,Cody Nam Võ BẬT KHÓC vì áp lực LẦN ĐẦU LÀM ĐỘI TRƯỞNG khiến các Anh Trai ĐAU LÒNG | Tinh Hà Say Hi,cody nam vo bat khoc vi ap luc lan dau lam doi truong khien cac anh trai dau long tinh ha say hi,UC2EDxDPvwukBy5QMy5o2jkQ,VieHomiez,unknown,,,22,2026-08-11T12:30:06.000Z,1451,19096,0.076,strong_reject_short,2026-08-12T13:52:21.084157+07:00,0.77,7884.23,6035,False,False,False,False,available,4,MEDIUM,EXCLUDE,,show_alias;episode_number_missing;duration_too_short,apify_search,streamers/youtube-scraper,W1tKZGzU3uGHBIo5U,https://www.youtube.com/watch?v=CzOsMP8d5GY
THSH,"Tinh Hà ""Say Hi""",THSH_2026,2026,airing,closed_season,,,,a_6hZ48Sx_k,https://www.youtube.com/watch?v=a_6hZ48Sx_k,"DANCE PRACTICE | MỘNG DUYÊN - Quang Hùng MasterD, JSOL, Sơn.K, Song Luân | TINH HÀ SAY HI",dance practice mong duyen quang hung masterd jsol son k song luan tinh ha say hi,UCkna2OcuN1E6u5I8GVtdkOw,Vie Channel ,primary_broadcaster,,,29,2026-08-05T04:01:55.000Z,1390,19096,0.0728,strong_reject_short,2026-08-12T13:52:21.084157+07:00,7.12,5143.04,36610,False,False,False,False,available,8,MEDIUM,EXCLUDE,,show_alias;official_channel;episode_number_missing;duration_too_short,apify_search,streamers/youtube-scraper,W1tKZGzU3uGHBIo5U,https://www.youtube.com/watch?v=a_6hZ48Sx_k
THSH,"Tinh Hà ""Say Hi""",THSH_2026,2026,airing,closed_season,,,,gGzQhCp2SQk,https://www.youtube.com/watch?v=gGzQhCp2SQk&list=RDgGzQhCp2SQk&start_radio=1,"SECRET - LINE DISTRIBUTION - Team Cody Nam Võ | Tinh Hà ""Say Hi""",secret line distribution team cody nam vo tinh ha say hi,UCzpv5GkSbYqkFdC_lOOi4aQ,VieShows,unknown,,,11,2026-08-11T12:00:16.000Z,623,19096,0.0326,strong_reject_short,2026-08-12T13:52:21.084157+07:00,0.79,2747.5,2160,False,False,False,False,available,4,MEDIUM,EXCLUDE,,show_alias;episode_number_missing;duration_too_short,apify_search,streamers/youtube-scraper,W1tKZGzU3uGHBIo5U,https://www.youtube.com/watch?v=gGzQhCp2SQk&list=RDgGzQhCp2SQk&start_radio=1
THSH,"Tinh Hà ""Say Hi""",THSH_2026,2026,airing,closed_season,,,,YR82TIJFbwM,https://www.youtube.com/watch?v=YR82TIJFbwM,"NHẬT KÝ “EP: TRẠM ĐẾN EM"" team Quang Hùng MasterD, POV: chuyến tàu về quê nghỉ lễ | Tinh Hà Say Hi",nhat ky ep tram den em team quang hung masterd pov chuyen tau ve que nghi le tinh ha say hi,UCkna2OcuN1E6u5I8GVtdkOw,Vie Channel ,primary_broadcaster,,,25,2026-08-12T04:00:47.000Z,592,19096,0.031,strong_reject_short,2026-08-12T13:52:21.084157+07:00,0.12,44215.22,5268,False,False,False,False,available,8,MEDIUM,EXCLUDE,,show_alias;official_channel;episode_number_missing;duration_too_short,apify_search,streamers/youtube-scraper,W1tKZGzU3uGHBIo5U,https://www.youtube.com/watch?v=YR82TIJFbwM
THSH,"Tinh Hà ""Say Hi""",THSH_2026,2026,airing,closed_season,,,,2u7MI2f5A1g,https://www.youtube.com/watch?v=2u7MI2f5A1g,"CONGB bật khóc giữa phòng chờ LIVESTAGE 3, JSOL nhận xét đối thủ ""CÁI TÔI CAO"" | TINH HÀ SAY HI",congb bat khoc giua phong cho livestage 3 jsol nhan xet doi thu cai toi cao tinh ha say hi,UCBVSuk_f8ZCPIQ_KwXEGWFw,VieTalents,unknown,,,21,2026-08-06T02:00:35.000Z,1054,19096,0.0552,strong_reject_short,2026-08-12T13:52:21.084157+07:00,6.2,20434.28,126746,False,False,False,False,available,4,MEDIUM,EXCLUDE,,show_alias;episode_number_missing;duration_too_short,apify_search,streamers/youtube-scraper,W1tKZGzU3uGHBIo5U,https://www.youtube.com/watch?v=2u7MI2f5A1g
THSH,"Tinh Hà ""Say Hi""",THSH_2026,2026,airing,closed_season,,,,63mloriuYFI,https://www.youtube.com/watch?v=63mloriuYFI,"Màn ""quánh ghen"" Song Luân áo quần tả tơi, kết quả của trận chiến cuối mới HẾT HỒN | Tinh Hà Say Hi",man quanh ghen song luan ao quan ta toi ket qua cua tran chien cuoi moi het hon tinh ha say hi,UCBVSuk_f8ZCPIQ_KwXEGWFw,VieTalents,unknown,,,13,2026-08-03T03:31:42.000Z,1485,19096,0.0778,strong_reject_short,2026-08-12T13:52:21.084157+07:00,9.14,6153.18,56236,False,False,False,False,available,4,MEDIUM,EXCLUDE,,show_alias;episode_number_missing;duration_too_short,apify_search,streamers/youtube-scraper,W1tKZGzU3uGHBIo5U,https://www.youtube.com/watch?v=63mloriuYFI
THSH,"Tinh Hà ""Say Hi""",THSH_2026,2026,airing,closed_season,6,,,pfZ_y-qC9rU,https://www.youtube.com/watch?v=pfZ_y-qC9rU,Tinh Hà Say Hi Tập 6: Hành trình 14 ngày chạy nước rút hoàn thiện EP Trạm Đến Em của Liên Quân 2,tinh ha say hi tap 6 hanh trinh 14 ngay chay nuoc rut hoan thien ep tram den em cua lien quan 2,UCDV0U41nnwOZyKMW4e7oExQ,VieSTARS,unknown,,,2,2026-08-12T06:22:17.000Z,1742,19096,0.0912,strong_reject_short,2026-08-12T13:52:21.084157+07:00,0.02,2250.89,47,False,False,False,False,available,10,LOW,REVIEW,,show_alias;numbered_episode;plausible_duration;source_authority_unverified,apify_search,streamers/youtube-scraper,W1tKZGzU3uGHBIo5U,https://www.youtube.com/watch?v=pfZ_y-qC9rU
THSH,"Tinh Hà ""Say Hi""",THSH_2026,2026,airing,closed_season,1,,,zoaPaVFD7TY,https://www.youtube.com/watch?v=zoaPaVFD7TY,"Tinh Hà Say Hi - Tập 1: CoolKid ""đuổi thẳng"" JSOL, HURRYKNG hứa 1 nụ hôn, ""cái đuôi nhỏ"" VƯƠNG BÌNH",tinh ha say hi tap 1 coolkid duoi thang jsol hurrykng hua 1 nu hon cai duoi nho vuong binh,UCDV0U41nnwOZyKMW4e7oExQ,VieSTARS,unknown,,,20,2026-07-07T05:00:26.000Z,981,19096,0.0514,strong_reject_short,2026-08-12T13:52:21.084157+07:00,36.08,309.08,11151,False,False,False,False,available,8,LOW,REVIEW,,show_alias;numbered_episode;source_authority_unverified,apify_search,streamers/youtube-scraper,W1tKZGzU3uGHBIo5U,https://www.youtube.com/watch?v=zoaPaVFD7TY
THSH,"Tinh Hà ""Say Hi""",THSH_2026,2026,airing,closed_season,3,,,LnZjcfspWfM,https://www.youtube.com/watch?v=LnZjcfspWfM,"TINH HÀ SAY HI TẬP 3: Đại hội thể thao ""độc lạ"", hé lộ các màn KẾT HỢP LẦN ĐẦU TIÊN tại  Livestage 2",tinh ha say hi tap 3 dai hoi the thao doc la he lo cac man ket hop lan dau tien tai livestage 2,UCkna2OcuN1E6u5I8GVtdkOw,Vie Channel ,primary_broadcaster,,,1,2026-07-18T12:00:07.000Z,20342,19096,1.0652,normal,2026-08-12T13:52:21.084157+07:00,24.79,256470.82,6356956,True,True,False,False,available,14,HIGH,INCLUDE,,show_alias;numbered_episode;official_channel;plausible_duration,apify_search,streamers/youtube-scraper,W1tKZGzU3uGHBIo5U,https://www.youtube.com/watch?v=LnZjcfspWfM
THSH,"Tinh Hà ""Say Hi""",THSH_2026,2026,airing,closed_season,3,,,sWY60CTYH2Y,https://www.youtube.com/watch?v=sWY60CTYH2Y,"Game Lăn Bóng Tinh Hà: Dàn Anh Trai diện outfit kỳ lạ, quyết chiến giành bóng | Tinh Hà Say Hi Tập 3",game lan bong tinh ha dan anh trai dien outfit ky la quyet chien gianh bong tinh ha say hi tap 3,UCDV0U41nnwOZyKMW4e7oExQ,VieSTARS,unknown,,,1,2026-07-21T12:00:15.000Z,4262,19096,0.2232,strong_reject_short,2026-08-12T13:52:21.084157+07:00,21.79,1489.11,32442,False,False,False,False,available,10,LOW,REVIEW,,show_alias;numbered_episode;plausible_duration;source_authority_unverified,apify_search,streamers/youtube-scraper,W1tKZGzU3uGHBIo5U,https://www.youtube.com/watch?v=sWY60CTYH2Y
THSH,"Tinh Hà ""Say Hi""",THSH_2026,2026,airing,closed_season,4,,,Tn8hY0WsE3I,https://www.youtube.com/watch?v=Tn8hY0WsE3I,"TINH HÀ SAY HI TẬP 4: 6 màn kết hợp với dàn NGHỆ SĨ QUỐC TẾ chưa từng có,sẵn sàng bùng nổ LIVESTAGE2",tinh ha say hi tap 4 6 man ket hop voi dan nghe si quoc te chua tung co san sang bung no livestage2,UCkna2OcuN1E6u5I8GVtdkOw,Vie Channel ,primary_broadcaster,,,0,2026-07-25T13:00:07.000Z,17401,19096,0.9112,normal,2026-08-12T13:52:21.084157+07:00,17.74,256147.79,4545242,True,True,False,False,available,14,HIGH,INCLUDE,,show_alias;numbered_episode;official_channel;plausible_duration,apify_search,streamers/youtube-scraper,W1tKZGzU3uGHBIo5U,https://www.youtube.com/watch?v=Tn8hY0WsE3I
THSH,"Tinh Hà ""Say Hi""",THSH_2026,2026,airing,closed_season,3,,,r22u8-lUuQ8,https://www.youtube.com/watch?v=r22u8-lUuQ8,"Game Siêu Tốc Độ: 24 Anh Trai ""vắt chân lên cổ"" chạy tiếp sức cùng Mascot | Tinh Hà Say Hi Tập 3",game sieu toc do 24 anh trai vat chan len co chay tiep suc cung mascot tinh ha say hi tap 3,UCDV0U41nnwOZyKMW4e7oExQ,VieSTARS,unknown,,,2,2026-07-21T11:00:00.000Z,2050,19096,0.1074,strong_reject_short,2026-08-12T13:52:21.084157+07:00,21.83,2414.33,52700,False,False,False,False,available,10,LOW,REVIEW,,show_alias;numbered_episode;plausible_duration;source_authority_unverified,apify_search,streamers/youtube-scraper,W1tKZGzU3uGHBIo5U,https://www.youtube.com/watch?v=r22u8-lUuQ8
THSH,"Tinh Hà ""Say Hi""",THSH_2026,2026,airing,closed_season,6,,,0mQn-pPDLuM,https://www.youtube.com/watch?v=0mQn-pPDLuM,TINH HÀ SAY HI TẬP 6: Vòng Đấu EP | Team Quang Hùng MasterD - EP: TRẠM ĐẾN EM,tinh ha say hi tap 6 vong dau ep team quang hung masterd ep tram den em,UCkna2OcuN1E6u5I8GVtdkOw,Vie Channel ,primary_broadcaster,,,10,2026-08-08T13:00:06.000Z,13491,19096,0.7065,normal,2026-08-12T13:52:21.084157+07:00,3.74,847957.82,3175279,True,True,False,False,available,14,HIGH,INCLUDE,,show_alias;numbered_episode;official_channel;plausible_duration,apify_search,streamers/youtube-scraper,W1tKZGzU3uGHBIo5U,https://www.youtube.com/watch?v=0mQn-pPDLuM
THSH,"Tinh Hà ""Say Hi""",THSH_2026,2026,airing,closed_season,6,,,00vqufE21Xw,https://www.youtube.com/watch?v=00vqufE21Xw&list=RD00vqufE21Xw&start_radio=1,"Sảnh chờ TẬP 6 TINH HÀ ""SAY HI"" - chờ đón RUN TO YOU, MRT, SECRET cùng Liên Quân 2 tại LIVESTAGE 3",sanh cho tap 6 tinh ha say hi cho don run to you mrt secret cung lien quan 2 tai livestage 3,UCBVSuk_f8ZCPIQ_KwXEGWFw,VieTalents,unknown,,,3,2026-08-08T05:00:07.000Z,9292,19096,0.4866,review_short,2026-08-12T13:52:21.084157+07:00,4.08,3925.51,16008,False,False,False,False,available,10,LOW,REVIEW,,show_alias;numbered_episode;plausible_duration;source_authority_unverified,apify_search,streamers/youtube-scraper,W1tKZGzU3uGHBIo5U,https://www.youtube.com/watch?v=00vqufE21Xw&list=RD00vqufE21Xw&start_radio=1
THSH,"Tinh Hà ""Say Hi""",THSH_2026,2026,airing,closed_season,6,,,Ilqu9tZJ1_U,https://www.youtube.com/watch?v=Ilqu9tZJ1_U,HIGHLIGHT TẬP 6 CƯỜI RẦN RẦN: Ali Hoàng Dương nổ Tiếng Anh sai bét và cái kết QUÊ MỘT CỤC | Tinh Hà,highlight tap 6 cuoi ran ran ali hoang duong no tieng anh sai bet va cai ket que mot cuc tinh ha,UCzpv5GkSbYqkFdC_lOOi4aQ,VieShows,unknown,,,1,2026-08-06T04:15:06.000Z,1506,19096,0.0789,strong_reject_short,2026-08-12T13:52:21.084157+07:00,6.11,13781.83,84196,False,False,False,False,available,-15,HIGH,EXCLUDE,highlight,hard_exclusion:highlight,apify_search,streamers/youtube-scraper,W1tKZGzU3uGHBIo5U,https://www.youtube.com/watch?v=Ilqu9tZJ1_U
THSH,"Tinh Hà ""Say Hi""",THSH_2026,2026,airing,closed_season,4,,,cKWkVIdmqKU,https://www.youtube.com/watch?v=cKWkVIdmqKU,"XEM TRƯỚC TẬP 4: 2 Liên Quân ""battle"" không thương tiếc, công bố trang phục 6 đội | Tinh Hà Say Hi",xem truoc tap 4 2 lien quan battle khong thuong tiec cong bo trang phuc 6 doi tinh ha say hi,UC2Lgi2uPsOcCVF3imz7l2mg,Vie GIẢITRÍ,official_distribution_partner,,,1,2026-07-23T03:14:02.000Z,990,19096,0.0518,strong_reject_short,2026-08-12T13:52:21.084157+07:00,20.15,3003.23,60520,False,False,False,False,available,-15,HIGH,EXCLUDE,xem truoc,hard_exclusion:xem truoc,apify_search,streamers/youtube-scraper,W1tKZGzU3uGHBIo5U,https://www.youtube.com/watch?v=cKWkVIdmqKU
THSH,"Tinh Hà ""Say Hi""",THSH_2026,2026,airing,closed_season,5,,,kr4xj89HwiI,https://www.youtube.com/watch?v=kr4xj89HwiI,"GAME VÀO PHÒNG: Song Luân WEAN căng sức, Wren Evans bất bình dùm Pháp Kiều | Tinh Hà Say Hi Tập 5",game vao phong song luan wean cang suc wren evans bat binh dum phap kieu tinh ha say hi tap 5,UCDV0U41nnwOZyKMW4e7oExQ,VieSTARS,unknown,,,1,2026-08-03T12:00:06.000Z,3458,19096,0.1811,strong_reject_short,2026-08-12T13:52:21.084157+07:00,8.79,17455.84,153372,False,False,False,False,available,10,LOW,REVIEW,,show_alias;numbered_episode;plausible_duration;source_authority_unverified,apify_search,streamers/youtube-scraper,W1tKZGzU3uGHBIo5U,https://www.youtube.com/watch?v=kr4xj89HwiI
THSH,"Tinh Hà ""Say Hi""",THSH_2026,2026,airing,closed_season,5,,,v7Wv1olzyNA,https://www.youtube.com/watch?v=v7Wv1olzyNA,"CỰC SỐC ""THÂN PHẬN THẬT"" của các Anh Trai được tiết lộ trong tập 5, ai là Trùm Cuối | Tinh Hà Say Hi",cuc soc than phan that cua cac anh trai duoc tiet lo trong tap 5 ai la trum cuoi tinh ha say hi,UCzpv5GkSbYqkFdC_lOOi4aQ,VieShows,unknown,,,3,2026-07-30T13:00:07.000Z,1807,19096,0.0946,strong_reject_short,2026-08-12T13:52:21.084157+07:00,12.74,7085.51,90302,False,False,False,False,available,10,LOW,REVIEW,,show_alias;numbered_episode;plausible_duration;source_authority_unverified,apify_search,streamers/youtube-scraper,W1tKZGzU3uGHBIo5U,https://www.youtube.com/watch?v=v7Wv1olzyNA
THSH,"Tinh Hà ""Say Hi""",THSH_2026,2026,airing,closed_season,5,,,StPsQV2sKRY,https://www.youtube.com/watch?v=StPsQV2sKRY,"TINH HÀ SAY HI TẬP 5: Màn chọn đội châm ngòi cuộc chiến 2 Liên Quân khắc nghiệt, đếm ngược Vòng Loại",tinh ha say hi tap 5 man chon doi cham ngoi cuoc chien 2 lien quan khac nghiet dem nguoc vong loai,UCkna2OcuN1E6u5I8GVtdkOw,Vie Channel ,primary_broadcaster,,,0,2026-08-01T12:00:06.000Z,20955,19096,1.0974,normal,2026-08-12T13:52:21.084157+07:00,10.79,516111.4,5566925,True,True,False,False,available,14,HIGH,INCLUDE,,show_alias;numbered_episode;official_channel;plausible_duration,apify_search,streamers/youtube-scraper,W1tKZGzU3uGHBIo5U,https://www.youtube.com/watch?v=StPsQV2sKRY
THSH,"Tinh Hà ""Say Hi""",THSH_2026,2026,airing,closed_season,,,,Rb3hfEPyJxQ,https://www.youtube.com/watch?v=Rb3hfEPyJxQ&list=RDRb3hfEPyJxQ&start_radio=1,"SECRET - Cody Nam Võ, Quang Hùng MasterD, Wren Evans, CONGB | TINH HÀ SAY HI [PERFORMANCE]",secret cody nam vo quang hung masterd wren evans congb tinh ha say hi performance,UC2fu6CiFfNYz5UFORvFyc0w,Vie Channel - MUSIC,unknown,,,4,2026-08-09T05:00:06.000Z,320,19096,0.0168,strong_reject_short,2026-08-12T13:52:21.084157+07:00,3.08,582872.57,1794054,False,False,False,False,available,-15,HIGH,EXCLUDE,performance,hard_exclusion:performance,apify_search,streamers/youtube-scraper,W1tKZGzU3uGHBIo5U,https://www.youtube.com/watch?v=Rb3hfEPyJxQ&list=RDRb3hfEPyJxQ&start_radio=1
THSH,"Tinh Hà ""Say Hi""",THSH_2026,2026,airing,closed_season,2,,,9oe2Hk0vTxE,https://www.youtube.com/watch?v=9oe2Hk0vTxE,"TINH HÀ SAY HI TẬP 2: 24 Anh Trai nâng cấp cuộc chiến, tranh đấu với 6 set quay Performance Video",tinh ha say hi tap 2 24 anh trai nang cap cuoc chien tranh dau voi 6 set quay performance video,UCkna2OcuN1E6u5I8GVtdkOw,Vie Channel ,primary_broadcaster,,,0,2026-07-11T13:00:06.000Z,15128,19096,0.7922,normal,2026-08-12T13:52:21.084157+07:00,31.74,153448.68,4871170,False,False,False,False,available,-15,HIGH,EXCLUDE,performance,hard_exclusion:performance,apify_search,streamers/youtube-scraper,W1tKZGzU3uGHBIo5U,https://www.youtube.com/watch?v=9oe2Hk0vTxE
THSH,"Tinh Hà ""Say Hi""",THSH_2026,2026,airing,closed_season,2,,,pJWXb8ofStw,https://www.youtube.com/watch?v=pJWXb8ofStw,"Say Hi Rực Rỡ - Tập 2: ""Dành Dành"" Đức Phúc phát tán sức hút, các anh trai ""sợ hãi"" Dương Lâm",say hi ruc ro tap 2 danh danh duc phuc phat tan suc hut cac anh trai so hai duong lam,UCFMEYTv6N64hIL9FlQ_hxBw,ĐÔNG TÂY PROMOTION OFFICIAL,primary_producer,,,3,2026-06-14T13:00:07.000Z,7173,19096,0.3756,review_short,2026-08-12T13:52:21.084157+07:00,58.74,48748.9,2863735,False,False,False,False,available,10,HIGH,EXCLUDE,,numbered_episode;official_channel;plausible_duration;show_alias_missing,apify_search,streamers/youtube-scraper,W1tKZGzU3uGHBIo5U,https://www.youtube.com/watch?v=pJWXb8ofStw
THSH,"Tinh Hà ""Say Hi""",THSH_2026,2026,airing,closed_season,,,,efMuQ678sbM,https://www.youtube.com/watch?v=efMuQ678sbM&list=RDefMuQ678sbM&start_radio=1,"Tổng hợp 6 bài hát BÙNG NỔ Livestage 2 TINH HÀ SAY HI: Mộng Duyên, Mưa Vội Phóng, Thế Giới Của Anh..",tong hop 6 bai hat bung no livestage 2 tinh ha say hi mong duyen mua voi phong the gioi cua anh,UCGqQeQ4wSCSCKbtxzG5qzlw,VieBeauty,unknown,,,2,2026-07-27T02:51:01.000Z,1818,19096,0.0952,strong_reject_short,2026-08-12T13:52:21.084157+07:00,16.17,11313.93,182919,False,False,False,False,available,6,LOW,REVIEW,,show_alias;plausible_duration,apify_search,streamers/youtube-scraper,W1tKZGzU3uGHBIo5U,https://www.youtube.com/watch?v=efMuQ678sbM&list=RDefMuQ678sbM&start_radio=1
THSH,"Tinh Hà ""Say Hi""",THSH_2026,2026,airing,closed_season,,,,zCnWDjEq-NY,https://www.youtube.com/watch?v=zCnWDjEq-NY&list=RDzCnWDjEq-NY&start_radio=1,"Trọn bộ 12 tiết mục LIVESTAGE 1&2 Tinh Hà ""Say Hi"" - Mộng Duyên, Mưa Vội Phóng, IDNAT,...",tron bo 12 tiet muc livestage 1 2 tinh ha say hi mong duyen mua voi phong idnat,UCBVSuk_f8ZCPIQ_KwXEGWFw,VieTalents,unknown,,,4,2026-07-27T05:00:19.000Z,3470,19096,0.1817,strong_reject_short,2026-08-12T13:52:21.084157+07:00,16.08,6815.55,109579,False,False,False,False,available,6,LOW,REVIEW,,show_alias;plausible_duration,apify_search,streamers/youtube-scraper,W1tKZGzU3uGHBIo5U,https://www.youtube.com/watch?v=zCnWDjEq-NY&list=RDzCnWDjEq-NY&start_radio=1
THSH,"Tinh Hà ""Say Hi""",THSH_2026,2026,airing,closed_season,,,,wgOC10x9OX4,https://www.youtube.com/watch?v=wgOC10x9OX4&list=RDwgOC10x9OX4&start_radio=1,"FULL 6 Tiết Mục Live Stage 2 - Tinh Hà Say Hi | Mộng Duyên, Mưa Vội Phóng, Có Gì Đâu Mà Cay,...",full 6 tiet muc live stage 2 tinh ha say hi mong duyen mua voi phong co gi dau ma cay,UC2Lgi2uPsOcCVF3imz7l2mg,Vie GIẢITRÍ,official_distribution_partner,,,2,2026-07-27T04:53:33.000Z,1830,19096,0.0958,strong_reject_short,2026-08-12T13:52:21.084157+07:00,16.08,6186.1,99488,False,False,False,False,available,10,LOW,REVIEW,,show_alias;official_channel;plausible_duration;source_authority_unverified,apify_search,streamers/youtube-scraper,W1tKZGzU3uGHBIo5U,https://www.youtube.com/watch?v=wgOC10x9OX4&list=RDwgOC10x9OX4&start_radio=1
THSH,"Tinh Hà ""Say Hi""",THSH_2026,2026,airing,closed_season,2,,,ywaS_0fVwgM,https://www.youtube.com/watch?v=ywaS_0fVwgM,"[BTS] Tinh tế như Wren Evans chăm sóc IVAN, Ali Hoàng Dương ""đâm chọt"" WEAN | Tinh Hà Say Hi - Tập 2",bts tinh te nhu wren evans cham soc ivan ali hoang duong dam chot wean tinh ha say hi tap 2,UC2Lgi2uPsOcCVF3imz7l2mg,Vie GIẢITRÍ,official_distribution_partner,,,7,2026-07-15T06:21:34.000Z,1046,19096,0.0548,strong_reject_short,2026-08-12T13:52:21.084157+07:00,28.02,1884.6,52809,False,False,False,False,available,-15,HIGH,EXCLUDE,bts,hard_exclusion:bts,apify_search,streamers/youtube-scraper,W1tKZGzU3uGHBIo5U,https://www.youtube.com/watch?v=ywaS_0fVwgM
THSH,"Tinh Hà ""Say Hi""",THSH_2026,2026,airing,closed_season,2,,,L-1bIOHKXIw,https://www.youtube.com/watch?v=L-1bIOHKXIw,"XEM TRƯỚC TẬP 2: IVAN làm thơ tiếng Việt, hé lộ 6 sân khấu Live Stage 1 | Tinh Hà Say Hi - Tập 2",xem truoc tap 2 ivan lam tho tieng viet he lo 6 san khau live stage 1 tinh ha say hi tap 2,UC2Lgi2uPsOcCVF3imz7l2mg,Vie GIẢITRÍ,official_distribution_partner,,,5,2026-07-11T03:00:33.000Z,1469,19096,0.0769,strong_reject_short,2026-08-12T13:52:21.084157+07:00,32.16,835.64,26875,False,False,False,False,available,-15,HIGH,EXCLUDE,xem truoc,hard_exclusion:xem truoc,apify_search,streamers/youtube-scraper,W1tKZGzU3uGHBIo5U,https://www.youtube.com/watch?v=L-1bIOHKXIw
THSH,"Tinh Hà ""Say Hi""",THSH_2026,2026,airing,closed_season,,,,ZZdWztAF6Qs,https://www.youtube.com/watch?v=ZZdWztAF6Qs&list=RDZZdWztAF6Qs&start_radio=1,"TINH HÀ SAY HI PLAYLIST | FULL 6 TIẾT MỤC LIVESTAGE 2: Mộng Duyên, Thế Giới Của Anh,...",tinh ha say hi playlist full 6 tiet muc livestage 2 mong duyen the gioi cua anh,UC2fu6CiFfNYz5UFORvFyc0w,Vie Channel - MUSIC,unknown,,,6,2026-08-03T12:00:14.000Z,1768,19096,0.0926,strong_reject_short,2026-08-12T13:52:21.084157+07:00,8.79,2409.8,21173,False,False,False,False,available,6,LOW,REVIEW,,show_alias;plausible_duration,apify_search,streamers/youtube-scraper,W1tKZGzU3uGHBIo5U,https://www.youtube.com/watch?v=ZZdWztAF6Qs&list=RDZZdWztAF6Qs&start_radio=1
ATVNCG,Anh Trai Vượt Ngàn Chông Gai,ATVNCG_2024,2024,completed,closed_season,15,,,8NbKhGsnJyI,https://www.youtube.com/watch?v=8NbKhGsnJyI&list=PLt3LgMEKzFxy03fvdFk_rEtjfVJfD8pUq&index=1,Anh Trai Vượt Ngàn Chông Gai 2024 - Tập 15  | GIA TỘC ANH TÀI tạo nên mùa hè 2024 rực rỡ,anh trai vuot ngan chong gai 2024 tap 15 gia toc anh tai tao nen mua he 2024 ruc ro,UCh_zF2FsiCflCPgYDudtcqg,YEAH1 SHOW,primary_producer_broadcaster,PLt3LgMEKzFxy03fvdFk_rEtjfVJfD8pUq,,0,2024-10-19T13:30:07.000Z,7429,7626,0.9742,normal,2026-08-12T13:29:41.176900+07:00,661.71,8825.9,5840166,True,True,False,False,available,20,HIGH,INCLUDE,,show_alias;numbered_episode;official_channel;official_full_playlist;plausible_duration,official_playlist,streamers/youtube-scraper,5qWXsxtUoecRLfh75,https://www.youtube.com/watch?v=8NbKhGsnJyI&list=PLt3LgMEKzFxy03fvdFk_rEtjfVJfD8pUq&index=1
ATVNCG,Anh Trai Vượt Ngàn Chông Gai,ATVNCG_2024,2024,completed,closed_season,10,,,QqCausYrRRY,https://www.youtube.com/watch?v=QqCausYrRRY&list=PLt3LgMEKzFxy03fvdFk_rEtjfVJfD8pUq&index=6,"Anh Trai Vượt Ngàn Chông Gai 2024 - Tập 10 | Anh Tài Tự Long TRUYỀN LỬA, 8 sân khấu ĐỈNH NÓC",anh trai vuot ngan chong gai 2024 tap 10 anh tai tu long truyen lua 8 san khau dinh noc,UCh_zF2FsiCflCPgYDudtcqg,YEAH1 SHOW,primary_producer_broadcaster,PLt3LgMEKzFxy03fvdFk_rEtjfVJfD8pUq,,5,2024-09-07T13:30:08.000Z,9711,7626,1.2734,normal,2026-08-12T13:29:41.176900+07:00,703.71,6582.96,4632480,True,True,False,False,available,20,HIGH,INCLUDE,,show_alias;numbered_episode;official_channel;official_full_playlist;plausible_duration,official_playlist,streamers/youtube-scraper,5qWXsxtUoecRLfh75,https://www.youtube.com/watch?v=QqCausYrRRY&list=PLt3LgMEKzFxy03fvdFk_rEtjfVJfD8pUq&index=6
ATVNCG,Anh Trai Vượt Ngàn Chông Gai,ATVNCG_2024,2024,completed,closed_season,1,,,G8D8xVwhRy8,https://www.youtube.com/watch?v=G8D8xVwhRy8&list=PLt3LgMEKzFxy03fvdFk_rEtjfVJfD8pUq&index=15,Anh Trai Vượt Ngàn Chông Gai 2024 - Tập 1 | 33 Anh Tài “bung miếng” & concert cháy hết mình,anh trai vuot ngan chong gai 2024 tap 1 33 anh tai bung mieng concert chay het minh,UCh_zF2FsiCflCPgYDudtcqg,YEAH1 SHOW,primary_producer_broadcaster,PLt3LgMEKzFxy03fvdFk_rEtjfVJfD8pUq,,14,2024-06-29T13:30:07.000Z,9021,7626,1.1829,normal,2026-08-12T13:29:41.176900+07:00,773.71,12450.96,9633408,True,True,False,False,available,20,HIGH,INCLUDE,,show_alias;numbered_episode;official_channel;official_full_playlist;plausible_duration,official_playlist,streamers/youtube-scraper,5qWXsxtUoecRLfh75,https://www.youtube.com/watch?v=G8D8xVwhRy8&list=PLt3LgMEKzFxy03fvdFk_rEtjfVJfD8pUq&index=15
ATVNCG,Anh Trai Vượt Ngàn Chông Gai,ATVNCG_2024,2024,completed,closed_season,3,,,WmHmtuTUBw8,https://www.youtube.com/watch?v=WmHmtuTUBw8&list=PLt3LgMEKzFxy03fvdFk_rEtjfVJfD8pUq&index=13,"Anh Trai Vượt Ngàn Chông Gai 2024 - Tập 3 | Tự Long được săn đón, BB Trần áp lực điểm số?",anh trai vuot ngan chong gai 2024 tap 3 tu long duoc san don bb tran ap luc diem so,UCecta98cdYVFV6L_lfH__IA,YeaH1 Giải Trí,unknown,PLt3LgMEKzFxy03fvdFk_rEtjfVJfD8pUq,,12,2024-07-13T13:30:07.000Z,7017,7626,0.9201,normal,2026-08-12T13:29:41.176900+07:00,759.71,6540.43,4968817,True,True,False,False,available,16,HIGH,INCLUDE,,show_alias;numbered_episode;official_full_playlist;plausible_duration,official_playlist,streamers/youtube-scraper,5qWXsxtUoecRLfh75,https://www.youtube.com/watch?v=WmHmtuTUBw8&list=PLt3LgMEKzFxy03fvdFk_rEtjfVJfD8pUq&index=13
ATVNCG,Anh Trai Vượt Ngàn Chông Gai,ATVNCG_2024,2024,completed,closed_season,11,,,6YAlgIs1ip0,https://www.youtube.com/watch?v=6YAlgIs1ip0&list=PLt3LgMEKzFxy03fvdFk_rEtjfVJfD8pUq&index=5,"Anh Trai Vượt Ngàn Chông Gai 2024 - Tập 11 | RHYMASTIC VS SOOBIN, 2 Anh Tài HỒI SINH là ai?",anh trai vuot ngan chong gai 2024 tap 11 rhymastic vs soobin 2 anh tai hoi sinh la ai,UCecta98cdYVFV6L_lfH__IA,YeaH1 Giải Trí,unknown,PLt3LgMEKzFxy03fvdFk_rEtjfVJfD8pUq,,4,2024-09-21T21:16:17.000Z,7002,7626,0.9182,normal,2026-08-12T13:29:41.176900+07:00,689.38,6328.33,4362649,True,True,False,False,available,16,HIGH,INCLUDE,,show_alias;numbered_episode;official_full_playlist;plausible_duration,official_playlist,streamers/youtube-scraper,5qWXsxtUoecRLfh75,https://www.youtube.com/watch?v=6YAlgIs1ip0&list=PLt3LgMEKzFxy03fvdFk_rEtjfVJfD8pUq&index=5
ATVNCG,Anh Trai Vượt Ngàn Chông Gai,ATVNCG_2024,2024,completed,closed_season,14,,,HDXbBkkDu6U,https://www.youtube.com/watch?v=HDXbBkkDu6U&list=PLt3LgMEKzFxy03fvdFk_rEtjfVJfD8pUq&index=2,Anh Trai Vượt Ngàn Chông Gai 2024 - Tập 14 | SUẤT RA MẮT thuộc về Cường Seven hay Tiến Đạt?,anh trai vuot ngan chong gai 2024 tap 14 suat ra mat thuoc ve cuong seven hay tien dat,UCh_zF2FsiCflCPgYDudtcqg,YEAH1 SHOW,primary_producer_broadcaster,PLt3LgMEKzFxy03fvdFk_rEtjfVJfD8pUq,,1,2024-10-12T13:30:08.000Z,7281,7626,0.9548,normal,2026-08-12T13:29:41.176900+07:00,668.71,6443.24,4308643,True,True,False,False,available,20,HIGH,INCLUDE,,show_alias;numbered_episode;official_channel;official_full_playlist;plausible_duration,official_playlist,streamers/youtube-scraper,5qWXsxtUoecRLfh75,https://www.youtube.com/watch?v=HDXbBkkDu6U&list=PLt3LgMEKzFxy03fvdFk_rEtjfVJfD8pUq&index=2
ATVNCG,Anh Trai Vượt Ngàn Chông Gai,ATVNCG_2024,2024,completed,closed_season,6,,,uLiIfZqmneQ,https://www.youtube.com/watch?v=uLiIfZqmneQ&list=PLt3LgMEKzFxy03fvdFk_rEtjfVJfD8pUq&index=10,Anh Trai Vượt Ngàn Chông Gai 2024 - Tập 6 | Gia Tộc 33 Anh Tài– yêu thương tạo nên sức mạnh,anh trai vuot ngan chong gai 2024 tap 6 gia toc 33 anh tai yeu thuong tao nen suc manh,UCecta98cdYVFV6L_lfH__IA,YeaH1 Giải Trí,unknown,PLt3LgMEKzFxy03fvdFk_rEtjfVJfD8pUq,,9,2024-08-10T13:30:07.000Z,7467,7626,0.9792,normal,2026-08-12T13:29:41.176900+07:00,731.71,4857.31,3554134,True,True,False,False,available,16,HIGH,INCLUDE,,show_alias;numbered_episode;official_full_playlist;plausible_duration,official_playlist,streamers/youtube-scraper,5qWXsxtUoecRLfh75,https://www.youtube.com/watch?v=uLiIfZqmneQ&list=PLt3LgMEKzFxy03fvdFk_rEtjfVJfD8pUq&index=10
ATVNCG,Anh Trai Vượt Ngàn Chông Gai,ATVNCG_2024,2024,completed,closed_season,7,,,u-qb8Ayxk2Q,https://www.youtube.com/watch?v=u-qb8Ayxk2Q&list=PLt3LgMEKzFxy03fvdFk_rEtjfVJfD8pUq&index=9,"Anh Trai Vượt Ngàn Chông Gai 2024- Tập 7 | Đội hình khủng long lộ diện, ai lên ngôi đầu bếp?",anh trai vuot ngan chong gai 2024 tap 7 doi hinh khung long lo dien ai len ngoi dau bep,UCecta98cdYVFV6L_lfH__IA,YeaH1 Giải Trí,unknown,PLt3LgMEKzFxy03fvdFk_rEtjfVJfD8pUq,,8,2024-08-17T13:30:09.000Z,7290,7626,0.9559,normal,2026-08-12T13:29:41.176900+07:00,724.71,4223.28,3060644,True,True,False,False,available,16,HIGH,INCLUDE,,show_alias;numbered_episode;official_full_playlist;plausible_duration,official_playlist,streamers/youtube-scraper,5qWXsxtUoecRLfh75,https://www.youtube.com/watch?v=u-qb8Ayxk2Q&list=PLt3LgMEKzFxy03fvdFk_rEtjfVJfD8pUq&index=9
ATVNCG,Anh Trai Vượt Ngàn Chông Gai,ATVNCG_2024,2024,completed,closed_season,4,,,OVoASkmWlGs,https://www.youtube.com/watch?v=OVoASkmWlGs&list=PLt3LgMEKzFxy03fvdFk_rEtjfVJfD8pUq&index=12,"Anh Trai Vượt Ngàn Chông Gai 2024 - Tập 4 | Duy Khánh, Cường Seven và 8 NHÀ bùng nổ giai điệu tự hào",anh trai vuot ngan chong gai 2024 tap 4 duy khanh cuong seven va 8 nha bung no giai dieu tu hao,UCh_zF2FsiCflCPgYDudtcqg,YEAH1 SHOW,primary_producer_broadcaster,PLt3LgMEKzFxy03fvdFk_rEtjfVJfD8pUq,,11,2024-07-27T13:30:07.000Z,11513,7626,1.5097,normal,2026-08-12T13:29:41.176900+07:00,745.71,7857.51,5859408,True,True,False,False,available,20,HIGH,INCLUDE,,show_alias;numbered_episode;official_channel;official_full_playlist;plausible_duration,official_playlist,streamers/youtube-scraper,5qWXsxtUoecRLfh75,https://www.youtube.com/watch?v=OVoASkmWlGs&list=PLt3LgMEKzFxy03fvdFk_rEtjfVJfD8pUq&index=12
ATVNCG,Anh Trai Vượt Ngàn Chông Gai,ATVNCG_2024,2024,completed,closed_season,2,,,jFCC3YmHMa4,https://www.youtube.com/watch?v=jFCC3YmHMa4&list=PLt3LgMEKzFxy03fvdFk_rEtjfVJfD8pUq&index=14,"Anh Trai Vượt Ngàn Chông Gai 2024 - Tập 2 | Dàn Anh Tài cùng Tiến Luật, Binz cháy hết mình",anh trai vuot ngan chong gai 2024 tap 2 dan anh tai cung tien luat binz chay het minh,UCh_zF2FsiCflCPgYDudtcqg,YEAH1 SHOW,primary_producer_broadcaster,PLt3LgMEKzFxy03fvdFk_rEtjfVJfD8pUq,,13,2024-07-06T13:30:08.000Z,10766,7626,1.4117,normal,2026-08-12T13:29:41.176900+07:00,766.71,10422.64,7991119,True,True,False,False,available,20,HIGH,INCLUDE,,show_alias;numbered_episode;official_channel;official_full_playlist;plausible_duration,official_playlist,streamers/youtube-scraper,5qWXsxtUoecRLfh75,https://www.youtube.com/watch?v=jFCC3YmHMa4&list=PLt3LgMEKzFxy03fvdFk_rEtjfVJfD8pUq&index=14
ATVNCG,Anh Trai Vượt Ngàn Chông Gai,ATVNCG_2024,2024,completed,closed_season,5,,,4M7tpDj5Ljk,https://www.youtube.com/watch?v=4M7tpDj5Ljk&list=PLt3LgMEKzFxy03fvdFk_rEtjfVJfD8pUq&index=11,"Anh Trai Vượt Ngàn Chông Gai 2024 - Tập 5 | SOOBIN hụt ca khúc, Jun Phạm nắm trọn cơ hội",anh trai vuot ngan chong gai 2024 tap 5 soobin hut ca khuc jun pham nam tron co hoi,UCecta98cdYVFV6L_lfH__IA,YeaH1 Giải Trí,unknown,PLt3LgMEKzFxy03fvdFk_rEtjfVJfD8pUq,,10,2024-08-03T13:30:09.000Z,9393,7626,1.2317,normal,2026-08-12T13:29:41.176900+07:00,738.71,6050.12,4469273,True,True,False,False,available,16,HIGH,INCLUDE,,show_alias;numbered_episode;official_full_playlist;plausible_duration,official_playlist,streamers/youtube-scraper,5qWXsxtUoecRLfh75,https://www.youtube.com/watch?v=4M7tpDj5Ljk&list=PLt3LgMEKzFxy03fvdFk_rEtjfVJfD8pUq&index=11
ATVNCG,Anh Trai Vượt Ngàn Chông Gai,ATVNCG_2024,2024,completed,closed_season,12,,,vE-4_m31wlM,https://www.youtube.com/watch?v=vE-4_m31wlM&list=PLt3LgMEKzFxy03fvdFk_rEtjfVJfD8pUq&index=4,"Anh Trai Vượt Ngàn Chông Gai 2024 - Tập 12 | Công diễn 5 khốc liệt,  Ai sẽ tỏa sáng?",anh trai vuot ngan chong gai 2024 tap 12 cong dien 5 khoc liet ai se toa sang,UCecta98cdYVFV6L_lfH__IA,YeaH1 Giải Trí,unknown,PLt3LgMEKzFxy03fvdFk_rEtjfVJfD8pUq,,3,2024-09-28T13:30:33.000Z,6970,7626,0.914,normal,2026-08-12T13:29:41.176900+07:00,682.71,6112.1,4172779,True,True,False,False,available,16,HIGH,INCLUDE,,show_alias;numbered_episode;official_full_playlist;plausible_duration,official_playlist,streamers/youtube-scraper,5qWXsxtUoecRLfh75,https://www.youtube.com/watch?v=vE-4_m31wlM&list=PLt3LgMEKzFxy03fvdFk_rEtjfVJfD8pUq&index=4
ATVNCG,Anh Trai Vượt Ngàn Chông Gai,ATVNCG_2024,2024,completed,closed_season,13,,,uo0yKLxfzwY,https://www.youtube.com/watch?v=uo0yKLxfzwY&list=PLt3LgMEKzFxy03fvdFk_rEtjfVJfD8pUq&index=3,"Anh Trai Vượt Ngàn Chông Gai 2024-Tập 13 | Kiên Ứng & Hà Lê TRỞ LẠI, giọt nước mắt CHIA TAY",anh trai vuot ngan chong gai 2024 tap 13 kien ung ha le tro lai giot nuoc mat chia tay,UCh_zF2FsiCflCPgYDudtcqg,YEAH1 SHOW,primary_producer_broadcaster,PLt3LgMEKzFxy03fvdFk_rEtjfVJfD8pUq,,2,2024-10-05T13:30:29.000Z,8403,7626,1.1019,normal,2026-08-12T13:29:41.176900+07:00,675.71,6182.31,4177433,True,True,False,False,available,20,HIGH,INCLUDE,,show_alias;numbered_episode;official_channel;official_full_playlist;plausible_duration,official_playlist,streamers/youtube-scraper,5qWXsxtUoecRLfh75,https://www.youtube.com/watch?v=uo0yKLxfzwY&list=PLt3LgMEKzFxy03fvdFk_rEtjfVJfD8pUq&index=3
ATVNCG,Anh Trai Vượt Ngàn Chông Gai,ATVNCG_2024,2024,completed,closed_season,8,,,3Y5hUQzv0e8,https://www.youtube.com/watch?v=3Y5hUQzv0e8&list=PLt3LgMEKzFxy03fvdFk_rEtjfVJfD8pUq&index=8,"Anh Trai Vượt Ngàn Chông Gai 2024 - Tập 8 | Nhà Trẻ, Cá Lớn, Chín Muồi, Mứt Gừng BỨT PHÁ",anh trai vuot ngan chong gai 2024 tap 8 nha tre ca lon chin muoi mut gung but pha,UCh_zF2FsiCflCPgYDudtcqg,YEAH1 SHOW,primary_producer_broadcaster,PLt3LgMEKzFxy03fvdFk_rEtjfVJfD8pUq,,7,2024-08-24T14:15:08.000Z,7626,7626,1.0,normal,2026-08-12T13:29:41.176900+07:00,717.68,4857.94,3486434,True,True,False,False,available,20,HIGH,INCLUDE,,show_alias;numbered_episode;official_channel;official_full_playlist;plausible_duration,official_playlist,streamers/youtube-scraper,5qWXsxtUoecRLfh75,https://www.youtube.com/watch?v=3Y5hUQzv0e8&list=PLt3LgMEKzFxy03fvdFk_rEtjfVJfD8pUq&index=8
ATVNCG,Anh Trai Vượt Ngàn Chông Gai,ATVNCG_2024,2024,completed,closed_season,9,,,YXtIs9-B0IU,https://www.youtube.com/watch?v=YXtIs9-B0IU&list=PLt3LgMEKzFxy03fvdFk_rEtjfVJfD8pUq&index=7,Anh Trai Vượt Ngàn Chông Gai 2024 -Tập 9 | TIỂU PHẨM trên đồi trà và sự LỘT XÁC của Tuấn Hưng,anh trai vuot ngan chong gai 2024 tap 9 tieu pham tren doi tra va su lot xac cua tuan hung,UCh_zF2FsiCflCPgYDudtcqg,YEAH1 SHOW,primary_producer_broadcaster,PLt3LgMEKzFxy03fvdFk_rEtjfVJfD8pUq,,6,2024-08-31T13:30:24.000Z,8338,7626,1.0934,normal,2026-08-12T13:29:41.176900+07:00,710.71,4782.49,3398953,True,True,False,False,available,20,HIGH,INCLUDE,,show_alias;numbered_episode;official_channel;official_full_playlist;plausible_duration,official_playlist,streamers/youtube-scraper,5qWXsxtUoecRLfh75,https://www.youtube.com/watch?v=YXtIs9-B0IU&list=PLt3LgMEKzFxy03fvdFk_rEtjfVJfD8pUq&index=7
ATVNCG,Anh Trai Vượt Ngàn Chông Gai,ATVNCG_2026,2026,airing,closed_season,4,,,snc1rgD5W1M,https://www.youtube.com/watch?v=snc1rgD5W1M&list=PLdWk-MlnCC7M&index=4,ANH TRAI VƯỢT NGÀN CHÔNG GAI 2026 - Tập 4 | ẨN SỐ nào đang được khán giả mong chờ ở Bảng Đấu Hắc Mã,anh trai vuot ngan chong gai 2026 tap 4 an so nao dang duoc khan gia mong cho o bang dau hac ma,UCh_zF2FsiCflCPgYDudtcqg,YEAH1 SHOW,primary_producer_broadcaster,PLdWk-MlnCC7M,,3,2026-07-25T13:30:06.000Z,8631,14095.5,0.6123,normal,2026-08-12T13:30:02.436913+07:00,17.71,95005.32,1682382,True,True,False,False,available,20,HIGH,INCLUDE,,show_alias;numbered_episode;official_channel;official_full_playlist;plausible_duration,official_playlist,streamers/youtube-scraper,swmXfvSodtaAJA8Jm,https://www.youtube.com/watch?v=snc1rgD5W1M&list=PLdWk-MlnCC7M&index=4
ATVNCG,Anh Trai Vượt Ngàn Chông Gai,ATVNCG_2026,2026,airing,closed_season,2,,,8gPXKl3BpMc,https://www.youtube.com/watch?v=8gPXKl3BpMc&list=PLdWk-MlnCC7M&index=2,ANH TRAI VƯỢT NGÀN CHÔNG GAI 2026 - Tập 2 | Cuộc chiến 6 Nhóm Anh Tài kết lại CÔNG DIỄN sẽ ra sao?,anh trai vuot ngan chong gai 2026 tap 2 cuoc chien 6 nhom anh tai ket lai cong dien se ra sao,UCh_zF2FsiCflCPgYDudtcqg,YEAH1 SHOW,primary_producer_broadcaster,PLdWk-MlnCC7M,,1,2026-07-04T13:30:06.000Z,20645,14095.5,1.4647,normal,2026-08-12T13:30:02.436913+07:00,38.71,113183.53,4381141,True,True,False,False,available,20,HIGH,INCLUDE,,show_alias;numbered_episode;official_channel;official_full_playlist;plausible_duration,official_playlist,streamers/youtube-scraper,swmXfvSodtaAJA8Jm,https://www.youtube.com/watch?v=8gPXKl3BpMc&list=PLdWk-MlnCC7M&index=2
ATVNCG,Anh Trai Vượt Ngàn Chông Gai,ATVNCG_2026,2026,airing,closed_season,6,,,qP0PAjdfH0s,https://www.youtube.com/watch?v=qP0PAjdfH0s&list=PLdWk-MlnCC7M&index=6,"ANH TRAI VƯỢT NGÀN CHÔNG GAI 2026 - Tập 6 | MÃ PHI NƯỚC ĐẠI, VƯƠN MÌNH THÀNH CÔNG",anh trai vuot ngan chong gai 2026 tap 6 ma phi nuoc dai vuon minh thanh cong,UCh_zF2FsiCflCPgYDudtcqg,YEAH1 SHOW,primary_producer_broadcaster,PLdWk-MlnCC7M,,5,2026-08-08T13:30:06.000Z,13142,14095.5,0.9324,normal,2026-08-12T13:30:02.436913+07:00,3.71,486918.76,1805637,True,True,False,False,available,20,HIGH,INCLUDE,,show_alias;numbered_episode;official_channel;official_full_playlist;plausible_duration,official_playlist,streamers/youtube-scraper,swmXfvSodtaAJA8Jm,https://www.youtube.com/watch?v=qP0PAjdfH0s&list=PLdWk-MlnCC7M&index=6
ATVNCG,Anh Trai Vượt Ngàn Chông Gai,ATVNCG_2026,2026,airing,closed_season,1,,,dXkw0uMUBYs,https://www.youtube.com/watch?v=dXkw0uMUBYs&list=PLdWk-MlnCC7M&index=1,ANH TRAI VƯỢT NGÀN CHÔNG GAI 2026 - Tập 1 | 34 Anh Tài - Hành Trình Cổ Tích Của Người Hùng bắt đầu,anh trai vuot ngan chong gai 2026 tap 1 34 anh tai hanh trinh co tich cua nguoi hung bat dau,UCh_zF2FsiCflCPgYDudtcqg,YEAH1 SHOW,primary_producer_broadcaster,PLdWk-MlnCC7M,,0,2026-06-27T13:30:06.000Z,20305,14095.5,1.4405,normal,2026-08-12T13:30:02.436913+07:00,45.71,144358.05,6598360,True,True,False,False,available,20,HIGH,INCLUDE,,show_alias;numbered_episode;official_channel;official_full_playlist;plausible_duration,official_playlist,streamers/youtube-scraper,swmXfvSodtaAJA8Jm,https://www.youtube.com/watch?v=dXkw0uMUBYs&list=PLdWk-MlnCC7M&index=1
ATVNCG,Anh Trai Vượt Ngàn Chông Gai,ATVNCG_2026,2026,airing,closed_season,3,,,AXCczcyNCoQ,https://www.youtube.com/watch?v=AXCczcyNCoQ&list=PLdWk-MlnCC7M&index=3,ANH TRAI VƯỢT NGÀN CHÔNG GAI 2026 - Tập 3 | Công diễn 1 mở màn - Bảng đấu định đoạt số phận ra sao?,anh trai vuot ngan chong gai 2026 tap 3 cong dien 1 mo man bang dau dinh doat so phan ra sao,UCh_zF2FsiCflCPgYDudtcqg,YEAH1 SHOW,primary_producer_broadcaster,PLdWk-MlnCC7M,,2,2026-07-18T13:30:06.000Z,13145,14095.5,0.9326,normal,2026-08-12T13:30:02.436913+07:00,24.71,122458.4,3025738,True,True,False,False,available,20,HIGH,INCLUDE,,show_alias;numbered_episode;official_channel;official_full_playlist;plausible_duration,official_playlist,streamers/youtube-scraper,swmXfvSodtaAJA8Jm,https://www.youtube.com/watch?v=AXCczcyNCoQ&list=PLdWk-MlnCC7M&index=3
ATVNCG,Anh Trai Vượt Ngàn Chông Gai,ATVNCG_2026,2026,airing,closed_season,5,,,ESz__7Pdyf8,https://www.youtube.com/watch?v=ESz__7Pdyf8&list=PLdWk-MlnCC7M&index=5,ANH TRAI VƯỢT NGÀN CHÔNG GAI 2026 - Tập 5 | Chuyến Ngoại Khoá SUNG SƯỚNG & THOẢI MÁI của Các Anh Tài,anh trai vuot ngan chong gai 2026 tap 5 chuyen ngoai khoa sung suong thoai mai cua cac anh tai,UCh_zF2FsiCflCPgYDudtcqg,YEAH1 SHOW,primary_producer_broadcaster,PLdWk-MlnCC7M,,4,2026-08-01T13:30:06.000Z,15046,14095.5,1.0674,normal,2026-08-12T13:30:02.436913+07:00,10.71,205462.27,2200150,True,True,False,False,available,20,HIGH,INCLUDE,,show_alias;numbered_episode;official_channel;official_full_playlist;plausible_duration,official_playlist,streamers/youtube-scraper,swmXfvSodtaAJA8Jm,https://www.youtube.com/watch?v=ESz__7Pdyf8&list=PLdWk-MlnCC7M&index=5
CDDG,Chị Đẹp Đạp Gió,CDDG_2023,2023,completed,closed_season,2,,,lvq1qcPhQms,https://www.youtube.com/watch?v=lvq1qcPhQms&list=PLt3LgMEKzFxxvhzWqiZPdQsr84wrtmK1A&index=14,"Tập 2 | Điểm số lộ diện, Chị Đẹp nào sẽ là người “nắm quyền”? - Chị Đẹp Đạp Gió Rẽ Sóng 2023",tap 2 diem so lo dien chi dep nao se la nguoi nam quyen chi dep dap gio re song 2023,UCh_zF2FsiCflCPgYDudtcqg,YEAH1 SHOW,primary_producer_broadcaster,PLt3LgMEKzFxxvhzWqiZPdQsr84wrtmK1A,,13,2023-11-04T14:45:13.000Z,6271,7138,0.8785,normal,2026-08-12T13:30:43.959268+07:00,1011.66,3941.18,3987123,True,True,False,False,available,20,HIGH,INCLUDE,,show_alias;numbered_episode;official_channel;official_full_playlist;plausible_duration,official_playlist,streamers/youtube-scraper,Nm0uV0CdE8TP5YEgh,https://www.youtube.com/watch?v=lvq1qcPhQms&list=PLt3LgMEKzFxxvhzWqiZPdQsr84wrtmK1A&index=14
CDDG,Chị Đẹp Đạp Gió,CDDG_2023,2023,completed,closed_season,4,,,-LAdXYSoPLk,https://www.youtube.com/watch?v=-LAdXYSoPLk&list=PLt3LgMEKzFxxvhzWqiZPdQsr84wrtmK1A&index=12,"Tập 4 | Thử thách tập luyện căng thẳng, đội nào sẽ vượt ải ngoạn mục? - Chị Đẹp Đạp Gió Rẽ Sóng 2023",tap 4 thu thach tap luyen cang thang doi nao se vuot ai ngoan muc chi dep dap gio re song 2023,UCh_zF2FsiCflCPgYDudtcqg,YEAH1 SHOW,primary_producer_broadcaster,PLt3LgMEKzFxxvhzWqiZPdQsr84wrtmK1A,,11,2023-11-18T14:45:13.000Z,7209,7138,1.0099,normal,2026-08-12T13:30:43.959268+07:00,997.66,3573.7,3565324,True,True,False,False,available,20,HIGH,INCLUDE,,show_alias;numbered_episode;official_channel;official_full_playlist;plausible_duration,official_playlist,streamers/youtube-scraper,Nm0uV0CdE8TP5YEgh,https://www.youtube.com/watch?v=-LAdXYSoPLk&list=PLt3LgMEKzFxxvhzWqiZPdQsr84wrtmK1A&index=12
CDDG,Chị Đẹp Đạp Gió,CDDG_2023,2023,completed,closed_season,15,,,Xh35QRR97Y4,https://www.youtube.com/watch?v=Xh35QRR97Y4&list=PLt3LgMEKzFxxvhzWqiZPdQsr84wrtmK1A&index=1,"Tập 15 | Chung kết bùng nổ, 7 Chị Đẹp nào sẽ thành nhóm thành đoàn - Chị Đẹp Đạp Gió Rẽ Sóng 2023",tap 15 chung ket bung no 7 chi dep nao se thanh nhom thanh doan chi dep dap gio re song 2023,UCh_zF2FsiCflCPgYDudtcqg,YEAH1 SHOW,primary_producer_broadcaster,PLt3LgMEKzFxxvhzWqiZPdQsr84wrtmK1A,,0,2024-02-03T14:45:11.000Z,8517,7138,1.1932,normal,2026-08-12T13:30:43.959268+07:00,920.66,3511.89,3233242,True,True,False,False,available,20,HIGH,INCLUDE,,show_alias;numbered_episode;official_channel;official_full_playlist;plausible_duration,official_playlist,streamers/youtube-scraper,Nm0uV0CdE8TP5YEgh,https://www.youtube.com/watch?v=Xh35QRR97Y4&list=PLt3LgMEKzFxxvhzWqiZPdQsr84wrtmK1A&index=1
CDDG,Chị Đẹp Đạp Gió,CDDG_2023,2023,completed,closed_season,5,,,8Y0bLhvw7CI,https://www.youtube.com/watch?v=8Y0bLhvw7CI&list=PLt3LgMEKzFxxvhzWqiZPdQsr84wrtmK1A&index=11,"Tập 5 | Công 1 bùng nổ, Lan Ngọc và Diệu Nhi bất ngờ thành đội trưởng - Chị Đẹp Đạp Gió Rẽ Sóng 2023",tap 5 cong 1 bung no lan ngoc va dieu nhi bat ngo thanh doi truong chi dep dap gio re song 2023,UCh_zF2FsiCflCPgYDudtcqg,YEAH1 SHOW,primary_producer_broadcaster,PLt3LgMEKzFxxvhzWqiZPdQsr84wrtmK1A,,10,2023-11-25T14:45:10.000Z,7520,7138,1.0535,normal,2026-08-12T13:30:43.959268+07:00,990.66,4325.66,4285240,True,True,False,False,available,20,HIGH,INCLUDE,,show_alias;numbered_episode;official_channel;official_full_playlist;plausible_duration,official_playlist,streamers/youtube-scraper,Nm0uV0CdE8TP5YEgh,https://www.youtube.com/watch?v=8Y0bLhvw7CI&list=PLt3LgMEKzFxxvhzWqiZPdQsr84wrtmK1A&index=11
CDDG,Chị Đẹp Đạp Gió,CDDG_2023,2023,completed,closed_season,7,,,oPVl-fszgNc,https://www.youtube.com/watch?v=oPVl-fszgNc&list=PLt3LgMEKzFxxvhzWqiZPdQsr84wrtmK1A&index=9,"Tập 7 | Mỹ Linh lộn nhào, Lệ Quyên bắn fast flow tại Công diễn 2 - Chị Đẹp Đạp Gió Rẽ Sóng 2023",tap 7 my linh lon nhao le quyen ban fast flow tai cong dien 2 chi dep dap gio re song 2023,UCh_zF2FsiCflCPgYDudtcqg,YEAH1 SHOW,primary_producer_broadcaster,PLt3LgMEKzFxxvhzWqiZPdQsr84wrtmK1A,,8,2023-12-09T14:45:13.000Z,7034,7138,0.9854,normal,2026-08-12T13:30:43.959268+07:00,976.66,3435.98,3355775,True,True,False,False,available,20,HIGH,INCLUDE,,show_alias;numbered_episode;official_channel;official_full_playlist;plausible_duration,official_playlist,streamers/youtube-scraper,Nm0uV0CdE8TP5YEgh,https://www.youtube.com/watch?v=oPVl-fszgNc&list=PLt3LgMEKzFxxvhzWqiZPdQsr84wrtmK1A&index=9
CDDG,Chị Đẹp Đạp Gió,CDDG_2023,2023,completed,closed_season,14,,,FZntC9dTYmE,https://www.youtube.com/watch?v=FZntC9dTYmE&list=PLt3LgMEKzFxxvhzWqiZPdQsr84wrtmK1A&index=2,"Tập 14 | Hồng Nhung hát cải lương cực ngọt, Mỹ Linh đam mê vũ đạo - Chị Đẹp Đạp Gió Rẽ Sóng 2023",tap 14 hong nhung hat cai luong cuc ngot my linh dam me vu dao chi dep dap gio re song 2023,UCh_zF2FsiCflCPgYDudtcqg,YEAH1 SHOW,primary_producer_broadcaster,PLt3LgMEKzFxxvhzWqiZPdQsr84wrtmK1A,,1,2024-01-27T14:45:08.000Z,6304,7138,0.8832,normal,2026-08-12T13:30:43.959268+07:00,927.66,3016.92,2798669,True,True,False,False,available,20,HIGH,INCLUDE,,show_alias;numbered_episode;official_channel;official_full_playlist;plausible_duration,official_playlist,streamers/youtube-scraper,Nm0uV0CdE8TP5YEgh,https://www.youtube.com/watch?v=FZntC9dTYmE&list=PLt3LgMEKzFxxvhzWqiZPdQsr84wrtmK1A&index=2
CDDG,Chị Đẹp Đạp Gió,CDDG_2023,2023,completed,closed_season,3,,,QtNJYcJCp18,https://www.youtube.com/watch?v=QtNJYcJCp18&list=PLt3LgMEKzFxxvhzWqiZPdQsr84wrtmK1A&index=13,"Tập 3 | Chị Đẹp lập nhóm, “thử"" thôi không “thách”? - Chị Đẹp Đạp Gió Rẽ Sóng 2023",tap 3 chi dep lap nhom thu thoi khong thach chi dep dap gio re song 2023,UCh_zF2FsiCflCPgYDudtcqg,YEAH1 SHOW,primary_producer_broadcaster,PLt3LgMEKzFxxvhzWqiZPdQsr84wrtmK1A,,12,2023-11-11T14:45:13.000Z,6831,7138,0.957,normal,2026-08-12T13:30:43.959268+07:00,1004.66,3713.59,3730880,True,True,False,False,available,20,HIGH,INCLUDE,,show_alias;numbered_episode;official_channel;official_full_playlist;plausible_duration,official_playlist,streamers/youtube-scraper,Nm0uV0CdE8TP5YEgh,https://www.youtube.com/watch?v=QtNJYcJCp18&list=PLt3LgMEKzFxxvhzWqiZPdQsr84wrtmK1A&index=13
CDDG,Chị Đẹp Đạp Gió,CDDG_2023,2023,completed,closed_season,11,,,ErXWrG0vPd4,https://www.youtube.com/watch?v=ErXWrG0vPd4&list=PLt3LgMEKzFxxvhzWqiZPdQsr84wrtmK1A&index=5,"Tập 11 | 3 Anh Tài BIGDADDY, MONO và Tăng Duy Tân cực cháy tại Công 4 - Chị Đẹp Đạp Gió Rẽ Sóng 2023",tap 11 3 anh tai bigdaddy mono va tang duy tan cuc chay tai cong 4 chi dep dap gio re song 2023,UCh_zF2FsiCflCPgYDudtcqg,YEAH1 SHOW,primary_producer_broadcaster,PLt3LgMEKzFxxvhzWqiZPdQsr84wrtmK1A,,4,2024-01-06T14:45:13.000Z,8498,7138,1.1905,normal,2026-08-12T13:30:43.959268+07:00,948.66,4161.84,3948160,True,True,False,False,available,20,HIGH,INCLUDE,,show_alias;numbered_episode;official_channel;official_full_playlist;plausible_duration,official_playlist,streamers/youtube-scraper,Nm0uV0CdE8TP5YEgh,https://www.youtube.com/watch?v=ErXWrG0vPd4&list=PLt3LgMEKzFxxvhzWqiZPdQsr84wrtmK1A&index=5
CDDG,Chị Đẹp Đạp Gió,CDDG_2023,2023,completed,closed_season,12,,,IH6ocKZb7DY,https://www.youtube.com/watch?v=IH6ocKZb7DY&list=PLt3LgMEKzFxxvhzWqiZPdQsr84wrtmK1A&index=4,"Tập 12 | Thanh Ngọc mang lửa lên sân khấu, Quỳnh Nga mạo hiểm đu vòng - Chị Đẹp Đạp Gió Rẽ Sóng 2023",tap 12 thanh ngoc mang lua len san khau quynh nga mao hiem du vong chi dep dap gio re song 2023,UCh_zF2FsiCflCPgYDudtcqg,YEAH1 SHOW,primary_producer_broadcaster,PLt3LgMEKzFxxvhzWqiZPdQsr84wrtmK1A,,3,2024-01-13T14:45:11.000Z,7700,7138,1.0787,normal,2026-08-12T13:30:43.959268+07:00,941.66,3710.27,3493803,True,True,False,False,available,20,HIGH,INCLUDE,,show_alias;numbered_episode;official_channel;official_full_playlist;plausible_duration,official_playlist,streamers/youtube-scraper,Nm0uV0CdE8TP5YEgh,https://www.youtube.com/watch?v=IH6ocKZb7DY&list=PLt3LgMEKzFxxvhzWqiZPdQsr84wrtmK1A&index=4
CDDG,Chị Đẹp Đạp Gió,CDDG_2023,2023,completed,closed_season,10,,,JTOz0uIPccI,https://www.youtube.com/watch?v=JTOz0uIPccI&list=PLt3LgMEKzFxxvhzWqiZPdQsr84wrtmK1A&index=6,"Tập 10 | Hồng Nhung ke đầu, Mỹ Linh nhảy hiphop khi 3 Anh Tài đổ bộ - Chị Đẹp Đạp Gió Rẽ Sóng 2023",tap 10 hong nhung ke dau my linh nhay hiphop khi 3 anh tai do bo chi dep dap gio re song 2023,UCh_zF2FsiCflCPgYDudtcqg,YEAH1 SHOW,primary_producer_broadcaster,PLt3LgMEKzFxxvhzWqiZPdQsr84wrtmK1A,,5,2023-12-30T14:45:12.000Z,7401,7138,1.0368,normal,2026-08-12T13:30:43.959268+07:00,955.66,3144.81,3005355,True,True,False,False,available,20,HIGH,INCLUDE,,show_alias;numbered_episode;official_channel;official_full_playlist;plausible_duration,official_playlist,streamers/youtube-scraper,Nm0uV0CdE8TP5YEgh,https://www.youtube.com/watch?v=JTOz0uIPccI&list=PLt3LgMEKzFxxvhzWqiZPdQsr84wrtmK1A&index=6
CDDG,Chị Đẹp Đạp Gió,CDDG_2023,2023,completed,closed_season,6,,,iGJjD9CT3tQ,https://www.youtube.com/watch?v=iGJjD9CT3tQ&list=PLt3LgMEKzFxxvhzWqiZPdQsr84wrtmK1A&index=10,"Tập 6 | Thử thách luyện tập và hóa trang, Hồng Nhung bỗng ""hồi teen""? - Chị Đẹp Đạp Gió Rẽ Sóng 2023",tap 6 thu thach luyen tap va hoa trang hong nhung bong hoi teen chi dep dap gio re song 2023,UCh_zF2FsiCflCPgYDudtcqg,YEAH1 SHOW,primary_producer_broadcaster,PLt3LgMEKzFxxvhzWqiZPdQsr84wrtmK1A,,9,2023-12-02T14:45:10.000Z,6901,7138,0.9668,normal,2026-08-12T13:30:43.959268+07:00,983.66,2768.51,2723263,True,True,False,False,available,20,HIGH,INCLUDE,,show_alias;numbered_episode;official_channel;official_full_playlist;plausible_duration,official_playlist,streamers/youtube-scraper,Nm0uV0CdE8TP5YEgh,https://www.youtube.com/watch?v=iGJjD9CT3tQ&list=PLt3LgMEKzFxxvhzWqiZPdQsr84wrtmK1A&index=10
CDDG,Chị Đẹp Đạp Gió,CDDG_2023,2023,completed,closed_season,13,,,UuAXAlZvmtY,https://www.youtube.com/watch?v=UuAXAlZvmtY&list=PLt3LgMEKzFxxvhzWqiZPdQsr84wrtmK1A&index=3,"Tập 13 | Thu Phương khóc vì Đại Minh Tinh, Nguyên Hà áp lực tập nhảy - Chị Đẹp Đạp Gió Rẽ Sóng 2023",tap 13 thu phuong khoc vi dai minh tinh nguyen ha ap luc tap nhay chi dep dap gio re song 2023,UCh_zF2FsiCflCPgYDudtcqg,YEAH1 SHOW,primary_producer_broadcaster,PLt3LgMEKzFxxvhzWqiZPdQsr84wrtmK1A,,2,2024-01-21T11:20:04.000Z,7138,7138,1.0,normal,2026-08-12T13:30:43.959268+07:00,933.8,2225.29,2077977,True,True,False,False,available,20,HIGH,INCLUDE,,show_alias;numbered_episode;official_channel;official_full_playlist;plausible_duration,official_playlist,streamers/youtube-scraper,Nm0uV0CdE8TP5YEgh,https://www.youtube.com/watch?v=UuAXAlZvmtY&list=PLt3LgMEKzFxxvhzWqiZPdQsr84wrtmK1A&index=3
CDDG,Chị Đẹp Đạp Gió,CDDG_2023,2023,completed,closed_season,9,,,fWV4aSBxi6s,https://www.youtube.com/watch?v=fWV4aSBxi6s&list=PLt3LgMEKzFxxvhzWqiZPdQsr84wrtmK1A&index=7,"Tập 9 | Phương Vy bùng nổ, Khổng Tú Quỳnh “tung chiêu” ở Công 3 - Chị Đẹp Đạp Gió Rẽ Sóng 2023",tap 9 phuong vy bung no khong tu quynh tung chieu o cong 3 chi dep dap gio re song 2023,UCh_zF2FsiCflCPgYDudtcqg,YEAH1 SHOW,primary_producer_broadcaster,PLt3LgMEKzFxxvhzWqiZPdQsr84wrtmK1A,,6,2023-12-23T14:45:10.000Z,5766,7138,0.8078,normal,2026-08-12T13:30:43.959268+07:00,962.66,3220.82,3100541,True,True,False,False,available,20,HIGH,INCLUDE,,show_alias;numbered_episode;official_channel;official_full_playlist;plausible_duration,official_playlist,streamers/youtube-scraper,Nm0uV0CdE8TP5YEgh,https://www.youtube.com/watch?v=fWV4aSBxi6s&list=PLt3LgMEKzFxxvhzWqiZPdQsr84wrtmK1A&index=7
CDDG,Chị Đẹp Đạp Gió,CDDG_2023,2023,completed,closed_season,8,,,9RyOdOoQp9A,https://www.youtube.com/watch?v=9RyOdOoQp9A&list=PLt3LgMEKzFxxvhzWqiZPdQsr84wrtmK1A&index=8,"Tập 8 | Lynk Lee nhảy “hẩy hẩy"" cùng SOOBIN, Trang Pháp quẩy quên sốt - Chị Đẹp Đạp Gió Rẽ Sóng 2023",tap 8 lynk lee nhay hay hay cung soobin trang phap quay quen sot chi dep dap gio re song 2023,UCh_zF2FsiCflCPgYDudtcqg,YEAH1 SHOW,primary_producer_broadcaster,PLt3LgMEKzFxxvhzWqiZPdQsr84wrtmK1A,,7,2023-12-16T14:45:11.000Z,6439,7138,0.9021,normal,2026-08-12T13:30:43.959268+07:00,969.66,2573.21,2495128,True,True,False,False,available,20,HIGH,INCLUDE,,show_alias;numbered_episode;official_channel;official_full_playlist;plausible_duration,official_playlist,streamers/youtube-scraper,Nm0uV0CdE8TP5YEgh,https://www.youtube.com/watch?v=9RyOdOoQp9A&list=PLt3LgMEKzFxxvhzWqiZPdQsr84wrtmK1A&index=8
CDDG,Chị Đẹp Đạp Gió,CDDG_2023,2023,completed,closed_season,1,,,o1KlL4j5O-w,https://www.youtube.com/watch?v=o1KlL4j5O-w&list=PLt3LgMEKzFxxvhzWqiZPdQsr84wrtmK1A&index=15,Tập 1 | Chị Đẹp “cưỡi gió” tới đây! - Chị Đẹp Đạp Gió Rẽ Sóng 2023,tap 1 chi dep cuoi gio toi day chi dep dap gio re song 2023,UCh_zF2FsiCflCPgYDudtcqg,YEAH1 SHOW,primary_producer_broadcaster,PLt3LgMEKzFxxvhzWqiZPdQsr84wrtmK1A,,14,2023-10-28T14:45:11.000Z,7939,7138,1.1122,normal,2026-08-12T13:30:43.959268+07:00,1018.66,6846.93,6974669,True,True,False,False,available,20,HIGH,INCLUDE,,show_alias;numbered_episode;official_channel;official_full_playlist;plausible_duration,official_playlist,streamers/youtube-scraper,Nm0uV0CdE8TP5YEgh,https://www.youtube.com/watch?v=o1KlL4j5O-w&list=PLt3LgMEKzFxxvhzWqiZPdQsr84wrtmK1A&index=15
CDDG,Chị Đẹp Đạp Gió,CDDG_2024,2024,completed,closed_season,14,,,rThLTG_UZ5U,https://www.youtube.com/watch?v=rThLTG_UZ5U&list=PLt3LgMEKzFxz2EslvirjbydcPyz_MZErF&index=2,"Chị Đẹp Đạp Gió 2024 - Tập 14 | 30 CHỊ ĐẸP tụ họp khuấy đảo CHUNG KẾT, ai sẽ có SUẤT RA MẮT?",chi dep dap gio 2024 tap 14 30 chi dep tu hop khuay dao chung ket ai se co suat ra mat,UCh_zF2FsiCflCPgYDudtcqg,YEAH1 SHOW,primary_producer_broadcaster,PLt3LgMEKzFxz2EslvirjbydcPyz_MZErF,,1,2025-01-18T13:30:07.000Z,6530,8636,0.7561,normal,2026-08-12T13:31:52.156437+07:00,570.71,6335.32,3615627,True,True,False,False,available,20,HIGH,INCLUDE,,show_alias;numbered_episode;official_channel;official_full_playlist;plausible_duration,official_playlist,streamers/youtube-scraper,feieHpG3pLAJw9qYM,https://www.youtube.com/watch?v=rThLTG_UZ5U&list=PLt3LgMEKzFxz2EslvirjbydcPyz_MZErF&index=2
CDDG,Chị Đẹp Đạp Gió,CDDG_2024,2024,completed,closed_season,8,,,9s4WMTeqZmc,https://www.youtube.com/watch?v=9s4WMTeqZmc&list=PLt3LgMEKzFxz2EslvirjbydcPyz_MZErF&index=8,"Chị Đẹp Đạp Gió 2024 - Tập 8 | Ái Phương ĐỐT CHÁY hết tổn thương vụn vỡ, Hoàng Yến Chibi HÁT CHÈO!",chi dep dap gio 2024 tap 8 ai phuong dot chay het ton thuong vun vo hoang yen chibi hat cheo,UCh_zF2FsiCflCPgYDudtcqg,YEAH1 SHOW,primary_producer_broadcaster,PLt3LgMEKzFxz2EslvirjbydcPyz_MZErF,,7,2024-12-08T14:30:08.000Z,9461,8636,1.0955,normal,2026-08-12T13:31:52.156437+07:00,611.67,5155.19,3153266,True,True,False,False,available,20,HIGH,INCLUDE,,show_alias;numbered_episode;official_channel;official_full_playlist;plausible_duration,official_playlist,streamers/youtube-scraper,feieHpG3pLAJw9qYM,https://www.youtube.com/watch?v=9s4WMTeqZmc&list=PLt3LgMEKzFxz2EslvirjbydcPyz_MZErF&index=8
CDDG,Chị Đẹp Đạp Gió,CDDG_2024,2024,completed,closed_season,12,,,OqQMkTtMO_g,https://www.youtube.com/watch?v=OqQMkTtMO_g&list=PLt3LgMEKzFxz2EslvirjbydcPyz_MZErF&index=4,"Chị Đẹp Đạp Gió 2024 - Tập 12 | Công diễn 5 ĐẲNG CẤP: Misthy BẮN RAP, Phương Thanh ngân câu vọng cổ!",chi dep dap gio 2024 tap 12 cong dien 5 dang cap misthy ban rap phuong thanh ngan cau vong co,UCecta98cdYVFV6L_lfH__IA,YeaH1 Giải Trí,unknown,PLt3LgMEKzFxz2EslvirjbydcPyz_MZErF,,3,2025-01-04T13:30:07.000Z,9093,8636,1.0529,normal,2026-08-12T13:31:52.156437+07:00,584.71,5009.72,2929234,True,True,False,False,available,16,HIGH,INCLUDE,,show_alias;numbered_episode;official_full_playlist;plausible_duration,official_playlist,streamers/youtube-scraper,feieHpG3pLAJw9qYM,https://www.youtube.com/watch?v=OqQMkTtMO_g&list=PLt3LgMEKzFxz2EslvirjbydcPyz_MZErF&index=4
CDDG,Chị Đẹp Đạp Gió,CDDG_2024,2024,completed,closed_season,3,,,1XXa2h4EtJI,https://www.youtube.com/watch?v=1XXa2h4EtJI&list=PLt3LgMEKzFxz2EslvirjbydcPyz_MZErF&index=13,"Chị Đẹp Đạp Gió 2024 - Tập 3 | Tóc Tiên ""NHẠC NÀO CŨNG NHẢY"", Ngọc Phước ""NẢY SỐ"" dàn dựng tích tắc",chi dep dap gio 2024 tap 3 toc tien nhac nao cung nhay ngoc phuoc nay so dan dung tich tac,UCecta98cdYVFV6L_lfH__IA,YeaH1 Giải Trí,unknown,PLt3LgMEKzFxz2EslvirjbydcPyz_MZErF,,12,2024-11-09T13:30:07.000Z,6898,8636,0.7987,normal,2026-08-12T13:31:52.156437+07:00,640.71,4906.57,3143684,True,True,False,False,available,16,HIGH,INCLUDE,,show_alias;numbered_episode;official_full_playlist;plausible_duration,official_playlist,streamers/youtube-scraper,feieHpG3pLAJw9qYM,https://www.youtube.com/watch?v=1XXa2h4EtJI&list=PLt3LgMEKzFxz2EslvirjbydcPyz_MZErF&index=13
CDDG,Chị Đẹp Đạp Gió,CDDG_2024,2024,completed,closed_season,5,,,CvQC5KgiK7c,https://www.youtube.com/watch?v=CvQC5KgiK7c&list=PLt3LgMEKzFxz2EslvirjbydcPyz_MZErF&index=11,"Chị Đẹp Đạp Gió 2024 - Tập 5 | Ngọc Phước KHÓC NẤC vì Thu Phương, Thiều Bảo Trâm nhận THỬ THÁCH KHÓ",chi dep dap gio 2024 tap 5 ngoc phuoc khoc nac vi thu phuong thieu bao tram nhan thu thach kho,UCecta98cdYVFV6L_lfH__IA,YeaH1 Giải Trí,unknown,PLt3LgMEKzFxz2EslvirjbydcPyz_MZErF,,10,2024-11-23T13:30:07.000Z,8976,8636,1.0394,normal,2026-08-12T13:31:52.156437+07:00,626.71,4262.19,2671156,True,True,False,False,available,16,HIGH,INCLUDE,,show_alias;numbered_episode;official_full_playlist;plausible_duration,official_playlist,streamers/youtube-scraper,feieHpG3pLAJw9qYM,https://www.youtube.com/watch?v=CvQC5KgiK7c&list=PLt3LgMEKzFxz2EslvirjbydcPyz_MZErF&index=11
CDDG,Chị Đẹp Đạp Gió,CDDG_2024,2024,completed,closed_season,4,,,_WeOgg2IuH4,https://www.youtube.com/watch?v=_WeOgg2IuH4&list=PLt3LgMEKzFxz2EslvirjbydcPyz_MZErF&index=12,"Chị Đẹp Đạp Gió 2024 - Tập 4 | Đại chiến Công Diễn 1, chị đẹp Misthy & Kiều Anh BỨT PHÁ GIỚI HẠN",chi dep dap gio 2024 tap 4 dai chien cong dien 1 chi dep misthy kieu anh but pha gioi han,UCh_zF2FsiCflCPgYDudtcqg,YEAH1 SHOW,primary_producer_broadcaster,PLt3LgMEKzFxz2EslvirjbydcPyz_MZErF,,11,2024-11-16T13:30:08.000Z,11275,8636,1.3056,normal,2026-08-12T13:31:52.156437+07:00,633.71,6517.57,4130249,True,True,False,False,available,20,HIGH,INCLUDE,,show_alias;numbered_episode;official_channel;official_full_playlist;plausible_duration,official_playlist,streamers/youtube-scraper,feieHpG3pLAJw9qYM,https://www.youtube.com/watch?v=_WeOgg2IuH4&list=PLt3LgMEKzFxz2EslvirjbydcPyz_MZErF&index=12
CDDG,Chị Đẹp Đạp Gió,CDDG_2024,2024,completed,closed_season,13,,,zHSjftVIZQ8,https://www.youtube.com/watch?v=zHSjftVIZQ8&list=PLt3LgMEKzFxz2EslvirjbydcPyz_MZErF&index=3,"Chị Đẹp Đạp Gió 2024 - Tập 13 | Mie ""LỘI NGƯỢC DÒNG"", Kiều Anh ""CHƠI TẤT TAY"" kết lại công diễn 5",chi dep dap gio 2024 tap 13 mie loi nguoc dong kieu anh choi tat tay ket lai cong dien 5,UCh_zF2FsiCflCPgYDudtcqg,YEAH1 SHOW,primary_producer_broadcaster,PLt3LgMEKzFxz2EslvirjbydcPyz_MZErF,,2,2025-01-11T13:30:08.000Z,7064,8636,0.818,normal,2026-08-12T13:31:52.156437+07:00,577.71,4157.58,2401876,True,True,False,False,available,20,HIGH,INCLUDE,,show_alias;numbered_episode;official_channel;official_full_playlist;plausible_duration,official_playlist,streamers/youtube-scraper,feieHpG3pLAJw9qYM,https://www.youtube.com/watch?v=zHSjftVIZQ8&list=PLt3LgMEKzFxz2EslvirjbydcPyz_MZErF&index=3
CDDG,Chị Đẹp Đạp Gió,CDDG_2024,2024,completed,closed_season,11,,,lDUhaxEAxb4,https://www.youtube.com/watch?v=lDUhaxEAxb4&list=PLt3LgMEKzFxz2EslvirjbydcPyz_MZErF&index=5,"Chị Đẹp Đạp Gió 2024 - Tập 11 | Thiều Bảo Trâm nhận KẾT CỤC BUỒN , Kiều Anh CHẬT VẬT vòng lập đội!",chi dep dap gio 2024 tap 11 thieu bao tram nhan ket cuc buon kieu anh chat vat vong lap doi,UCecta98cdYVFV6L_lfH__IA,YeaH1 Giải Trí,unknown,PLt3LgMEKzFxz2EslvirjbydcPyz_MZErF,,4,2024-12-28T13:30:07.000Z,8636,8636,1.0,normal,2026-08-12T13:31:52.156437+07:00,591.71,4684.92,2772110,True,True,False,False,available,16,HIGH,INCLUDE,,show_alias;numbered_episode;official_full_playlist;plausible_duration,official_playlist,streamers/youtube-scraper,feieHpG3pLAJw9qYM,https://www.youtube.com/watch?v=lDUhaxEAxb4&list=PLt3LgMEKzFxz2EslvirjbydcPyz_MZErF&index=5
CDDG,Chị Đẹp Đạp Gió,CDDG_2024,2024,completed,closed_season,2,,,hSEtU7S6vzk,https://www.youtube.com/watch?v=hSEtU7S6vzk&list=PLt3LgMEKzFxz2EslvirjbydcPyz_MZErF&index=14,"Chị Đẹp Đạp Gió 2024 - Tập 2 | Minh Tuyết & Minh Hằng ""QUÉT SẠCH"" sàn diễn, 6 ĐỘI TRƯỞNG lộ diện!",chi dep dap gio 2024 tap 2 minh tuyet minh hang quet sach san dien 6 doi truong lo dien,UCh_zF2FsiCflCPgYDudtcqg,YEAH1 SHOW,primary_producer_broadcaster,PLt3LgMEKzFxz2EslvirjbydcPyz_MZErF,,13,2024-11-02T13:30:07.000Z,7607,8636,0.8808,normal,2026-08-12T13:31:52.156437+07:00,647.71,5684.45,3681874,True,True,False,False,available,20,HIGH,INCLUDE,,show_alias;numbered_episode;official_channel;official_full_playlist;plausible_duration,official_playlist,streamers/youtube-scraper,feieHpG3pLAJw9qYM,https://www.youtube.com/watch?v=hSEtU7S6vzk&list=PLt3LgMEKzFxz2EslvirjbydcPyz_MZErF&index=14
CDDG,Chị Đẹp Đạp Gió,CDDG_2024,2024,completed,closed_season,10,,,QO7S6k_QPoA,https://www.youtube.com/watch?v=QO7S6k_QPoA&list=PLt3LgMEKzFxz2EslvirjbydcPyz_MZErF&index=6,"Chị Đẹp Đạp Gió 2024 - Tập 10 | Minh Tuyết đu dây hát Bolero, Mỹ Linh ke đầu giữa ""vườn địa đàng""",chi dep dap gio 2024 tap 10 minh tuyet du day hat bolero my linh ke dau giua vuon dia dang,UCh_zF2FsiCflCPgYDudtcqg,YEAH1 SHOW,primary_producer_broadcaster,PLt3LgMEKzFxz2EslvirjbydcPyz_MZErF,,5,2024-12-21T13:30:07.000Z,7785,8636,0.9015,normal,2026-08-12T13:31:52.156437+07:00,598.71,4463.14,2672127,True,True,False,False,available,20,HIGH,INCLUDE,,show_alias;numbered_episode;official_channel;official_full_playlist;plausible_duration,official_playlist,streamers/youtube-scraper,feieHpG3pLAJw9qYM,https://www.youtube.com/watch?v=QO7S6k_QPoA&list=PLt3LgMEKzFxz2EslvirjbydcPyz_MZErF&index=6
CDDG,Chị Đẹp Đạp Gió,CDDG_2024,2024,completed,closed_season,6,,,ic64P20RdSk,https://www.youtube.com/watch?v=ic64P20RdSk&list=PLt3LgMEKzFxz2EslvirjbydcPyz_MZErF&index=10,"Chị Đẹp Đạp Gió 2024 - Tập 6 | Tuimi, Xuân Nghi xứng danh ALL-ROUNDER & NƯỚC MẮT vòng loại đầu tiên!",chi dep dap gio 2024 tap 6 tuimi xuan nghi xung danh all rounder nuoc mat vong loai dau tien,UCecta98cdYVFV6L_lfH__IA,YeaH1 Giải Trí,unknown,PLt3LgMEKzFxz2EslvirjbydcPyz_MZErF,,9,2024-11-30T13:30:07.000Z,9672,8636,1.12,normal,2026-08-12T13:31:52.156437+07:00,619.71,4850.35,3005810,True,True,False,False,available,16,HIGH,INCLUDE,,show_alias;numbered_episode;official_full_playlist;plausible_duration,official_playlist,streamers/youtube-scraper,feieHpG3pLAJw9qYM,https://www.youtube.com/watch?v=ic64P20RdSk&list=PLt3LgMEKzFxz2EslvirjbydcPyz_MZErF&index=10
CDDG,Chị Đẹp Đạp Gió,CDDG_2024,2024,completed,closed_season,7,,,U88iOtiZhd4,https://www.youtube.com/watch?v=U88iOtiZhd4&list=PLt3LgMEKzFxz2EslvirjbydcPyz_MZErF&index=9,"Chị Đẹp Đạp Gió 2024 - Tập 7 | Chiêu mộ ĐỘI HÌNH SỐNG CÒN, Kiều Anh & Mie tung chiêu DÍ TỚI CÙNG!",chi dep dap gio 2024 tap 7 chieu mo doi hinh song con kieu anh mie tung chieu di toi cung,UCecta98cdYVFV6L_lfH__IA,YeaH1 Giải Trí,unknown,PLt3LgMEKzFxz2EslvirjbydcPyz_MZErF,,8,2024-12-07T13:30:07.000Z,6874,8636,0.796,normal,2026-08-12T13:31:52.156437+07:00,612.71,4528.17,2774455,True,True,False,False,available,16,HIGH,INCLUDE,,show_alias;numbered_episode;official_full_playlist;plausible_duration,official_playlist,streamers/youtube-scraper,feieHpG3pLAJw9qYM,https://www.youtube.com/watch?v=U88iOtiZhd4&list=PLt3LgMEKzFxz2EslvirjbydcPyz_MZErF&index=9
CDDG,Chị Đẹp Đạp Gió,CDDG_2024,2024,completed,closed_season,1,,,FH8jhZYLY6I,https://www.youtube.com/watch?v=FH8jhZYLY6I&list=PLt3LgMEKzFxz2EslvirjbydcPyz_MZErF&index=15,"Chị Đẹp Đạp Gió 2024 - Tập 1 | Mỹ Linh & Thu Phương TRỞ LẠI, SÂN KHẤU RA MẮT của 30 CHỊ ĐẸP bắt đầu!",chi dep dap gio 2024 tap 1 my linh thu phuong tro lai san khau ra mat cua 30 chi dep bat dau,UCh_zF2FsiCflCPgYDudtcqg,YEAH1 SHOW,primary_producer_broadcaster,PLt3LgMEKzFxz2EslvirjbydcPyz_MZErF,,14,2024-10-26T13:30:07.000Z,11480,8636,1.3293,normal,2026-08-12T13:31:52.156437+07:00,654.71,8151.22,5336679,True,True,False,False,available,20,HIGH,INCLUDE,,show_alias;numbered_episode;official_channel;official_full_playlist;plausible_duration,official_playlist,streamers/youtube-scraper,feieHpG3pLAJw9qYM,https://www.youtube.com/watch?v=FH8jhZYLY6I&list=PLt3LgMEKzFxz2EslvirjbydcPyz_MZErF&index=15
CDDG,Chị Đẹp Đạp Gió,CDDG_2024,2024,completed,closed_season,9,,,W22D6pvvnY8,https://www.youtube.com/watch?v=W22D6pvvnY8&list=PLt3LgMEKzFxz2EslvirjbydcPyz_MZErF&index=7,"Chị Đẹp Đạp Gió 2024 - Tập 9 | Phương Thanh trình diễn đầy lột xác, Bùi Lan Hương cất giọng MÊ ĐẮM",chi dep dap gio 2024 tap 9 phuong thanh trinh dien day lot xac bui lan huong cat giong me dam,UCh_zF2FsiCflCPgYDudtcqg,YEAH1 SHOW,primary_producer_broadcaster,PLt3LgMEKzFxz2EslvirjbydcPyz_MZErF,,6,2024-12-14T13:30:07.000Z,9846,8636,1.1401,normal,2026-08-12T13:31:52.156437+07:00,605.71,5999.29,3633825,True,True,False,False,available,20,HIGH,INCLUDE,,show_alias;numbered_episode;official_channel;official_full_playlist;plausible_duration,official_playlist,streamers/youtube-scraper,feieHpG3pLAJw9qYM,https://www.youtube.com/watch?v=W22D6pvvnY8&list=PLt3LgMEKzFxz2EslvirjbydcPyz_MZErF&index=7
CDDG,Chị Đẹp Đạp Gió,CDDG_2024,2024,completed,closed_season,15,,,GC0PYg7k9wk,https://www.youtube.com/watch?v=GC0PYg7k9wk&list=PLt3LgMEKzFxz2EslvirjbydcPyz_MZErF&index=1,"Chị Đẹp Đạp Gió 2024 - Tập 15 | HÀNH TRÌNH ĐẠP GIÓ THĂNG CẤP, 10 ""BÔNG HOA"" CHỊ ĐẸP RA MẮT RỰC RỠ",chi dep dap gio 2024 tap 15 hanh trinh dap gio thang cap 10 bong hoa chi dep ra mat ruc ro,UCh_zF2FsiCflCPgYDudtcqg,YEAH1 SHOW,primary_producer_broadcaster,PLt3LgMEKzFxz2EslvirjbydcPyz_MZErF,,0,2025-01-25T13:30:07.000Z,6096,8636,0.7059,normal,2026-08-12T13:31:52.156437+07:00,563.71,4218.57,2378051,True,True,False,False,available,20,HIGH,INCLUDE,,show_alias;numbered_episode;official_channel;official_full_playlist;plausible_duration,official_playlist,streamers/youtube-scraper,feieHpG3pLAJw9qYM,https://www.youtube.com/watch?v=GC0PYg7k9wk&list=PLt3LgMEKzFxz2EslvirjbydcPyz_MZErF&index=1
