platform,native_content_id,metric_name,metric_value_exact,observed_at,metric_definition_version,visibility,receipt_id
youtube,r-RUnz9gPbw,view_count,106288,2026-08-12T14:57:29.878685+07:00,youtube_public_v1,PUBLIC,19BPcrDoEeNIg89PR
youtube,Dov2pHhp0Ko,view_count,10815,2026-08-12T12:44:06.975475+07:00,youtube_public_v1,PUBLIC,6aaRakgaGJxf19zR1
youtube,u76BOoh4Ga8,view_count,12337828,2026-08-12T13:50:58.446867+07:00,youtube_public_v1,PUBLIC,M5uwXGq8dZ92waEPT
youtube,0UXCacoRFIw,view_count,22846,2026-08-12T12:44:06.975475+07:00,youtube_public_v1,PUBLIC,6aaRakgaGJxf19zR1
youtube,cKRcKPXnHgs,view_count,10002864,2026-08-12T12:44:06.975475+07:00,youtube_public_v1,PUBLIC,6aaRakgaGJxf19zR1
youtube,a1MuWPRiqb0,view_count,12872,2026-08-12T12:44:06.975475+07:00,youtube_public_v1,PUBLIC,6aaRakgaGJxf19zR1
youtube,7Ox5uiVWaYk,view_count,13358,2026-08-12T12:44:06.975475+07:00,youtube_public_v1,PUBLIC,6aaRakgaGJxf19zR1
youtube,waxE0tLYEIQ,view_count,61769,2026-08-12T12:44:06.975475+07:00,youtube_public_v1,PUBLIC,6aaRakgaGJxf19zR1
youtube,MH4gUH_BAd0,view_count,32714,2026-08-12T12:44:06.975475+07:00,youtube_public_v1,PUBLIC,6aaRakgaGJxf19zR1
youtube,C8I3yL91tPE,view_count,355563,2026-08-12T12:44:06.975475+07:00,youtube_public_v1,PUBLIC,6aaRakgaGJxf19zR1
youtube,4CHIUdNfu4Y,view_count,49218,2026-08-12T12:44:06.975475+07:00,youtube_public_v1,PUBLIC,6aaRakgaGJxf19zR1
youtube,BwErdsjHbYk,view_count,47358,2026-08-12T12:44:06.975475+07:00,youtube_public_v1,PUBLIC,6aaRakgaGJxf19zR1
youtube,0Gf5hvT7mRY,view_count,9710009,2026-08-12T12:44:06.975475+07:00,youtube_public_v1,PUBLIC,6aaRakgaGJxf19zR1
youtube,J3kCVv5SXNk,view_count,8767608,2026-08-12T12:44:06.975475+07:00,youtube_public_v1,PUBLIC,6aaRakgaGJxf19zR1
youtube,lqp2_F53XPM,view_count,1789312,2026-08-12T12:44:06.975475+07:00,youtube_public_v1,PUBLIC,6aaRakgaGJxf19zR1
youtube,LLsGSQBv5yI,view_count,81279,2026-08-12T12:44:06.975475+07:00,youtube_public_v1,PUBLIC,6aaRakgaGJxf19zR1
youtube,7Guuuo8jCTM,view_count,13403,2026-08-12T12:44:06.975475+07:00,youtube_public_v1,PUBLIC,6aaRakgaGJxf19zR1
youtube,2V20IKyMqnM,view_count,2379100,2026-08-12T14:30:40.743835+07:00,youtube_public_v1,PUBLIC,b3w6qu4GW44XrWW2G
youtube,lGepyqJ98uM,view_count,21142,2026-08-12T12:44:06.975475+07:00,youtube_public_v1,PUBLIC,6aaRakgaGJxf19zR1
youtube,JNSfZNYiimg,view_count,780987,2026-08-12T14:57:29.878685+07:00,youtube_public_v1,PUBLIC,19BPcrDoEeNIg89PR
youtube,piOfzIT7sQ0,view_count,7563724,2026-08-12T13:50:58.446867+07:00,youtube_public_v1,PUBLIC,5eIBmqIiLOzg44Gj6
youtube,piOfzIT7sQ0,like_count,67000,2026-08-12T13:50:58.446867+07:00,youtube_public_v1,PUBLIC,5eIBmqIiLOzg44Gj6
youtube,piOfzIT7sQ0,comment_count,5451,2026-08-12T13:50:58.446867+07:00,youtube_public_v1,PUBLIC,5eIBmqIiLOzg44Gj6
youtube,DkPgUmAKEgY,view_count,4262750,2026-08-12T13:50:58.446867+07:00,youtube_public_v1,PUBLIC,5eIBmqIiLOzg44Gj6
youtube,DkPgUmAKEgY,like_count,46000,2026-08-12T13:50:58.446867+07:00,youtube_public_v1,PUBLIC,5eIBmqIiLOzg44Gj6
youtube,DkPgUmAKEgY,comment_count,8792,2026-08-12T13:50:58.446867+07:00,youtube_public_v1,PUBLIC,5eIBmqIiLOzg44Gj6
youtube,Rb3hfEPyJxQ,view_count,2230081,2026-08-12T13:52:21.084157+07:00,youtube_public_v1,PUBLIC,jh0aF6qybmcaGnY7P
youtube,Rb3hfEPyJxQ,like_count,59000,2026-08-12T13:52:21.084157+07:00,youtube_public_v1,PUBLIC,jh0aF6qybmcaGnY7P
youtube,Rb3hfEPyJxQ,comment_count,12852,2026-08-12T13:52:21.084157+07:00,youtube_public_v1,PUBLIC,jh0aF6qybmcaGnY7P
youtube,alsFPwMJGOI,view_count,8777025,2026-08-12T13:50:58.446867+07:00,youtube_public_v1,PUBLIC,M5uwXGq8dZ92waEPT
youtube,hOe5p-yMR_w,view_count,233020,2026-08-12T13:50:58.446867+07:00,youtube_public_v1,PUBLIC,jh0aF6qybmcaGnY7P
youtube,hOe5p-yMR_w,like_count,10000,2026-08-12T13:50:58.446867+07:00,youtube_public_v1,PUBLIC,jh0aF6qybmcaGnY7P
youtube,hOe5p-yMR_w,comment_count,3117,2026-08-12T13:50:58.446867+07:00,youtube_public_v1,PUBLIC,jh0aF6qybmcaGnY7P
youtube,AtIHwHuj8SQ,view_count,8072773,2026-08-12T13:52:21.084157+07:00,youtube_public_v1,PUBLIC,jh0aF6qybmcaGnY7P
youtube,AtIHwHuj8SQ,like_count,93000,2026-08-12T13:52:21.084157+07:00,youtube_public_v1,PUBLIC,jh0aF6qybmcaGnY7P
youtube,AtIHwHuj8SQ,comment_count,9889,2026-08-12T13:52:21.084157+07:00,youtube_public_v1,PUBLIC,jh0aF6qybmcaGnY7P
youtube,0mQn-pPDLuM,view_count,3317401,2026-08-12T13:52:21.084157+07:00,youtube_public_v1,PUBLIC,jh0aF6qybmcaGnY7P
youtube,0mQn-pPDLuM,like_count,57000,2026-08-12T13:52:21.084157+07:00,youtube_public_v1,PUBLIC,jh0aF6qybmcaGnY7P
youtube,0mQn-pPDLuM,comment_count,5597,2026-08-12T13:52:21.084157+07:00,youtube_public_v1,PUBLIC,jh0aF6qybmcaGnY7P
youtube,6M2Pjtq1OPA,view_count,307350,2026-08-12T13:50:58.446867+07:00,youtube_public_v1,PUBLIC,M5uwXGq8dZ92waEPT
youtube,TH_z2nHyct4,view_count,5929937,2026-08-12T13:50:58.446867+07:00,youtube_public_v1,PUBLIC,M5uwXGq8dZ92waEPT
youtube,U_KeF48W4qE,view_count,4515626,2026-08-12T13:50:58.446867+07:00,youtube_public_v1,PUBLIC,5eIBmqIiLOzg44Gj6
youtube,U_KeF48W4qE,like_count,54000,2026-08-12T13:50:58.446867+07:00,youtube_public_v1,PUBLIC,5eIBmqIiLOzg44Gj6
youtube,U_KeF48W4qE,comment_count,6858,2026-08-12T13:50:58.446867+07:00,youtube_public_v1,PUBLIC,5eIBmqIiLOzg44Gj6
youtube,Xdqdt6eobbk,view_count,5390058,2026-08-12T13:50:58.446867+07:00,youtube_public_v1,PUBLIC,5eIBmqIiLOzg44Gj6
youtube,Xdqdt6eobbk,like_count,58000,2026-08-12T13:50:58.446867+07:00,youtube_public_v1,PUBLIC,5eIBmqIiLOzg44Gj6
youtube,Xdqdt6eobbk,comment_count,9960,2026-08-12T13:50:58.446867+07:00,youtube_public_v1,PUBLIC,5eIBmqIiLOzg44Gj6
youtube,CXrJ1_dTtz4,view_count,596377,2026-08-12T13:50:58.446867+07:00,youtube_public_v1,PUBLIC,jh0aF6qybmcaGnY7P
youtube,CXrJ1_dTtz4,like_count,22000,2026-08-12T13:50:58.446867+07:00,youtube_public_v1,PUBLIC,jh0aF6qybmcaGnY7P
youtube,CXrJ1_dTtz4,comment_count,1769,2026-08-12T13:50:58.446867+07:00,youtube_public_v1,PUBLIC,jh0aF6qybmcaGnY7P
youtube,cwlToxaWuL8,view_count,1049226,2026-08-12T13:52:21.084157+07:00,youtube_public_v1,PUBLIC,jh0aF6qybmcaGnY7P
youtube,cwlToxaWuL8,like_count,34000,2026-08-12T13:52:21.084157+07:00,youtube_public_v1,PUBLIC,jh0aF6qybmcaGnY7P
youtube,cwlToxaWuL8,comment_count,6816,2026-08-12T13:52:21.084157+07:00,youtube_public_v1,PUBLIC,jh0aF6qybmcaGnY7P
youtube,vs5PyV_nvH8,view_count,280351,2026-08-12T13:50:58.446867+07:00,youtube_public_v1,PUBLIC,M5uwXGq8dZ92waEPT
youtube,XUvWJyj273c,view_count,176496,2026-08-12T13:50:58.446867+07:00,youtube_public_v1,PUBLIC,M5uwXGq8dZ92waEPT
youtube,5X8_IxZo8w8,view_count,10717300,2026-08-12T13:50:58.446867+07:00,youtube_public_v1,PUBLIC,5eIBmqIiLOzg44Gj6
youtube,5X8_IxZo8w8,like_count,110000,2026-08-12T13:50:58.446867+07:00,youtube_public_v1,PUBLIC,5eIBmqIiLOzg44Gj6
youtube,5X8_IxZo8w8,comment_count,13113,2026-08-12T13:50:58.446867+07:00,youtube_public_v1,PUBLIC,5eIBmqIiLOzg44Gj6
youtube,v8WCvNSPSa0,view_count,6945454,2026-08-12T13:50:58.446867+07:00,youtube_public_v1,PUBLIC,5eIBmqIiLOzg44Gj6
youtube,v8WCvNSPSa0,like_count,79000,2026-08-12T13:50:58.446867+07:00,youtube_public_v1,PUBLIC,5eIBmqIiLOzg44Gj6
youtube,v8WCvNSPSa0,comment_count,7974,2026-08-12T13:50:58.446867+07:00,youtube_public_v1,PUBLIC,5eIBmqIiLOzg44Gj6
youtube,2HFRyTKYMAo,view_count,21648,2026-08-12T13:50:58.446867+07:00,youtube_public_v1,PUBLIC,M5uwXGq8dZ92waEPT
youtube,e-Zg0_bf9lA,view_count,34685,2026-08-12T13:50:58.446867+07:00,youtube_public_v1,PUBLIC,M5uwXGq8dZ92waEPT
youtube,tSshdpvm2ko,view_count,2423184,2026-08-12T13:50:58.446867+07:00,youtube_public_v1,PUBLIC,5eIBmqIiLOzg44Gj6
youtube,tSshdpvm2ko,like_count,9500,2026-08-12T13:50:58.446867+07:00,youtube_public_v1,PUBLIC,5eIBmqIiLOzg44Gj6
youtube,tSshdpvm2ko,comment_count,400,2026-08-12T13:50:58.446867+07:00,youtube_public_v1,PUBLIC,5eIBmqIiLOzg44Gj6
youtube,64Njw-cCJkg,view_count,188182,2026-08-12T13:50:58.446867+07:00,youtube_public_v1,PUBLIC,M5uwXGq8dZ92waEPT
youtube,vBXDH2nltYY,view_count,71803,2026-08-12T13:50:58.446867+07:00,youtube_public_v1,PUBLIC,M5uwXGq8dZ92waEPT
youtube,fBsruxXXeTc,view_count,128395,2026-08-12T13:50:58.446867+07:00,youtube_public_v1,PUBLIC,M5uwXGq8dZ92waEPT
youtube,WeRZqP8TpJo,view_count,116160,2026-08-12T13:50:58.446867+07:00,youtube_public_v1,PUBLIC,M5uwXGq8dZ92waEPT
youtube,nxTzWhDwv_Y,view_count,4560931,2026-08-12T13:50:58.446867+07:00,youtube_public_v1,PUBLIC,5eIBmqIiLOzg44Gj6
youtube,nxTzWhDwv_Y,like_count,64000,2026-08-12T13:50:58.446867+07:00,youtube_public_v1,PUBLIC,5eIBmqIiLOzg44Gj6
youtube,nxTzWhDwv_Y,comment_count,5718,2026-08-12T13:50:58.446867+07:00,youtube_public_v1,PUBLIC,5eIBmqIiLOzg44Gj6
youtube,BP236Tcs5mk,view_count,12681,2026-08-12T13:52:21.084157+07:00,youtube_public_v1,PUBLIC,W1tKZGzU3uGHBIo5U
youtube,HdMx4Fq-lxo,view_count,23661,2026-08-12T13:50:58.446867+07:00,youtube_public_v1,PUBLIC,M5uwXGq8dZ92waEPT
youtube,3ClIC-yT-Fc,view_count,978152,2026-08-12T13:50:58.446867+07:00,youtube_public_v1,PUBLIC,M5uwXGq8dZ92waEPT
youtube,V35glHJioZ8,view_count,4833,2026-08-12T13:50:58.446867+07:00,youtube_public_v1,PUBLIC,M5uwXGq8dZ92waEPT
youtube,wF0JWdmgYPI,view_count,445342,2026-08-12T13:52:21.084157+07:00,youtube_public_v1,PUBLIC,W1tKZGzU3uGHBIo5U
youtube,Pj2qb3E0SqY,view_count,33453,2026-08-12T13:50:58.446867+07:00,youtube_public_v1,PUBLIC,M5uwXGq8dZ92waEPT
youtube,7PH4PalhtQs,view_count,884506,2026-08-12T13:50:58.446867+07:00,youtube_public_v1,PUBLIC,M5uwXGq8dZ92waEPT
youtube,0MmOHdJddyE,view_count,6735522,2026-08-12T13:50:58.446867+07:00,youtube_public_v1,PUBLIC,M5uwXGq8dZ92waEPT
youtube,x7FnxozM6CI,view_count,2127164,2026-08-12T13:50:58.446867+07:00,youtube_public_v1,PUBLIC,M5uwXGq8dZ92waEPT
youtube,ASwhjmbXvDY,view_count,566384,2026-08-12T13:50:58.446867+07:00,youtube_public_v1,PUBLIC,M5uwXGq8dZ92waEPT
youtube,Cr5HV-cY9Z0,view_count,30185,2026-08-12T13:52:21.084157+07:00,youtube_public_v1,PUBLIC,W1tKZGzU3uGHBIo5U
youtube,H0t99yQWJeA,view_count,63097,2026-08-12T13:50:58.446867+07:00,youtube_public_v1,PUBLIC,M5uwXGq8dZ92waEPT
youtube,sH9fdyS8Oxw,view_count,92338,2026-08-12T13:50:58.446867+07:00,youtube_public_v1,PUBLIC,M5uwXGq8dZ92waEPT
youtube,5y_35sqk-iU,view_count,24792,2026-08-12T13:50:58.446867+07:00,youtube_public_v1,PUBLIC,M5uwXGq8dZ92waEPT
youtube,tqxAaVe8KH0,view_count,301913,2026-08-12T13:50:58.446867+07:00,youtube_public_v1,PUBLIC,M5uwXGq8dZ92waEPT
youtube,eUEJe8EFe64,view_count,51456,2026-08-12T13:50:58.446867+07:00,youtube_public_v1,PUBLIC,M5uwXGq8dZ92waEPT
youtube,YQRk6iDykHw,view_count,116995,2026-08-12T13:50:58.446867+07:00,youtube_public_v1,PUBLIC,M5uwXGq8dZ92waEPT
youtube,GeCKwuK5W4s,view_count,183350,2026-08-12T13:50:58.446867+07:00,youtube_public_v1,PUBLIC,M5uwXGq8dZ92waEPT
youtube,TPsm1y7A07c,view_count,1720218,2026-08-12T13:50:58.446867+07:00,youtube_public_v1,PUBLIC,M5uwXGq8dZ92waEPT
youtube,Szg0NmaAZqE,view_count,115528,2026-08-12T13:50:58.446867+07:00,youtube_public_v1,PUBLIC,M5uwXGq8dZ92waEPT
youtube,tWnkq9zIK7A,view_count,16499,2026-08-12T13:50:58.446867+07:00,youtube_public_v1,PUBLIC,M5uwXGq8dZ92waEPT
youtube,UMTDNjOL2KM,view_count,610565,2026-08-12T13:50:58.446867+07:00,youtube_public_v1,PUBLIC,cPEN2QFFLoM4y6buf
youtube,UMTDNjOL2KM,like_count,3400,2026-08-12T13:50:58.446867+07:00,youtube_public_v1,PUBLIC,cPEN2QFFLoM4y6buf
youtube,UMTDNjOL2KM,comment_count,331,2026-08-12T13:50:58.446867+07:00,youtube_public_v1,PUBLIC,cPEN2QFFLoM4y6buf
youtube,VZrf5Ks9Ixo,view_count,100214,2026-08-12T13:50:58.446867+07:00,youtube_public_v1,PUBLIC,M5uwXGq8dZ92waEPT
youtube,sTUMLAuZKc4,view_count,13918,2026-08-12T13:50:58.446867+07:00,youtube_public_v1,PUBLIC,M5uwXGq8dZ92waEPT
youtube,nU9pgOM-_7s,view_count,21270,2026-08-12T13:50:58.446867+07:00,youtube_public_v1,PUBLIC,M5uwXGq8dZ92waEPT
youtube,gYu-XroEElw,view_count,104240,2026-08-12T13:50:58.446867+07:00,youtube_public_v1,PUBLIC,M5uwXGq8dZ92waEPT
youtube,xIBKUvuO5Fk,view_count,18120906,2026-08-12T13:50:58.446867+07:00,youtube_public_v1,PUBLIC,M5uwXGq8dZ92waEPT
youtube,o3kMC5RE1cc,view_count,101011,2026-08-12T13:50:58.446867+07:00,youtube_public_v1,PUBLIC,M5uwXGq8dZ92waEPT
youtube,hoXkEDe4Rew,view_count,38911,2026-08-12T13:50:58.446867+07:00,youtube_public_v1,PUBLIC,M5uwXGq8dZ92waEPT
youtube,vIxVFg38U-g,view_count,13392,2026-08-12T13:50:58.446867+07:00,youtube_public_v1,PUBLIC,M5uwXGq8dZ92waEPT
youtube,QJx96CYpJNU,view_count,16362275,2026-08-12T13:50:58.446867+07:00,youtube_public_v1,PUBLIC,M5uwXGq8dZ92waEPT
youtube,ReC2ZGbo7n4,view_count,404256,2026-08-12T13:50:58.446867+07:00,youtube_public_v1,PUBLIC,M5uwXGq8dZ92waEPT
youtube,Aqs13OxE9rs,view_count,73920,2026-08-12T13:50:58.446867+07:00,youtube_public_v1,PUBLIC,M5uwXGq8dZ92waEPT
youtube,bk-lKnwLztc,view_count,3514180,2026-08-12T13:50:58.446867+07:00,youtube_public_v1,PUBLIC,5eIBmqIiLOzg44Gj6
youtube,bk-lKnwLztc,like_count,42000,2026-08-12T13:50:58.446867+07:00,youtube_public_v1,PUBLIC,5eIBmqIiLOzg44Gj6
youtube,bk-lKnwLztc,comment_count,6770,2026-08-12T13:50:58.446867+07:00,youtube_public_v1,PUBLIC,5eIBmqIiLOzg44Gj6
youtube,_5-4wH4aiLU,view_count,41937,2026-08-12T13:50:58.446867+07:00,youtube_public_v1,PUBLIC,M5uwXGq8dZ92waEPT
youtube,kr4xj89HwiI,view_count,153372,2026-08-12T13:52:21.084157+07:00,youtube_public_v1,PUBLIC,W1tKZGzU3uGHBIo5U
youtube,H0M2a_ZngVA,view_count,610,2026-08-12T13:50:58.446867+07:00,youtube_public_v1,PUBLIC,M5uwXGq8dZ92waEPT
youtube,-jba7xVTqVA,view_count,13710,2026-08-12T13:50:58.446867+07:00,youtube_public_v1,PUBLIC,M5uwXGq8dZ92waEPT
youtube,9oe2Hk0vTxE,view_count,4887628,2026-08-12T13:52:21.084157+07:00,youtube_public_v1,PUBLIC,jh0aF6qybmcaGnY7P
youtube,9oe2Hk0vTxE,like_count,65000,2026-08-12T13:52:21.084157+07:00,youtube_public_v1,PUBLIC,jh0aF6qybmcaGnY7P
youtube,9oe2Hk0vTxE,comment_count,9018,2026-08-12T13:52:21.084157+07:00,youtube_public_v1,PUBLIC,jh0aF6qybmcaGnY7P
youtube,DDJXbr6NlCI,view_count,7420143,2026-08-12T13:28:03.124842+07:00,youtube_public_v1,PUBLIC,TixQy2mPtqIl9j2Dw
youtube,GNW7dLmYUV8,view_count,20890,2026-08-12T13:28:03.124842+07:00,youtube_public_v1,PUBLIC,TixQy2mPtqIl9j2Dw
youtube,Qzc1gq34szk,view_count,30015,2026-08-12T13:28:03.124842+07:00,youtube_public_v1,PUBLIC,TixQy2mPtqIl9j2Dw
youtube,hiVt64PSzI0,view_count,9479666,2026-08-12T13:28:03.124842+07:00,youtube_public_v1,PUBLIC,TixQy2mPtqIl9j2Dw
youtube,YKUsVkMlU4I,view_count,397668,2026-08-12T13:28:03.124842+07:00,youtube_public_v1,PUBLIC,TixQy2mPtqIl9j2Dw
youtube,p9jiaPI1a18,view_count,26799,2026-08-12T13:28:03.124842+07:00,youtube_public_v1,PUBLIC,TixQy2mPtqIl9j2Dw
youtube,p6BEWnZ_WjE,view_count,9228499,2026-08-12T13:28:03.124842+07:00,youtube_public_v1,PUBLIC,TixQy2mPtqIl9j2Dw
youtube,0p2FvtMpYDM,view_count,37063,2026-08-12T13:28:03.124842+07:00,youtube_public_v1,PUBLIC,TixQy2mPtqIl9j2Dw
youtube,yHQh2HFU3zE,view_count,204351,2026-08-12T13:28:03.124842+07:00,youtube_public_v1,PUBLIC,TixQy2mPtqIl9j2Dw
youtube,FcdcDXMln7o,view_count,22448,2026-08-12T13:28:03.124842+07:00,youtube_public_v1,PUBLIC,TixQy2mPtqIl9j2Dw
youtube,8bykG6rb308,view_count,32900,2026-08-12T13:28:03.124842+07:00,youtube_public_v1,PUBLIC,TixQy2mPtqIl9j2Dw
youtube,tgmugUoGjNw,view_count,13119,2026-08-12T13:28:03.124842+07:00,youtube_public_v1,PUBLIC,TixQy2mPtqIl9j2Dw
youtube,O-_lQxbES_s,view_count,5965613,2026-08-12T13:28:03.124842+07:00,youtube_public_v1,PUBLIC,TixQy2mPtqIl9j2Dw
youtube,kK9BT6SVky4,view_count,33107,2026-08-12T13:28:03.124842+07:00,youtube_public_v1,PUBLIC,TixQy2mPtqIl9j2Dw
youtube,-lFBuMLqfPA,view_count,6452819,2026-08-12T13:28:03.124842+07:00,youtube_public_v1,PUBLIC,TixQy2mPtqIl9j2Dw
youtube,oOFm8qIiQdg,view_count,18956,2026-08-12T13:28:03.124842+07:00,youtube_public_v1,PUBLIC,TixQy2mPtqIl9j2Dw
youtube,O86YTeWG7q4,view_count,9076673,2026-08-12T13:28:03.124842+07:00,youtube_public_v1,PUBLIC,TixQy2mPtqIl9j2Dw
youtube,piJAY4GF8s0,view_count,7131023,2026-08-12T13:28:03.124842+07:00,youtube_public_v1,PUBLIC,TixQy2mPtqIl9j2Dw
youtube,VfQsZe_fhwM,view_count,17448,2026-08-12T13:28:03.124842+07:00,youtube_public_v1,PUBLIC,TixQy2mPtqIl9j2Dw
youtube,PiYnzheu9-Y,view_count,19175,2026-08-12T13:28:03.124842+07:00,youtube_public_v1,PUBLIC,TixQy2mPtqIl9j2Dw
youtube,DNOYwiaVstY,view_count,4310805,2026-08-12T13:28:03.124842+07:00,youtube_public_v1,PUBLIC,TixQy2mPtqIl9j2Dw
youtube,W82CmMFLINw,view_count,27066,2026-08-12T13:28:03.124842+07:00,youtube_public_v1,PUBLIC,TixQy2mPtqIl9j2Dw
youtube,qVliOE9Pg4U,view_count,8051553,2026-08-12T13:28:03.124842+07:00,youtube_public_v1,PUBLIC,TixQy2mPtqIl9j2Dw
youtube,ReSz2CrbOnA,view_count,54849,2026-08-12T13:28:03.124842+07:00,youtube_public_v1,PUBLIC,TixQy2mPtqIl9j2Dw
youtube,ya31HMyeHX0,view_count,5409272,2026-08-12T13:28:03.124842+07:00,youtube_public_v1,PUBLIC,InId3PziiZVKErVf3
youtube,ya31HMyeHX0,like_count,59000,2026-08-12T13:28:03.124842+07:00,youtube_public_v1,PUBLIC,InId3PziiZVKErVf3
youtube,ya31HMyeHX0,comment_count,5080,2026-08-12T13:28:03.124842+07:00,youtube_public_v1,PUBLIC,InId3PziiZVKErVf3
youtube,CzJbD44jU6Y,view_count,37602,2026-08-12T13:52:21.084157+07:00,youtube_public_v1,PUBLIC,W1tKZGzU3uGHBIo5U
youtube,9Ydft3BqWXs,view_count,40434,2026-08-12T13:52:21.084157+07:00,youtube_public_v1,PUBLIC,W1tKZGzU3uGHBIo5U
youtube,E-Yc2gKgu6s,view_count,13963,2026-08-12T13:52:21.084157+07:00,youtube_public_v1,PUBLIC,W1tKZGzU3uGHBIo5U
youtube,1ldd8tgMv-M,view_count,18438,2026-08-12T13:52:21.084157+07:00,youtube_public_v1,PUBLIC,W1tKZGzU3uGHBIo5U
youtube,lDK2rP5ORmo,view_count,8639,2026-08-12T13:52:21.084157+07:00,youtube_public_v1,PUBLIC,W1tKZGzU3uGHBIo5U
youtube,NTNZhCQZqs8,view_count,48238,2026-08-12T13:52:21.084157+07:00,youtube_public_v1,PUBLIC,W1tKZGzU3uGHBIo5U
youtube,OdqLJ_DHw6M,view_count,3754,2026-08-12T13:52:21.084157+07:00,youtube_public_v1,PUBLIC,W1tKZGzU3uGHBIo5U
youtube,4fk_IdZArYs,view_count,177099,2026-08-12T13:52:21.084157+07:00,youtube_public_v1,PUBLIC,W1tKZGzU3uGHBIo5U
youtube,_TY8jqZHuE8,view_count,67106,2026-08-12T13:52:21.084157+07:00,youtube_public_v1,PUBLIC,W1tKZGzU3uGHBIo5U
youtube,xETexMuAMFw,view_count,58066,2026-08-12T13:52:21.084157+07:00,youtube_public_v1,PUBLIC,W1tKZGzU3uGHBIo5U
youtube,6JYezwyG9Dc,view_count,54987,2026-08-12T13:52:21.084157+07:00,youtube_public_v1,PUBLIC,W1tKZGzU3uGHBIo5U
youtube,7I9obn4JoNo,view_count,12963,2026-08-12T13:52:21.084157+07:00,youtube_public_v1,PUBLIC,W1tKZGzU3uGHBIo5U
youtube,qG5IGZuYHl8,view_count,31538,2026-08-12T13:52:21.084157+07:00,youtube_public_v1,PUBLIC,W1tKZGzU3uGHBIo5U
youtube,IO1vbkRBM20,view_count,9130,2026-08-12T13:52:21.084157+07:00,youtube_public_v1,PUBLIC,W1tKZGzU3uGHBIo5U
youtube,F3AAcXvwM3E,view_count,23431,2026-08-12T13:52:21.084157+07:00,youtube_public_v1,PUBLIC,W1tKZGzU3uGHBIo5U
youtube,Dd78O2L9ZIA,view_count,183641,2026-08-12T13:52:21.084157+07:00,youtube_public_v1,PUBLIC,W1tKZGzU3uGHBIo5U
youtube,PWZCdwX6Id0,view_count,3918,2026-08-12T13:52:21.084157+07:00,youtube_public_v1,PUBLIC,W1tKZGzU3uGHBIo5U
youtube,CzOsMP8d5GY,view_count,6035,2026-08-12T13:52:21.084157+07:00,youtube_public_v1,PUBLIC,W1tKZGzU3uGHBIo5U
youtube,a_6hZ48Sx_k,view_count,36610,2026-08-12T13:52:21.084157+07:00,youtube_public_v1,PUBLIC,W1tKZGzU3uGHBIo5U
youtube,gGzQhCp2SQk,view_count,2160,2026-08-12T13:52:21.084157+07:00,youtube_public_v1,PUBLIC,W1tKZGzU3uGHBIo5U
youtube,YR82TIJFbwM,view_count,5268,2026-08-12T13:52:21.084157+07:00,youtube_public_v1,PUBLIC,W1tKZGzU3uGHBIo5U
youtube,2u7MI2f5A1g,view_count,126746,2026-08-12T13:52:21.084157+07:00,youtube_public_v1,PUBLIC,W1tKZGzU3uGHBIo5U
youtube,63mloriuYFI,view_count,56236,2026-08-12T13:52:21.084157+07:00,youtube_public_v1,PUBLIC,W1tKZGzU3uGHBIo5U
youtube,pfZ_y-qC9rU,view_count,47,2026-08-12T13:52:21.084157+07:00,youtube_public_v1,PUBLIC,W1tKZGzU3uGHBIo5U
youtube,zoaPaVFD7TY,view_count,11151,2026-08-12T13:52:21.084157+07:00,youtube_public_v1,PUBLIC,W1tKZGzU3uGHBIo5U
youtube,LnZjcfspWfM,view_count,6386643,2026-08-12T13:52:21.084157+07:00,youtube_public_v1,PUBLIC,jh0aF6qybmcaGnY7P
youtube,LnZjcfspWfM,like_count,66000,2026-08-12T13:52:21.084157+07:00,youtube_public_v1,PUBLIC,jh0aF6qybmcaGnY7P
youtube,LnZjcfspWfM,comment_count,6988,2026-08-12T13:52:21.084157+07:00,youtube_public_v1,PUBLIC,jh0aF6qybmcaGnY7P
youtube,sWY60CTYH2Y,view_count,32442,2026-08-12T13:52:21.084157+07:00,youtube_public_v1,PUBLIC,W1tKZGzU3uGHBIo5U
youtube,r22u8-lUuQ8,view_count,52700,2026-08-12T13:52:21.084157+07:00,youtube_public_v1,PUBLIC,W1tKZGzU3uGHBIo5U
youtube,00vqufE21Xw,view_count,16008,2026-08-12T13:52:21.084157+07:00,youtube_public_v1,PUBLIC,W1tKZGzU3uGHBIo5U
youtube,Ilqu9tZJ1_U,view_count,84196,2026-08-12T13:52:21.084157+07:00,youtube_public_v1,PUBLIC,W1tKZGzU3uGHBIo5U
youtube,cKWkVIdmqKU,view_count,60520,2026-08-12T13:52:21.084157+07:00,youtube_public_v1,PUBLIC,W1tKZGzU3uGHBIo5U
youtube,v7Wv1olzyNA,view_count,90302,2026-08-12T13:52:21.084157+07:00,youtube_public_v1,PUBLIC,W1tKZGzU3uGHBIo5U
youtube,pJWXb8ofStw,view_count,2867525,2026-08-12T13:52:21.084157+07:00,youtube_public_v1,PUBLIC,cPEN2QFFLoM4y6buf
youtube,pJWXb8ofStw,like_count,23000,2026-08-12T13:52:21.084157+07:00,youtube_public_v1,PUBLIC,cPEN2QFFLoM4y6buf
youtube,pJWXb8ofStw,comment_count,2835,2026-08-12T13:52:21.084157+07:00,youtube_public_v1,PUBLIC,cPEN2QFFLoM4y6buf
youtube,efMuQ678sbM,view_count,182919,2026-08-12T13:52:21.084157+07:00,youtube_public_v1,PUBLIC,W1tKZGzU3uGHBIo5U
youtube,zCnWDjEq-NY,view_count,109579,2026-08-12T13:52:21.084157+07:00,youtube_public_v1,PUBLIC,W1tKZGzU3uGHBIo5U
youtube,wgOC10x9OX4,view_count,100382,2026-08-12T13:52:21.084157+07:00,youtube_public_v1,PUBLIC,jh0aF6qybmcaGnY7P
youtube,wgOC10x9OX4,like_count,873,2026-08-12T13:52:21.084157+07:00,youtube_public_v1,PUBLIC,jh0aF6qybmcaGnY7P
youtube,wgOC10x9OX4,comment_count,115,2026-08-12T13:52:21.084157+07:00,youtube_public_v1,PUBLIC,jh0aF6qybmcaGnY7P
youtube,ywaS_0fVwgM,view_count,52809,2026-08-12T13:52:21.084157+07:00,youtube_public_v1,PUBLIC,W1tKZGzU3uGHBIo5U
youtube,L-1bIOHKXIw,view_count,26875,2026-08-12T13:52:21.084157+07:00,youtube_public_v1,PUBLIC,W1tKZGzU3uGHBIo5U
youtube,ZZdWztAF6Qs,view_count,21173,2026-08-12T13:52:21.084157+07:00,youtube_public_v1,PUBLIC,W1tKZGzU3uGHBIo5U
youtube,G8D8xVwhRy8,view_count,9633408,2026-08-12T13:29:41.176900+07:00,youtube_public_v1,PUBLIC,5qWXsxtUoecRLfh75
youtube,-LAdXYSoPLk,view_count,3565324,2026-08-12T13:30:43.959268+07:00,youtube_public_v1,PUBLIC,Nm0uV0CdE8TP5YEgh
youtube,iGJjD9CT3tQ,view_count,2723263,2026-08-12T13:30:43.959268+07:00,youtube_public_v1,PUBLIC,Nm0uV0CdE8TP5YEgh
youtube,UuAXAlZvmtY,view_count,2077977,2026-08-12T13:30:43.959268+07:00,youtube_public_v1,PUBLIC,Nm0uV0CdE8TP5YEgh
youtube,CvQC5KgiK7c,view_count,2671156,2026-08-12T13:31:52.156437+07:00,youtube_public_v1,PUBLIC,feieHpG3pLAJw9qYM
youtube,DUhuOYsHjLs,view_count,1045777,2026-08-12T16:30:37.452438+07:00,youtube_public_v1,PUBLIC,OoPkMbTamPT06ikpY
youtube,DaCtL3pjcFs,view_count,7284791,2026-08-12T18:29:50.022013+07:00,youtube_public_v1,PUBLIC,i8Yes35BVH22XIPbc
youtube,q3Ng-eJV8ow,view_count,4759916,2026-08-12T18:29:50.022013+07:00,youtube_public_v1,PUBLIC,i8Yes35BVH22XIPbc
youtube,vOpFr1UejLw,view_count,237865,2026-08-12T18:29:50.022013+07:00,youtube_public_v1,PUBLIC,i8Yes35BVH22XIPbc
youtube,odYn70WbAYg,view_count,3132398,2026-08-12T18:31:13.896366+07:00,youtube_public_v1,PUBLIC,yRSEIBGUUNQ04wzQA
youtube,qf669rs8G4Q,view_count,2474693,2026-08-12T18:29:50.022013+07:00,youtube_public_v1,PUBLIC,i8Yes35BVH22XIPbc
youtube,Zc4yvStIEmA,view_count,1819696,2026-08-12T18:31:13.896366+07:00,youtube_public_v1,PUBLIC,yRSEIBGUUNQ04wzQA
youtube,xrK2VheacxM,view_count,7773497,2026-08-12T18:29:50.022013+07:00,youtube_public_v1,PUBLIC,i8Yes35BVH22XIPbc
youtube,pKvmjDL7uk4,view_count,371557,2026-08-12T18:29:50.022013+07:00,youtube_public_v1,PUBLIC,i8Yes35BVH22XIPbc
youtube,ywMn_mROf8Y,view_count,2615447,2026-08-12T18:29:50.022013+07:00,youtube_public_v1,PUBLIC,i8Yes35BVH22XIPbc
youtube,XzO4-H6Rfas,view_count,4313225,2026-08-12T18:29:50.022013+07:00,youtube_public_v1,PUBLIC,i8Yes35BVH22XIPbc
youtube,Kg-8JeBCrBc,view_count,153133,2026-08-12T18:29:50.022013+07:00,youtube_public_v1,PUBLIC,i8Yes35BVH22XIPbc
youtube,C53HeQnpV68,view_count,662354,2026-08-12T18:29:50.022013+07:00,youtube_public_v1,PUBLIC,i8Yes35BVH22XIPbc
youtube,7jQipab-Ddc,view_count,129323586,2026-08-12T18:29:50.022013+07:00,youtube_public_v1,PUBLIC,i8Yes35BVH22XIPbc
youtube,Wf2Ahoh3bfk,view_count,15968943,2026-08-12T18:31:13.896366+07:00,youtube_public_v1,PUBLIC,o4Xb01f3ExFyc8IOB
youtube,Wf2Ahoh3bfk,like_count,58000,2026-08-12T18:31:13.896366+07:00,youtube_public_v1,PUBLIC,o4Xb01f3ExFyc8IOB
youtube,Wf2Ahoh3bfk,comment_count,1286,2026-08-12T18:31:13.896366+07:00,youtube_public_v1,PUBLIC,o4Xb01f3ExFyc8IOB
youtube,3YZv49zhbHE,view_count,2313,2026-08-12T18:29:50.022013+07:00,youtube_public_v1,PUBLIC,i8Yes35BVH22XIPbc
youtube,WaNV06mlGf8,view_count,1761101,2026-08-12T18:29:50.022013+07:00,youtube_public_v1,PUBLIC,i8Yes35BVH22XIPbc
youtube,2Qk547vzDbI,view_count,8548141,2026-08-12T18:29:50.022013+07:00,youtube_public_v1,PUBLIC,i8Yes35BVH22XIPbc
youtube,Pv7JKxRd7jo,view_count,33561237,2026-08-12T18:29:50.022013+07:00,youtube_public_v1,PUBLIC,i8Yes35BVH22XIPbc
youtube,w_aG_OX7HyU,view_count,3027048,2026-08-12T18:29:50.022013+07:00,youtube_public_v1,PUBLIC,i8Yes35BVH22XIPbc
youtube,IULwVdeXP1c,view_count,33132090,2026-08-12T18:29:50.022013+07:00,youtube_public_v1,PUBLIC,i8Yes35BVH22XIPbc
youtube,mWoqLKmorNY,view_count,148,2026-08-12T18:29:50.022013+07:00,youtube_public_v1,PUBLIC,i8Yes35BVH22XIPbc
youtube,a2nP96B_LR0,view_count,1326498,2026-08-12T18:29:50.022013+07:00,youtube_public_v1,PUBLIC,i8Yes35BVH22XIPbc
youtube,KPaRJWX0qZc,view_count,10451282,2026-08-12T16:30:37.452438+07:00,youtube_public_v1,PUBLIC,OoPkMbTamPT06ikpY
youtube,lxzwToyF8RY,view_count,11,2026-08-12T18:29:50.022013+07:00,youtube_public_v1,PUBLIC,i8Yes35BVH22XIPbc
youtube,MwbbSs9Rbbo,view_count,2278997,2026-08-12T16:30:37.452438+07:00,youtube_public_v1,PUBLIC,OoPkMbTamPT06ikpY
youtube,CulBRA4HFgk,view_count,21672218,2026-08-12T18:31:13.896366+07:00,youtube_public_v1,PUBLIC,o4Xb01f3ExFyc8IOB
youtube,CulBRA4HFgk,like_count,216000,2026-08-12T18:31:13.896366+07:00,youtube_public_v1,PUBLIC,o4Xb01f3ExFyc8IOB
youtube,CulBRA4HFgk,comment_count,9148,2026-08-12T18:31:13.896366+07:00,youtube_public_v1,PUBLIC,o4Xb01f3ExFyc8IOB
youtube,XBl4OEYROxM,view_count,379,2026-08-12T18:29:50.022013+07:00,youtube_public_v1,PUBLIC,i8Yes35BVH22XIPbc
youtube,LSEl4fmJUQ4,view_count,704,2026-08-12T18:29:50.022013+07:00,youtube_public_v1,PUBLIC,i8Yes35BVH22XIPbc
youtube,GygCMziGD4g,view_count,1330829,2026-08-12T18:29:50.022013+07:00,youtube_public_v1,PUBLIC,i8Yes35BVH22XIPbc
youtube,jgZkrA8E5do,view_count,105264285,2026-08-12T18:29:50.022013+07:00,youtube_public_v1,PUBLIC,i8Yes35BVH22XIPbc
youtube,pBSv1ZJWSAY,view_count,5475086,2026-08-12T18:29:50.022013+07:00,youtube_public_v1,PUBLIC,i8Yes35BVH22XIPbc
youtube,takrce_4Fhw,view_count,5958605,2026-08-12T18:29:50.022013+07:00,youtube_public_v1,PUBLIC,i8Yes35BVH22XIPbc
youtube,DRwB3JpfGHg,view_count,1679442,2026-08-12T18:29:50.022013+07:00,youtube_public_v1,PUBLIC,i8Yes35BVH22XIPbc
youtube,ECxVfrwwTp0,view_count,140910361,2026-08-12T18:29:50.022013+07:00,youtube_public_v1,PUBLIC,i8Yes35BVH22XIPbc
youtube,4nXySbfCbDA,view_count,34643346,2026-08-12T18:29:50.022013+07:00,youtube_public_v1,PUBLIC,i8Yes35BVH22XIPbc
youtube,z1jrooei2fM,view_count,228,2026-08-12T18:29:50.022013+07:00,youtube_public_v1,PUBLIC,i8Yes35BVH22XIPbc
youtube,OLWfr9EaowY,view_count,8918,2026-08-12T18:29:50.022013+07:00,youtube_public_v1,PUBLIC,i8Yes35BVH22XIPbc
youtube,lrpOGToQtYk,view_count,870582,2026-08-12T16:30:37.452438+07:00,youtube_public_v1,PUBLIC,o4Xb01f3ExFyc8IOB
youtube,lrpOGToQtYk,like_count,4400,2026-08-12T16:30:37.452438+07:00,youtube_public_v1,PUBLIC,o4Xb01f3ExFyc8IOB
youtube,lrpOGToQtYk,comment_count,130,2026-08-12T16:30:37.452438+07:00,youtube_public_v1,PUBLIC,o4Xb01f3ExFyc8IOB
youtube,j0GGyKgouvw,view_count,6334661,2026-08-12T18:29:50.022013+07:00,youtube_public_v1,PUBLIC,i8Yes35BVH22XIPbc
youtube,KYpTlUrSemc,view_count,765492,2026-08-12T18:29:50.022013+07:00,youtube_public_v1,PUBLIC,i8Yes35BVH22XIPbc
youtube,DvUjzHqmPHU,view_count,6374270,2026-08-12T18:29:50.022013+07:00,youtube_public_v1,PUBLIC,i8Yes35BVH22XIPbc
youtube,QBvL3Ffn1u4,view_count,76770640,2026-08-12T18:29:50.022013+07:00,youtube_public_v1,PUBLIC,i8Yes35BVH22XIPbc
youtube,08yL3If10Fw,view_count,134877,2026-08-12T18:29:50.022013+07:00,youtube_public_v1,PUBLIC,i8Yes35BVH22XIPbc
youtube,Esv_4sttow0,view_count,1422299,2026-08-12T18:29:50.022013+07:00,youtube_public_v1,PUBLIC,i8Yes35BVH22XIPbc
youtube,YtLx_sfJquA,view_count,14045674,2026-08-12T16:30:37.452438+07:00,youtube_public_v1,PUBLIC,OoPkMbTamPT06ikpY
youtube,t9uzzhj8yIQ,view_count,2005308,2026-08-12T18:31:13.896366+07:00,youtube_public_v1,PUBLIC,yRSEIBGUUNQ04wzQA
youtube,eo_JVyY1Ra4,view_count,45213923,2026-08-12T18:29:50.022013+07:00,youtube_public_v1,PUBLIC,i8Yes35BVH22XIPbc
youtube,0R8IbpKXavM,view_count,142850388,2026-08-12T18:29:50.022013+07:00,youtube_public_v1,PUBLIC,i8Yes35BVH22XIPbc
youtube,5l14ORIo3Eg,view_count,1617,2026-08-12T18:29:50.022013+07:00,youtube_public_v1,PUBLIC,i8Yes35BVH22XIPbc
youtube,ktHB3rZ50no,view_count,13800337,2026-08-12T18:29:50.022013+07:00,youtube_public_v1,PUBLIC,i8Yes35BVH22XIPbc
youtube,0xhL1vktTOQ,view_count,249,2026-08-12T18:29:50.022013+07:00,youtube_public_v1,PUBLIC,i8Yes35BVH22XIPbc
youtube,MWaDGbzln40,view_count,856854,2026-08-12T18:31:13.896366+07:00,youtube_public_v1,PUBLIC,yRSEIBGUUNQ04wzQA
youtube,vrcjoqeLeJI,view_count,21142832,2026-08-12T16:30:37.452438+07:00,youtube_public_v1,PUBLIC,o4Xb01f3ExFyc8IOB
youtube,vrcjoqeLeJI,like_count,204000,2026-08-12T16:30:37.452438+07:00,youtube_public_v1,PUBLIC,o4Xb01f3ExFyc8IOB
youtube,vrcjoqeLeJI,comment_count,5635,2026-08-12T16:30:37.452438+07:00,youtube_public_v1,PUBLIC,o4Xb01f3ExFyc8IOB
youtube,M2lOaZGcrfs,view_count,17774,2026-08-12T18:31:13.896366+07:00,youtube_public_v1,PUBLIC,yRSEIBGUUNQ04wzQA
youtube,FqQFHT7vQYs,view_count,776194,2026-08-12T18:31:13.896366+07:00,youtube_public_v1,PUBLIC,yRSEIBGUUNQ04wzQA
youtube,ZMmB6vdUWeA,view_count,183755,2026-08-12T18:31:13.896366+07:00,youtube_public_v1,PUBLIC,yRSEIBGUUNQ04wzQA
youtube,aocSFqtnzMk,view_count,32693098,2026-08-12T16:30:37.452438+07:00,youtube_public_v1,PUBLIC,69rQyeVbXBtMUryM9
youtube,aocSFqtnzMk,like_count,211000,2026-08-12T16:30:37.452438+07:00,youtube_public_v1,PUBLIC,69rQyeVbXBtMUryM9
youtube,aocSFqtnzMk,comment_count,4675,2026-08-12T16:30:37.452438+07:00,youtube_public_v1,PUBLIC,69rQyeVbXBtMUryM9
youtube,C7YnHMRAEOk,view_count,844085,2026-08-12T18:31:13.896366+07:00,youtube_public_v1,PUBLIC,yRSEIBGUUNQ04wzQA
youtube,vMxNIcVl-Hg,view_count,23238344,2026-08-12T16:30:37.452438+07:00,youtube_public_v1,PUBLIC,o4Xb01f3ExFyc8IOB
youtube,vMxNIcVl-Hg,like_count,221000,2026-08-12T16:30:37.452438+07:00,youtube_public_v1,PUBLIC,o4Xb01f3ExFyc8IOB
youtube,vMxNIcVl-Hg,comment_count,6827,2026-08-12T16:30:37.452438+07:00,youtube_public_v1,PUBLIC,o4Xb01f3ExFyc8IOB
youtube,FMTZgu7ZgZk,view_count,191550,2026-08-12T16:30:37.452438+07:00,youtube_public_v1,PUBLIC,OoPkMbTamPT06ikpY
youtube,Q5wEM8KkttQ,view_count,676369,2026-08-12T18:31:13.896366+07:00,youtube_public_v1,PUBLIC,yRSEIBGUUNQ04wzQA
youtube,AodLnMD9SG8,view_count,346621,2026-08-12T18:31:13.896366+07:00,youtube_public_v1,PUBLIC,yRSEIBGUUNQ04wzQA
youtube,z5m6QqGKe7U,view_count,1289231,2026-08-12T18:31:13.896366+07:00,youtube_public_v1,PUBLIC,o4Xb01f3ExFyc8IOB
youtube,z5m6QqGKe7U,like_count,8300,2026-08-12T18:31:13.896366+07:00,youtube_public_v1,PUBLIC,o4Xb01f3ExFyc8IOB
youtube,z5m6QqGKe7U,comment_count,198,2026-08-12T18:31:13.896366+07:00,youtube_public_v1,PUBLIC,o4Xb01f3ExFyc8IOB
youtube,XMGcYBNpgrs,view_count,9448702,2026-08-12T16:30:37.452438+07:00,youtube_public_v1,PUBLIC,o4Xb01f3ExFyc8IOB
youtube,XMGcYBNpgrs,like_count,40000,2026-08-12T16:30:37.452438+07:00,youtube_public_v1,PUBLIC,o4Xb01f3ExFyc8IOB
youtube,XMGcYBNpgrs,comment_count,1585,2026-08-12T16:30:37.452438+07:00,youtube_public_v1,PUBLIC,o4Xb01f3ExFyc8IOB
youtube,2oYGm0SUAfc,view_count,10651391,2026-08-12T16:30:37.452438+07:00,youtube_public_v1,PUBLIC,o4Xb01f3ExFyc8IOB
youtube,2oYGm0SUAfc,like_count,38000,2026-08-12T16:30:37.452438+07:00,youtube_public_v1,PUBLIC,o4Xb01f3ExFyc8IOB
youtube,2oYGm0SUAfc,comment_count,1120,2026-08-12T16:30:37.452438+07:00,youtube_public_v1,PUBLIC,o4Xb01f3ExFyc8IOB
youtube,91vIcHGBlo4,view_count,29711299,2026-08-12T18:31:13.896366+07:00,youtube_public_v1,PUBLIC,yRSEIBGUUNQ04wzQA
youtube,z-om83sLpc0,view_count,150962,2026-08-12T18:31:13.896366+07:00,youtube_public_v1,PUBLIC,yRSEIBGUUNQ04wzQA
youtube,eTBQVCNPsLU,view_count,3453265,2026-08-12T18:31:13.896366+07:00,youtube_public_v1,PUBLIC,yRSEIBGUUNQ04wzQA
youtube,JIigSESgzfo,view_count,773327,2026-08-12T18:31:13.896366+07:00,youtube_public_v1,PUBLIC,yRSEIBGUUNQ04wzQA
youtube,k48bVMJozHY,view_count,23627093,2026-08-12T16:30:37.452438+07:00,youtube_public_v1,PUBLIC,OoPkMbTamPT06ikpY
youtube,-1zHYo12SHs,view_count,3790849,2026-08-12T16:30:37.452438+07:00,youtube_public_v1,PUBLIC,o4Xb01f3ExFyc8IOB
youtube,-1zHYo12SHs,like_count,26000,2026-08-12T16:30:37.452438+07:00,youtube_public_v1,PUBLIC,o4Xb01f3ExFyc8IOB
youtube,-1zHYo12SHs,comment_count,1099,2026-08-12T16:30:37.452438+07:00,youtube_public_v1,PUBLIC,o4Xb01f3ExFyc8IOB
youtube,IkSUYwMobk4,view_count,4532960,2026-08-12T16:30:37.452438+07:00,youtube_public_v1,PUBLIC,o4Xb01f3ExFyc8IOB
youtube,IkSUYwMobk4,like_count,19000,2026-08-12T16:30:37.452438+07:00,youtube_public_v1,PUBLIC,o4Xb01f3ExFyc8IOB
youtube,IkSUYwMobk4,comment_count,990,2026-08-12T16:30:37.452438+07:00,youtube_public_v1,PUBLIC,o4Xb01f3ExFyc8IOB
youtube,JYEtE7NNj0Y,view_count,2224863,2026-08-12T18:31:13.896366+07:00,youtube_public_v1,PUBLIC,yRSEIBGUUNQ04wzQA
youtube,51YGj1aanwM,view_count,9774,2026-08-12T18:31:13.896366+07:00,youtube_public_v1,PUBLIC,yRSEIBGUUNQ04wzQA
youtube,BEOn7vNpRw0,view_count,50701,2026-08-12T18:31:13.896366+07:00,youtube_public_v1,PUBLIC,yRSEIBGUUNQ04wzQA
youtube,tSM_PfjsQbY,view_count,140822,2026-08-12T18:31:13.896366+07:00,youtube_public_v1,PUBLIC,yRSEIBGUUNQ04wzQA
youtube,tHoM6g_daAk,view_count,376357,2026-08-12T18:31:13.896366+07:00,youtube_public_v1,PUBLIC,yRSEIBGUUNQ04wzQA
youtube,C86xcpKfbkA,view_count,548404,2026-08-12T18:31:13.896366+07:00,youtube_public_v1,PUBLIC,yRSEIBGUUNQ04wzQA
youtube,fHMqRodjlHI,view_count,665551,2026-08-12T18:31:13.896366+07:00,youtube_public_v1,PUBLIC,yRSEIBGUUNQ04wzQA
youtube,4FMKF6dDEBo,view_count,7424024,2026-08-12T16:30:37.452438+07:00,youtube_public_v1,PUBLIC,OoPkMbTamPT06ikpY
youtube,Zt7eyyAIEDw,view_count,12702468,2026-08-12T18:31:13.896366+07:00,youtube_public_v1,PUBLIC,o4Xb01f3ExFyc8IOB
youtube,Zt7eyyAIEDw,like_count,60000,2026-08-12T18:31:13.896366+07:00,youtube_public_v1,PUBLIC,o4Xb01f3ExFyc8IOB
youtube,Zt7eyyAIEDw,comment_count,3724,2026-08-12T18:31:13.896366+07:00,youtube_public_v1,PUBLIC,o4Xb01f3ExFyc8IOB
youtube,2kxjMApnJc0,view_count,5171600,2026-08-12T18:31:13.896366+07:00,youtube_public_v1,PUBLIC,yRSEIBGUUNQ04wzQA
youtube,0zlERjxCoAY,view_count,192811,2026-08-12T18:31:13.896366+07:00,youtube_public_v1,PUBLIC,yRSEIBGUUNQ04wzQA
youtube,gBm_8PnaNz8,view_count,4,2026-08-12T18:31:13.896366+07:00,youtube_public_v1,PUBLIC,yRSEIBGUUNQ04wzQA
youtube,8H2OfUxmeTI,view_count,336987,2026-08-12T18:31:13.896366+07:00,youtube_public_v1,PUBLIC,yRSEIBGUUNQ04wzQA
youtube,Jptj0j_qesg,view_count,122874,2026-08-12T18:31:13.896366+07:00,youtube_public_v1,PUBLIC,yRSEIBGUUNQ04wzQA
youtube,H1i1VJQCCuU,view_count,8638296,2026-08-12T18:31:13.896366+07:00,youtube_public_v1,PUBLIC,5eIBmqIiLOzg44Gj6
youtube,H1i1VJQCCuU,like_count,44000,2026-08-12T18:31:13.896366+07:00,youtube_public_v1,PUBLIC,5eIBmqIiLOzg44Gj6
youtube,H1i1VJQCCuU,comment_count,4487,2026-08-12T18:31:13.896366+07:00,youtube_public_v1,PUBLIC,5eIBmqIiLOzg44Gj6
youtube,9XoOCDoxyKw,view_count,5199245,2026-08-12T16:30:37.452438+07:00,youtube_public_v1,PUBLIC,o4Xb01f3ExFyc8IOB
youtube,9XoOCDoxyKw,like_count,23000,2026-08-12T16:30:37.452438+07:00,youtube_public_v1,PUBLIC,o4Xb01f3ExFyc8IOB
youtube,9XoOCDoxyKw,comment_count,1575,2026-08-12T16:30:37.452438+07:00,youtube_public_v1,PUBLIC,o4Xb01f3ExFyc8IOB
youtube,-eXwh9ctbeM,view_count,213573,2026-08-12T18:31:13.896366+07:00,youtube_public_v1,PUBLIC,yRSEIBGUUNQ04wzQA
youtube,JYeelLhzmvQ,view_count,5510319,2026-08-12T16:30:37.452438+07:00,youtube_public_v1,PUBLIC,OoPkMbTamPT06ikpY
youtube,xRJaG_k_1_s,view_count,1815689,2026-08-12T16:30:37.452438+07:00,youtube_public_v1,PUBLIC,OoPkMbTamPT06ikpY
youtube,8J5deuAfPNo,view_count,722,2026-08-12T18:31:13.896366+07:00,youtube_public_v1,PUBLIC,yRSEIBGUUNQ04wzQA
youtube,1wvoFhQbpUA,view_count,5591643,2026-08-12T16:30:37.452438+07:00,youtube_public_v1,PUBLIC,OoPkMbTamPT06ikpY
youtube,l9-KQmN_GNo,view_count,2217543,2026-08-12T16:30:37.452438+07:00,youtube_public_v1,PUBLIC,OoPkMbTamPT06ikpY
youtube,jN7SwMc6Ecs,view_count,729216,2026-08-12T18:31:13.896366+07:00,youtube_public_v1,PUBLIC,yRSEIBGUUNQ04wzQA
youtube,6Q1ZrGLaG9I,view_count,274174,2026-08-12T18:31:13.896366+07:00,youtube_public_v1,PUBLIC,yRSEIBGUUNQ04wzQA
youtube,Ij2U7EOHXY4,view_count,345527,2026-08-12T18:31:13.896366+07:00,youtube_public_v1,PUBLIC,yRSEIBGUUNQ04wzQA
youtube,D1OpuAtzGlE,view_count,5128,2026-08-12T18:31:13.896366+07:00,youtube_public_v1,PUBLIC,yRSEIBGUUNQ04wzQA
youtube,2o0cNxO2fWE,view_count,7779236,2026-08-12T13:58:29.187848+07:00,youtube_public_v1,PUBLIC,o4Xb01f3ExFyc8IOB
youtube,2o0cNxO2fWE,like_count,60000,2026-08-12T13:58:29.187848+07:00,youtube_public_v1,PUBLIC,o4Xb01f3ExFyc8IOB
youtube,2o0cNxO2fWE,comment_count,2123,2026-08-12T13:58:29.187848+07:00,youtube_public_v1,PUBLIC,o4Xb01f3ExFyc8IOB
youtube,xiAcFjb-L2c,view_count,9256657,2026-08-12T13:58:29.187848+07:00,youtube_public_v1,PUBLIC,ehOMbyiKThKUMtTen
youtube,Yn7of6GIZpg,view_count,8384430,2026-08-12T13:58:29.187848+07:00,youtube_public_v1,PUBLIC,ehOMbyiKThKUMtTen
youtube,4f5TI1AHFJY,view_count,3676485,2026-08-12T13:58:29.187848+07:00,youtube_public_v1,PUBLIC,ehOMbyiKThKUMtTen
youtube,vainx5HZjzg,view_count,3703663,2026-08-12T13:58:29.187848+07:00,youtube_public_v1,PUBLIC,ehOMbyiKThKUMtTen
youtube,zqflOk30rM8,view_count,3147991,2026-08-12T13:58:29.187848+07:00,youtube_public_v1,PUBLIC,ehOMbyiKThKUMtTen
youtube,BpMO0Gn8WBo,view_count,11489922,2026-08-12T13:58:29.187848+07:00,youtube_public_v1,PUBLIC,ehOMbyiKThKUMtTen
youtube,b9P7VfHNdfQ,view_count,5187119,2026-08-12T13:58:29.187848+07:00,youtube_public_v1,PUBLIC,o4Xb01f3ExFyc8IOB
youtube,b9P7VfHNdfQ,like_count,35000,2026-08-12T13:58:29.187848+07:00,youtube_public_v1,PUBLIC,o4Xb01f3ExFyc8IOB
youtube,b9P7VfHNdfQ,comment_count,2511,2026-08-12T13:58:29.187848+07:00,youtube_public_v1,PUBLIC,o4Xb01f3ExFyc8IOB
youtube,czbVyqiDUHE,view_count,2343171,2026-08-12T13:58:29.187848+07:00,youtube_public_v1,PUBLIC,ehOMbyiKThKUMtTen
youtube,cX2tE3WX3Xo,view_count,2676867,2026-08-12T13:58:29.187848+07:00,youtube_public_v1,PUBLIC,ehOMbyiKThKUMtTen
youtube,rReto9XNLLc,view_count,4151927,2026-08-12T13:58:29.187848+07:00,youtube_public_v1,PUBLIC,ehOMbyiKThKUMtTen
youtube,zHIfh_OBWj8,view_count,8321558,2026-08-12T13:58:29.187848+07:00,youtube_public_v1,PUBLIC,ehOMbyiKThKUMtTen
youtube,lOgoXLY7edQ,view_count,3996442,2026-08-12T13:58:29.187848+07:00,youtube_public_v1,PUBLIC,o4Xb01f3ExFyc8IOB
youtube,lOgoXLY7edQ,like_count,39000,2026-08-12T13:58:29.187848+07:00,youtube_public_v1,PUBLIC,o4Xb01f3ExFyc8IOB
youtube,lOgoXLY7edQ,comment_count,3604,2026-08-12T13:58:29.187848+07:00,youtube_public_v1,PUBLIC,o4Xb01f3ExFyc8IOB
youtube,XgArxMajFeE,view_count,10012705,2026-08-12T13:58:29.187848+07:00,youtube_public_v1,PUBLIC,o4Xb01f3ExFyc8IOB
youtube,XgArxMajFeE,like_count,56000,2026-08-12T13:58:29.187848+07:00,youtube_public_v1,PUBLIC,o4Xb01f3ExFyc8IOB
youtube,XgArxMajFeE,comment_count,2521,2026-08-12T13:58:29.187848+07:00,youtube_public_v1,PUBLIC,o4Xb01f3ExFyc8IOB
youtube,JVZsRaZ6kTA,view_count,4771876,2026-08-12T13:58:29.187848+07:00,youtube_public_v1,PUBLIC,ehOMbyiKThKUMtTen
youtube,rgLtnS7SsDU,view_count,2586280,2026-08-12T13:58:29.187848+07:00,youtube_public_v1,PUBLIC,ehOMbyiKThKUMtTen
youtube,7JTihdQyplY,view_count,9041702,2026-08-12T13:58:29.187848+07:00,youtube_public_v1,PUBLIC,ehOMbyiKThKUMtTen
youtube,Cyxv7HawRXE,view_count,10864661,2026-08-12T13:58:29.187848+07:00,youtube_public_v1,PUBLIC,ehOMbyiKThKUMtTen
youtube,CvaDn9UhwM0,view_count,4748742,2026-08-12T13:58:29.187848+07:00,youtube_public_v1,PUBLIC,ehOMbyiKThKUMtTen
youtube,vHrARB1pccc,view_count,11375,2026-08-12T16:30:37.452438+07:00,youtube_public_v1,PUBLIC,OoPkMbTamPT06ikpY
youtube,c3EQS9OQ2_Y,view_count,178892,2026-08-12T16:30:37.452438+07:00,youtube_public_v1,PUBLIC,OoPkMbTamPT06ikpY
youtube,ta_e1xjUXWw,view_count,371357,2026-08-12T16:30:37.452438+07:00,youtube_public_v1,PUBLIC,OoPkMbTamPT06ikpY
youtube,ziE53o_ae14,view_count,144680,2026-08-12T16:30:37.452438+07:00,youtube_public_v1,PUBLIC,OoPkMbTamPT06ikpY
youtube,Q1mSK2hge5g,view_count,63447,2026-08-12T16:30:37.452438+07:00,youtube_public_v1,PUBLIC,OoPkMbTamPT06ikpY
youtube,ziCrIk8OaQU,view_count,210590,2026-08-12T16:30:37.452438+07:00,youtube_public_v1,PUBLIC,OoPkMbTamPT06ikpY
youtube,zEGf-qYhK_0,view_count,25714,2026-08-12T16:30:37.452438+07:00,youtube_public_v1,PUBLIC,OoPkMbTamPT06ikpY
youtube,pyPlHuf_U9o,view_count,889784,2026-08-12T16:30:37.452438+07:00,youtube_public_v1,PUBLIC,OoPkMbTamPT06ikpY
youtube,CXAm1VQaqoU,view_count,1493393,2026-08-12T16:30:37.452438+07:00,youtube_public_v1,PUBLIC,OoPkMbTamPT06ikpY
youtube,kkpWHG3_FFE,view_count,273176,2026-08-12T16:30:37.452438+07:00,youtube_public_v1,PUBLIC,OoPkMbTamPT06ikpY
youtube,ZzhN7Cl4Rww,view_count,18755080,2026-08-12T16:30:37.452438+07:00,youtube_public_v1,PUBLIC,o4Xb01f3ExFyc8IOB
youtube,ZzhN7Cl4Rww,like_count,53000,2026-08-12T16:30:37.452438+07:00,youtube_public_v1,PUBLIC,o4Xb01f3ExFyc8IOB
youtube,ZzhN7Cl4Rww,comment_count,1917,2026-08-12T16:30:37.452438+07:00,youtube_public_v1,PUBLIC,o4Xb01f3ExFyc8IOB
youtube,38bvvPsLsk8,view_count,1282894,2026-08-12T16:30:37.452438+07:00,youtube_public_v1,PUBLIC,OoPkMbTamPT06ikpY
youtube,vTjA-C0bwDA,view_count,912730,2026-08-12T16:30:37.452438+07:00,youtube_public_v1,PUBLIC,OoPkMbTamPT06ikpY
youtube,8QNKX5NivzY,view_count,1382648,2026-08-12T16:30:37.452438+07:00,youtube_public_v1,PUBLIC,OoPkMbTamPT06ikpY
youtube,T7HuCezzRCo,view_count,247127,2026-08-12T16:30:37.452438+07:00,youtube_public_v1,PUBLIC,OoPkMbTamPT06ikpY
youtube,CNSHbeVLe9Q,view_count,399650,2026-08-12T16:30:37.452438+07:00,youtube_public_v1,PUBLIC,OoPkMbTamPT06ikpY
youtube,o1J9vHI76T8,view_count,135438,2026-08-12T16:30:37.452438+07:00,youtube_public_v1,PUBLIC,OoPkMbTamPT06ikpY
youtube,cIdkPF3or0A,view_count,1320168,2026-08-12T16:30:37.452438+07:00,youtube_public_v1,PUBLIC,OoPkMbTamPT06ikpY
youtube,uJie7A81dHQ,view_count,32621225,2026-08-12T16:30:37.452438+07:00,youtube_public_v1,PUBLIC,o4Xb01f3ExFyc8IOB
youtube,uJie7A81dHQ,like_count,366000,2026-08-12T16:30:37.452438+07:00,youtube_public_v1,PUBLIC,o4Xb01f3ExFyc8IOB
youtube,uJie7A81dHQ,comment_count,13300,2026-08-12T16:30:37.452438+07:00,youtube_public_v1,PUBLIC,o4Xb01f3ExFyc8IOB
youtube,tL0K_tXtK4o,view_count,591169,2026-08-12T16:30:37.452438+07:00,youtube_public_v1,PUBLIC,OoPkMbTamPT06ikpY
youtube,s2UBSFakgJs,view_count,687915,2026-08-12T16:30:37.452438+07:00,youtube_public_v1,PUBLIC,OoPkMbTamPT06ikpY
youtube,fJvZhwXAoBE,view_count,132772,2026-08-12T16:30:37.452438+07:00,youtube_public_v1,PUBLIC,OoPkMbTamPT06ikpY
youtube,WwqMwQGRjug,view_count,205704,2026-08-12T16:30:37.452438+07:00,youtube_public_v1,PUBLIC,OoPkMbTamPT06ikpY
youtube,oY6wNsHUVxM,view_count,142718,2026-08-12T16:30:37.452438+07:00,youtube_public_v1,PUBLIC,OoPkMbTamPT06ikpY
youtube,VvK2fiuYV8U,view_count,1578932,2026-08-12T16:30:37.452438+07:00,youtube_public_v1,PUBLIC,OoPkMbTamPT06ikpY
youtube,aWEehWHQChs,view_count,2834619,2026-08-12T16:30:37.452438+07:00,youtube_public_v1,PUBLIC,OoPkMbTamPT06ikpY
youtube,GlNW899RIcY,view_count,5194140,2026-08-12T16:30:37.452438+07:00,youtube_public_v1,PUBLIC,OoPkMbTamPT06ikpY
youtube,UdvqsInary0,view_count,979348,2026-08-12T16:30:37.452438+07:00,youtube_public_v1,PUBLIC,OoPkMbTamPT06ikpY
youtube,ULq-pq2s9A8,view_count,2919222,2026-08-12T14:03:45.582697+07:00,youtube_public_v1,PUBLIC,Bzt4OxzL7shudYpvd
youtube,cm5JYff8_bg,view_count,1339329,2026-08-12T18:34:44.945431+07:00,youtube_public_v1,PUBLIC,Bzt4OxzL7shudYpvd
youtube,NQ05fqgRjS0,view_count,252990,2026-08-12T18:34:44.945431+07:00,youtube_public_v1,PUBLIC,Bzt4OxzL7shudYpvd
youtube,o0Imw7vpZcY,view_count,2222659,2026-08-12T18:34:44.945431+07:00,youtube_public_v1,PUBLIC,Bzt4OxzL7shudYpvd
youtube,bEas0GWDm1k,view_count,6289396,2026-08-12T18:34:44.945431+07:00,youtube_public_v1,PUBLIC,GDQ2FsCZZqsub0g1A
youtube,bEas0GWDm1k,like_count,15000,2026-08-12T18:34:44.945431+07:00,youtube_public_v1,PUBLIC,GDQ2FsCZZqsub0g1A
youtube,bEas0GWDm1k,comment_count,435,2026-08-12T18:34:44.945431+07:00,youtube_public_v1,PUBLIC,GDQ2FsCZZqsub0g1A
youtube,Gm3k7wFXCyg,view_count,833294,2026-08-12T18:34:44.945431+07:00,youtube_public_v1,PUBLIC,GDQ2FsCZZqsub0g1A
youtube,Gm3k7wFXCyg,like_count,2200,2026-08-12T18:34:44.945431+07:00,youtube_public_v1,PUBLIC,GDQ2FsCZZqsub0g1A
youtube,Gm3k7wFXCyg,comment_count,84,2026-08-12T18:34:44.945431+07:00,youtube_public_v1,PUBLIC,GDQ2FsCZZqsub0g1A
youtube,kqKcOkHiscs,view_count,3785728,2026-08-12T14:03:45.582697+07:00,youtube_public_v1,PUBLIC,GDQ2FsCZZqsub0g1A
youtube,kqKcOkHiscs,like_count,22000,2026-08-12T14:03:45.582697+07:00,youtube_public_v1,PUBLIC,GDQ2FsCZZqsub0g1A
youtube,kqKcOkHiscs,comment_count,6485,2026-08-12T14:03:45.582697+07:00,youtube_public_v1,PUBLIC,GDQ2FsCZZqsub0g1A
youtube,teqvMI7_aMk,view_count,5833891,2026-08-12T18:34:44.945431+07:00,youtube_public_v1,PUBLIC,GDQ2FsCZZqsub0g1A
youtube,teqvMI7_aMk,like_count,16000,2026-08-12T18:34:44.945431+07:00,youtube_public_v1,PUBLIC,GDQ2FsCZZqsub0g1A
youtube,teqvMI7_aMk,comment_count,358,2026-08-12T18:34:44.945431+07:00,youtube_public_v1,PUBLIC,GDQ2FsCZZqsub0g1A
youtube,4au37MyRqS0,view_count,4950123,2026-08-12T14:03:45.582697+07:00,youtube_public_v1,PUBLIC,Bzt4OxzL7shudYpvd
youtube,XAcCkuh19Uo,view_count,1663821,2026-08-12T18:34:44.945431+07:00,youtube_public_v1,PUBLIC,Bzt4OxzL7shudYpvd
youtube,TX_vMs_OKAU,view_count,3547761,2026-08-12T14:03:45.582697+07:00,youtube_public_v1,PUBLIC,GNepb49Reo0c060fy
youtube,RS09g_Ftmpo,view_count,2203911,2026-08-12T18:34:44.945431+07:00,youtube_public_v1,PUBLIC,Bzt4OxzL7shudYpvd
youtube,y4js--_H3WU,view_count,4036255,2026-08-12T14:03:45.582697+07:00,youtube_public_v1,PUBLIC,Bzt4OxzL7shudYpvd
youtube,BpHHjXXDSmQ,view_count,864214,2026-08-12T18:34:44.945431+07:00,youtube_public_v1,PUBLIC,GDQ2FsCZZqsub0g1A
youtube,BpHHjXXDSmQ,like_count,5700,2026-08-12T18:34:44.945431+07:00,youtube_public_v1,PUBLIC,GDQ2FsCZZqsub0g1A
youtube,BpHHjXXDSmQ,comment_count,845,2026-08-12T18:34:44.945431+07:00,youtube_public_v1,PUBLIC,GDQ2FsCZZqsub0g1A
youtube,n57IhgMECM0,view_count,3073877,2026-08-12T18:34:44.945431+07:00,youtube_public_v1,PUBLIC,Bzt4OxzL7shudYpvd
youtube,s1s9McomQC0,view_count,1100185,2026-08-12T14:03:45.582697+07:00,youtube_public_v1,PUBLIC,GNepb49Reo0c060fy
youtube,6sMA5CDpNVM,view_count,876191,2026-08-12T18:34:44.945431+07:00,youtube_public_v1,PUBLIC,Bzt4OxzL7shudYpvd
youtube,xX6AoMTzdT0,view_count,2688274,2026-08-12T18:34:44.945431+07:00,youtube_public_v1,PUBLIC,Bzt4OxzL7shudYpvd
youtube,SxP8Pu142vc,view_count,2404192,2026-08-12T18:34:44.945431+07:00,youtube_public_v1,PUBLIC,Bzt4OxzL7shudYpvd
youtube,pzAQXPBma7Q,view_count,2726610,2026-08-12T18:34:44.945431+07:00,youtube_public_v1,PUBLIC,GDQ2FsCZZqsub0g1A
youtube,pzAQXPBma7Q,like_count,11000,2026-08-12T18:34:44.945431+07:00,youtube_public_v1,PUBLIC,GDQ2FsCZZqsub0g1A
youtube,pzAQXPBma7Q,comment_count,679,2026-08-12T18:34:44.945431+07:00,youtube_public_v1,PUBLIC,GDQ2FsCZZqsub0g1A
youtube,Lyw_-VCAles,view_count,8970789,2026-08-12T18:34:44.945431+07:00,youtube_public_v1,PUBLIC,Bzt4OxzL7shudYpvd
youtube,_59UjvAU8N0,view_count,1394608,2026-08-12T18:34:44.945431+07:00,youtube_public_v1,PUBLIC,Bzt4OxzL7shudYpvd
youtube,TIHeuZmpxf4,view_count,1347423,2026-08-12T18:34:44.945431+07:00,youtube_public_v1,PUBLIC,Bzt4OxzL7shudYpvd
youtube,x10eyGSlMfk,view_count,1485533,2026-08-12T18:34:44.945431+07:00,youtube_public_v1,PUBLIC,Bzt4OxzL7shudYpvd
youtube,9WPLYEUmI0k,view_count,422569,2026-08-12T18:34:44.945431+07:00,youtube_public_v1,PUBLIC,Bzt4OxzL7shudYpvd
youtube,b8dC2QZKSNs,view_count,3113907,2026-08-12T18:34:44.945431+07:00,youtube_public_v1,PUBLIC,GDQ2FsCZZqsub0g1A
youtube,b8dC2QZKSNs,like_count,8000,2026-08-12T18:34:44.945431+07:00,youtube_public_v1,PUBLIC,GDQ2FsCZZqsub0g1A
youtube,b8dC2QZKSNs,comment_count,266,2026-08-12T18:34:44.945431+07:00,youtube_public_v1,PUBLIC,GDQ2FsCZZqsub0g1A
youtube,RP9HG3KBR9c,view_count,6776675,2026-08-12T14:03:45.582697+07:00,youtube_public_v1,PUBLIC,Bzt4OxzL7shudYpvd
youtube,guKCRqCI6bI,view_count,2401376,2026-08-12T14:03:45.582697+07:00,youtube_public_v1,PUBLIC,Bzt4OxzL7shudYpvd
youtube,sLyzOcv8IFQ,view_count,146399,2026-08-12T18:34:44.945431+07:00,youtube_public_v1,PUBLIC,GDQ2FsCZZqsub0g1A
youtube,sLyzOcv8IFQ,like_count,694,2026-08-12T18:34:44.945431+07:00,youtube_public_v1,PUBLIC,GDQ2FsCZZqsub0g1A
youtube,sLyzOcv8IFQ,comment_count,32,2026-08-12T18:34:44.945431+07:00,youtube_public_v1,PUBLIC,GDQ2FsCZZqsub0g1A
youtube,7PXelsQ705A,view_count,2575241,2026-08-12T18:34:44.945431+07:00,youtube_public_v1,PUBLIC,Bzt4OxzL7shudYpvd
youtube,VWkiZM9RcSs,view_count,554721,2026-08-12T18:34:44.945431+07:00,youtube_public_v1,PUBLIC,Bzt4OxzL7shudYpvd
youtube,1zmFIWOBAN0,view_count,1712933,2026-08-12T18:34:44.945431+07:00,youtube_public_v1,PUBLIC,GDQ2FsCZZqsub0g1A
youtube,1zmFIWOBAN0,like_count,12000,2026-08-12T18:34:44.945431+07:00,youtube_public_v1,PUBLIC,GDQ2FsCZZqsub0g1A
youtube,1zmFIWOBAN0,comment_count,837,2026-08-12T18:34:44.945431+07:00,youtube_public_v1,PUBLIC,GDQ2FsCZZqsub0g1A
youtube,ivhXZ6lAkR4,view_count,3421598,2026-08-12T14:03:45.582697+07:00,youtube_public_v1,PUBLIC,Bzt4OxzL7shudYpvd
youtube,wVf_-0UkzcM,view_count,6346618,2026-08-12T14:03:45.582697+07:00,youtube_public_v1,PUBLIC,GDQ2FsCZZqsub0g1A
youtube,wVf_-0UkzcM,like_count,44000,2026-08-12T14:03:45.582697+07:00,youtube_public_v1,PUBLIC,GDQ2FsCZZqsub0g1A
youtube,wVf_-0UkzcM,comment_count,8564,2026-08-12T14:03:45.582697+07:00,youtube_public_v1,PUBLIC,GDQ2FsCZZqsub0g1A
youtube,LooaSRRkhkM,view_count,1799323,2026-08-12T18:34:44.945431+07:00,youtube_public_v1,PUBLIC,Bzt4OxzL7shudYpvd
youtube,aGykpL5W-Gs,view_count,844983,2026-08-12T18:34:44.945431+07:00,youtube_public_v1,PUBLIC,Bzt4OxzL7shudYpvd
youtube,FSCom5AMqIs,view_count,2261520,2026-08-12T18:34:44.945431+07:00,youtube_public_v1,PUBLIC,Bzt4OxzL7shudYpvd
youtube,zRi2TLdr_hw,view_count,1922149,2026-08-12T14:03:45.582697+07:00,youtube_public_v1,PUBLIC,Bzt4OxzL7shudYpvd
youtube,dIunTuujbFw,view_count,1221797,2026-08-12T18:34:44.945431+07:00,youtube_public_v1,PUBLIC,GDQ2FsCZZqsub0g1A
youtube,dIunTuujbFw,like_count,6500,2026-08-12T18:34:44.945431+07:00,youtube_public_v1,PUBLIC,GDQ2FsCZZqsub0g1A
youtube,dIunTuujbFw,comment_count,1094,2026-08-12T18:34:44.945431+07:00,youtube_public_v1,PUBLIC,GDQ2FsCZZqsub0g1A
youtube,uhVD0lmc_ng,view_count,1390078,2026-08-12T18:34:44.945431+07:00,youtube_public_v1,PUBLIC,Bzt4OxzL7shudYpvd
youtube,0T7HSkDM5Sw,view_count,3593260,2026-08-12T18:34:44.945431+07:00,youtube_public_v1,PUBLIC,GDQ2FsCZZqsub0g1A
youtube,0T7HSkDM5Sw,like_count,32000,2026-08-12T18:34:44.945431+07:00,youtube_public_v1,PUBLIC,GDQ2FsCZZqsub0g1A
youtube,0T7HSkDM5Sw,comment_count,1281,2026-08-12T18:34:44.945431+07:00,youtube_public_v1,PUBLIC,GDQ2FsCZZqsub0g1A
youtube,KEG4PlukTWk,view_count,509785,2026-08-12T18:34:44.945431+07:00,youtube_public_v1,PUBLIC,Bzt4OxzL7shudYpvd
youtube,_KNZPFtX-LE,view_count,454466,2026-08-12T18:34:44.945431+07:00,youtube_public_v1,PUBLIC,Bzt4OxzL7shudYpvd
youtube,jT8ZStgZVGA,view_count,882217,2026-08-12T18:34:44.945431+07:00,youtube_public_v1,PUBLIC,Bzt4OxzL7shudYpvd
youtube,gcfrkr1X0aY,view_count,979619,2026-08-12T18:34:44.945431+07:00,youtube_public_v1,PUBLIC,Bzt4OxzL7shudYpvd
youtube,PMFDns6Pf44,view_count,1701089,2026-08-12T18:34:44.945431+07:00,youtube_public_v1,PUBLIC,Bzt4OxzL7shudYpvd
youtube,zvQG00MJck0,view_count,3936696,2026-08-12T18:34:44.945431+07:00,youtube_public_v1,PUBLIC,Bzt4OxzL7shudYpvd
youtube,WejXfLIIxlM,view_count,4018414,2026-08-12T14:03:45.582697+07:00,youtube_public_v1,PUBLIC,Bzt4OxzL7shudYpvd
youtube,p5UopxlTZ_c,view_count,248407,2026-08-12T18:34:44.945431+07:00,youtube_public_v1,PUBLIC,Bzt4OxzL7shudYpvd
youtube,KoJHUL2etzU,view_count,1598821,2026-08-12T14:03:45.582697+07:00,youtube_public_v1,PUBLIC,GNepb49Reo0c060fy
youtube,gzcj_zS1ijY,view_count,2175242,2026-08-12T14:03:45.582697+07:00,youtube_public_v1,PUBLIC,GNepb49Reo0c060fy
youtube,b84_YhDC-SE,view_count,500245,2026-08-12T14:03:45.582697+07:00,youtube_public_v1,PUBLIC,GNepb49Reo0c060fy
youtube,0yftq9W1H1k,view_count,89182,2026-08-12T14:03:45.582697+07:00,youtube_public_v1,PUBLIC,GNepb49Reo0c060fy
youtube,qudUtpFrzQ0,view_count,142425,2026-08-12T14:03:45.582697+07:00,youtube_public_v1,PUBLIC,GNepb49Reo0c060fy
youtube,LakZMdJpu0Y,view_count,172046,2026-08-12T14:03:45.582697+07:00,youtube_public_v1,PUBLIC,GNepb49Reo0c060fy
youtube,UFdldsOHmzs,view_count,65657,2026-08-12T14:03:45.582697+07:00,youtube_public_v1,PUBLIC,GNepb49Reo0c060fy
youtube,f2VwotgfzmE,view_count,73138,2026-08-12T14:03:45.582697+07:00,youtube_public_v1,PUBLIC,GNepb49Reo0c060fy
youtube,IPVXQNLUNRg,view_count,171252,2026-08-12T14:03:45.582697+07:00,youtube_public_v1,PUBLIC,GNepb49Reo0c060fy
youtube,xF_lJrCON48,view_count,1266826,2026-08-12T14:03:45.582697+07:00,youtube_public_v1,PUBLIC,GNepb49Reo0c060fy
youtube,iOTQREArjGE,view_count,546834,2026-08-12T14:03:45.582697+07:00,youtube_public_v1,PUBLIC,GNepb49Reo0c060fy
youtube,UX4WimPPfLo,view_count,163643,2026-08-12T14:03:45.582697+07:00,youtube_public_v1,PUBLIC,GNepb49Reo0c060fy
youtube,7Tsjl9bOoik,view_count,96509,2026-08-12T14:03:45.582697+07:00,youtube_public_v1,PUBLIC,GNepb49Reo0c060fy
youtube,5jrd9jgivVQ,view_count,56631,2026-08-12T14:03:45.582697+07:00,youtube_public_v1,PUBLIC,GNepb49Reo0c060fy
youtube,1ezn2QIqO40,view_count,4576638,2026-08-12T14:00:05.693993+07:00,youtube_public_v1,PUBLIC,XtPTJfEYqUzOv6Ykf
youtube,1ezn2QIqO40,like_count,61000,2026-08-12T14:00:05.693993+07:00,youtube_public_v1,PUBLIC,XtPTJfEYqUzOv6Ykf
youtube,1ezn2QIqO40,comment_count,19778,2026-08-12T14:00:05.693993+07:00,youtube_public_v1,PUBLIC,XtPTJfEYqUzOv6Ykf
youtube,3igqxki1h9M,view_count,50614,2026-08-12T14:00:05.693993+07:00,youtube_public_v1,PUBLIC,OukmJuGjfOeqqXWfI
youtube,FXX-c5GwFZE,view_count,2259662,2026-08-12T14:00:05.693993+07:00,youtube_public_v1,PUBLIC,XtPTJfEYqUzOv6Ykf
youtube,FXX-c5GwFZE,like_count,42000,2026-08-12T14:00:05.693993+07:00,youtube_public_v1,PUBLIC,XtPTJfEYqUzOv6Ykf
youtube,FXX-c5GwFZE,comment_count,4567,2026-08-12T14:00:05.693993+07:00,youtube_public_v1,PUBLIC,XtPTJfEYqUzOv6Ykf
youtube,Mr0JB3t4XY8,view_count,1080592,2026-08-12T18:36:20.551517+07:00,youtube_public_v1,PUBLIC,dVodxnWflcxI3rcZk
youtube,wNd39scijKo,view_count,1210760,2026-08-12T18:36:20.551517+07:00,youtube_public_v1,PUBLIC,dVodxnWflcxI3rcZk
youtube,I7Gdt40SZRE,view_count,162772,2026-08-12T18:36:20.551517+07:00,youtube_public_v1,PUBLIC,dVodxnWflcxI3rcZk
youtube,WiFEX-G_4ao,view_count,614180,2026-08-12T18:36:20.551517+07:00,youtube_public_v1,PUBLIC,dVodxnWflcxI3rcZk
youtube,_iGBYOGj2ZI,view_count,2000242,2026-08-12T18:36:20.551517+07:00,youtube_public_v1,PUBLIC,ntIy9UHN8iAwgcm59
youtube,_iGBYOGj2ZI,like_count,10000,2026-08-12T18:36:20.551517+07:00,youtube_public_v1,PUBLIC,ntIy9UHN8iAwgcm59
youtube,_iGBYOGj2ZI,comment_count,423,2026-08-12T18:36:20.551517+07:00,youtube_public_v1,PUBLIC,ntIy9UHN8iAwgcm59
youtube,bPUBziReKdE,view_count,1096547,2026-08-12T18:36:20.551517+07:00,youtube_public_v1,PUBLIC,dVodxnWflcxI3rcZk
youtube,QUJSINavsBI,view_count,1804629,2026-08-12T18:36:20.551517+07:00,youtube_public_v1,PUBLIC,ntIy9UHN8iAwgcm59
youtube,QUJSINavsBI,like_count,13000,2026-08-12T18:36:20.551517+07:00,youtube_public_v1,PUBLIC,ntIy9UHN8iAwgcm59
youtube,QUJSINavsBI,comment_count,1005,2026-08-12T18:36:20.551517+07:00,youtube_public_v1,PUBLIC,ntIy9UHN8iAwgcm59
youtube,r5NPcezbnmE,view_count,85073,2026-08-12T18:36:20.551517+07:00,youtube_public_v1,PUBLIC,ntIy9UHN8iAwgcm59
youtube,r5NPcezbnmE,like_count,573,2026-08-12T18:36:20.551517+07:00,youtube_public_v1,PUBLIC,ntIy9UHN8iAwgcm59
youtube,r5NPcezbnmE,comment_count,25,2026-08-12T18:36:20.551517+07:00,youtube_public_v1,PUBLIC,ntIy9UHN8iAwgcm59
youtube,5iQkVQWJOpw,view_count,562410,2026-08-12T18:36:20.551517+07:00,youtube_public_v1,PUBLIC,ntIy9UHN8iAwgcm59
youtube,5iQkVQWJOpw,like_count,3800,2026-08-12T18:36:20.551517+07:00,youtube_public_v1,PUBLIC,ntIy9UHN8iAwgcm59
youtube,5iQkVQWJOpw,comment_count,299,2026-08-12T18:36:20.551517+07:00,youtube_public_v1,PUBLIC,ntIy9UHN8iAwgcm59
youtube,kUa-crHygzQ,view_count,1121248,2026-08-12T18:36:20.551517+07:00,youtube_public_v1,PUBLIC,dVodxnWflcxI3rcZk
youtube,aJhsf1TxKys,view_count,1240540,2026-08-12T18:36:20.551517+07:00,youtube_public_v1,PUBLIC,dVodxnWflcxI3rcZk
youtube,HRdExJFG7WU,view_count,169777,2026-08-12T18:36:20.551517+07:00,youtube_public_v1,PUBLIC,ntIy9UHN8iAwgcm59
youtube,HRdExJFG7WU,like_count,1500,2026-08-12T18:36:20.551517+07:00,youtube_public_v1,PUBLIC,ntIy9UHN8iAwgcm59
youtube,HRdExJFG7WU,comment_count,47,2026-08-12T18:36:20.551517+07:00,youtube_public_v1,PUBLIC,ntIy9UHN8iAwgcm59
youtube,b5JbPnht1VY,view_count,486387,2026-08-12T18:36:20.551517+07:00,youtube_public_v1,PUBLIC,ntIy9UHN8iAwgcm59
youtube,b5JbPnht1VY,like_count,4200,2026-08-12T18:36:20.551517+07:00,youtube_public_v1,PUBLIC,ntIy9UHN8iAwgcm59
youtube,b5JbPnht1VY,comment_count,255,2026-08-12T18:36:20.551517+07:00,youtube_public_v1,PUBLIC,ntIy9UHN8iAwgcm59
youtube,6GzEsRlOytA,view_count,92867,2026-08-12T18:36:20.551517+07:00,youtube_public_v1,PUBLIC,ntIy9UHN8iAwgcm59
youtube,6GzEsRlOytA,like_count,759,2026-08-12T18:36:20.551517+07:00,youtube_public_v1,PUBLIC,ntIy9UHN8iAwgcm59
youtube,6GzEsRlOytA,comment_count,52,2026-08-12T18:36:20.551517+07:00,youtube_public_v1,PUBLIC,ntIy9UHN8iAwgcm59
youtube,qrALYFAmjgA,view_count,332058,2026-08-12T18:36:20.551517+07:00,youtube_public_v1,PUBLIC,ntIy9UHN8iAwgcm59
youtube,qrALYFAmjgA,like_count,2200,2026-08-12T18:36:20.551517+07:00,youtube_public_v1,PUBLIC,ntIy9UHN8iAwgcm59
youtube,qrALYFAmjgA,comment_count,166,2026-08-12T18:36:20.551517+07:00,youtube_public_v1,PUBLIC,ntIy9UHN8iAwgcm59
youtube,6QMYhR4Nf8Y,view_count,126495,2026-08-12T18:36:20.551517+07:00,youtube_public_v1,PUBLIC,ntIy9UHN8iAwgcm59
youtube,6QMYhR4Nf8Y,like_count,990,2026-08-12T18:36:20.551517+07:00,youtube_public_v1,PUBLIC,ntIy9UHN8iAwgcm59
youtube,6QMYhR4Nf8Y,comment_count,50,2026-08-12T18:36:20.551517+07:00,youtube_public_v1,PUBLIC,ntIy9UHN8iAwgcm59
youtube,SrR1Nqxm9pU,view_count,197173,2026-08-12T18:36:20.551517+07:00,youtube_public_v1,PUBLIC,dVodxnWflcxI3rcZk
youtube,Gusgf2D7RRc,view_count,232209,2026-08-12T18:36:20.551517+07:00,youtube_public_v1,PUBLIC,ntIy9UHN8iAwgcm59
youtube,Gusgf2D7RRc,like_count,973,2026-08-12T18:36:20.551517+07:00,youtube_public_v1,PUBLIC,ntIy9UHN8iAwgcm59
youtube,Gusgf2D7RRc,comment_count,188,2026-08-12T18:36:20.551517+07:00,youtube_public_v1,PUBLIC,ntIy9UHN8iAwgcm59
youtube,YkGVjqImVTw,view_count,11710,2026-08-12T18:36:20.551517+07:00,youtube_public_v1,PUBLIC,dVodxnWflcxI3rcZk
youtube,jbj5zLiZLCU,view_count,113679,2026-08-12T18:36:20.551517+07:00,youtube_public_v1,PUBLIC,dVodxnWflcxI3rcZk
youtube,Qfbw9xgSVdM,view_count,320955,2026-08-12T18:36:20.551517+07:00,youtube_public_v1,PUBLIC,dVodxnWflcxI3rcZk
youtube,6RG4EyVH2e8,view_count,117612,2026-08-12T18:36:20.551517+07:00,youtube_public_v1,PUBLIC,dVodxnWflcxI3rcZk
youtube,Ie2tXi0V7PY,view_count,184884,2026-08-12T18:36:20.551517+07:00,youtube_public_v1,PUBLIC,ntIy9UHN8iAwgcm59
youtube,Ie2tXi0V7PY,like_count,1300,2026-08-12T18:36:20.551517+07:00,youtube_public_v1,PUBLIC,ntIy9UHN8iAwgcm59
youtube,Ie2tXi0V7PY,comment_count,85,2026-08-12T18:36:20.551517+07:00,youtube_public_v1,PUBLIC,ntIy9UHN8iAwgcm59
youtube,_AKsbfgDnWQ,view_count,180089,2026-08-12T18:36:20.551517+07:00,youtube_public_v1,PUBLIC,dVodxnWflcxI3rcZk
youtube,UNrXcs15K68,view_count,786911,2026-08-12T18:36:20.551517+07:00,youtube_public_v1,PUBLIC,ntIy9UHN8iAwgcm59
youtube,UNrXcs15K68,like_count,5100,2026-08-12T18:36:20.551517+07:00,youtube_public_v1,PUBLIC,ntIy9UHN8iAwgcm59
youtube,UNrXcs15K68,comment_count,323,2026-08-12T18:36:20.551517+07:00,youtube_public_v1,PUBLIC,ntIy9UHN8iAwgcm59
youtube,CMEH9YQMh7Y,view_count,15277,2026-08-12T18:36:20.551517+07:00,youtube_public_v1,PUBLIC,dVodxnWflcxI3rcZk
youtube,MpAPgDEGqGo,view_count,35018196,2026-08-12T18:36:20.551517+07:00,youtube_public_v1,PUBLIC,ntIy9UHN8iAwgcm59
youtube,MpAPgDEGqGo,like_count,78000,2026-08-12T18:36:20.551517+07:00,youtube_public_v1,PUBLIC,ntIy9UHN8iAwgcm59
youtube,MpAPgDEGqGo,comment_count,0,2026-08-12T18:36:20.551517+07:00,youtube_public_v1,PUBLIC,ntIy9UHN8iAwgcm59
youtube,tLEfYxOKzMo,view_count,3230,2026-08-12T18:36:20.551517+07:00,youtube_public_v1,PUBLIC,dVodxnWflcxI3rcZk
youtube,IuTIm4GmFXU,view_count,14530,2026-08-12T18:36:20.551517+07:00,youtube_public_v1,PUBLIC,dVodxnWflcxI3rcZk
youtube,p8itmzr96_Y,view_count,44541,2026-08-12T18:36:20.551517+07:00,youtube_public_v1,PUBLIC,dVodxnWflcxI3rcZk
youtube,jPAPuSXtcho,view_count,14166,2026-08-12T18:36:20.551517+07:00,youtube_public_v1,PUBLIC,dVodxnWflcxI3rcZk
youtube,ypjokRJkwEA,view_count,90468,2026-08-12T18:36:20.551517+07:00,youtube_public_v1,PUBLIC,dVodxnWflcxI3rcZk
youtube,X5BdEg0KuQA,view_count,14269,2026-08-12T18:36:20.551517+07:00,youtube_public_v1,PUBLIC,dVodxnWflcxI3rcZk
youtube,Kkul3GqUlwY,view_count,10531,2026-08-12T18:36:20.551517+07:00,youtube_public_v1,PUBLIC,dVodxnWflcxI3rcZk
youtube,JXgicOYbNAw,view_count,57965,2026-08-12T18:36:20.551517+07:00,youtube_public_v1,PUBLIC,ntIy9UHN8iAwgcm59
youtube,JXgicOYbNAw,like_count,357,2026-08-12T18:36:20.551517+07:00,youtube_public_v1,PUBLIC,ntIy9UHN8iAwgcm59
youtube,JXgicOYbNAw,comment_count,24,2026-08-12T18:36:20.551517+07:00,youtube_public_v1,PUBLIC,ntIy9UHN8iAwgcm59
youtube,jKgbBAiuAEA,view_count,129472,2026-08-12T18:36:20.551517+07:00,youtube_public_v1,PUBLIC,dVodxnWflcxI3rcZk
youtube,012UkqvOyQo,view_count,68584,2026-08-12T18:36:20.551517+07:00,youtube_public_v1,PUBLIC,dVodxnWflcxI3rcZk
youtube,fssgCx6DTK4,view_count,264681,2026-08-12T18:36:20.551517+07:00,youtube_public_v1,PUBLIC,dVodxnWflcxI3rcZk
youtube,F9NUMucPwQ0,view_count,192774,2026-08-12T18:36:20.551517+07:00,youtube_public_v1,PUBLIC,ntIy9UHN8iAwgcm59
youtube,F9NUMucPwQ0,like_count,1400,2026-08-12T18:36:20.551517+07:00,youtube_public_v1,PUBLIC,ntIy9UHN8iAwgcm59
youtube,F9NUMucPwQ0,comment_count,102,2026-08-12T18:36:20.551517+07:00,youtube_public_v1,PUBLIC,ntIy9UHN8iAwgcm59
youtube,2IxsIrPIgjk,view_count,88769,2026-08-12T18:36:20.551517+07:00,youtube_public_v1,PUBLIC,dVodxnWflcxI3rcZk
youtube,QY-z9fFV7Us,view_count,69165,2026-08-12T18:36:20.551517+07:00,youtube_public_v1,PUBLIC,dVodxnWflcxI3rcZk
youtube,qpcNUfStkA0,view_count,102488,2026-08-12T18:36:20.551517+07:00,youtube_public_v1,PUBLIC,dVodxnWflcxI3rcZk
youtube,coU2VstMJ9Q,view_count,187188,2026-08-12T18:36:20.551517+07:00,youtube_public_v1,PUBLIC,ntIy9UHN8iAwgcm59
youtube,coU2VstMJ9Q,like_count,1100,2026-08-12T18:36:20.551517+07:00,youtube_public_v1,PUBLIC,ntIy9UHN8iAwgcm59
youtube,coU2VstMJ9Q,comment_count,56,2026-08-12T18:36:20.551517+07:00,youtube_public_v1,PUBLIC,ntIy9UHN8iAwgcm59
youtube,66X7FO6QuQI,view_count,158460,2026-08-12T18:36:20.551517+07:00,youtube_public_v1,PUBLIC,ntIy9UHN8iAwgcm59
youtube,66X7FO6QuQI,like_count,943,2026-08-12T18:36:20.551517+07:00,youtube_public_v1,PUBLIC,ntIy9UHN8iAwgcm59
youtube,66X7FO6QuQI,comment_count,143,2026-08-12T18:36:20.551517+07:00,youtube_public_v1,PUBLIC,ntIy9UHN8iAwgcm59
youtube,htxq8QBi9zc,view_count,43447,2026-08-12T18:36:20.551517+07:00,youtube_public_v1,PUBLIC,ntIy9UHN8iAwgcm59
youtube,htxq8QBi9zc,like_count,338,2026-08-12T18:36:20.551517+07:00,youtube_public_v1,PUBLIC,ntIy9UHN8iAwgcm59
youtube,htxq8QBi9zc,comment_count,40,2026-08-12T18:36:20.551517+07:00,youtube_public_v1,PUBLIC,ntIy9UHN8iAwgcm59
youtube,ZVEtUzN6G9w,view_count,431008,2026-08-12T18:36:20.551517+07:00,youtube_public_v1,PUBLIC,dVodxnWflcxI3rcZk
youtube,356W2EvCoiw,view_count,60427,2026-08-12T18:36:20.551517+07:00,youtube_public_v1,PUBLIC,ntIy9UHN8iAwgcm59
youtube,356W2EvCoiw,like_count,589,2026-08-12T18:36:20.551517+07:00,youtube_public_v1,PUBLIC,ntIy9UHN8iAwgcm59
youtube,356W2EvCoiw,comment_count,223,2026-08-12T18:36:20.551517+07:00,youtube_public_v1,PUBLIC,ntIy9UHN8iAwgcm59
youtube,m4DYz1fxX-E,view_count,243368,2026-08-12T18:36:20.551517+07:00,youtube_public_v1,PUBLIC,ntIy9UHN8iAwgcm59
youtube,m4DYz1fxX-E,like_count,1900,2026-08-12T18:36:20.551517+07:00,youtube_public_v1,PUBLIC,ntIy9UHN8iAwgcm59
youtube,m4DYz1fxX-E,comment_count,203,2026-08-12T18:36:20.551517+07:00,youtube_public_v1,PUBLIC,ntIy9UHN8iAwgcm59
youtube,2-sk9RyE8Go,view_count,285142,2026-08-12T18:36:20.551517+07:00,youtube_public_v1,PUBLIC,dVodxnWflcxI3rcZk
youtube,xv1rI75Ny8U,view_count,18786,2026-08-12T18:36:20.551517+07:00,youtube_public_v1,PUBLIC,dVodxnWflcxI3rcZk
youtube,GIYXKawNCHU,view_count,108986,2026-08-12T18:36:20.551517+07:00,youtube_public_v1,PUBLIC,dVodxnWflcxI3rcZk
youtube,x3mI_dLvw1E,view_count,3412,2026-08-12T18:36:20.551517+07:00,youtube_public_v1,PUBLIC,dVodxnWflcxI3rcZk
youtube,QtTu_RoZCBQ,view_count,95988,2026-08-12T18:36:20.551517+07:00,youtube_public_v1,PUBLIC,dVodxnWflcxI3rcZk
youtube,DbK36FJsQh4,view_count,63062,2026-08-12T18:36:20.551517+07:00,youtube_public_v1,PUBLIC,dVodxnWflcxI3rcZk
youtube,lQ1FgGEnxiA,view_count,63501,2026-08-12T18:36:20.551517+07:00,youtube_public_v1,PUBLIC,dVodxnWflcxI3rcZk
youtube,WqliTffiozg,view_count,1088576,2026-08-12T18:36:20.551517+07:00,youtube_public_v1,PUBLIC,dVodxnWflcxI3rcZk
youtube,Tua7IjtxPWA,view_count,2351,2026-08-12T14:03:56.520484+07:00,youtube_public_v1,PUBLIC,c78HBFzRv6MDmbCg3
youtube,jyNIIb4Vzj4,view_count,765,2026-08-12T14:03:56.520484+07:00,youtube_public_v1,PUBLIC,c78HBFzRv6MDmbCg3
youtube,4VA5JTktIBQ,view_count,3823,2026-08-12T14:03:56.520484+07:00,youtube_public_v1,PUBLIC,c78HBFzRv6MDmbCg3
youtube,L916R-5CvPM,view_count,1007,2026-08-12T14:03:56.520484+07:00,youtube_public_v1,PUBLIC,c78HBFzRv6MDmbCg3
youtube,ChZ1BBGYGJc,view_count,2931,2026-08-12T14:03:56.520484+07:00,youtube_public_v1,PUBLIC,c78HBFzRv6MDmbCg3
youtube,bRws8hLBkYA,view_count,1539,2026-08-12T14:03:56.520484+07:00,youtube_public_v1,PUBLIC,c78HBFzRv6MDmbCg3
youtube,9NL9gYnsxRU,view_count,1491,2026-08-12T14:03:56.520484+07:00,youtube_public_v1,PUBLIC,c78HBFzRv6MDmbCg3
youtube,zIk9YrGXkSs,view_count,20131,2026-08-12T14:03:56.520484+07:00,youtube_public_v1,PUBLIC,oLUJPJCPnJIV6Azk7
youtube,zIk9YrGXkSs,like_count,210,2026-08-12T14:03:56.520484+07:00,youtube_public_v1,PUBLIC,oLUJPJCPnJIV6Azk7
youtube,zIk9YrGXkSs,comment_count,2,2026-08-12T14:03:56.520484+07:00,youtube_public_v1,PUBLIC,oLUJPJCPnJIV6Azk7
youtube,yZPrz88i-Rs,view_count,3029,2026-08-12T14:03:56.520484+07:00,youtube_public_v1,PUBLIC,c78HBFzRv6MDmbCg3
youtube,Hcv7pu_7XMc,view_count,2822,2026-08-12T14:03:56.520484+07:00,youtube_public_v1,PUBLIC,riv2E5IapIDwoXMJV
youtube,Hcv7pu_7XMc,like_count,48,2026-08-12T14:03:56.520484+07:00,youtube_public_v1,PUBLIC,riv2E5IapIDwoXMJV
youtube,Hcv7pu_7XMc,comment_count,0,2026-08-12T14:03:56.520484+07:00,youtube_public_v1,PUBLIC,riv2E5IapIDwoXMJV
youtube,-H8-h4jsRvk,view_count,922,2026-08-12T14:03:56.520484+07:00,youtube_public_v1,PUBLIC,c78HBFzRv6MDmbCg3
youtube,pOq36klOdUM,view_count,2983,2026-08-12T14:03:56.520484+07:00,youtube_public_v1,PUBLIC,oLUJPJCPnJIV6Azk7
youtube,pOq36klOdUM,like_count,52,2026-08-12T14:03:56.520484+07:00,youtube_public_v1,PUBLIC,oLUJPJCPnJIV6Azk7
youtube,pOq36klOdUM,comment_count,2,2026-08-12T14:03:56.520484+07:00,youtube_public_v1,PUBLIC,oLUJPJCPnJIV6Azk7
youtube,kSE_KVOSi28,view_count,1843,2026-08-12T14:03:56.520484+07:00,youtube_public_v1,PUBLIC,c78HBFzRv6MDmbCg3
youtube,FR8_XKE2Psc,view_count,1447,2026-08-12T14:03:56.520484+07:00,youtube_public_v1,PUBLIC,c78HBFzRv6MDmbCg3
youtube,FPKouqoV1Ko,view_count,1922,2026-08-12T14:03:56.520484+07:00,youtube_public_v1,PUBLIC,c78HBFzRv6MDmbCg3
youtube,wA2gFjZdbpk,view_count,51085,2026-08-12T14:03:56.520484+07:00,youtube_public_v1,PUBLIC,c78HBFzRv6MDmbCg3
youtube,lnVmE9-TjAg,view_count,37154,2026-08-12T14:03:56.520484+07:00,youtube_public_v1,PUBLIC,c78HBFzRv6MDmbCg3
youtube,IfNv1umcw34,view_count,7699,2026-08-12T14:03:56.520484+07:00,youtube_public_v1,PUBLIC,c78HBFzRv6MDmbCg3
youtube,_ds0XZOGdLA,view_count,4472,2026-08-12T14:03:56.520484+07:00,youtube_public_v1,PUBLIC,c78HBFzRv6MDmbCg3
youtube,ovttO7B7qfo,view_count,19120,2026-08-12T14:03:56.520484+07:00,youtube_public_v1,PUBLIC,c78HBFzRv6MDmbCg3
youtube,wiJOqhjg0og,view_count,2283,2026-08-12T14:03:56.520484+07:00,youtube_public_v1,PUBLIC,c78HBFzRv6MDmbCg3
youtube,_Y_4Jtyt6SA,view_count,2477,2026-08-12T14:03:56.520484+07:00,youtube_public_v1,PUBLIC,c78HBFzRv6MDmbCg3
youtube,z2_54GZwNKs,view_count,18349,2026-08-12T14:03:56.520484+07:00,youtube_public_v1,PUBLIC,c78HBFzRv6MDmbCg3
youtube,6N_lgzv3wFs,view_count,14627,2026-08-12T14:03:56.520484+07:00,youtube_public_v1,PUBLIC,c78HBFzRv6MDmbCg3
youtube,CPmD7uSgisE,view_count,1214,2026-08-12T14:03:56.520484+07:00,youtube_public_v1,PUBLIC,c78HBFzRv6MDmbCg3
youtube,tQhiPGEV804,view_count,30864,2026-08-12T14:03:56.520484+07:00,youtube_public_v1,PUBLIC,c78HBFzRv6MDmbCg3
youtube,IKaPCYMshFg,view_count,98303,2026-08-12T14:03:56.520484+07:00,youtube_public_v1,PUBLIC,c78HBFzRv6MDmbCg3
youtube,z-MiG42piqY,view_count,25410,2026-08-12T14:03:56.520484+07:00,youtube_public_v1,PUBLIC,riv2E5IapIDwoXMJV
youtube,z-MiG42piqY,like_count,173,2026-08-12T14:03:56.520484+07:00,youtube_public_v1,PUBLIC,riv2E5IapIDwoXMJV
youtube,z-MiG42piqY,comment_count,0,2026-08-12T14:03:56.520484+07:00,youtube_public_v1,PUBLIC,riv2E5IapIDwoXMJV
youtube,7U2NWuFAOv8,view_count,9439,2026-08-12T14:03:56.520484+07:00,youtube_public_v1,PUBLIC,c78HBFzRv6MDmbCg3
youtube,18Om1Z4AkPU,view_count,162993,2026-08-12T14:07:02.326255+07:00,youtube_public_v1,PUBLIC,E7hmhsxT1EyJjWMbe
youtube,0tYQFSvQacI,view_count,260083,2026-08-12T14:07:02.326255+07:00,youtube_public_v1,PUBLIC,E7hmhsxT1EyJjWMbe
youtube,OqRc822B6fs,view_count,64897,2026-08-12T14:07:02.326255+07:00,youtube_public_v1,PUBLIC,E7hmhsxT1EyJjWMbe
youtube,i6y1UAQwGvA,view_count,122626,2026-08-12T14:07:02.326255+07:00,youtube_public_v1,PUBLIC,E7hmhsxT1EyJjWMbe
youtube,RRVFuLHKLB4,view_count,366580,2026-08-12T14:07:02.326255+07:00,youtube_public_v1,PUBLIC,E7hmhsxT1EyJjWMbe
youtube,-0zOfN0IOzM,view_count,103094,2026-08-12T14:07:02.326255+07:00,youtube_public_v1,PUBLIC,E7hmhsxT1EyJjWMbe
youtube,roKPJPeXkBg,view_count,34360,2026-08-12T18:25:36.701383+07:00,youtube_public_v1,PUBLIC,jor29WGcY0dRP3940
youtube,1hdVrgv64uA,view_count,992938,2026-08-12T18:25:36.701383+07:00,youtube_public_v1,PUBLIC,jor29WGcY0dRP3940
youtube,9dAUdlhVwdk,view_count,1442,2026-08-12T18:11:20.372854+07:00,youtube_public_v1,PUBLIC,5FdSgMJjlO0HleCys
youtube,SvqUu3pcHgc,view_count,11985767,2026-08-12T18:13:18.566732+07:00,youtube_public_v1,PUBLIC,26UrLRL8dy2ICDRO1
youtube,SvqUu3pcHgc,like_count,116000,2026-08-12T18:13:18.566732+07:00,youtube_public_v1,PUBLIC,26UrLRL8dy2ICDRO1
youtube,SvqUu3pcHgc,comment_count,6462,2026-08-12T18:13:18.566732+07:00,youtube_public_v1,PUBLIC,26UrLRL8dy2ICDRO1
youtube,o5zUpDas4K4,view_count,12235,2026-08-12T18:11:20.372854+07:00,youtube_public_v1,PUBLIC,5FdSgMJjlO0HleCys
youtube,usdE608xz5Y,view_count,809,2026-08-12T18:11:20.372854+07:00,youtube_public_v1,PUBLIC,5FdSgMJjlO0HleCys
youtube,WaIg1AA5ufU,view_count,18923,2026-08-12T18:11:20.372854+07:00,youtube_public_v1,PUBLIC,5FdSgMJjlO0HleCys
youtube,RPQH6HcZU0k,view_count,751,2026-08-12T18:11:20.372854+07:00,youtube_public_v1,PUBLIC,5FdSgMJjlO0HleCys
youtube,wF5xVVlw6Lw,view_count,575,2026-08-12T18:11:20.372854+07:00,youtube_public_v1,PUBLIC,5FdSgMJjlO0HleCys
youtube,YT1bNRt9KPc,view_count,2212,2026-08-12T18:11:20.372854+07:00,youtube_public_v1,PUBLIC,5FdSgMJjlO0HleCys
youtube,k85LWnjmN-I,view_count,195,2026-08-12T18:11:20.372854+07:00,youtube_public_v1,PUBLIC,5FdSgMJjlO0HleCys
youtube,pE9rVqMqaIY,view_count,2387,2026-08-12T18:11:20.372854+07:00,youtube_public_v1,PUBLIC,5FdSgMJjlO0HleCys
youtube,mfSwv7eg5_Q,view_count,18,2026-08-12T18:11:20.372854+07:00,youtube_public_v1,PUBLIC,5FdSgMJjlO0HleCys
youtube,a5v6S8ADOE4,view_count,241,2026-08-12T18:11:20.372854+07:00,youtube_public_v1,PUBLIC,5FdSgMJjlO0HleCys
youtube,P1w9x7KirNg,view_count,6862,2026-08-12T18:11:20.372854+07:00,youtube_public_v1,PUBLIC,5FdSgMJjlO0HleCys
youtube,GayW8mhNg-0,view_count,317,2026-08-12T18:11:20.372854+07:00,youtube_public_v1,PUBLIC,5FdSgMJjlO0HleCys
youtube,SJGAFjcWdOk,view_count,99,2026-08-12T18:11:20.372854+07:00,youtube_public_v1,PUBLIC,5FdSgMJjlO0HleCys
youtube,cDEVO3tmiHM,view_count,1299,2026-08-12T18:11:20.372854+07:00,youtube_public_v1,PUBLIC,5FdSgMJjlO0HleCys
youtube,O7r6MNRLFGw,view_count,96,2026-08-12T18:11:20.372854+07:00,youtube_public_v1,PUBLIC,5FdSgMJjlO0HleCys
youtube,BlP5aCE63RQ,view_count,8222,2026-08-12T18:11:20.372854+07:00,youtube_public_v1,PUBLIC,5FdSgMJjlO0HleCys
youtube,umr_IybeWls,view_count,66,2026-08-12T18:11:20.372854+07:00,youtube_public_v1,PUBLIC,5FdSgMJjlO0HleCys
youtube,le05nIY6GUk,view_count,1540,2026-08-12T18:11:20.372854+07:00,youtube_public_v1,PUBLIC,5FdSgMJjlO0HleCys
youtube,6-FLZBWEM6M,view_count,136,2026-08-12T18:11:20.372854+07:00,youtube_public_v1,PUBLIC,5FdSgMJjlO0HleCys
youtube,Aqb165egTCw,view_count,344,2026-08-12T18:11:20.372854+07:00,youtube_public_v1,PUBLIC,5FdSgMJjlO0HleCys
youtube,gV4OpABShfs,view_count,1048,2026-08-12T18:11:20.372854+07:00,youtube_public_v1,PUBLIC,5FdSgMJjlO0HleCys
youtube,3eGanhBJ3BI,view_count,74,2026-08-12T18:11:20.372854+07:00,youtube_public_v1,PUBLIC,5FdSgMJjlO0HleCys
youtube,jIpx3W0isL0,view_count,223,2026-08-12T18:11:20.372854+07:00,youtube_public_v1,PUBLIC,5FdSgMJjlO0HleCys
youtube,ULA4foakRwo,view_count,6,2026-08-12T18:11:20.372854+07:00,youtube_public_v1,PUBLIC,5FdSgMJjlO0HleCys
youtube,eJSG3dbr-EQ,view_count,91,2026-08-12T18:11:20.372854+07:00,youtube_public_v1,PUBLIC,5FdSgMJjlO0HleCys
youtube,A0f7fGH-N40,view_count,4753,2026-08-12T18:11:20.372854+07:00,youtube_public_v1,PUBLIC,5FdSgMJjlO0HleCys
youtube,nu2SrNQ6DQk,view_count,88,2026-08-12T18:11:20.372854+07:00,youtube_public_v1,PUBLIC,5FdSgMJjlO0HleCys
youtube,MXp7IaLIVjw,view_count,2710,2026-08-12T18:11:20.372854+07:00,youtube_public_v1,PUBLIC,5FdSgMJjlO0HleCys
youtube,C3qs0Smiyc4,view_count,125188,2026-08-12T18:11:20.372854+07:00,youtube_public_v1,PUBLIC,5FdSgMJjlO0HleCys
youtube,-Hd7uzyjoXY,view_count,83,2026-08-12T18:11:20.372854+07:00,youtube_public_v1,PUBLIC,5FdSgMJjlO0HleCys
youtube,T_CkWEs9jVg,view_count,109,2026-08-12T18:11:20.372854+07:00,youtube_public_v1,PUBLIC,5FdSgMJjlO0HleCys
youtube,tbgAXH19OUQ,view_count,2683,2026-08-12T18:11:20.372854+07:00,youtube_public_v1,PUBLIC,5FdSgMJjlO0HleCys
youtube,Rg0NKPVgr20,view_count,177,2026-08-12T18:11:20.372854+07:00,youtube_public_v1,PUBLIC,5FdSgMJjlO0HleCys
youtube,f56GvK-0fDY,view_count,50,2026-08-12T18:11:20.372854+07:00,youtube_public_v1,PUBLIC,5FdSgMJjlO0HleCys
youtube,6pqkh6vsO_c,view_count,268,2026-08-12T18:11:20.372854+07:00,youtube_public_v1,PUBLIC,5FdSgMJjlO0HleCys
youtube,8pLICXJPc3Y,view_count,1938,2026-08-12T18:11:20.372854+07:00,youtube_public_v1,PUBLIC,5FdSgMJjlO0HleCys
youtube,vspeU64hf4c,view_count,69,2026-08-12T18:11:20.372854+07:00,youtube_public_v1,PUBLIC,5FdSgMJjlO0HleCys
youtube,q3VlPx_InM4,view_count,3,2026-08-12T18:11:20.372854+07:00,youtube_public_v1,PUBLIC,5FdSgMJjlO0HleCys
youtube,my2pqr6nB0M,view_count,80,2026-08-12T18:11:20.372854+07:00,youtube_public_v1,PUBLIC,5FdSgMJjlO0HleCys
youtube,MMuVJVCk8aE,view_count,678,2026-08-12T18:11:20.372854+07:00,youtube_public_v1,PUBLIC,5FdSgMJjlO0HleCys
youtube,lK-g_wRRv2o,view_count,86241,2026-08-12T18:11:20.372854+07:00,youtube_public_v1,PUBLIC,5FdSgMJjlO0HleCys
youtube,p5MSsEPGY9g,view_count,359240,2026-08-12T18:11:20.372854+07:00,youtube_public_v1,PUBLIC,26UrLRL8dy2ICDRO1
youtube,p5MSsEPGY9g,like_count,805,2026-08-12T18:11:20.372854+07:00,youtube_public_v1,PUBLIC,26UrLRL8dy2ICDRO1
youtube,p5MSsEPGY9g,comment_count,19,2026-08-12T18:11:20.372854+07:00,youtube_public_v1,PUBLIC,26UrLRL8dy2ICDRO1
youtube,eM6Gy8i_jmc,view_count,797,2026-08-12T18:11:20.372854+07:00,youtube_public_v1,PUBLIC,5FdSgMJjlO0HleCys
youtube,d4TrLIuxgTk,view_count,1339,2026-08-12T18:11:20.372854+07:00,youtube_public_v1,PUBLIC,5FdSgMJjlO0HleCys
youtube,ZD90SxLvTl8,view_count,2309736,2026-08-12T18:11:20.372854+07:00,youtube_public_v1,PUBLIC,26UrLRL8dy2ICDRO1
youtube,ZD90SxLvTl8,like_count,7300,2026-08-12T18:11:20.372854+07:00,youtube_public_v1,PUBLIC,26UrLRL8dy2ICDRO1
youtube,ZD90SxLvTl8,comment_count,276,2026-08-12T18:11:20.372854+07:00,youtube_public_v1,PUBLIC,26UrLRL8dy2ICDRO1
youtube,YWtC4G1JAgA,view_count,3842389,2026-08-12T18:11:20.372854+07:00,youtube_public_v1,PUBLIC,5FdSgMJjlO0HleCys
youtube,nD70yPpVEXU,view_count,102,2026-08-12T18:11:20.372854+07:00,youtube_public_v1,PUBLIC,5FdSgMJjlO0HleCys
youtube,EKy9R11Zt8I,view_count,284850,2026-08-12T18:11:20.372854+07:00,youtube_public_v1,PUBLIC,j81VOvB4t2OqvzWsK
youtube,EKy9R11Zt8I,like_count,951,2026-08-12T18:11:20.372854+07:00,youtube_public_v1,PUBLIC,j81VOvB4t2OqvzWsK
youtube,EKy9R11Zt8I,comment_count,24,2026-08-12T18:11:20.372854+07:00,youtube_public_v1,PUBLIC,j81VOvB4t2OqvzWsK
youtube,AoHvudkCKu8,view_count,2941587,2026-08-12T18:11:20.372854+07:00,youtube_public_v1,PUBLIC,5FdSgMJjlO0HleCys
youtube,Q0YqIUCybz4,view_count,101940,2026-08-12T18:11:20.372854+07:00,youtube_public_v1,PUBLIC,5FdSgMJjlO0HleCys
youtube,QyVTnBCRs1Y,view_count,4408677,2026-08-12T18:25:06.380679+07:00,youtube_public_v1,PUBLIC,5FdSgMJjlO0HleCys
youtube,ebqd7dcHcxA,view_count,157063,2026-08-12T18:11:20.372854+07:00,youtube_public_v1,PUBLIC,5FdSgMJjlO0HleCys
youtube,UaUKKHJnbzs,view_count,328000,2026-08-12T18:11:20.372854+07:00,youtube_public_v1,PUBLIC,5FdSgMJjlO0HleCys
youtube,qzC5XiVb4tA,view_count,78216,2026-08-12T18:11:20.372854+07:00,youtube_public_v1,PUBLIC,5FdSgMJjlO0HleCys
youtube,gSrszHYPjI8,view_count,233060,2026-08-12T18:11:20.372854+07:00,youtube_public_v1,PUBLIC,5FdSgMJjlO0HleCys
youtube,wqjGv_jWLtI,view_count,336325,2026-08-12T18:11:20.372854+07:00,youtube_public_v1,PUBLIC,5FdSgMJjlO0HleCys
youtube,Yj8BPShct2Y,view_count,7082900,2026-08-12T18:13:18.566732+07:00,youtube_public_v1,PUBLIC,26UrLRL8dy2ICDRO1
youtube,Yj8BPShct2Y,like_count,81000,2026-08-12T18:13:18.566732+07:00,youtube_public_v1,PUBLIC,26UrLRL8dy2ICDRO1
youtube,Yj8BPShct2Y,comment_count,8775,2026-08-12T18:13:18.566732+07:00,youtube_public_v1,PUBLIC,26UrLRL8dy2ICDRO1
youtube,kXcUk83DBz8,view_count,818,2026-08-12T18:11:20.372854+07:00,youtube_public_v1,PUBLIC,5FdSgMJjlO0HleCys
youtube,IJjbk9oTVno,view_count,48,2026-08-12T18:11:20.372854+07:00,youtube_public_v1,PUBLIC,5FdSgMJjlO0HleCys
youtube,FZFsIw3nTiU,view_count,684916,2026-08-12T18:11:20.372854+07:00,youtube_public_v1,PUBLIC,j81VOvB4t2OqvzWsK
youtube,FZFsIw3nTiU,like_count,3900,2026-08-12T18:11:20.372854+07:00,youtube_public_v1,PUBLIC,j81VOvB4t2OqvzWsK
youtube,FZFsIw3nTiU,comment_count,108,2026-08-12T18:11:20.372854+07:00,youtube_public_v1,PUBLIC,j81VOvB4t2OqvzWsK
youtube,BP46nEogy8o,view_count,366,2026-08-12T18:11:20.372854+07:00,youtube_public_v1,PUBLIC,5FdSgMJjlO0HleCys
youtube,M1n9_EHCQ_Y,view_count,1198744,2026-08-12T18:11:20.372854+07:00,youtube_public_v1,PUBLIC,5FdSgMJjlO0HleCys
youtube,t9t1v-MQS4A,view_count,302124,2026-08-12T18:11:20.372854+07:00,youtube_public_v1,PUBLIC,5FdSgMJjlO0HleCys
youtube,lpqMz0pCbzU,view_count,147832,2026-08-12T18:11:20.372854+07:00,youtube_public_v1,PUBLIC,5FdSgMJjlO0HleCys
youtube,_wmjvnRDBIM,view_count,66,2026-08-12T18:11:20.372854+07:00,youtube_public_v1,PUBLIC,5FdSgMJjlO0HleCys
youtube,0JOYSaGVJ90,view_count,150468,2026-08-12T18:11:20.372854+07:00,youtube_public_v1,PUBLIC,5FdSgMJjlO0HleCys
youtube,SPE8WrdkWv4,view_count,685440,2026-08-12T18:11:20.372854+07:00,youtube_public_v1,PUBLIC,5FdSgMJjlO0HleCys
youtube,GTBHKzIkQk8,view_count,211990,2026-08-12T18:11:20.372854+07:00,youtube_public_v1,PUBLIC,5FdSgMJjlO0HleCys
youtube,ZnXuXi9zXFQ,view_count,10134414,2026-08-12T18:11:20.372854+07:00,youtube_public_v1,PUBLIC,5FdSgMJjlO0HleCys
youtube,Bbooo-jFs-U,view_count,778451,2026-08-12T18:25:06.380679+07:00,youtube_public_v1,PUBLIC,9TfG2Ia9jXssoJSJt
youtube,-BKTwSVrYX8,view_count,695386,2026-08-12T18:25:06.380679+07:00,youtube_public_v1,PUBLIC,9TfG2Ia9jXssoJSJt
youtube,6qOYG_3WADU,view_count,728638,2026-08-12T18:25:06.380679+07:00,youtube_public_v1,PUBLIC,9TfG2Ia9jXssoJSJt
youtube,kE52i0rmYqY,view_count,707984,2026-08-12T18:25:06.380679+07:00,youtube_public_v1,PUBLIC,9TfG2Ia9jXssoJSJt
youtube,YRlT83AGLAA,view_count,990991,2026-08-12T18:25:06.380679+07:00,youtube_public_v1,PUBLIC,9TfG2Ia9jXssoJSJt
youtube,ffMvm5iefIQ,view_count,963763,2026-08-12T18:25:06.380679+07:00,youtube_public_v1,PUBLIC,9TfG2Ia9jXssoJSJt
youtube,s532wIKJFRs,view_count,833043,2026-08-12T18:25:06.380679+07:00,youtube_public_v1,PUBLIC,9TfG2Ia9jXssoJSJt
youtube,__j2OLHuRgs,view_count,846797,2026-08-12T18:25:06.380679+07:00,youtube_public_v1,PUBLIC,9TfG2Ia9jXssoJSJt
youtube,_YB8auP_YCY,view_count,55800,2026-08-12T18:25:06.380679+07:00,youtube_public_v1,PUBLIC,9TfG2Ia9jXssoJSJt
youtube,UNitimNvbXk,view_count,506750,2026-08-12T18:25:06.380679+07:00,youtube_public_v1,PUBLIC,9TfG2Ia9jXssoJSJt
youtube,HVq6n_c64y8,view_count,368409,2026-08-12T18:25:06.380679+07:00,youtube_public_v1,PUBLIC,9TfG2Ia9jXssoJSJt
youtube,mCtunE2F2QI,view_count,1356581,2026-08-12T18:25:06.380679+07:00,youtube_public_v1,PUBLIC,9TfG2Ia9jXssoJSJt
youtube,ID2oP7kaZLA,view_count,459629,2026-08-12T18:25:06.380679+07:00,youtube_public_v1,PUBLIC,9TfG2Ia9jXssoJSJt
youtube,VFSVwB0oQDU,view_count,110294,2026-08-12T18:25:06.380679+07:00,youtube_public_v1,PUBLIC,9TfG2Ia9jXssoJSJt
youtube,nNvJew9okl0,view_count,776281,2026-08-12T18:25:06.380679+07:00,youtube_public_v1,PUBLIC,9TfG2Ia9jXssoJSJt
youtube,MT2gBP3Q7lw,view_count,608257,2026-08-12T18:25:06.380679+07:00,youtube_public_v1,PUBLIC,9TfG2Ia9jXssoJSJt
youtube,IIyzLmVrpKo,view_count,3144294,2026-08-12T18:13:18.566732+07:00,youtube_public_v1,PUBLIC,26UrLRL8dy2ICDRO1
youtube,IIyzLmVrpKo,like_count,15000,2026-08-12T18:13:18.566732+07:00,youtube_public_v1,PUBLIC,26UrLRL8dy2ICDRO1
youtube,IIyzLmVrpKo,comment_count,1237,2026-08-12T18:13:18.566732+07:00,youtube_public_v1,PUBLIC,26UrLRL8dy2ICDRO1
youtube,hFWyNOsEiH8,view_count,972920,2026-08-12T18:13:18.566732+07:00,youtube_public_v1,PUBLIC,dAdUbIUQCZtcUuBwM
youtube,f5wG6wLaG3s,view_count,195534,2026-08-12T18:13:18.566732+07:00,youtube_public_v1,PUBLIC,26UrLRL8dy2ICDRO1
youtube,f5wG6wLaG3s,like_count,1300,2026-08-12T18:13:18.566732+07:00,youtube_public_v1,PUBLIC,26UrLRL8dy2ICDRO1
youtube,f5wG6wLaG3s,comment_count,158,2026-08-12T18:13:18.566732+07:00,youtube_public_v1,PUBLIC,26UrLRL8dy2ICDRO1
youtube,c2xY4KELqlc,view_count,25640,2026-08-12T18:13:18.566732+07:00,youtube_public_v1,PUBLIC,D4kksrNlXZSWb6f7S
youtube,c2xY4KELqlc,like_count,569,2026-08-12T18:13:18.566732+07:00,youtube_public_v1,PUBLIC,D4kksrNlXZSWb6f7S
youtube,c2xY4KELqlc,comment_count,19,2026-08-12T18:13:18.566732+07:00,youtube_public_v1,PUBLIC,D4kksrNlXZSWb6f7S
youtube,zLf4MYLM50Y,view_count,348028,2026-08-12T18:13:18.566732+07:00,youtube_public_v1,PUBLIC,D4kksrNlXZSWb6f7S
youtube,zLf4MYLM50Y,like_count,2700,2026-08-12T18:13:18.566732+07:00,youtube_public_v1,PUBLIC,D4kksrNlXZSWb6f7S
youtube,zLf4MYLM50Y,comment_count,166,2026-08-12T18:13:18.566732+07:00,youtube_public_v1,PUBLIC,D4kksrNlXZSWb6f7S
youtube,k68K1Nnew40,view_count,154710,2026-08-12T18:13:18.566732+07:00,youtube_public_v1,PUBLIC,26UrLRL8dy2ICDRO1
youtube,k68K1Nnew40,like_count,1100,2026-08-12T18:13:18.566732+07:00,youtube_public_v1,PUBLIC,26UrLRL8dy2ICDRO1
youtube,k68K1Nnew40,comment_count,124,2026-08-12T18:13:18.566732+07:00,youtube_public_v1,PUBLIC,26UrLRL8dy2ICDRO1
youtube,kpnxuD-S0Y0,view_count,458423,2026-08-12T18:13:18.566732+07:00,youtube_public_v1,PUBLIC,dAdUbIUQCZtcUuBwM
youtube,R84JUqGHuvw,view_count,26155,2026-08-12T18:13:18.566732+07:00,youtube_public_v1,PUBLIC,D4kksrNlXZSWb6f7S
youtube,R84JUqGHuvw,like_count,397,2026-08-12T18:13:18.566732+07:00,youtube_public_v1,PUBLIC,D4kksrNlXZSWb6f7S
youtube,R84JUqGHuvw,comment_count,18,2026-08-12T18:13:18.566732+07:00,youtube_public_v1,PUBLIC,D4kksrNlXZSWb6f7S
youtube,yHEQOxDIMI8,view_count,20141,2026-08-12T18:13:18.566732+07:00,youtube_public_v1,PUBLIC,dAdUbIUQCZtcUuBwM
youtube,AZJ1gzPJPJo,view_count,169164,2026-08-12T18:13:18.566732+07:00,youtube_public_v1,PUBLIC,26UrLRL8dy2ICDRO1
youtube,AZJ1gzPJPJo,like_count,1500,2026-08-12T18:13:18.566732+07:00,youtube_public_v1,PUBLIC,26UrLRL8dy2ICDRO1
youtube,AZJ1gzPJPJo,comment_count,41,2026-08-12T18:13:18.566732+07:00,youtube_public_v1,PUBLIC,26UrLRL8dy2ICDRO1
youtube,_ZLr_1LWAKM,view_count,1660109,2026-08-12T18:13:18.566732+07:00,youtube_public_v1,PUBLIC,dAdUbIUQCZtcUuBwM
youtube,OyMsbGTYVTg,view_count,24601,2026-08-12T18:13:18.566732+07:00,youtube_public_v1,PUBLIC,dAdUbIUQCZtcUuBwM
youtube,u2-N7_8_cec,view_count,902142,2026-08-12T18:13:18.566732+07:00,youtube_public_v1,PUBLIC,dAdUbIUQCZtcUuBwM
youtube,20Tn1QcNeW4,view_count,10036,2026-08-12T18:13:18.566732+07:00,youtube_public_v1,PUBLIC,dAdUbIUQCZtcUuBwM
youtube,pbNMS_wL4QY,view_count,307058,2026-08-12T18:13:18.566732+07:00,youtube_public_v1,PUBLIC,dAdUbIUQCZtcUuBwM
youtube,rksxDNRcwig,view_count,102380,2026-08-12T18:38:24.594334+07:00,youtube_public_v1,PUBLIC,7Kw6a9f9wseVSZBaW
youtube,Xu_LajP3WgE,view_count,849138,2026-08-12T18:38:24.594334+07:00,youtube_public_v1,PUBLIC,7Kw6a9f9wseVSZBaW
youtube,eK2A98CETto,view_count,37437,2026-08-12T18:38:24.594334+07:00,youtube_public_v1,PUBLIC,7Kw6a9f9wseVSZBaW
youtube,hJiDlrOB_Xk,view_count,255751,2026-08-12T18:38:24.594334+07:00,youtube_public_v1,PUBLIC,7Kw6a9f9wseVSZBaW
youtube,pB-AoylTecw,view_count,9952328,2026-08-12T18:38:24.594334+07:00,youtube_public_v1,PUBLIC,7Kw6a9f9wseVSZBaW
youtube,zLpDAmStB6k,view_count,7302744,2026-08-12T18:38:24.594334+07:00,youtube_public_v1,PUBLIC,KzY6WE2iVVBsx6fwq
youtube,zLpDAmStB6k,like_count,71000,2026-08-12T18:38:24.594334+07:00,youtube_public_v1,PUBLIC,KzY6WE2iVVBsx6fwq
youtube,zLpDAmStB6k,comment_count,3810,2026-08-12T18:38:24.594334+07:00,youtube_public_v1,PUBLIC,KzY6WE2iVVBsx6fwq
youtube,al3bP-8pgBs,view_count,748894,2026-08-12T18:38:24.594334+07:00,youtube_public_v1,PUBLIC,KzY6WE2iVVBsx6fwq
youtube,al3bP-8pgBs,like_count,5600,2026-08-12T18:38:24.594334+07:00,youtube_public_v1,PUBLIC,KzY6WE2iVVBsx6fwq
youtube,al3bP-8pgBs,comment_count,274,2026-08-12T18:38:24.594334+07:00,youtube_public_v1,PUBLIC,KzY6WE2iVVBsx6fwq
youtube,fCz7mvmQGYY,view_count,26516,2026-08-12T18:38:24.594334+07:00,youtube_public_v1,PUBLIC,7Kw6a9f9wseVSZBaW
youtube,yV9C0enIliA,view_count,804749,2026-08-12T18:38:24.594334+07:00,youtube_public_v1,PUBLIC,7Kw6a9f9wseVSZBaW
youtube,Z1dR2y2XcN0,view_count,821110,2026-08-12T18:38:24.594334+07:00,youtube_public_v1,PUBLIC,7Kw6a9f9wseVSZBaW
youtube,PJuo6ZhBR48,view_count,543411,2026-08-12T18:38:24.594334+07:00,youtube_public_v1,PUBLIC,7Kw6a9f9wseVSZBaW
youtube,fMAQbWv2h2k,view_count,6279178,2026-08-12T18:38:24.594334+07:00,youtube_public_v1,PUBLIC,7Kw6a9f9wseVSZBaW
youtube,uId0gJKD0PU,view_count,263216,2026-08-12T18:38:24.594334+07:00,youtube_public_v1,PUBLIC,7Kw6a9f9wseVSZBaW
youtube,A7O573siD6M,view_count,847446,2026-08-12T18:38:24.594334+07:00,youtube_public_v1,PUBLIC,7Kw6a9f9wseVSZBaW
youtube,9q10WK_xkmk,view_count,40199,2026-08-12T18:38:24.594334+07:00,youtube_public_v1,PUBLIC,7Kw6a9f9wseVSZBaW
youtube,zXRubDvD6do,view_count,162732,2026-08-12T18:38:24.594334+07:00,youtube_public_v1,PUBLIC,7Kw6a9f9wseVSZBaW
youtube,riBN3YKaYh0,view_count,239893,2026-08-12T18:38:24.594334+07:00,youtube_public_v1,PUBLIC,7Kw6a9f9wseVSZBaW
youtube,Ex9dPlUTpZM,view_count,5138,2026-08-12T18:38:24.594334+07:00,youtube_public_v1,PUBLIC,7Kw6a9f9wseVSZBaW
youtube,wB8M2OntTFk,view_count,10445,2026-08-12T18:38:24.594334+07:00,youtube_public_v1,PUBLIC,7Kw6a9f9wseVSZBaW
youtube,W-n7BnRkGVY,view_count,62566,2026-08-12T18:38:24.594334+07:00,youtube_public_v1,PUBLIC,KzY6WE2iVVBsx6fwq
youtube,W-n7BnRkGVY,like_count,698,2026-08-12T18:38:24.594334+07:00,youtube_public_v1,PUBLIC,KzY6WE2iVVBsx6fwq
youtube,W-n7BnRkGVY,comment_count,25,2026-08-12T18:38:24.594334+07:00,youtube_public_v1,PUBLIC,KzY6WE2iVVBsx6fwq
youtube,vuC2h5XSa4Y,view_count,79221,2026-08-12T18:38:24.594334+07:00,youtube_public_v1,PUBLIC,KzY6WE2iVVBsx6fwq
youtube,vuC2h5XSa4Y,like_count,529,2026-08-12T18:38:24.594334+07:00,youtube_public_v1,PUBLIC,KzY6WE2iVVBsx6fwq
youtube,vuC2h5XSa4Y,comment_count,31,2026-08-12T18:38:24.594334+07:00,youtube_public_v1,PUBLIC,KzY6WE2iVVBsx6fwq
youtube,5wXyQCvGWYc,view_count,8102,2026-08-12T18:38:24.594334+07:00,youtube_public_v1,PUBLIC,7Kw6a9f9wseVSZBaW
youtube,9v5YHXWRGug,view_count,589295,2026-08-12T18:38:24.594334+07:00,youtube_public_v1,PUBLIC,7Kw6a9f9wseVSZBaW
youtube,3UdiCEi6Y40,view_count,22025,2026-08-12T18:38:24.594334+07:00,youtube_public_v1,PUBLIC,7Kw6a9f9wseVSZBaW
youtube,99rHfB7cQgs,view_count,84000,2026-08-12T18:38:24.594334+07:00,youtube_public_v1,PUBLIC,7Kw6a9f9wseVSZBaW
youtube,-OrKwp7Z_CA,view_count,45909,2026-08-12T18:38:24.594334+07:00,youtube_public_v1,PUBLIC,7Kw6a9f9wseVSZBaW
youtube,CUeedqWNwMc,view_count,5502,2026-08-12T18:38:24.594334+07:00,youtube_public_v1,PUBLIC,7Kw6a9f9wseVSZBaW
youtube,pMtThiXV-DA,view_count,44636,2026-08-12T18:38:24.594334+07:00,youtube_public_v1,PUBLIC,7Kw6a9f9wseVSZBaW
youtube,zCQeUoxN7Hk,view_count,17955,2026-08-12T18:38:24.594334+07:00,youtube_public_v1,PUBLIC,7Kw6a9f9wseVSZBaW
youtube,WmkoXMqjycU,view_count,215332,2026-08-12T18:38:24.594334+07:00,youtube_public_v1,PUBLIC,KzY6WE2iVVBsx6fwq
youtube,WmkoXMqjycU,like_count,1700,2026-08-12T18:38:24.594334+07:00,youtube_public_v1,PUBLIC,KzY6WE2iVVBsx6fwq
youtube,WmkoXMqjycU,comment_count,92,2026-08-12T18:38:24.594334+07:00,youtube_public_v1,PUBLIC,KzY6WE2iVVBsx6fwq
youtube,DKhgcQ28uB8,view_count,234952,2026-08-12T18:38:24.594334+07:00,youtube_public_v1,PUBLIC,KzY6WE2iVVBsx6fwq
youtube,DKhgcQ28uB8,like_count,1900,2026-08-12T18:38:24.594334+07:00,youtube_public_v1,PUBLIC,KzY6WE2iVVBsx6fwq
youtube,DKhgcQ28uB8,comment_count,45,2026-08-12T18:38:24.594334+07:00,youtube_public_v1,PUBLIC,KzY6WE2iVVBsx6fwq
youtube,T-vOWYuZVFw,view_count,34107,2026-08-12T18:38:24.594334+07:00,youtube_public_v1,PUBLIC,7Kw6a9f9wseVSZBaW
youtube,i80MVGXOi94,view_count,302574,2026-08-12T18:38:24.594334+07:00,youtube_public_v1,PUBLIC,7Kw6a9f9wseVSZBaW
youtube,Qfzidf0hvRo,view_count,72492,2026-08-12T18:38:24.594334+07:00,youtube_public_v1,PUBLIC,7Kw6a9f9wseVSZBaW
youtube,wfcJDtMp8uo,view_count,512468,2026-08-12T18:38:24.594334+07:00,youtube_public_v1,PUBLIC,7Kw6a9f9wseVSZBaW
youtube,9plPYoyb1ew,view_count,12581,2026-08-12T18:38:24.594334+07:00,youtube_public_v1,PUBLIC,7Kw6a9f9wseVSZBaW
youtube,nfMSnaLCs1A,view_count,35782,2026-08-12T18:38:24.594334+07:00,youtube_public_v1,PUBLIC,7Kw6a9f9wseVSZBaW
youtube,qEK0-koqJH8,view_count,18755,2026-08-12T18:38:24.594334+07:00,youtube_public_v1,PUBLIC,7Kw6a9f9wseVSZBaW
youtube,rxANURL_oUA,view_count,67761,2026-08-12T18:38:24.594334+07:00,youtube_public_v1,PUBLIC,7Kw6a9f9wseVSZBaW
youtube,FdlwiuUumn4,view_count,56696,2026-08-12T18:38:24.594334+07:00,youtube_public_v1,PUBLIC,7Kw6a9f9wseVSZBaW
youtube,U4xrm1V9aBE,view_count,15156,2026-08-12T18:38:24.594334+07:00,youtube_public_v1,PUBLIC,7Kw6a9f9wseVSZBaW
youtube,-udZ-0Xma_E,view_count,14635,2026-08-12T18:38:24.594334+07:00,youtube_public_v1,PUBLIC,7Kw6a9f9wseVSZBaW
youtube,L7Rfx0bxNsM,view_count,57118,2026-08-12T18:38:24.594334+07:00,youtube_public_v1,PUBLIC,7Kw6a9f9wseVSZBaW
youtube,6nsyqg_xhkg,view_count,2729,2026-08-12T18:38:24.594334+07:00,youtube_public_v1,PUBLIC,7Kw6a9f9wseVSZBaW
youtube,W1cvZqVOF4I,view_count,94538,2026-08-12T18:38:24.594334+07:00,youtube_public_v1,PUBLIC,7Kw6a9f9wseVSZBaW
youtube,PXLU68rzOME,view_count,176264,2026-08-12T18:38:24.594334+07:00,youtube_public_v1,PUBLIC,KzY6WE2iVVBsx6fwq
youtube,PXLU68rzOME,like_count,941,2026-08-12T18:38:24.594334+07:00,youtube_public_v1,PUBLIC,KzY6WE2iVVBsx6fwq
youtube,PXLU68rzOME,comment_count,44,2026-08-12T18:38:24.594334+07:00,youtube_public_v1,PUBLIC,KzY6WE2iVVBsx6fwq
youtube,8m7GugS6Wq8,view_count,6570055,2026-08-12T18:38:24.594334+07:00,youtube_public_v1,PUBLIC,KzY6WE2iVVBsx6fwq
youtube,8m7GugS6Wq8,like_count,51000,2026-08-12T18:38:24.594334+07:00,youtube_public_v1,PUBLIC,KzY6WE2iVVBsx6fwq
youtube,8m7GugS6Wq8,comment_count,2169,2026-08-12T18:38:24.594334+07:00,youtube_public_v1,PUBLIC,KzY6WE2iVVBsx6fwq
youtube,-oDRqSVjVGY,view_count,476141,2026-08-12T18:38:24.594334+07:00,youtube_public_v1,PUBLIC,KzY6WE2iVVBsx6fwq
youtube,-oDRqSVjVGY,like_count,3400,2026-08-12T18:38:24.594334+07:00,youtube_public_v1,PUBLIC,KzY6WE2iVVBsx6fwq
youtube,-oDRqSVjVGY,comment_count,141,2026-08-12T18:38:24.594334+07:00,youtube_public_v1,PUBLIC,KzY6WE2iVVBsx6fwq
youtube,QRH9-zk2vWI,view_count,674554,2026-08-12T18:38:24.594334+07:00,youtube_public_v1,PUBLIC,KzY6WE2iVVBsx6fwq
youtube,QRH9-zk2vWI,like_count,5100,2026-08-12T18:38:24.594334+07:00,youtube_public_v1,PUBLIC,KzY6WE2iVVBsx6fwq
youtube,QRH9-zk2vWI,comment_count,282,2026-08-12T18:38:24.594334+07:00,youtube_public_v1,PUBLIC,KzY6WE2iVVBsx6fwq
youtube,VOUDn31Zy6M,view_count,54628,2026-08-12T18:38:24.594334+07:00,youtube_public_v1,PUBLIC,7Kw6a9f9wseVSZBaW
youtube,wkSxi9bxuac,view_count,96378,2026-08-12T18:38:24.594334+07:00,youtube_public_v1,PUBLIC,7Kw6a9f9wseVSZBaW
youtube,AnW4-IJdPhA,view_count,7597819,2026-08-12T18:38:24.594334+07:00,youtube_public_v1,PUBLIC,7Kw6a9f9wseVSZBaW
youtube,kR1eKZoPde8,view_count,24694,2026-08-12T18:38:24.594334+07:00,youtube_public_v1,PUBLIC,7Kw6a9f9wseVSZBaW
youtube,yFmxcQ-_3M0,view_count,332414,2026-08-12T18:38:24.594334+07:00,youtube_public_v1,PUBLIC,7Kw6a9f9wseVSZBaW
youtube,q0tvU2MFyVA,view_count,8803186,2026-08-12T18:38:24.594334+07:00,youtube_public_v1,PUBLIC,7Kw6a9f9wseVSZBaW
youtube,RLSklqoV6rU,view_count,15919,2026-08-12T18:38:24.594334+07:00,youtube_public_v1,PUBLIC,7Kw6a9f9wseVSZBaW
youtube,egFpeoHYydI,view_count,20676,2026-08-12T18:38:24.594334+07:00,youtube_public_v1,PUBLIC,7Kw6a9f9wseVSZBaW
youtube,jo1bQmCdJtg,view_count,109102,2026-08-12T18:38:24.594334+07:00,youtube_public_v1,PUBLIC,7Kw6a9f9wseVSZBaW
youtube,1XGqcIT9vN8,view_count,301575,2026-08-12T18:38:24.594334+07:00,youtube_public_v1,PUBLIC,7Kw6a9f9wseVSZBaW
youtube,UGkPkY8oYTQ,view_count,33074,2026-08-12T18:38:24.594334+07:00,youtube_public_v1,PUBLIC,7Kw6a9f9wseVSZBaW
youtube,EcLenvocxF0,view_count,113494,2026-08-12T18:38:24.594334+07:00,youtube_public_v1,PUBLIC,7Kw6a9f9wseVSZBaW
youtube,NM55UutDBwM,view_count,18544,2026-08-12T18:38:24.594334+07:00,youtube_public_v1,PUBLIC,7Kw6a9f9wseVSZBaW
youtube,U1KV3zwSWH4,view_count,66664,2026-08-12T18:38:24.594334+07:00,youtube_public_v1,PUBLIC,7Kw6a9f9wseVSZBaW
youtube,-LBiZymfNOQ,view_count,942274,2026-08-12T18:38:24.594334+07:00,youtube_public_v1,PUBLIC,7Kw6a9f9wseVSZBaW
youtube,dKkRUfavCOU,view_count,223197,2026-08-12T18:38:24.594334+07:00,youtube_public_v1,PUBLIC,7Kw6a9f9wseVSZBaW
youtube,RFYSM1iU9zc,view_count,35368,2026-08-12T18:38:24.594334+07:00,youtube_public_v1,PUBLIC,KzY6WE2iVVBsx6fwq
youtube,RFYSM1iU9zc,like_count,229,2026-08-12T18:38:24.594334+07:00,youtube_public_v1,PUBLIC,KzY6WE2iVVBsx6fwq
youtube,RFYSM1iU9zc,comment_count,12,2026-08-12T18:38:24.594334+07:00,youtube_public_v1,PUBLIC,KzY6WE2iVVBsx6fwq
youtube,KUU3O9WvC9U,view_count,317351,2026-08-12T18:38:24.594334+07:00,youtube_public_v1,PUBLIC,7Kw6a9f9wseVSZBaW
youtube,c8x7Tqt1_ro,view_count,607432,2026-08-12T18:38:24.594334+07:00,youtube_public_v1,PUBLIC,7Kw6a9f9wseVSZBaW
youtube,FZEmv_ITbRQ,view_count,13225,2026-08-12T18:38:24.594334+07:00,youtube_public_v1,PUBLIC,7Kw6a9f9wseVSZBaW
youtube,CIh5yer5S5Y,view_count,17772,2026-08-12T18:38:24.594334+07:00,youtube_public_v1,PUBLIC,7Kw6a9f9wseVSZBaW
youtube,TlvigQNLvrU,view_count,512496,2026-08-12T18:38:24.594334+07:00,youtube_public_v1,PUBLIC,7Kw6a9f9wseVSZBaW
youtube,DKFo-oYseQU,view_count,134700,2026-08-12T14:15:37.416276+07:00,youtube_public_v1,PUBLIC,ghsYKcYOGoFFvhmmg
youtube,xUfuXW0HlUA,view_count,2985612,2026-08-12T18:25:04.193801+07:00,youtube_public_v1,PUBLIC,Sp3XLaxMZhJUn7saF
youtube,Xj0s1aG2gNo,view_count,216520,2026-08-12T14:13:13.153303+07:00,youtube_public_v1,PUBLIC,LbLnX8ftJbCHFUF5q
youtube,4OMVZNCm4ZA,view_count,1918653,2026-08-12T14:14:03.026381+07:00,youtube_public_v1,PUBLIC,u3NnKFTFOhAhHDDJz
youtube,P4sLIqzsPGk,view_count,1408175,2026-08-12T14:14:43.261036+07:00,youtube_public_v1,PUBLIC,gLvCiuze5YXQxE3Ha
youtube,JZM_FC5vnoI,view_count,1957206,2026-08-12T14:15:37.416276+07:00,youtube_public_v1,PUBLIC,ghsYKcYOGoFFvhmmg
youtube,28sPWDuiFfo,view_count,570744,2026-08-12T14:16:57.049844+07:00,youtube_public_v1,PUBLIC,mdhkYFZw37CBLWLMe
youtube,auHnlXFV3Pk,view_count,2154173,2026-08-12T14:16:57.049844+07:00,youtube_public_v1,PUBLIC,mdhkYFZw37CBLWLMe
youtube,9EwdT_JGCBk,view_count,1395939,2026-08-12T14:16:57.049844+07:00,youtube_public_v1,PUBLIC,mdhkYFZw37CBLWLMe
youtube,IBGnrO4nf40,view_count,1392267,2026-08-12T14:16:57.049844+07:00,youtube_public_v1,PUBLIC,mdhkYFZw37CBLWLMe
youtube,ODSk3vAIFqc,view_count,258872,2026-08-12T14:19:29.834327+07:00,youtube_public_v1,PUBLIC,COSBd4Rgf6dS5Wpji
youtube,ZWKYPJqYRaY,view_count,71541,2026-08-12T14:19:29.834327+07:00,youtube_public_v1,PUBLIC,COSBd4Rgf6dS5Wpji
youtube,wxqjWV-a0xo,view_count,55605,2026-08-12T14:19:29.834327+07:00,youtube_public_v1,PUBLIC,COSBd4Rgf6dS5Wpji
youtube,9Y2Gja2Ktek,view_count,34110,2026-08-12T14:19:29.834327+07:00,youtube_public_v1,PUBLIC,COSBd4Rgf6dS5Wpji
youtube,5o5WWvJm4AE,view_count,532078,2026-08-12T14:19:29.834327+07:00,youtube_public_v1,PUBLIC,COSBd4Rgf6dS5Wpji
youtube,8UFgThe73As,view_count,342020,2026-08-12T14:19:29.834327+07:00,youtube_public_v1,PUBLIC,COSBd4Rgf6dS5Wpji
youtube,BV-42DTZp3o,view_count,965120,2026-08-12T14:19:29.834327+07:00,youtube_public_v1,PUBLIC,COSBd4Rgf6dS5Wpji
youtube,N8n_CEtXev0,view_count,1386197,2026-08-12T14:19:29.834327+07:00,youtube_public_v1,PUBLIC,COSBd4Rgf6dS5Wpji
youtube,6jLUP46cwGM,view_count,47682,2026-08-12T14:19:29.834327+07:00,youtube_public_v1,PUBLIC,COSBd4Rgf6dS5Wpji
youtube,BazLzOOmYvM,view_count,48146,2026-08-12T14:19:29.834327+07:00,youtube_public_v1,PUBLIC,COSBd4Rgf6dS5Wpji
youtube,4twFlEkVeuU,view_count,637013,2026-08-12T14:19:29.834327+07:00,youtube_public_v1,PUBLIC,COSBd4Rgf6dS5Wpji
youtube,ycR2wGbLfco,view_count,2202551,2026-08-12T14:19:29.834327+07:00,youtube_public_v1,PUBLIC,COSBd4Rgf6dS5Wpji
youtube,HdxGkZ9cJOc,view_count,9907405,2026-08-12T14:21:02.158876+07:00,youtube_public_v1,PUBLIC,eti2KXKGs9ZT5yGjI
youtube,viWSaUtUBtU,view_count,531929,2026-08-12T14:21:02.158876+07:00,youtube_public_v1,PUBLIC,eti2KXKGs9ZT5yGjI
youtube,-k9T8d5PCeM,view_count,623507,2026-08-12T14:21:02.158876+07:00,youtube_public_v1,PUBLIC,eti2KXKGs9ZT5yGjI
youtube,Dc5rk7DhD3s,view_count,930478,2026-08-12T14:21:02.158876+07:00,youtube_public_v1,PUBLIC,eti2KXKGs9ZT5yGjI
youtube,FJw460TMaWk,view_count,8756638,2026-08-12T14:21:02.158876+07:00,youtube_public_v1,PUBLIC,eti2KXKGs9ZT5yGjI
youtube,QxsPLEUuUyw,view_count,784976,2026-08-12T14:21:02.158876+07:00,youtube_public_v1,PUBLIC,eti2KXKGs9ZT5yGjI
youtube,VjbF3mp0_K4,view_count,947208,2026-08-12T14:21:02.158876+07:00,youtube_public_v1,PUBLIC,eti2KXKGs9ZT5yGjI
youtube,Gj6hcqSSFSU,view_count,855007,2026-08-12T14:21:02.158876+07:00,youtube_public_v1,PUBLIC,eti2KXKGs9ZT5yGjI
youtube,6dApuDKCuLM,view_count,8363754,2026-08-12T14:21:02.158876+07:00,youtube_public_v1,PUBLIC,EayQWJWx9JTcOG5Xe
youtube,6dApuDKCuLM,like_count,74000,2026-08-12T14:21:02.158876+07:00,youtube_public_v1,PUBLIC,EayQWJWx9JTcOG5Xe
youtube,6dApuDKCuLM,comment_count,4544,2026-08-12T14:21:02.158876+07:00,youtube_public_v1,PUBLIC,EayQWJWx9JTcOG5Xe
youtube,y95_z8a18sk,view_count,796939,2026-08-12T14:21:02.158876+07:00,youtube_public_v1,PUBLIC,eti2KXKGs9ZT5yGjI
youtube,6XqFot382T4,view_count,1103608,2026-08-12T14:21:02.158876+07:00,youtube_public_v1,PUBLIC,eti2KXKGs9ZT5yGjI
youtube,bnZjNnQU5R0,view_count,1959185,2026-08-12T14:21:02.158876+07:00,youtube_public_v1,PUBLIC,eti2KXKGs9ZT5yGjI
youtube,jLf81Hpae7k,view_count,295051,2026-08-12T14:21:02.158876+07:00,youtube_public_v1,PUBLIC,eti2KXKGs9ZT5yGjI
youtube,FjBBoqceG-o,view_count,896807,2026-08-12T14:21:02.158876+07:00,youtube_public_v1,PUBLIC,eti2KXKGs9ZT5yGjI
youtube,ep-vO2bo7MQ,view_count,1600268,2026-08-12T14:21:02.158876+07:00,youtube_public_v1,PUBLIC,eti2KXKGs9ZT5yGjI
youtube,CceXMiP1JpE,view_count,1184642,2026-08-12T14:21:02.158876+07:00,youtube_public_v1,PUBLIC,eti2KXKGs9ZT5yGjI
youtube,IRdvmln8mB8,view_count,732866,2026-08-12T14:21:02.158876+07:00,youtube_public_v1,PUBLIC,eti2KXKGs9ZT5yGjI
youtube,P0RqU3qr9UA,view_count,293901,2026-08-12T14:21:02.158876+07:00,youtube_public_v1,PUBLIC,eti2KXKGs9ZT5yGjI
youtube,vg3SfpPjH2Q,view_count,1425430,2026-08-12T14:21:02.158876+07:00,youtube_public_v1,PUBLIC,eti2KXKGs9ZT5yGjI
youtube,NIK4fqsa0x4,view_count,1040894,2026-08-12T14:21:02.158876+07:00,youtube_public_v1,PUBLIC,eti2KXKGs9ZT5yGjI
youtube,cm4PBgbPL_g,view_count,751832,2026-08-12T14:21:02.158876+07:00,youtube_public_v1,PUBLIC,eti2KXKGs9ZT5yGjI
youtube,KN08r90TYwg,view_count,7046001,2026-08-12T14:21:02.158876+07:00,youtube_public_v1,PUBLIC,EayQWJWx9JTcOG5Xe
youtube,KN08r90TYwg,like_count,58000,2026-08-12T14:21:02.158876+07:00,youtube_public_v1,PUBLIC,EayQWJWx9JTcOG5Xe
youtube,KN08r90TYwg,comment_count,4072,2026-08-12T14:21:02.158876+07:00,youtube_public_v1,PUBLIC,EayQWJWx9JTcOG5Xe
youtube,S-mzNdxBhvA,view_count,667341,2026-08-12T14:21:02.158876+07:00,youtube_public_v1,PUBLIC,eti2KXKGs9ZT5yGjI
youtube,O3vJALe-xnM,view_count,8681525,2026-08-12T14:21:02.158876+07:00,youtube_public_v1,PUBLIC,eti2KXKGs9ZT5yGjI
youtube,AoUHptyZU7k,view_count,9275355,2026-08-12T18:43:33.891475+07:00,youtube_public_v1,PUBLIC,fHIG1l1aNqP9yyZ3n
youtube,x8I6tAb36q0,view_count,1095777,2026-08-12T14:21:02.158876+07:00,youtube_public_v1,PUBLIC,eti2KXKGs9ZT5yGjI
youtube,hBzbCm8RyN0,view_count,1307617,2026-08-12T14:21:02.158876+07:00,youtube_public_v1,PUBLIC,eti2KXKGs9ZT5yGjI
youtube,hdw760UVAFw,view_count,8827636,2026-08-12T14:21:02.158876+07:00,youtube_public_v1,PUBLIC,eti2KXKGs9ZT5yGjI
youtube,VrWxuCYch5Q,view_count,6917331,2026-08-12T14:21:02.158876+07:00,youtube_public_v1,PUBLIC,eti2KXKGs9ZT5yGjI
youtube,sVhOHXB4MpE,view_count,489832,2026-08-12T14:21:02.158876+07:00,youtube_public_v1,PUBLIC,eti2KXKGs9ZT5yGjI
youtube,pfwL-y8br4o,view_count,163002,2026-08-12T14:21:02.158876+07:00,youtube_public_v1,PUBLIC,eti2KXKGs9ZT5yGjI
youtube,bLx8ywpLwEE,view_count,7379234,2026-08-12T14:21:02.158876+07:00,youtube_public_v1,PUBLIC,eti2KXKGs9ZT5yGjI
youtube,T0fBVX9kCUY,view_count,929256,2026-08-12T14:21:02.158876+07:00,youtube_public_v1,PUBLIC,eti2KXKGs9ZT5yGjI
youtube,A0onJpg8hig,view_count,3042556,2026-08-12T18:43:33.891475+07:00,youtube_public_v1,PUBLIC,fHIG1l1aNqP9yyZ3n
youtube,3yI7rLOJQ3o,view_count,6715993,2026-08-12T18:43:33.891475+07:00,youtube_public_v1,PUBLIC,fHIG1l1aNqP9yyZ3n
youtube,6D-QXuVZen8,view_count,65702,2026-08-12T18:43:33.891475+07:00,youtube_public_v1,PUBLIC,fHIG1l1aNqP9yyZ3n
youtube,tN_5CLBDQDc,view_count,88387,2026-08-12T18:43:33.891475+07:00,youtube_public_v1,PUBLIC,fHIG1l1aNqP9yyZ3n
youtube,J7WGXGWKYsI,view_count,268299,2026-08-12T18:43:33.891475+07:00,youtube_public_v1,PUBLIC,fHIG1l1aNqP9yyZ3n
youtube,ZK8q9sc1eqk,view_count,214901,2026-08-12T18:43:33.891475+07:00,youtube_public_v1,PUBLIC,fHIG1l1aNqP9yyZ3n
youtube,AR5wQWC2clI,view_count,4412052,2026-08-12T18:42:16.381726+07:00,youtube_public_v1,PUBLIC,fHIG1l1aNqP9yyZ3n
youtube,77tHpnijI64,view_count,3236,2026-08-12T18:43:33.891475+07:00,youtube_public_v1,PUBLIC,fHIG1l1aNqP9yyZ3n
youtube,vT_wczwvHis,view_count,955148,2026-08-12T18:43:33.891475+07:00,youtube_public_v1,PUBLIC,fHIG1l1aNqP9yyZ3n
youtube,jRsz9h4y2mU,view_count,2701583,2026-08-12T14:26:46.940202+07:00,youtube_public_v1,PUBLIC,fHIG1l1aNqP9yyZ3n
youtube,zMBM0377pEU,view_count,1066,2026-08-12T18:43:33.891475+07:00,youtube_public_v1,PUBLIC,fHIG1l1aNqP9yyZ3n
youtube,pt9NhYmQ9q8,view_count,44855,2026-08-12T18:43:33.891475+07:00,youtube_public_v1,PUBLIC,fHIG1l1aNqP9yyZ3n
youtube,3utg7AgMJB4,view_count,230263,2026-08-12T18:42:16.381726+07:00,youtube_public_v1,PUBLIC,2HRJ1cw2tJ8EtS4Ng
youtube,6mgbb0WTjHc,view_count,4692533,2026-08-12T18:42:16.381726+07:00,youtube_public_v1,PUBLIC,EayQWJWx9JTcOG5Xe
youtube,6mgbb0WTjHc,like_count,12000,2026-08-12T18:42:16.381726+07:00,youtube_public_v1,PUBLIC,EayQWJWx9JTcOG5Xe
youtube,6mgbb0WTjHc,comment_count,1566,2026-08-12T18:42:16.381726+07:00,youtube_public_v1,PUBLIC,EayQWJWx9JTcOG5Xe
youtube,vygw0ud_wzk,view_count,9137620,2026-08-12T18:42:16.381726+07:00,youtube_public_v1,PUBLIC,2HRJ1cw2tJ8EtS4Ng
youtube,IRCpkYg8BiI,view_count,1704424,2026-08-12T14:25:13.530496+07:00,youtube_public_v1,PUBLIC,2HRJ1cw2tJ8EtS4Ng
youtube,yUWVDSH6HbU,view_count,303323,2026-08-12T18:42:16.381726+07:00,youtube_public_v1,PUBLIC,2HRJ1cw2tJ8EtS4Ng
youtube,f8t2wPtd7V0,view_count,14399,2026-08-12T18:42:16.381726+07:00,youtube_public_v1,PUBLIC,2HRJ1cw2tJ8EtS4Ng
youtube,6yXOV8u_p9I,view_count,2707048,2026-08-12T14:26:46.940202+07:00,youtube_public_v1,PUBLIC,2HRJ1cw2tJ8EtS4Ng
youtube,3393nF46oVM,view_count,2653042,2026-08-12T14:26:46.940202+07:00,youtube_public_v1,PUBLIC,EayQWJWx9JTcOG5Xe
youtube,3393nF46oVM,like_count,10000,2026-08-12T14:26:46.940202+07:00,youtube_public_v1,PUBLIC,EayQWJWx9JTcOG5Xe
youtube,3393nF46oVM,comment_count,1733,2026-08-12T14:26:46.940202+07:00,youtube_public_v1,PUBLIC,EayQWJWx9JTcOG5Xe
youtube,mq_PMKgDmeA,view_count,3005,2026-08-12T14:28:50.049091+07:00,youtube_public_v1,PUBLIC,EayQWJWx9JTcOG5Xe
youtube,mq_PMKgDmeA,like_count,27,2026-08-12T14:28:50.049091+07:00,youtube_public_v1,PUBLIC,EayQWJWx9JTcOG5Xe
youtube,mq_PMKgDmeA,comment_count,4,2026-08-12T14:28:50.049091+07:00,youtube_public_v1,PUBLIC,EayQWJWx9JTcOG5Xe
youtube,9QvMZ5DqB9s,view_count,10017,2026-08-12T14:28:50.049091+07:00,youtube_public_v1,PUBLIC,i3J1i2O99cTyHPbyz
youtube,4-BvL8WTFVk,view_count,6763,2026-08-12T14:28:50.049091+07:00,youtube_public_v1,PUBLIC,EayQWJWx9JTcOG5Xe
youtube,4-BvL8WTFVk,like_count,107,2026-08-12T14:28:50.049091+07:00,youtube_public_v1,PUBLIC,EayQWJWx9JTcOG5Xe
youtube,4-BvL8WTFVk,comment_count,2,2026-08-12T14:28:50.049091+07:00,youtube_public_v1,PUBLIC,EayQWJWx9JTcOG5Xe
youtube,3qqSHhf0QD8,view_count,2057,2026-08-12T14:28:50.049091+07:00,youtube_public_v1,PUBLIC,i3J1i2O99cTyHPbyz
youtube,wwNitOWWQVY,view_count,5260,2026-08-12T14:28:50.049091+07:00,youtube_public_v1,PUBLIC,EayQWJWx9JTcOG5Xe
youtube,wwNitOWWQVY,like_count,136,2026-08-12T14:28:50.049091+07:00,youtube_public_v1,PUBLIC,EayQWJWx9JTcOG5Xe
youtube,wwNitOWWQVY,comment_count,8,2026-08-12T14:28:50.049091+07:00,youtube_public_v1,PUBLIC,EayQWJWx9JTcOG5Xe
youtube,acQnMMTlORw,view_count,4286,2026-08-12T14:28:50.049091+07:00,youtube_public_v1,PUBLIC,i3J1i2O99cTyHPbyz
youtube,LbVYtaEQK2E,view_count,3564,2026-08-12T14:28:50.049091+07:00,youtube_public_v1,PUBLIC,EayQWJWx9JTcOG5Xe
youtube,LbVYtaEQK2E,like_count,47,2026-08-12T14:28:50.049091+07:00,youtube_public_v1,PUBLIC,EayQWJWx9JTcOG5Xe
youtube,LbVYtaEQK2E,comment_count,2,2026-08-12T14:28:50.049091+07:00,youtube_public_v1,PUBLIC,EayQWJWx9JTcOG5Xe
youtube,QyLEHBODCeI,view_count,5715,2026-08-12T14:28:50.049091+07:00,youtube_public_v1,PUBLIC,i3J1i2O99cTyHPbyz
youtube,xo0i0-Re-OM,view_count,9109,2026-08-12T14:28:50.049091+07:00,youtube_public_v1,PUBLIC,i3J1i2O99cTyHPbyz
youtube,CDRafzIuW2Q,view_count,6091,2026-08-12T14:28:50.049091+07:00,youtube_public_v1,PUBLIC,i3J1i2O99cTyHPbyz
youtube,tMOK8R6qf8g,view_count,5494,2026-08-12T14:28:50.049091+07:00,youtube_public_v1,PUBLIC,EayQWJWx9JTcOG5Xe
youtube,tMOK8R6qf8g,like_count,100,2026-08-12T14:28:50.049091+07:00,youtube_public_v1,PUBLIC,EayQWJWx9JTcOG5Xe
youtube,tMOK8R6qf8g,comment_count,10,2026-08-12T14:28:50.049091+07:00,youtube_public_v1,PUBLIC,EayQWJWx9JTcOG5Xe
youtube,O5EdMtIRzcw,view_count,3549,2026-08-12T14:28:50.049091+07:00,youtube_public_v1,PUBLIC,EayQWJWx9JTcOG5Xe
youtube,O5EdMtIRzcw,like_count,70,2026-08-12T14:28:50.049091+07:00,youtube_public_v1,PUBLIC,EayQWJWx9JTcOG5Xe
youtube,O5EdMtIRzcw,comment_count,5,2026-08-12T14:28:50.049091+07:00,youtube_public_v1,PUBLIC,EayQWJWx9JTcOG5Xe
youtube,0sdLGedT_98,view_count,16663,2026-08-12T14:28:50.049091+07:00,youtube_public_v1,PUBLIC,EayQWJWx9JTcOG5Xe
youtube,0sdLGedT_98,like_count,356,2026-08-12T14:28:50.049091+07:00,youtube_public_v1,PUBLIC,EayQWJWx9JTcOG5Xe
youtube,0sdLGedT_98,comment_count,11,2026-08-12T14:28:50.049091+07:00,youtube_public_v1,PUBLIC,EayQWJWx9JTcOG5Xe
youtube,P0Vidn830uQ,view_count,3232,2026-08-12T14:28:50.049091+07:00,youtube_public_v1,PUBLIC,EayQWJWx9JTcOG5Xe
youtube,P0Vidn830uQ,like_count,42,2026-08-12T14:28:50.049091+07:00,youtube_public_v1,PUBLIC,EayQWJWx9JTcOG5Xe
youtube,P0Vidn830uQ,comment_count,0,2026-08-12T14:28:50.049091+07:00,youtube_public_v1,PUBLIC,EayQWJWx9JTcOG5Xe
youtube,9VFqJlur3rk,view_count,3057,2026-08-12T14:28:50.049091+07:00,youtube_public_v1,PUBLIC,EayQWJWx9JTcOG5Xe
youtube,9VFqJlur3rk,like_count,21,2026-08-12T14:28:50.049091+07:00,youtube_public_v1,PUBLIC,EayQWJWx9JTcOG5Xe
youtube,9VFqJlur3rk,comment_count,1,2026-08-12T14:28:50.049091+07:00,youtube_public_v1,PUBLIC,EayQWJWx9JTcOG5Xe
youtube,a6YFKixBswo,view_count,6993,2026-08-12T14:28:50.049091+07:00,youtube_public_v1,PUBLIC,i3J1i2O99cTyHPbyz
youtube,pVoApXwXxgw,view_count,5175,2026-08-12T14:28:50.049091+07:00,youtube_public_v1,PUBLIC,EayQWJWx9JTcOG5Xe
youtube,pVoApXwXxgw,like_count,49,2026-08-12T14:28:50.049091+07:00,youtube_public_v1,PUBLIC,EayQWJWx9JTcOG5Xe
youtube,pVoApXwXxgw,comment_count,0,2026-08-12T14:28:50.049091+07:00,youtube_public_v1,PUBLIC,EayQWJWx9JTcOG5Xe
youtube,oDWEO6z6W44,view_count,3694,2026-08-12T14:28:50.049091+07:00,youtube_public_v1,PUBLIC,i3J1i2O99cTyHPbyz
youtube,Ug9sDCPoSek,view_count,1040,2026-08-12T14:28:50.049091+07:00,youtube_public_v1,PUBLIC,i3J1i2O99cTyHPbyz
youtube,eBhSf340m1w,view_count,4175,2026-08-12T14:28:50.049091+07:00,youtube_public_v1,PUBLIC,i3J1i2O99cTyHPbyz
youtube,qGXU_AHDfGc,view_count,10490,2026-08-12T14:28:50.049091+07:00,youtube_public_v1,PUBLIC,EayQWJWx9JTcOG5Xe
youtube,qGXU_AHDfGc,like_count,184,2026-08-12T14:28:50.049091+07:00,youtube_public_v1,PUBLIC,EayQWJWx9JTcOG5Xe
youtube,qGXU_AHDfGc,comment_count,6,2026-08-12T14:28:50.049091+07:00,youtube_public_v1,PUBLIC,EayQWJWx9JTcOG5Xe
youtube,_ushprfeLd0,view_count,5731,2026-08-12T14:28:50.049091+07:00,youtube_public_v1,PUBLIC,i3J1i2O99cTyHPbyz
youtube,uwjO2yYQL3U,view_count,12105,2026-08-12T14:28:50.049091+07:00,youtube_public_v1,PUBLIC,EayQWJWx9JTcOG5Xe
youtube,uwjO2yYQL3U,like_count,213,2026-08-12T14:28:50.049091+07:00,youtube_public_v1,PUBLIC,EayQWJWx9JTcOG5Xe
youtube,uwjO2yYQL3U,comment_count,6,2026-08-12T14:28:50.049091+07:00,youtube_public_v1,PUBLIC,EayQWJWx9JTcOG5Xe
youtube,E0ZHuD_muCE,view_count,8630,2026-08-12T14:28:50.049091+07:00,youtube_public_v1,PUBLIC,EayQWJWx9JTcOG5Xe
youtube,E0ZHuD_muCE,like_count,144,2026-08-12T14:28:50.049091+07:00,youtube_public_v1,PUBLIC,EayQWJWx9JTcOG5Xe
youtube,E0ZHuD_muCE,comment_count,1,2026-08-12T14:28:50.049091+07:00,youtube_public_v1,PUBLIC,EayQWJWx9JTcOG5Xe
youtube,j_xcEhbM9jk,view_count,9378,2026-08-12T14:28:50.049091+07:00,youtube_public_v1,PUBLIC,EayQWJWx9JTcOG5Xe
youtube,j_xcEhbM9jk,like_count,143,2026-08-12T14:28:50.049091+07:00,youtube_public_v1,PUBLIC,EayQWJWx9JTcOG5Xe
youtube,j_xcEhbM9jk,comment_count,3,2026-08-12T14:28:50.049091+07:00,youtube_public_v1,PUBLIC,EayQWJWx9JTcOG5Xe
youtube,EXVSu3D91EE,view_count,6494,2026-08-12T14:28:50.049091+07:00,youtube_public_v1,PUBLIC,i3J1i2O99cTyHPbyz
youtube,HYAtJab1skw,view_count,2052,2026-08-12T14:28:50.049091+07:00,youtube_public_v1,PUBLIC,EayQWJWx9JTcOG5Xe
youtube,HYAtJab1skw,like_count,22,2026-08-12T14:28:50.049091+07:00,youtube_public_v1,PUBLIC,EayQWJWx9JTcOG5Xe
youtube,HYAtJab1skw,comment_count,1,2026-08-12T14:28:50.049091+07:00,youtube_public_v1,PUBLIC,EayQWJWx9JTcOG5Xe
youtube,PfPrfHJFiCg,view_count,6024,2026-08-12T14:28:50.049091+07:00,youtube_public_v1,PUBLIC,EayQWJWx9JTcOG5Xe
youtube,PfPrfHJFiCg,like_count,107,2026-08-12T14:28:50.049091+07:00,youtube_public_v1,PUBLIC,EayQWJWx9JTcOG5Xe
youtube,PfPrfHJFiCg,comment_count,1,2026-08-12T14:28:50.049091+07:00,youtube_public_v1,PUBLIC,EayQWJWx9JTcOG5Xe
youtube,BDXEh7Jwxc4,view_count,5183,2026-08-12T14:28:50.049091+07:00,youtube_public_v1,PUBLIC,EayQWJWx9JTcOG5Xe
youtube,BDXEh7Jwxc4,like_count,45,2026-08-12T14:28:50.049091+07:00,youtube_public_v1,PUBLIC,EayQWJWx9JTcOG5Xe
youtube,BDXEh7Jwxc4,comment_count,0,2026-08-12T14:28:50.049091+07:00,youtube_public_v1,PUBLIC,EayQWJWx9JTcOG5Xe
youtube,mZAMayOEQmY,view_count,3645,2026-08-12T14:28:50.049091+07:00,youtube_public_v1,PUBLIC,i3J1i2O99cTyHPbyz
youtube,uvrleJU8izA,view_count,1940,2026-08-12T14:28:50.049091+07:00,youtube_public_v1,PUBLIC,EayQWJWx9JTcOG5Xe
youtube,uvrleJU8izA,like_count,21,2026-08-12T14:28:50.049091+07:00,youtube_public_v1,PUBLIC,EayQWJWx9JTcOG5Xe
youtube,uvrleJU8izA,comment_count,1,2026-08-12T14:28:50.049091+07:00,youtube_public_v1,PUBLIC,EayQWJWx9JTcOG5Xe
youtube,cZ4tL7TQaSc,view_count,2749,2026-08-12T14:28:50.049091+07:00,youtube_public_v1,PUBLIC,EayQWJWx9JTcOG5Xe
youtube,cZ4tL7TQaSc,like_count,28,2026-08-12T14:28:50.049091+07:00,youtube_public_v1,PUBLIC,EayQWJWx9JTcOG5Xe
youtube,cZ4tL7TQaSc,comment_count,0,2026-08-12T14:28:50.049091+07:00,youtube_public_v1,PUBLIC,EayQWJWx9JTcOG5Xe
youtube,8kbOoWPBins,view_count,1519,2026-08-12T14:28:50.049091+07:00,youtube_public_v1,PUBLIC,EayQWJWx9JTcOG5Xe
youtube,8kbOoWPBins,like_count,23,2026-08-12T14:28:50.049091+07:00,youtube_public_v1,PUBLIC,EayQWJWx9JTcOG5Xe
youtube,8kbOoWPBins,comment_count,1,2026-08-12T14:28:50.049091+07:00,youtube_public_v1,PUBLIC,EayQWJWx9JTcOG5Xe
youtube,9ZHSeBLYU0I,view_count,1662,2026-08-12T14:28:50.049091+07:00,youtube_public_v1,PUBLIC,i3J1i2O99cTyHPbyz
youtube,iXLk5Z3vmUE,view_count,4047,2026-08-12T14:28:50.049091+07:00,youtube_public_v1,PUBLIC,EayQWJWx9JTcOG5Xe
youtube,iXLk5Z3vmUE,like_count,48,2026-08-12T14:28:50.049091+07:00,youtube_public_v1,PUBLIC,EayQWJWx9JTcOG5Xe
youtube,iXLk5Z3vmUE,comment_count,0,2026-08-12T14:28:50.049091+07:00,youtube_public_v1,PUBLIC,EayQWJWx9JTcOG5Xe
youtube,GVohSu2xaQs,view_count,8602,2026-08-12T14:28:50.049091+07:00,youtube_public_v1,PUBLIC,EayQWJWx9JTcOG5Xe
youtube,GVohSu2xaQs,like_count,183,2026-08-12T14:28:50.049091+07:00,youtube_public_v1,PUBLIC,EayQWJWx9JTcOG5Xe
youtube,GVohSu2xaQs,comment_count,2,2026-08-12T14:28:50.049091+07:00,youtube_public_v1,PUBLIC,EayQWJWx9JTcOG5Xe
youtube,BJ8EytQwpW0,view_count,3484448,2026-08-12T18:39:04.110834+07:00,youtube_public_v1,PUBLIC,nfq80lHW2xWgqZyZj
youtube,AopBeQn7ATU,view_count,92631,2026-08-12T18:39:04.110834+07:00,youtube_public_v1,PUBLIC,uXuO4aSfuBb0SdcF9
youtube,AopBeQn7ATU,like_count,333,2026-08-12T18:39:04.110834+07:00,youtube_public_v1,PUBLIC,uXuO4aSfuBb0SdcF9
youtube,AopBeQn7ATU,comment_count,18,2026-08-12T18:39:04.110834+07:00,youtube_public_v1,PUBLIC,uXuO4aSfuBb0SdcF9
youtube,8Rmxw5ttsA4,view_count,100016,2026-08-12T18:39:04.110834+07:00,youtube_public_v1,PUBLIC,nfq80lHW2xWgqZyZj
youtube,EhblQpD4pHg,view_count,339918,2026-08-12T18:39:04.110834+07:00,youtube_public_v1,PUBLIC,uXuO4aSfuBb0SdcF9
youtube,EhblQpD4pHg,like_count,1900,2026-08-12T18:39:04.110834+07:00,youtube_public_v1,PUBLIC,uXuO4aSfuBb0SdcF9
youtube,EhblQpD4pHg,comment_count,146,2026-08-12T18:39:04.110834+07:00,youtube_public_v1,PUBLIC,uXuO4aSfuBb0SdcF9
youtube,PovkeWWdm6o,view_count,547956,2026-08-12T18:39:04.110834+07:00,youtube_public_v1,PUBLIC,uXuO4aSfuBb0SdcF9
youtube,PovkeWWdm6o,like_count,2300,2026-08-12T18:39:04.110834+07:00,youtube_public_v1,PUBLIC,uXuO4aSfuBb0SdcF9
youtube,PovkeWWdm6o,comment_count,66,2026-08-12T18:39:04.110834+07:00,youtube_public_v1,PUBLIC,uXuO4aSfuBb0SdcF9
youtube,wmcv-JZLtmw,view_count,355761,2026-08-12T18:39:04.110834+07:00,youtube_public_v1,PUBLIC,nfq80lHW2xWgqZyZj
youtube,VY6GSogYRQs,view_count,27709,2026-08-12T18:39:04.110834+07:00,youtube_public_v1,PUBLIC,nfq80lHW2xWgqZyZj
youtube,bR13fO1SBWg,view_count,9565,2026-08-12T18:39:04.110834+07:00,youtube_public_v1,PUBLIC,nfq80lHW2xWgqZyZj
youtube,3b0kazbQ6EY,view_count,390869,2026-08-12T18:39:04.110834+07:00,youtube_public_v1,PUBLIC,uXuO4aSfuBb0SdcF9
youtube,3b0kazbQ6EY,like_count,1600,2026-08-12T18:39:04.110834+07:00,youtube_public_v1,PUBLIC,uXuO4aSfuBb0SdcF9
youtube,3b0kazbQ6EY,comment_count,85,2026-08-12T18:39:04.110834+07:00,youtube_public_v1,PUBLIC,uXuO4aSfuBb0SdcF9
youtube,-UyNhfzc3Kw,view_count,59272,2026-08-12T18:39:04.110834+07:00,youtube_public_v1,PUBLIC,nfq80lHW2xWgqZyZj
youtube,rbMVevrieX0,view_count,327228,2026-08-12T18:39:04.110834+07:00,youtube_public_v1,PUBLIC,uXuO4aSfuBb0SdcF9
youtube,rbMVevrieX0,like_count,1300,2026-08-12T18:39:04.110834+07:00,youtube_public_v1,PUBLIC,uXuO4aSfuBb0SdcF9
youtube,rbMVevrieX0,comment_count,33,2026-08-12T18:39:04.110834+07:00,youtube_public_v1,PUBLIC,uXuO4aSfuBb0SdcF9
youtube,EZ5Jyd1T8w0,view_count,93139,2026-08-12T18:39:04.110834+07:00,youtube_public_v1,PUBLIC,nfq80lHW2xWgqZyZj
youtube,mx5oP0ZkeZk,view_count,76876,2026-08-12T18:39:04.110834+07:00,youtube_public_v1,PUBLIC,nfq80lHW2xWgqZyZj
youtube,FWnoJtDvsdA,view_count,113751,2026-08-12T18:39:04.110834+07:00,youtube_public_v1,PUBLIC,nfq80lHW2xWgqZyZj
youtube,rZkErfkcGTo,view_count,33973,2026-08-12T18:39:04.110834+07:00,youtube_public_v1,PUBLIC,nfq80lHW2xWgqZyZj
youtube,kV0RfXJj5nE,view_count,47304,2026-08-12T18:39:04.110834+07:00,youtube_public_v1,PUBLIC,nfq80lHW2xWgqZyZj
youtube,dNZoidBWXfA,view_count,41205,2026-08-12T18:39:04.110834+07:00,youtube_public_v1,PUBLIC,nfq80lHW2xWgqZyZj
youtube,l_t8wzZezb4,view_count,76039,2026-08-12T18:39:04.110834+07:00,youtube_public_v1,PUBLIC,nfq80lHW2xWgqZyZj
youtube,VR2pU8_nFYs,view_count,7886,2026-08-12T18:39:04.110834+07:00,youtube_public_v1,PUBLIC,nfq80lHW2xWgqZyZj
youtube,eQjeDc4SBCU,view_count,123550,2026-08-12T18:39:04.110834+07:00,youtube_public_v1,PUBLIC,uXuO4aSfuBb0SdcF9
youtube,eQjeDc4SBCU,like_count,696,2026-08-12T18:39:04.110834+07:00,youtube_public_v1,PUBLIC,uXuO4aSfuBb0SdcF9
youtube,eQjeDc4SBCU,comment_count,58,2026-08-12T18:39:04.110834+07:00,youtube_public_v1,PUBLIC,uXuO4aSfuBb0SdcF9
youtube,MAcsSWpti84,view_count,110624,2026-08-12T18:39:04.110834+07:00,youtube_public_v1,PUBLIC,uXuO4aSfuBb0SdcF9
youtube,MAcsSWpti84,like_count,369,2026-08-12T18:39:04.110834+07:00,youtube_public_v1,PUBLIC,uXuO4aSfuBb0SdcF9
youtube,MAcsSWpti84,comment_count,13,2026-08-12T18:39:04.110834+07:00,youtube_public_v1,PUBLIC,uXuO4aSfuBb0SdcF9
youtube,jNRDpLTyuyI,view_count,41907,2026-08-12T18:39:04.110834+07:00,youtube_public_v1,PUBLIC,nfq80lHW2xWgqZyZj
youtube,Rw10Ovvp8sk,view_count,778474,2026-08-12T18:39:04.110834+07:00,youtube_public_v1,PUBLIC,uXuO4aSfuBb0SdcF9
youtube,Rw10Ovvp8sk,like_count,2600,2026-08-12T18:39:04.110834+07:00,youtube_public_v1,PUBLIC,uXuO4aSfuBb0SdcF9
youtube,Rw10Ovvp8sk,comment_count,92,2026-08-12T18:39:04.110834+07:00,youtube_public_v1,PUBLIC,uXuO4aSfuBb0SdcF9
youtube,5aDj55s5Tbc,view_count,95324,2026-08-12T18:39:04.110834+07:00,youtube_public_v1,PUBLIC,nfq80lHW2xWgqZyZj
youtube,3RGmOhnHf3M,view_count,148551,2026-08-12T18:39:04.110834+07:00,youtube_public_v1,PUBLIC,nfq80lHW2xWgqZyZj
youtube,oOH-ouqusTU,view_count,107205,2026-08-12T18:39:04.110834+07:00,youtube_public_v1,PUBLIC,nfq80lHW2xWgqZyZj
youtube,-vnYCMxYLII,view_count,100220,2026-08-12T18:39:04.110834+07:00,youtube_public_v1,PUBLIC,uXuO4aSfuBb0SdcF9
youtube,-vnYCMxYLII,like_count,565,2026-08-12T18:39:04.110834+07:00,youtube_public_v1,PUBLIC,uXuO4aSfuBb0SdcF9
youtube,-vnYCMxYLII,comment_count,45,2026-08-12T18:39:04.110834+07:00,youtube_public_v1,PUBLIC,uXuO4aSfuBb0SdcF9
youtube,l1P0Sx8u1q0,view_count,3709774,2026-08-12T18:39:04.110834+07:00,youtube_public_v1,PUBLIC,uXuO4aSfuBb0SdcF9
youtube,l1P0Sx8u1q0,like_count,57000,2026-08-12T18:39:04.110834+07:00,youtube_public_v1,PUBLIC,uXuO4aSfuBb0SdcF9
youtube,l1P0Sx8u1q0,comment_count,2045,2026-08-12T18:39:04.110834+07:00,youtube_public_v1,PUBLIC,uXuO4aSfuBb0SdcF9
youtube,16NRWGq-zH0,view_count,49344,2026-08-12T18:39:04.110834+07:00,youtube_public_v1,PUBLIC,nfq80lHW2xWgqZyZj
youtube,Gb5GIA75w-E,view_count,21467,2026-08-12T18:39:04.110834+07:00,youtube_public_v1,PUBLIC,nfq80lHW2xWgqZyZj
youtube,wtd6ETDw_gg,view_count,4046,2026-08-12T18:39:04.110834+07:00,youtube_public_v1,PUBLIC,nfq80lHW2xWgqZyZj
youtube,v3-7pCiwJII,view_count,115881,2026-08-12T18:39:04.110834+07:00,youtube_public_v1,PUBLIC,nfq80lHW2xWgqZyZj
youtube,-ojhLEdLH9U,view_count,2341,2026-08-12T18:39:04.110834+07:00,youtube_public_v1,PUBLIC,nfq80lHW2xWgqZyZj
youtube,HqaCepz9aoE,view_count,10940,2026-08-12T18:39:04.110834+07:00,youtube_public_v1,PUBLIC,nfq80lHW2xWgqZyZj
youtube,hhwKT2XNMNA,view_count,274407,2026-08-12T18:39:04.110834+07:00,youtube_public_v1,PUBLIC,nfq80lHW2xWgqZyZj
youtube,Qu6C5WJKNiQ,view_count,86339,2026-08-12T18:39:04.110834+07:00,youtube_public_v1,PUBLIC,nfq80lHW2xWgqZyZj
youtube,U-MF7G1X3Ek,view_count,112060,2026-08-12T18:39:04.110834+07:00,youtube_public_v1,PUBLIC,nfq80lHW2xWgqZyZj
youtube,9CRDNSNQn5Y,view_count,16634,2026-08-12T18:39:04.110834+07:00,youtube_public_v1,PUBLIC,nfq80lHW2xWgqZyZj
youtube,9wblZyUKKZs,view_count,10342,2026-08-12T18:39:04.110834+07:00,youtube_public_v1,PUBLIC,nfq80lHW2xWgqZyZj
youtube,e_Zlvai0egk,view_count,197660,2026-08-12T18:39:04.110834+07:00,youtube_public_v1,PUBLIC,nfq80lHW2xWgqZyZj
youtube,v-Y3WjKNCpQ,view_count,3134,2026-08-12T18:39:04.110834+07:00,youtube_public_v1,PUBLIC,nfq80lHW2xWgqZyZj
youtube,Pvbd3WrH3G0,view_count,16280,2026-08-12T18:39:04.110834+07:00,youtube_public_v1,PUBLIC,nfq80lHW2xWgqZyZj
youtube,mYptMCjVGbw,view_count,32424,2026-08-12T18:39:04.110834+07:00,youtube_public_v1,PUBLIC,nfq80lHW2xWgqZyZj
youtube,XnYrz6T5YcA,view_count,35464,2026-08-12T18:39:04.110834+07:00,youtube_public_v1,PUBLIC,nfq80lHW2xWgqZyZj
youtube,fizWUDsi7NI,view_count,12751,2026-08-12T18:39:04.110834+07:00,youtube_public_v1,PUBLIC,nfq80lHW2xWgqZyZj
youtube,2kJuXw46nCM,view_count,1011603,2026-08-12T18:39:04.110834+07:00,youtube_public_v1,PUBLIC,nfq80lHW2xWgqZyZj
youtube,FVYK3fqOw28,view_count,102919,2026-08-12T18:39:04.110834+07:00,youtube_public_v1,PUBLIC,nfq80lHW2xWgqZyZj
youtube,sbRhI4WT6dQ,view_count,11373,2026-08-12T18:39:04.110834+07:00,youtube_public_v1,PUBLIC,nfq80lHW2xWgqZyZj
youtube,ykre84hl-T8,view_count,106343,2026-08-12T18:39:04.110834+07:00,youtube_public_v1,PUBLIC,nfq80lHW2xWgqZyZj
youtube,TZLzgYq-b0U,view_count,233319,2026-08-12T18:39:04.110834+07:00,youtube_public_v1,PUBLIC,nfq80lHW2xWgqZyZj
youtube,Fm4I_CFJMNw,view_count,32648,2026-08-12T18:39:04.110834+07:00,youtube_public_v1,PUBLIC,nfq80lHW2xWgqZyZj
youtube,mamNbhyBw78,view_count,4054624,2026-08-12T18:26:40.410244+07:00,youtube_public_v1,PUBLIC,pf2wqsAymqCr1zVLK
youtube,mamNbhyBw78,like_count,50000,2026-08-12T18:26:40.410244+07:00,youtube_public_v1,PUBLIC,pf2wqsAymqCr1zVLK
youtube,mamNbhyBw78,comment_count,5308,2026-08-12T18:26:40.410244+07:00,youtube_public_v1,PUBLIC,pf2wqsAymqCr1zVLK
youtube,d721NlVjqqM,view_count,1603937,2026-08-12T14:30:40.743835+07:00,youtube_public_v1,PUBLIC,b3w6qu4GW44XrWW2G
youtube,PP742UMK7_Y,view_count,2309,2026-08-12T14:31:50.876661+07:00,youtube_public_v1,PUBLIC,RuyvrBx2cGunHUpgB
youtube,80bJrL_YESU,view_count,1882,2026-08-12T14:31:50.876661+07:00,youtube_public_v1,PUBLIC,RuyvrBx2cGunHUpgB
youtube,f0SR_qXV9DE,view_count,1712,2026-08-12T14:31:50.876661+07:00,youtube_public_v1,PUBLIC,RuyvrBx2cGunHUpgB
youtube,BVuOXMEulDs,view_count,1121,2026-08-12T14:31:50.876661+07:00,youtube_public_v1,PUBLIC,RuyvrBx2cGunHUpgB
youtube,RSiXcC3T78Y,view_count,568,2026-08-12T14:31:50.876661+07:00,youtube_public_v1,PUBLIC,RuyvrBx2cGunHUpgB
youtube,gR648bqA9d8,view_count,1009,2026-08-12T14:31:50.876661+07:00,youtube_public_v1,PUBLIC,RuyvrBx2cGunHUpgB
youtube,fvinjst4bqU,view_count,889,2026-08-12T14:31:50.876661+07:00,youtube_public_v1,PUBLIC,RuyvrBx2cGunHUpgB
youtube,WINVWJaBHro,view_count,1500,2026-08-12T14:31:50.876661+07:00,youtube_public_v1,PUBLIC,RuyvrBx2cGunHUpgB
youtube,YCFATEDMe0Y,view_count,1416,2026-08-12T14:31:50.876661+07:00,youtube_public_v1,PUBLIC,RuyvrBx2cGunHUpgB
youtube,nJK6OXKf-xw,view_count,598,2026-08-12T14:31:50.876661+07:00,youtube_public_v1,PUBLIC,RuyvrBx2cGunHUpgB
youtube,qlizmTf8Ims,view_count,971,2026-08-12T14:31:50.876661+07:00,youtube_public_v1,PUBLIC,RuyvrBx2cGunHUpgB
youtube,OX0Dfg19F8A,view_count,1302,2026-08-12T14:31:50.876661+07:00,youtube_public_v1,PUBLIC,RuyvrBx2cGunHUpgB
youtube,AhQCwZUP9jU,view_count,2392,2026-08-12T14:31:50.876661+07:00,youtube_public_v1,PUBLIC,RuyvrBx2cGunHUpgB
youtube,MH8kC4TkLdg,view_count,992,2026-08-12T14:31:50.876661+07:00,youtube_public_v1,PUBLIC,RuyvrBx2cGunHUpgB
youtube,IvML5sENZDw,view_count,8416,2026-08-12T14:31:50.876661+07:00,youtube_public_v1,PUBLIC,RuyvrBx2cGunHUpgB
youtube,uUlqXrUCvq4,view_count,22542,2026-08-12T14:31:50.876661+07:00,youtube_public_v1,PUBLIC,RuyvrBx2cGunHUpgB
youtube,5ytoDPH1pTA,view_count,1101,2026-08-12T14:31:50.876661+07:00,youtube_public_v1,PUBLIC,RuyvrBx2cGunHUpgB
youtube,lqHG6-0emrg,view_count,4523,2026-08-12T14:31:50.876661+07:00,youtube_public_v1,PUBLIC,RuyvrBx2cGunHUpgB
youtube,xpBEVHT4QNw,view_count,1462,2026-08-12T14:31:50.876661+07:00,youtube_public_v1,PUBLIC,RuyvrBx2cGunHUpgB
youtube,r8QPtGvZ4J8,view_count,1248,2026-08-12T14:31:50.876661+07:00,youtube_public_v1,PUBLIC,RuyvrBx2cGunHUpgB
youtube,y63pDv2-4gs,view_count,3458,2026-08-12T14:31:50.876661+07:00,youtube_public_v1,PUBLIC,RuyvrBx2cGunHUpgB
youtube,vMnPu5O-khE,view_count,2425,2026-08-12T14:31:50.876661+07:00,youtube_public_v1,PUBLIC,RuyvrBx2cGunHUpgB
youtube,Rm25QCmUC2s,view_count,2730,2026-08-12T14:31:50.876661+07:00,youtube_public_v1,PUBLIC,RuyvrBx2cGunHUpgB
youtube,dlRTlkEiPEg,view_count,5340,2026-08-12T14:31:50.876661+07:00,youtube_public_v1,PUBLIC,RuyvrBx2cGunHUpgB
youtube,7U91gHcDMGg,view_count,6425,2026-08-12T14:31:50.876661+07:00,youtube_public_v1,PUBLIC,RuyvrBx2cGunHUpgB
youtube,LQKWnlKOocI,view_count,1038,2026-08-12T14:31:50.876661+07:00,youtube_public_v1,PUBLIC,RuyvrBx2cGunHUpgB
youtube,M6Z8JXw4_NE,view_count,1314,2026-08-12T14:31:50.876661+07:00,youtube_public_v1,PUBLIC,RuyvrBx2cGunHUpgB
youtube,3iwnOfTiFMg,view_count,1322,2026-08-12T14:31:50.876661+07:00,youtube_public_v1,PUBLIC,RuyvrBx2cGunHUpgB
youtube,J_hLH9khdqo,view_count,540,2026-08-12T14:31:50.876661+07:00,youtube_public_v1,PUBLIC,RuyvrBx2cGunHUpgB
youtube,zgG-fyhzaRc,view_count,891,2026-08-12T14:31:50.876661+07:00,youtube_public_v1,PUBLIC,RuyvrBx2cGunHUpgB
youtube,D0OPDAHfFJk,view_count,1354,2026-08-12T14:31:50.876661+07:00,youtube_public_v1,PUBLIC,RuyvrBx2cGunHUpgB
youtube,NqPi2L3VPPE,view_count,1551,2026-08-12T14:31:50.876661+07:00,youtube_public_v1,PUBLIC,RuyvrBx2cGunHUpgB
youtube,FWBrDS4SO8o,view_count,1094,2026-08-12T14:31:50.876661+07:00,youtube_public_v1,PUBLIC,RuyvrBx2cGunHUpgB
youtube,rgMJqqTa7rU,view_count,1519,2026-08-12T14:31:50.876661+07:00,youtube_public_v1,PUBLIC,RuyvrBx2cGunHUpgB
youtube,JBjviLEPJhM,view_count,1700,2026-08-12T14:31:50.876661+07:00,youtube_public_v1,PUBLIC,RuyvrBx2cGunHUpgB
youtube,mWA9ZP5Djss,view_count,626,2026-08-12T14:31:50.876661+07:00,youtube_public_v1,PUBLIC,RuyvrBx2cGunHUpgB
youtube,UAtOnWqNOGI,view_count,1634,2026-08-12T14:31:50.876661+07:00,youtube_public_v1,PUBLIC,RuyvrBx2cGunHUpgB
youtube,xIR779iAjvg,view_count,7663049,2026-08-12T14:33:16.956174+07:00,youtube_public_v1,PUBLIC,fZJqqNNZLJailjQ7N
youtube,IyKYci8EkRQ,view_count,4649409,2026-08-12T14:33:16.956174+07:00,youtube_public_v1,PUBLIC,fZJqqNNZLJailjQ7N
youtube,D5CwUO6tdMM,view_count,569345,2026-08-12T14:33:16.956174+07:00,youtube_public_v1,PUBLIC,cPEN2QFFLoM4y6buf
youtube,D5CwUO6tdMM,like_count,4600,2026-08-12T14:33:16.956174+07:00,youtube_public_v1,PUBLIC,cPEN2QFFLoM4y6buf
youtube,D5CwUO6tdMM,comment_count,260,2026-08-12T14:33:16.956174+07:00,youtube_public_v1,PUBLIC,cPEN2QFFLoM4y6buf
youtube,8DNMXPhvwz0,view_count,484136,2026-08-12T14:33:16.956174+07:00,youtube_public_v1,PUBLIC,fZJqqNNZLJailjQ7N
youtube,doQytUnQnCE,view_count,114886,2026-08-12T14:33:16.956174+07:00,youtube_public_v1,PUBLIC,fZJqqNNZLJailjQ7N
youtube,KaIB4PeLZDg,view_count,119238,2026-08-12T14:33:16.956174+07:00,youtube_public_v1,PUBLIC,fZJqqNNZLJailjQ7N
youtube,8pqbkEZsnTQ,view_count,137048,2026-08-12T14:33:16.956174+07:00,youtube_public_v1,PUBLIC,fZJqqNNZLJailjQ7N
youtube,Gr5Zthvftg4,view_count,271123,2026-08-12T14:33:16.956174+07:00,youtube_public_v1,PUBLIC,cPEN2QFFLoM4y6buf
youtube,Gr5Zthvftg4,like_count,2400,2026-08-12T14:33:16.956174+07:00,youtube_public_v1,PUBLIC,cPEN2QFFLoM4y6buf
youtube,Gr5Zthvftg4,comment_count,141,2026-08-12T14:33:16.956174+07:00,youtube_public_v1,PUBLIC,cPEN2QFFLoM4y6buf
youtube,4Ga-vpXo4Uc,view_count,207179,2026-08-12T14:33:16.956174+07:00,youtube_public_v1,PUBLIC,fZJqqNNZLJailjQ7N
youtube,cqy-3novrZk,view_count,134792,2026-08-12T14:33:16.956174+07:00,youtube_public_v1,PUBLIC,fZJqqNNZLJailjQ7N
youtube,FSFHU581-Fo,view_count,125514,2026-08-12T14:33:16.956174+07:00,youtube_public_v1,PUBLIC,fZJqqNNZLJailjQ7N
youtube,oZuZnhVtses,view_count,147697,2026-08-12T14:33:16.956174+07:00,youtube_public_v1,PUBLIC,cPEN2QFFLoM4y6buf
youtube,oZuZnhVtses,like_count,1300,2026-08-12T14:33:16.956174+07:00,youtube_public_v1,PUBLIC,cPEN2QFFLoM4y6buf
youtube,oZuZnhVtses,comment_count,139,2026-08-12T14:33:16.956174+07:00,youtube_public_v1,PUBLIC,cPEN2QFFLoM4y6buf
youtube,L4_F6xvAS-4,view_count,789216,2026-08-12T14:33:16.956174+07:00,youtube_public_v1,PUBLIC,fZJqqNNZLJailjQ7N
youtube,LCvtmsog8rQ,view_count,962,2026-08-12T14:35:38.140344+07:00,youtube_public_v1,PUBLIC,fZsmpmeZY5cPaFqFY
youtube,tUpuHSuWsn4,view_count,1041,2026-08-12T14:35:38.140344+07:00,youtube_public_v1,PUBLIC,fZsmpmeZY5cPaFqFY
youtube,Mc-tQz-yWVo,view_count,400,2026-08-12T14:35:38.140344+07:00,youtube_public_v1,PUBLIC,fZsmpmeZY5cPaFqFY
youtube,KitY4kWvDfs,view_count,983,2026-08-12T14:35:38.140344+07:00,youtube_public_v1,PUBLIC,fZsmpmeZY5cPaFqFY
youtube,iCHvCQVNrfA,view_count,190,2026-08-12T14:35:38.140344+07:00,youtube_public_v1,PUBLIC,fZsmpmeZY5cPaFqFY
youtube,o0JJ4bVJZ60,view_count,1167,2026-08-12T14:35:38.140344+07:00,youtube_public_v1,PUBLIC,fZsmpmeZY5cPaFqFY
youtube,nBQDpI0PIq0,view_count,389,2026-08-12T14:35:38.140344+07:00,youtube_public_v1,PUBLIC,fZsmpmeZY5cPaFqFY
youtube,Ad7vLOL5V4g,view_count,2500,2026-08-12T14:35:38.140344+07:00,youtube_public_v1,PUBLIC,AejMIMb2LO5Y7Ofwe
youtube,Ad7vLOL5V4g,like_count,30,2026-08-12T14:35:38.140344+07:00,youtube_public_v1,PUBLIC,AejMIMb2LO5Y7Ofwe
youtube,Ad7vLOL5V4g,comment_count,0,2026-08-12T14:35:38.140344+07:00,youtube_public_v1,PUBLIC,AejMIMb2LO5Y7Ofwe
youtube,rN-pF54JpKA,view_count,175221,2026-08-12T14:35:38.140344+07:00,youtube_public_v1,PUBLIC,fZsmpmeZY5cPaFqFY
youtube,DqKvzl1q_es,view_count,333,2026-08-12T14:35:38.140344+07:00,youtube_public_v1,PUBLIC,fZsmpmeZY5cPaFqFY
youtube,a1CjYVWZLO4,view_count,631,2026-08-12T14:35:38.140344+07:00,youtube_public_v1,PUBLIC,fZsmpmeZY5cPaFqFY
youtube,oOAF6GEdn-w,view_count,315,2026-08-12T14:35:38.140344+07:00,youtube_public_v1,PUBLIC,fZsmpmeZY5cPaFqFY
youtube,WMtqYwbCzUo,view_count,201,2026-08-12T14:35:38.140344+07:00,youtube_public_v1,PUBLIC,fZsmpmeZY5cPaFqFY
youtube,osfccGflpsY,view_count,16739,2026-08-12T14:35:38.140344+07:00,youtube_public_v1,PUBLIC,fZsmpmeZY5cPaFqFY
youtube,MBAv1pd4GtI,view_count,1108,2026-08-12T14:35:38.140344+07:00,youtube_public_v1,PUBLIC,fZsmpmeZY5cPaFqFY
youtube,-SmsU64gxCM,view_count,228362,2026-08-12T14:35:38.140344+07:00,youtube_public_v1,PUBLIC,fZsmpmeZY5cPaFqFY
youtube,Ftph_ymN2XI,view_count,1639,2026-08-12T14:35:38.140344+07:00,youtube_public_v1,PUBLIC,fZsmpmeZY5cPaFqFY
youtube,6BvkBOx1cAo,view_count,1175,2026-08-12T14:35:38.140344+07:00,youtube_public_v1,PUBLIC,AejMIMb2LO5Y7Ofwe
youtube,6BvkBOx1cAo,like_count,6,2026-08-12T14:35:38.140344+07:00,youtube_public_v1,PUBLIC,AejMIMb2LO5Y7Ofwe
youtube,6BvkBOx1cAo,comment_count,0,2026-08-12T14:35:38.140344+07:00,youtube_public_v1,PUBLIC,AejMIMb2LO5Y7Ofwe
youtube,NzXxUBympR0,view_count,1557,2026-08-12T14:35:38.140344+07:00,youtube_public_v1,PUBLIC,fZsmpmeZY5cPaFqFY
youtube,iLRO_NFj9H0,view_count,983,2026-08-12T14:35:38.140344+07:00,youtube_public_v1,PUBLIC,fZsmpmeZY5cPaFqFY
youtube,cqSCFOjERPw,view_count,4226,2026-08-12T14:35:38.140344+07:00,youtube_public_v1,PUBLIC,fZsmpmeZY5cPaFqFY
youtube,7_MdgsHn0w4,view_count,4792,2026-08-12T14:35:38.140344+07:00,youtube_public_v1,PUBLIC,fZsmpmeZY5cPaFqFY
youtube,jQ-1-a7ohho,view_count,606,2026-08-12T14:35:38.140344+07:00,youtube_public_v1,PUBLIC,fZsmpmeZY5cPaFqFY
youtube,ONunOr1A8Mc,view_count,2502,2026-08-12T14:35:38.140344+07:00,youtube_public_v1,PUBLIC,fZsmpmeZY5cPaFqFY
youtube,NyByenlUero,view_count,2004,2026-08-12T14:35:38.140344+07:00,youtube_public_v1,PUBLIC,fZsmpmeZY5cPaFqFY
youtube,gd6PBcVO2ZY,view_count,133940,2026-08-12T14:35:38.140344+07:00,youtube_public_v1,PUBLIC,AejMIMb2LO5Y7Ofwe
youtube,gd6PBcVO2ZY,like_count,805,2026-08-12T14:35:38.140344+07:00,youtube_public_v1,PUBLIC,AejMIMb2LO5Y7Ofwe
youtube,gd6PBcVO2ZY,comment_count,53,2026-08-12T14:35:38.140344+07:00,youtube_public_v1,PUBLIC,AejMIMb2LO5Y7Ofwe
youtube,tuypxxDk-e4,view_count,401,2026-08-12T14:35:38.140344+07:00,youtube_public_v1,PUBLIC,fZsmpmeZY5cPaFqFY
youtube,kIA_vVpSgy4,view_count,929,2026-08-12T14:35:38.140344+07:00,youtube_public_v1,PUBLIC,AejMIMb2LO5Y7Ofwe
youtube,kIA_vVpSgy4,like_count,10,2026-08-12T14:35:38.140344+07:00,youtube_public_v1,PUBLIC,AejMIMb2LO5Y7Ofwe
youtube,kIA_vVpSgy4,comment_count,0,2026-08-12T14:35:38.140344+07:00,youtube_public_v1,PUBLIC,AejMIMb2LO5Y7Ofwe
youtube,hMGGbPqlFKU,view_count,802,2026-08-12T14:35:38.140344+07:00,youtube_public_v1,PUBLIC,AejMIMb2LO5Y7Ofwe
youtube,hMGGbPqlFKU,like_count,9,2026-08-12T14:35:38.140344+07:00,youtube_public_v1,PUBLIC,AejMIMb2LO5Y7Ofwe
youtube,hMGGbPqlFKU,comment_count,0,2026-08-12T14:35:38.140344+07:00,youtube_public_v1,PUBLIC,AejMIMb2LO5Y7Ofwe
youtube,g3Qn8Kvg7oQ,view_count,273,2026-08-12T14:35:38.140344+07:00,youtube_public_v1,PUBLIC,fZsmpmeZY5cPaFqFY
youtube,rUDx9vuFD6E,view_count,955,2026-08-12T14:35:38.140344+07:00,youtube_public_v1,PUBLIC,fZsmpmeZY5cPaFqFY
youtube,TjVeq4pbII0,view_count,366,2026-08-12T14:35:38.140344+07:00,youtube_public_v1,PUBLIC,fZsmpmeZY5cPaFqFY
youtube,s8YTdUSz_wQ,view_count,544,2026-08-12T14:35:38.140344+07:00,youtube_public_v1,PUBLIC,fZsmpmeZY5cPaFqFY
youtube,_27jaF_oZco,view_count,1041,2026-08-12T14:35:38.140344+07:00,youtube_public_v1,PUBLIC,fZsmpmeZY5cPaFqFY
youtube,rY-xiAnBi-Y,view_count,355,2026-08-12T14:35:38.140344+07:00,youtube_public_v1,PUBLIC,fZsmpmeZY5cPaFqFY
youtube,opsCcmXU974,view_count,1228,2026-08-12T14:35:38.140344+07:00,youtube_public_v1,PUBLIC,fZsmpmeZY5cPaFqFY
youtube,F_Espiet8fk,view_count,238,2026-08-12T14:35:38.140344+07:00,youtube_public_v1,PUBLIC,fZsmpmeZY5cPaFqFY
youtube,szWfI-Nc_58,view_count,731,2026-08-12T14:35:38.140344+07:00,youtube_public_v1,PUBLIC,fZsmpmeZY5cPaFqFY
youtube,Y_FguZjFYLA,view_count,508,2026-08-12T14:35:38.140344+07:00,youtube_public_v1,PUBLIC,fZsmpmeZY5cPaFqFY
youtube,p9qxYMXGvAU,view_count,1293,2026-08-12T14:35:38.140344+07:00,youtube_public_v1,PUBLIC,fZsmpmeZY5cPaFqFY
youtube,KZARv3e_gCM,view_count,861,2026-08-12T14:35:38.140344+07:00,youtube_public_v1,PUBLIC,fZsmpmeZY5cPaFqFY
youtube,YcKCw_xHiKs,view_count,521,2026-08-12T14:35:38.140344+07:00,youtube_public_v1,PUBLIC,fZsmpmeZY5cPaFqFY
youtube,93rVD6AAnsA,view_count,1557,2026-08-12T14:35:38.140344+07:00,youtube_public_v1,PUBLIC,fZsmpmeZY5cPaFqFY
youtube,QzH8J3qdrFc,view_count,83155,2026-08-12T14:35:38.140344+07:00,youtube_public_v1,PUBLIC,fZsmpmeZY5cPaFqFY
youtube,Kbz72ZTvz3M,view_count,18225,2026-08-12T14:35:38.140344+07:00,youtube_public_v1,PUBLIC,fZsmpmeZY5cPaFqFY
youtube,WHhzDPFAdhw,view_count,575,2026-08-12T14:35:38.140344+07:00,youtube_public_v1,PUBLIC,fZsmpmeZY5cPaFqFY
youtube,mo8We4paKOk,view_count,556,2026-08-12T14:35:38.140344+07:00,youtube_public_v1,PUBLIC,fZsmpmeZY5cPaFqFY
youtube,bwl5WST3kOs,view_count,66155,2026-08-12T14:35:38.140344+07:00,youtube_public_v1,PUBLIC,fZsmpmeZY5cPaFqFY
youtube,29RCIP1f5RE,view_count,611,2026-08-12T14:35:38.140344+07:00,youtube_public_v1,PUBLIC,fZsmpmeZY5cPaFqFY
youtube,cYuxm_E7GSg,view_count,214770,2026-08-12T14:35:38.140344+07:00,youtube_public_v1,PUBLIC,fZsmpmeZY5cPaFqFY
youtube,ID8pQoIH9G8,view_count,1284,2026-08-12T14:35:38.140344+07:00,youtube_public_v1,PUBLIC,fZsmpmeZY5cPaFqFY
youtube,kpPXYlvTBYY,view_count,229,2026-08-12T14:35:38.140344+07:00,youtube_public_v1,PUBLIC,fZsmpmeZY5cPaFqFY
youtube,KpkbDHLUoTY,view_count,43833,2026-08-12T14:35:38.140344+07:00,youtube_public_v1,PUBLIC,AejMIMb2LO5Y7Ofwe
youtube,KpkbDHLUoTY,like_count,32,2026-08-12T14:35:38.140344+07:00,youtube_public_v1,PUBLIC,AejMIMb2LO5Y7Ofwe
youtube,KpkbDHLUoTY,comment_count,17,2026-08-12T14:35:38.140344+07:00,youtube_public_v1,PUBLIC,AejMIMb2LO5Y7Ofwe
youtube,uAlATReBJ-o,view_count,272,2026-08-12T14:35:38.140344+07:00,youtube_public_v1,PUBLIC,fZsmpmeZY5cPaFqFY
youtube,6eR4wbC0ct8,view_count,228,2026-08-12T14:35:38.140344+07:00,youtube_public_v1,PUBLIC,fZsmpmeZY5cPaFqFY
youtube,95Hy2KrhoGI,view_count,259,2026-08-12T14:35:38.140344+07:00,youtube_public_v1,PUBLIC,fZsmpmeZY5cPaFqFY
youtube,TIuUw_cs05s,view_count,492,2026-08-12T14:35:38.140344+07:00,youtube_public_v1,PUBLIC,fZsmpmeZY5cPaFqFY
youtube,8v67kTmOO6o,view_count,257,2026-08-12T14:35:38.140344+07:00,youtube_public_v1,PUBLIC,fZsmpmeZY5cPaFqFY
youtube,mUe_NxKys2Q,view_count,806,2026-08-12T14:35:38.140344+07:00,youtube_public_v1,PUBLIC,fZsmpmeZY5cPaFqFY
youtube,0EB2UsanY6Y,view_count,1295,2026-08-12T14:35:38.140344+07:00,youtube_public_v1,PUBLIC,fZsmpmeZY5cPaFqFY
youtube,-yrVBJdccvk,view_count,427,2026-08-12T14:35:38.140344+07:00,youtube_public_v1,PUBLIC,fZsmpmeZY5cPaFqFY
youtube,9aDmE9J0DyI,view_count,594985,2026-08-12T14:35:38.140344+07:00,youtube_public_v1,PUBLIC,AejMIMb2LO5Y7Ofwe
youtube,9aDmE9J0DyI,like_count,2500,2026-08-12T14:35:38.140344+07:00,youtube_public_v1,PUBLIC,AejMIMb2LO5Y7Ofwe
youtube,9aDmE9J0DyI,comment_count,149,2026-08-12T14:35:38.140344+07:00,youtube_public_v1,PUBLIC,AejMIMb2LO5Y7Ofwe
youtube,C7-AkYwsuCM,view_count,1079,2026-08-12T14:35:38.140344+07:00,youtube_public_v1,PUBLIC,fZsmpmeZY5cPaFqFY
youtube,STF63O87120,view_count,412,2026-08-12T14:35:38.140344+07:00,youtube_public_v1,PUBLIC,fZsmpmeZY5cPaFqFY
youtube,YjL3RYvn_4Y,view_count,561,2026-08-12T14:35:38.140344+07:00,youtube_public_v1,PUBLIC,fZsmpmeZY5cPaFqFY
youtube,leQhZmRny9I,view_count,362,2026-08-12T14:35:38.140344+07:00,youtube_public_v1,PUBLIC,fZsmpmeZY5cPaFqFY
youtube,pRRB_IHmyQc,view_count,492814,2026-08-12T14:35:58.521860+07:00,youtube_public_v1,PUBLIC,M0iLROnbvwHh43uim
youtube,CkH-aahQlWI,view_count,1046,2026-08-12T18:26:08.395060+07:00,youtube_public_v1,PUBLIC,l4Cbec18VOwq470OC
youtube,tbIkG1bP21s,view_count,8018,2026-08-12T18:26:08.395060+07:00,youtube_public_v1,PUBLIC,CGnxcqvRaMjjF7zTt
youtube,tbIkG1bP21s,like_count,67,2026-08-12T18:26:08.395060+07:00,youtube_public_v1,PUBLIC,CGnxcqvRaMjjF7zTt
youtube,tbIkG1bP21s,comment_count,0,2026-08-12T18:26:08.395060+07:00,youtube_public_v1,PUBLIC,CGnxcqvRaMjjF7zTt
youtube,gCiu-t2OOBQ,view_count,1903,2026-08-12T18:26:08.395060+07:00,youtube_public_v1,PUBLIC,CGnxcqvRaMjjF7zTt
youtube,gCiu-t2OOBQ,like_count,80,2026-08-12T18:26:08.395060+07:00,youtube_public_v1,PUBLIC,CGnxcqvRaMjjF7zTt
youtube,gCiu-t2OOBQ,comment_count,0,2026-08-12T18:26:08.395060+07:00,youtube_public_v1,PUBLIC,CGnxcqvRaMjjF7zTt
youtube,220_-Zei9wY,view_count,211819,2026-08-12T18:26:08.395060+07:00,youtube_public_v1,PUBLIC,CGnxcqvRaMjjF7zTt
youtube,220_-Zei9wY,like_count,2100,2026-08-12T18:26:08.395060+07:00,youtube_public_v1,PUBLIC,CGnxcqvRaMjjF7zTt
youtube,220_-Zei9wY,comment_count,112,2026-08-12T18:26:08.395060+07:00,youtube_public_v1,PUBLIC,CGnxcqvRaMjjF7zTt
youtube,ZrpW0dLJeKA,view_count,2460,2026-08-12T18:26:08.395060+07:00,youtube_public_v1,PUBLIC,l4Cbec18VOwq470OC
youtube,IHWoHOBR65s,view_count,2450,2026-08-12T18:26:08.395060+07:00,youtube_public_v1,PUBLIC,l4Cbec18VOwq470OC
youtube,istxFhCRiyc,view_count,7286,2026-08-12T18:26:08.395060+07:00,youtube_public_v1,PUBLIC,CGnxcqvRaMjjF7zTt
youtube,istxFhCRiyc,like_count,188,2026-08-12T18:26:08.395060+07:00,youtube_public_v1,PUBLIC,CGnxcqvRaMjjF7zTt
youtube,istxFhCRiyc,comment_count,1,2026-08-12T18:26:08.395060+07:00,youtube_public_v1,PUBLIC,CGnxcqvRaMjjF7zTt
youtube,5jy539SOOMY,view_count,6669,2026-08-12T18:26:08.395060+07:00,youtube_public_v1,PUBLIC,CGnxcqvRaMjjF7zTt
youtube,5jy539SOOMY,like_count,61,2026-08-12T18:26:08.395060+07:00,youtube_public_v1,PUBLIC,CGnxcqvRaMjjF7zTt
youtube,5jy539SOOMY,comment_count,0,2026-08-12T18:26:08.395060+07:00,youtube_public_v1,PUBLIC,CGnxcqvRaMjjF7zTt
youtube,RLLLk4_E8vU,view_count,3612,2026-08-12T18:26:08.395060+07:00,youtube_public_v1,PUBLIC,CGnxcqvRaMjjF7zTt
youtube,RLLLk4_E8vU,like_count,115,2026-08-12T18:26:08.395060+07:00,youtube_public_v1,PUBLIC,CGnxcqvRaMjjF7zTt
youtube,RLLLk4_E8vU,comment_count,0,2026-08-12T18:26:08.395060+07:00,youtube_public_v1,PUBLIC,CGnxcqvRaMjjF7zTt
youtube,oMNwMZHWFMI,view_count,1399,2026-08-12T18:26:08.395060+07:00,youtube_public_v1,PUBLIC,CGnxcqvRaMjjF7zTt
youtube,oMNwMZHWFMI,like_count,16,2026-08-12T18:26:08.395060+07:00,youtube_public_v1,PUBLIC,CGnxcqvRaMjjF7zTt
youtube,oMNwMZHWFMI,comment_count,1,2026-08-12T18:26:08.395060+07:00,youtube_public_v1,PUBLIC,CGnxcqvRaMjjF7zTt
youtube,JkxLSCiofxI,view_count,1583,2026-08-12T18:26:08.395060+07:00,youtube_public_v1,PUBLIC,l4Cbec18VOwq470OC
youtube,2VvR3sJvwDA,view_count,3493,2026-08-12T18:26:08.395060+07:00,youtube_public_v1,PUBLIC,l4Cbec18VOwq470OC
youtube,Ia1FVmIhgzI,view_count,2142,2026-08-12T18:26:08.395060+07:00,youtube_public_v1,PUBLIC,l4Cbec18VOwq470OC
youtube,fCe9j5pA6MI,view_count,1149,2026-08-12T18:26:08.395060+07:00,youtube_public_v1,PUBLIC,l4Cbec18VOwq470OC
youtube,rO2VAgmasqM,view_count,2662,2026-08-12T18:26:08.395060+07:00,youtube_public_v1,PUBLIC,CGnxcqvRaMjjF7zTt
youtube,rO2VAgmasqM,like_count,82,2026-08-12T18:26:08.395060+07:00,youtube_public_v1,PUBLIC,CGnxcqvRaMjjF7zTt
youtube,rO2VAgmasqM,comment_count,0,2026-08-12T18:26:08.395060+07:00,youtube_public_v1,PUBLIC,CGnxcqvRaMjjF7zTt
youtube,Ze6Rr5IY1Ds,view_count,18452,2026-08-12T18:26:08.395060+07:00,youtube_public_v1,PUBLIC,l4Cbec18VOwq470OC
youtube,-cpnMv1MpFI,view_count,1888,2026-08-12T18:26:08.395060+07:00,youtube_public_v1,PUBLIC,l4Cbec18VOwq470OC
youtube,C2FL7DB0S20,view_count,7935,2026-08-12T18:26:08.395060+07:00,youtube_public_v1,PUBLIC,l4Cbec18VOwq470OC
youtube,WgVwv460vH8,view_count,2259,2026-08-12T18:26:08.395060+07:00,youtube_public_v1,PUBLIC,l4Cbec18VOwq470OC
youtube,e3zGKMHKn9A,view_count,5429,2026-08-12T18:27:46.461648+07:00,youtube_public_v1,PUBLIC,GuPL97VewtDGOtstg
youtube,ar2xzYoi8BY,view_count,1313,2026-08-12T18:27:46.461648+07:00,youtube_public_v1,PUBLIC,GuPL97VewtDGOtstg
youtube,VQFZ8hBX8M4,view_count,3826,2026-08-12T18:27:46.461648+07:00,youtube_public_v1,PUBLIC,GuPL97VewtDGOtstg
youtube,B2tRR8fGb6c,view_count,6327,2026-08-12T18:27:46.461648+07:00,youtube_public_v1,PUBLIC,eId5poTamujBF8cvU
youtube,B2tRR8fGb6c,like_count,115,2026-08-12T18:27:46.461648+07:00,youtube_public_v1,PUBLIC,eId5poTamujBF8cvU
youtube,B2tRR8fGb6c,comment_count,0,2026-08-12T18:27:46.461648+07:00,youtube_public_v1,PUBLIC,eId5poTamujBF8cvU
youtube,8gGzIo_vgxA,view_count,3024,2026-08-12T18:27:46.461648+07:00,youtube_public_v1,PUBLIC,GuPL97VewtDGOtstg
youtube,-wCGpXvncaY,view_count,6019,2026-08-12T18:27:46.461648+07:00,youtube_public_v1,PUBLIC,eId5poTamujBF8cvU
youtube,-wCGpXvncaY,like_count,111,2026-08-12T18:27:46.461648+07:00,youtube_public_v1,PUBLIC,eId5poTamujBF8cvU
youtube,-wCGpXvncaY,comment_count,2,2026-08-12T18:27:46.461648+07:00,youtube_public_v1,PUBLIC,eId5poTamujBF8cvU
youtube,C7hRrH4zIps,view_count,2266,2026-08-12T18:27:46.461648+07:00,youtube_public_v1,PUBLIC,GuPL97VewtDGOtstg
youtube,owrjStOq_FQ,view_count,1118,2026-08-12T18:27:46.461648+07:00,youtube_public_v1,PUBLIC,GuPL97VewtDGOtstg
youtube,oPDMC8DP8g4,view_count,1861,2026-08-12T18:27:46.461648+07:00,youtube_public_v1,PUBLIC,GuPL97VewtDGOtstg
youtube,j323rj9yoeA,view_count,22015,2026-08-12T18:27:46.461648+07:00,youtube_public_v1,PUBLIC,eId5poTamujBF8cvU
youtube,j323rj9yoeA,like_count,208,2026-08-12T18:27:46.461648+07:00,youtube_public_v1,PUBLIC,eId5poTamujBF8cvU
youtube,j323rj9yoeA,comment_count,11,2026-08-12T18:27:46.461648+07:00,youtube_public_v1,PUBLIC,eId5poTamujBF8cvU
youtube,fIyv0H0OUgg,view_count,2214,2026-08-12T18:27:46.461648+07:00,youtube_public_v1,PUBLIC,GuPL97VewtDGOtstg
youtube,DfyU9OA7P-4,view_count,634,2026-08-12T18:27:46.461648+07:00,youtube_public_v1,PUBLIC,GuPL97VewtDGOtstg
youtube,mrqtBSHnR10,view_count,2133,2026-08-12T18:27:46.461648+07:00,youtube_public_v1,PUBLIC,GuPL97VewtDGOtstg
youtube,Ur-O91HqH0M,view_count,2104,2026-08-12T18:27:46.461648+07:00,youtube_public_v1,PUBLIC,GuPL97VewtDGOtstg
youtube,a0mmirqe2pk,view_count,19019,2026-08-12T18:27:46.461648+07:00,youtube_public_v1,PUBLIC,eId5poTamujBF8cvU
youtube,a0mmirqe2pk,like_count,329,2026-08-12T18:27:46.461648+07:00,youtube_public_v1,PUBLIC,eId5poTamujBF8cvU
youtube,a0mmirqe2pk,comment_count,6,2026-08-12T18:27:46.461648+07:00,youtube_public_v1,PUBLIC,eId5poTamujBF8cvU
youtube,-iUM_VFRk5U,view_count,12210,2026-08-12T18:27:46.461648+07:00,youtube_public_v1,PUBLIC,eId5poTamujBF8cvU
youtube,-iUM_VFRk5U,like_count,77,2026-08-12T18:27:46.461648+07:00,youtube_public_v1,PUBLIC,eId5poTamujBF8cvU
youtube,-iUM_VFRk5U,comment_count,8,2026-08-12T18:27:46.461648+07:00,youtube_public_v1,PUBLIC,eId5poTamujBF8cvU
youtube,TP-RdBtBv6o,view_count,1946,2026-08-12T18:27:46.461648+07:00,youtube_public_v1,PUBLIC,GuPL97VewtDGOtstg
youtube,8lTMF4KHaOU,view_count,1154,2026-08-12T18:27:46.461648+07:00,youtube_public_v1,PUBLIC,GuPL97VewtDGOtstg
youtube,jAHfjRa5MOU,view_count,3232,2026-08-12T18:27:46.461648+07:00,youtube_public_v1,PUBLIC,eId5poTamujBF8cvU
youtube,jAHfjRa5MOU,like_count,54,2026-08-12T18:27:46.461648+07:00,youtube_public_v1,PUBLIC,eId5poTamujBF8cvU
youtube,jAHfjRa5MOU,comment_count,0,2026-08-12T18:27:46.461648+07:00,youtube_public_v1,PUBLIC,eId5poTamujBF8cvU
youtube,mpkDUuCOkfU,view_count,5522,2026-08-12T18:27:46.461648+07:00,youtube_public_v1,PUBLIC,eId5poTamujBF8cvU
youtube,mpkDUuCOkfU,like_count,62,2026-08-12T18:27:46.461648+07:00,youtube_public_v1,PUBLIC,eId5poTamujBF8cvU
youtube,mpkDUuCOkfU,comment_count,4,2026-08-12T18:27:46.461648+07:00,youtube_public_v1,PUBLIC,eId5poTamujBF8cvU
youtube,L-mEt6NfURE,view_count,1216,2026-08-12T18:27:46.461648+07:00,youtube_public_v1,PUBLIC,GuPL97VewtDGOtstg
youtube,tCGYNoj8c3M,view_count,1345,2026-08-12T18:27:46.461648+07:00,youtube_public_v1,PUBLIC,GuPL97VewtDGOtstg
youtube,SUZTMbXQznw,view_count,3810,2026-08-12T18:27:46.461648+07:00,youtube_public_v1,PUBLIC,GuPL97VewtDGOtstg
youtube,d8PZd92kEKY,view_count,2991,2026-08-12T18:27:46.461648+07:00,youtube_public_v1,PUBLIC,GuPL97VewtDGOtstg
youtube,6igCf-EP3Tc,view_count,2402,2026-08-12T18:27:46.461648+07:00,youtube_public_v1,PUBLIC,eId5poTamujBF8cvU
youtube,6igCf-EP3Tc,like_count,22,2026-08-12T18:27:46.461648+07:00,youtube_public_v1,PUBLIC,eId5poTamujBF8cvU
youtube,6igCf-EP3Tc,comment_count,0,2026-08-12T18:27:46.461648+07:00,youtube_public_v1,PUBLIC,eId5poTamujBF8cvU
youtube,x_6QJS2rxgM,view_count,539471,2026-08-12T18:22:37.095894+07:00,youtube_public_v1,PUBLIC,mMchsOQbKOWZc6eCA
youtube,PYhw4oDzqPY,view_count,299666,2026-08-12T18:27:38.719565+07:00,youtube_public_v1,PUBLIC,O7Ip4BBhplAR5qEow
youtube,2UCa8WlrDeg,view_count,2784455,2026-08-12T18:19:17.797329+07:00,youtube_public_v1,PUBLIC,O7Ip4BBhplAR5qEow
youtube,QJbwKQgAHec,view_count,707221,2026-08-12T18:25:04.193801+07:00,youtube_public_v1,PUBLIC,Sp3XLaxMZhJUn7saF
youtube,R1RSoQSHwoY,view_count,122893,2026-08-12T18:27:38.719565+07:00,youtube_public_v1,PUBLIC,0URFluhoQGte6mTcr
youtube,R1RSoQSHwoY,like_count,823,2026-08-12T18:27:38.719565+07:00,youtube_public_v1,PUBLIC,0URFluhoQGte6mTcr
youtube,R1RSoQSHwoY,comment_count,639,2026-08-12T18:27:38.719565+07:00,youtube_public_v1,PUBLIC,0URFluhoQGte6mTcr
youtube,Kwq9s95_M90,view_count,142223,2026-08-12T18:27:38.719565+07:00,youtube_public_v1,PUBLIC,0URFluhoQGte6mTcr
youtube,Kwq9s95_M90,like_count,706,2026-08-12T18:27:38.719565+07:00,youtube_public_v1,PUBLIC,0URFluhoQGte6mTcr
youtube,Kwq9s95_M90,comment_count,17,2026-08-12T18:27:38.719565+07:00,youtube_public_v1,PUBLIC,0URFluhoQGte6mTcr
youtube,Xx0u3LZQ9q4,view_count,2581205,2026-08-12T18:19:17.797329+07:00,youtube_public_v1,PUBLIC,O7Ip4BBhplAR5qEow
youtube,hVwUfXMXXFU,view_count,1389,2026-08-12T18:27:38.719565+07:00,youtube_public_v1,PUBLIC,KrhZPl2oEhDQTEvQ7
youtube,Sqxmyl5BElw,view_count,2940928,2026-08-12T18:27:38.719565+07:00,youtube_public_v1,PUBLIC,KrhZPl2oEhDQTEvQ7
youtube,HZOiGxC1viw,view_count,104175,2026-08-12T18:27:38.719565+07:00,youtube_public_v1,PUBLIC,0URFluhoQGte6mTcr
youtube,HZOiGxC1viw,like_count,281,2026-08-12T18:27:38.719565+07:00,youtube_public_v1,PUBLIC,0URFluhoQGte6mTcr
youtube,HZOiGxC1viw,comment_count,7,2026-08-12T18:27:38.719565+07:00,youtube_public_v1,PUBLIC,0URFluhoQGte6mTcr
youtube,4bsWGJ4C0fU,view_count,2455154,2026-08-12T18:25:04.193801+07:00,youtube_public_v1,PUBLIC,Sp3XLaxMZhJUn7saF
youtube,ZcuAvCXUZhE,view_count,2564,2026-08-12T18:27:38.719565+07:00,youtube_public_v1,PUBLIC,KrhZPl2oEhDQTEvQ7
youtube,OHq0b_PDm2c,view_count,3058637,2026-08-12T18:22:37.095894+07:00,youtube_public_v1,PUBLIC,mMchsOQbKOWZc6eCA
youtube,s5l2P75FW04,view_count,517097,2026-08-12T18:27:38.719565+07:00,youtube_public_v1,PUBLIC,0URFluhoQGte6mTcr
youtube,s5l2P75FW04,like_count,2600,2026-08-12T18:27:38.719565+07:00,youtube_public_v1,PUBLIC,0URFluhoQGte6mTcr
youtube,s5l2P75FW04,comment_count,72,2026-08-12T18:27:38.719565+07:00,youtube_public_v1,PUBLIC,0URFluhoQGte6mTcr
youtube,YNez7gy46wM,view_count,2090556,2026-08-12T18:22:37.095894+07:00,youtube_public_v1,PUBLIC,mMchsOQbKOWZc6eCA
youtube,115sg7RBJUY,view_count,3803262,2026-08-12T18:19:17.797329+07:00,youtube_public_v1,PUBLIC,O7Ip4BBhplAR5qEow
youtube,h4gKU9f5PPE,view_count,63798,2026-08-12T18:20:46.329803+07:00,youtube_public_v1,PUBLIC,mhioMI899b3pu5eMP
youtube,-31JrDUQqKk,view_count,3710108,2026-08-12T18:19:17.797329+07:00,youtube_public_v1,PUBLIC,O7Ip4BBhplAR5qEow
youtube,FiZQ5uUhMEc,view_count,2573624,2026-08-12T18:22:37.095894+07:00,youtube_public_v1,PUBLIC,mMchsOQbKOWZc6eCA
youtube,hdituMSIsGI,view_count,14638,2026-08-12T18:27:38.719565+07:00,youtube_public_v1,PUBLIC,0URFluhoQGte6mTcr
youtube,hdituMSIsGI,like_count,122,2026-08-12T18:27:38.719565+07:00,youtube_public_v1,PUBLIC,0URFluhoQGte6mTcr
youtube,hdituMSIsGI,comment_count,3,2026-08-12T18:27:38.719565+07:00,youtube_public_v1,PUBLIC,0URFluhoQGte6mTcr
youtube,KKMJ5dBmVpI,view_count,2197399,2026-08-12T18:20:46.329803+07:00,youtube_public_v1,PUBLIC,mhioMI899b3pu5eMP
youtube,_BDmHhg4610,view_count,7408,2026-08-12T18:27:38.719565+07:00,youtube_public_v1,PUBLIC,Sp3XLaxMZhJUn7saF
youtube,_bv1kTGAO-E,view_count,59992,2026-08-12T18:22:37.095894+07:00,youtube_public_v1,PUBLIC,mMchsOQbKOWZc6eCA
youtube,KyFSpw7nJo0,view_count,2594019,2026-08-12T18:25:04.193801+07:00,youtube_public_v1,PUBLIC,Sp3XLaxMZhJUn7saF
youtube,MbBDow1Pyto,view_count,2440855,2026-08-12T18:22:37.095894+07:00,youtube_public_v1,PUBLIC,mMchsOQbKOWZc6eCA
youtube,P0AyphGK0gQ,view_count,3755747,2026-08-12T18:25:04.193801+07:00,youtube_public_v1,PUBLIC,0URFluhoQGte6mTcr
youtube,P0AyphGK0gQ,like_count,8600,2026-08-12T18:25:04.193801+07:00,youtube_public_v1,PUBLIC,0URFluhoQGte6mTcr
youtube,P0AyphGK0gQ,comment_count,619,2026-08-12T18:25:04.193801+07:00,youtube_public_v1,PUBLIC,0URFluhoQGte6mTcr
youtube,owqoZ9ydtAI,view_count,2782319,2026-08-12T18:19:17.797329+07:00,youtube_public_v1,PUBLIC,O7Ip4BBhplAR5qEow
youtube,e1nq-h6uRJA,view_count,2000858,2026-08-12T18:25:04.193801+07:00,youtube_public_v1,PUBLIC,Sp3XLaxMZhJUn7saF
youtube,cpBMX1iycsU,view_count,104927,2026-08-12T18:25:04.193801+07:00,youtube_public_v1,PUBLIC,Sp3XLaxMZhJUn7saF
youtube,Z2-tr3N8Rrc,view_count,1530200,2026-08-12T18:22:37.095894+07:00,youtube_public_v1,PUBLIC,mMchsOQbKOWZc6eCA
youtube,fxzXPdTwY4A,view_count,12800,2026-08-12T18:27:38.719565+07:00,youtube_public_v1,PUBLIC,Sp3XLaxMZhJUn7saF
youtube,quamZCTCxzo,view_count,299427,2026-08-12T18:22:37.095894+07:00,youtube_public_v1,PUBLIC,mMchsOQbKOWZc6eCA
youtube,bjKBuI8JXRk,view_count,1390857,2026-08-12T18:27:38.719565+07:00,youtube_public_v1,PUBLIC,0URFluhoQGte6mTcr
youtube,bjKBuI8JXRk,like_count,10000,2026-08-12T18:27:38.719565+07:00,youtube_public_v1,PUBLIC,0URFluhoQGte6mTcr
youtube,bjKBuI8JXRk,comment_count,1050,2026-08-12T18:27:38.719565+07:00,youtube_public_v1,PUBLIC,0URFluhoQGte6mTcr
youtube,qcHtIvt3024,view_count,790597,2026-08-12T18:27:38.719565+07:00,youtube_public_v1,PUBLIC,KrhZPl2oEhDQTEvQ7
youtube,9U8zWrmuF50,view_count,599409,2026-08-12T18:27:38.719565+07:00,youtube_public_v1,PUBLIC,0URFluhoQGte6mTcr
youtube,9U8zWrmuF50,like_count,2900,2026-08-12T18:27:38.719565+07:00,youtube_public_v1,PUBLIC,0URFluhoQGte6mTcr
youtube,9U8zWrmuF50,comment_count,703,2026-08-12T18:27:38.719565+07:00,youtube_public_v1,PUBLIC,0URFluhoQGte6mTcr
youtube,PuxXAVvZR3o,view_count,43193,2026-08-12T18:27:38.719565+07:00,youtube_public_v1,PUBLIC,KrhZPl2oEhDQTEvQ7
youtube,Rtn_0IcMeNE,view_count,36597,2026-08-12T18:19:17.797329+07:00,youtube_public_v1,PUBLIC,O7Ip4BBhplAR5qEow
youtube,p2wXCARtCZY,view_count,89195,2026-08-12T18:20:46.329803+07:00,youtube_public_v1,PUBLIC,O7Ip4BBhplAR5qEow
youtube,pBF0L68Jy-8,view_count,122831,2026-08-12T18:19:17.797329+07:00,youtube_public_v1,PUBLIC,O7Ip4BBhplAR5qEow
youtube,Uc0cvdfztoM,view_count,34914,2026-08-12T18:22:37.095894+07:00,youtube_public_v1,PUBLIC,mMchsOQbKOWZc6eCA
youtube,f5jbGd0Q5nI,view_count,100920,2026-08-12T18:27:38.719565+07:00,youtube_public_v1,PUBLIC,0URFluhoQGte6mTcr
youtube,f5jbGd0Q5nI,like_count,572,2026-08-12T18:27:38.719565+07:00,youtube_public_v1,PUBLIC,0URFluhoQGte6mTcr
youtube,f5jbGd0Q5nI,comment_count,49,2026-08-12T18:27:38.719565+07:00,youtube_public_v1,PUBLIC,0URFluhoQGte6mTcr
youtube,hualBne3jsg,view_count,4222,2026-08-12T18:27:38.719565+07:00,youtube_public_v1,PUBLIC,KrhZPl2oEhDQTEvQ7
youtube,QBwtnjKVZRI,view_count,13850,2026-08-12T18:25:04.193801+07:00,youtube_public_v1,PUBLIC,Sp3XLaxMZhJUn7saF
youtube,M125mqGOrew,view_count,113122,2026-08-12T18:25:04.193801+07:00,youtube_public_v1,PUBLIC,Sp3XLaxMZhJUn7saF
youtube,iRT26v0cC6I,view_count,58538,2026-08-12T18:27:38.719565+07:00,youtube_public_v1,PUBLIC,KrhZPl2oEhDQTEvQ7
youtube,XPZp3avDfoY,view_count,22714,2026-08-12T18:20:46.329803+07:00,youtube_public_v1,PUBLIC,mhioMI899b3pu5eMP
youtube,dpTPkuw-f7Y,view_count,55319,2026-08-12T18:20:46.329803+07:00,youtube_public_v1,PUBLIC,mhioMI899b3pu5eMP
youtube,izNMccqturw,view_count,5474,2026-08-12T18:27:38.719565+07:00,youtube_public_v1,PUBLIC,KrhZPl2oEhDQTEvQ7
youtube,7R2hCfkL64I,view_count,10754,2026-08-12T18:20:46.329803+07:00,youtube_public_v1,PUBLIC,mhioMI899b3pu5eMP
youtube,YEweFm_4jE0,view_count,158676,2026-08-12T18:25:04.193801+07:00,youtube_public_v1,PUBLIC,Sp3XLaxMZhJUn7saF
youtube,muHBGUXrlvQ,view_count,868828,2026-08-12T18:20:46.329803+07:00,youtube_public_v1,PUBLIC,0URFluhoQGte6mTcr
youtube,muHBGUXrlvQ,like_count,5600,2026-08-12T18:20:46.329803+07:00,youtube_public_v1,PUBLIC,0URFluhoQGte6mTcr
youtube,muHBGUXrlvQ,comment_count,835,2026-08-12T18:20:46.329803+07:00,youtube_public_v1,PUBLIC,0URFluhoQGte6mTcr
youtube,Gkd9JQkhnAg,view_count,492336,2026-08-12T18:27:38.719565+07:00,youtube_public_v1,PUBLIC,0URFluhoQGte6mTcr
youtube,Gkd9JQkhnAg,like_count,1300,2026-08-12T18:27:38.719565+07:00,youtube_public_v1,PUBLIC,0URFluhoQGte6mTcr
youtube,Gkd9JQkhnAg,comment_count,662,2026-08-12T18:27:38.719565+07:00,youtube_public_v1,PUBLIC,0URFluhoQGte6mTcr
youtube,hDLxw49RlvA,view_count,9812,2026-08-12T18:27:38.719565+07:00,youtube_public_v1,PUBLIC,0URFluhoQGte6mTcr
youtube,hDLxw49RlvA,like_count,71,2026-08-12T18:27:38.719565+07:00,youtube_public_v1,PUBLIC,0URFluhoQGte6mTcr
youtube,hDLxw49RlvA,comment_count,3,2026-08-12T18:27:38.719565+07:00,youtube_public_v1,PUBLIC,0URFluhoQGte6mTcr
youtube,NxQuB7BvDRQ,view_count,56648,2026-08-12T18:27:38.719565+07:00,youtube_public_v1,PUBLIC,0URFluhoQGte6mTcr
youtube,NxQuB7BvDRQ,like_count,599,2026-08-12T18:27:38.719565+07:00,youtube_public_v1,PUBLIC,0URFluhoQGte6mTcr
youtube,NxQuB7BvDRQ,comment_count,317,2026-08-12T18:27:38.719565+07:00,youtube_public_v1,PUBLIC,0URFluhoQGte6mTcr
youtube,RPoz4iI069s,view_count,542419,2026-08-12T18:27:38.719565+07:00,youtube_public_v1,PUBLIC,0URFluhoQGte6mTcr
youtube,RPoz4iI069s,like_count,2200,2026-08-12T18:27:38.719565+07:00,youtube_public_v1,PUBLIC,0URFluhoQGte6mTcr
youtube,RPoz4iI069s,comment_count,697,2026-08-12T18:27:38.719565+07:00,youtube_public_v1,PUBLIC,0URFluhoQGte6mTcr
youtube,0U710h7oNcw,view_count,572854,2026-08-12T18:22:37.095894+07:00,youtube_public_v1,PUBLIC,0URFluhoQGte6mTcr
youtube,0U710h7oNcw,like_count,2200,2026-08-12T18:22:37.095894+07:00,youtube_public_v1,PUBLIC,0URFluhoQGte6mTcr
youtube,0U710h7oNcw,comment_count,722,2026-08-12T18:22:37.095894+07:00,youtube_public_v1,PUBLIC,0URFluhoQGte6mTcr
youtube,7zEhzQuHFcY,view_count,663426,2026-08-12T18:27:38.719565+07:00,youtube_public_v1,PUBLIC,KrhZPl2oEhDQTEvQ7
youtube,jQiHsjtqtCc,view_count,2261742,2026-08-12T18:20:46.329803+07:00,youtube_public_v1,PUBLIC,mhioMI899b3pu5eMP
youtube,LY_ZV3zxQGo,view_count,319855,2026-08-12T18:27:38.719565+07:00,youtube_public_v1,PUBLIC,KrhZPl2oEhDQTEvQ7
youtube,RLgSR4D1H9U,view_count,53475,2026-08-12T18:25:04.193801+07:00,youtube_public_v1,PUBLIC,Sp3XLaxMZhJUn7saF
youtube,Q4RYT2viPIs,view_count,558479,2026-08-12T18:25:04.193801+07:00,youtube_public_v1,PUBLIC,0URFluhoQGte6mTcr
youtube,Q4RYT2viPIs,like_count,2200,2026-08-12T18:25:04.193801+07:00,youtube_public_v1,PUBLIC,0URFluhoQGte6mTcr
youtube,Q4RYT2viPIs,comment_count,740,2026-08-12T18:25:04.193801+07:00,youtube_public_v1,PUBLIC,0URFluhoQGte6mTcr
youtube,QLpds55ksNo,view_count,2076649,2026-08-12T18:22:37.095894+07:00,youtube_public_v1,PUBLIC,mMchsOQbKOWZc6eCA
youtube,HIFVrg-3Yt4,view_count,166131,2026-08-12T18:27:38.719565+07:00,youtube_public_v1,PUBLIC,KrhZPl2oEhDQTEvQ7
youtube,BjBnDs6B4ds,view_count,125324,2026-08-12T18:20:46.329803+07:00,youtube_public_v1,PUBLIC,mhioMI899b3pu5eMP
youtube,BZbQDk5gcHo,view_count,85039,2026-08-12T18:20:46.329803+07:00,youtube_public_v1,PUBLIC,mhioMI899b3pu5eMP
youtube,yJBaBS7rGv8,view_count,977839,2026-08-12T18:25:04.193801+07:00,youtube_public_v1,PUBLIC,Sp3XLaxMZhJUn7saF
youtube,yUsmFbwoG78,view_count,2529952,2026-08-12T18:22:37.095894+07:00,youtube_public_v1,PUBLIC,mMchsOQbKOWZc6eCA
youtube,wYNKlMRJY8w,view_count,2106872,2026-08-12T18:22:37.095894+07:00,youtube_public_v1,PUBLIC,mMchsOQbKOWZc6eCA
youtube,NNwPDi0zM8E,view_count,214576,2026-08-12T18:22:37.095894+07:00,youtube_public_v1,PUBLIC,mMchsOQbKOWZc6eCA
youtube,yoypyjngUJw,view_count,1961485,2026-08-12T18:25:04.193801+07:00,youtube_public_v1,PUBLIC,Sp3XLaxMZhJUn7saF
youtube,CM5lShwK8Ck,view_count,166818,2026-08-12T18:22:37.095894+07:00,youtube_public_v1,PUBLIC,mMchsOQbKOWZc6eCA
youtube,5X3-IYubPuI,view_count,4396,2026-08-12T18:27:38.719565+07:00,youtube_public_v1,PUBLIC,KrhZPl2oEhDQTEvQ7
youtube,-pph2VsT8KY,view_count,3629,2026-08-12T18:27:38.719565+07:00,youtube_public_v1,PUBLIC,KrhZPl2oEhDQTEvQ7
youtube,qzVYaJGcz0I,view_count,5335595,2026-08-12T18:25:04.193801+07:00,youtube_public_v1,PUBLIC,Sp3XLaxMZhJUn7saF
youtube,1dVhHTzFSK0,view_count,766878,2026-08-12T18:22:37.095894+07:00,youtube_public_v1,PUBLIC,0URFluhoQGte6mTcr
youtube,1dVhHTzFSK0,like_count,3300,2026-08-12T18:22:37.095894+07:00,youtube_public_v1,PUBLIC,0URFluhoQGte6mTcr
youtube,1dVhHTzFSK0,comment_count,721,2026-08-12T18:22:37.095894+07:00,youtube_public_v1,PUBLIC,0URFluhoQGte6mTcr
youtube,9dtlccDHhc4,view_count,17447,2026-08-12T18:25:04.193801+07:00,youtube_public_v1,PUBLIC,Sp3XLaxMZhJUn7saF
youtube,Xrpq7NENt3Y,view_count,2057880,2026-08-12T18:22:37.095894+07:00,youtube_public_v1,PUBLIC,mMchsOQbKOWZc6eCA
youtube,n9RBP2AcvpI,view_count,368261,2026-08-12T18:25:04.193801+07:00,youtube_public_v1,PUBLIC,Sp3XLaxMZhJUn7saF
youtube,NF6sVrEp0VM,view_count,750615,2026-08-12T18:25:04.193801+07:00,youtube_public_v1,PUBLIC,0URFluhoQGte6mTcr
youtube,NF6sVrEp0VM,like_count,4000,2026-08-12T18:25:04.193801+07:00,youtube_public_v1,PUBLIC,0URFluhoQGte6mTcr
youtube,NF6sVrEp0VM,comment_count,643,2026-08-12T18:25:04.193801+07:00,youtube_public_v1,PUBLIC,0URFluhoQGte6mTcr
youtube,RYaLkq6BFFI,view_count,175524,2026-08-12T18:25:04.193801+07:00,youtube_public_v1,PUBLIC,Sp3XLaxMZhJUn7saF
youtube,erQuOIgwRrI,view_count,48002,2026-08-12T18:25:04.193801+07:00,youtube_public_v1,PUBLIC,Sp3XLaxMZhJUn7saF
youtube,_rpnZCh6Puc,view_count,22997,2026-08-12T18:25:04.193801+07:00,youtube_public_v1,PUBLIC,Sp3XLaxMZhJUn7saF
youtube,qGiAyvKI7c8,view_count,7401,2026-08-12T18:25:04.193801+07:00,youtube_public_v1,PUBLIC,Sp3XLaxMZhJUn7saF
youtube,iWRx2pDCtHg,view_count,36824,2026-08-12T18:27:38.719565+07:00,youtube_public_v1,PUBLIC,KrhZPl2oEhDQTEvQ7
youtube,x92Ma0AO0uQ,view_count,1980527,2026-08-12T18:25:04.193801+07:00,youtube_public_v1,PUBLIC,Sp3XLaxMZhJUn7saF
youtube,ydU08HhBqHE,view_count,2042,2026-08-12T18:25:04.193801+07:00,youtube_public_v1,PUBLIC,Sp3XLaxMZhJUn7saF
youtube,htojrExq07w,view_count,163035,2026-08-12T18:25:04.193801+07:00,youtube_public_v1,PUBLIC,Sp3XLaxMZhJUn7saF
youtube,e2HNy-md6-8,view_count,127593,2026-08-12T18:25:04.193801+07:00,youtube_public_v1,PUBLIC,Sp3XLaxMZhJUn7saF
youtube,nFfF5elyVWM,view_count,49556,2026-08-12T18:27:38.719565+07:00,youtube_public_v1,PUBLIC,0URFluhoQGte6mTcr
youtube,nFfF5elyVWM,like_count,267,2026-08-12T18:27:38.719565+07:00,youtube_public_v1,PUBLIC,0URFluhoQGte6mTcr
youtube,nFfF5elyVWM,comment_count,11,2026-08-12T18:27:38.719565+07:00,youtube_public_v1,PUBLIC,0URFluhoQGte6mTcr
youtube,NVklplTUoOk,view_count,5209,2026-08-12T18:27:38.719565+07:00,youtube_public_v1,PUBLIC,KrhZPl2oEhDQTEvQ7
youtube,Vw0XPXf0CJQ,view_count,2449,2026-08-12T18:27:38.719565+07:00,youtube_public_v1,PUBLIC,KrhZPl2oEhDQTEvQ7
youtube,r2tWzp0Yu58,view_count,1580,2026-08-12T18:27:38.719565+07:00,youtube_public_v1,PUBLIC,KrhZPl2oEhDQTEvQ7
youtube,MuhQEIKehno,view_count,29517,2026-08-12T18:27:38.719565+07:00,youtube_public_v1,PUBLIC,0URFluhoQGte6mTcr
youtube,MuhQEIKehno,like_count,96,2026-08-12T18:27:38.719565+07:00,youtube_public_v1,PUBLIC,0URFluhoQGte6mTcr
youtube,MuhQEIKehno,comment_count,3,2026-08-12T18:27:38.719565+07:00,youtube_public_v1,PUBLIC,0URFluhoQGte6mTcr
youtube,WFoPK8WO4_A,view_count,2598,2026-08-12T18:27:38.719565+07:00,youtube_public_v1,PUBLIC,KrhZPl2oEhDQTEvQ7
youtube,LB7GwU8rmEQ,view_count,10944,2026-08-12T18:27:38.719565+07:00,youtube_public_v1,PUBLIC,KrhZPl2oEhDQTEvQ7
youtube,auqe4NRQdXQ,view_count,48778,2026-08-12T18:27:38.719565+07:00,youtube_public_v1,PUBLIC,KrhZPl2oEhDQTEvQ7
youtube,TTUPhMx9Z_8,view_count,6730,2026-08-12T18:27:38.719565+07:00,youtube_public_v1,PUBLIC,KrhZPl2oEhDQTEvQ7
youtube,CsINXtEAbaI,view_count,564239,2026-08-12T18:27:38.719565+07:00,youtube_public_v1,PUBLIC,0URFluhoQGte6mTcr
youtube,CsINXtEAbaI,like_count,1900,2026-08-12T18:27:38.719565+07:00,youtube_public_v1,PUBLIC,0URFluhoQGte6mTcr
youtube,CsINXtEAbaI,comment_count,703,2026-08-12T18:27:38.719565+07:00,youtube_public_v1,PUBLIC,0URFluhoQGte6mTcr
youtube,jVhuYG-TVV8,view_count,48544,2026-08-12T18:27:38.719565+07:00,youtube_public_v1,PUBLIC,KrhZPl2oEhDQTEvQ7
youtube,utMD3Os5Z0c,view_count,18656,2026-08-12T18:27:38.719565+07:00,youtube_public_v1,PUBLIC,KrhZPl2oEhDQTEvQ7
youtube,-wjyaKjtXeg,view_count,2187,2026-08-12T18:27:38.719565+07:00,youtube_public_v1,PUBLIC,KrhZPl2oEhDQTEvQ7
youtube,KhLBJny21Qk,view_count,679,2026-08-12T18:27:38.719565+07:00,youtube_public_v1,PUBLIC,KrhZPl2oEhDQTEvQ7
youtube,AQk--_LVzgo,view_count,23362,2026-08-12T18:27:38.719565+07:00,youtube_public_v1,PUBLIC,KrhZPl2oEhDQTEvQ7
youtube,KWH8rGUxq70,view_count,35592,2026-08-12T18:27:38.719565+07:00,youtube_public_v1,PUBLIC,KrhZPl2oEhDQTEvQ7
youtube,6tHBl7w17-k,view_count,57914,2026-08-12T18:27:38.719565+07:00,youtube_public_v1,PUBLIC,KrhZPl2oEhDQTEvQ7
youtube,bHi6kaIQ7eQ,view_count,22187,2026-08-12T18:27:38.719565+07:00,youtube_public_v1,PUBLIC,KrhZPl2oEhDQTEvQ7
youtube,vYNorAw0_C8,view_count,2855,2026-08-12T18:27:38.719565+07:00,youtube_public_v1,PUBLIC,KrhZPl2oEhDQTEvQ7
youtube,8gKPBP1iHrc,view_count,9348,2026-08-12T18:27:38.719565+07:00,youtube_public_v1,PUBLIC,KrhZPl2oEhDQTEvQ7
youtube,fuXwuDEW_z4,view_count,22809,2026-08-12T18:27:38.719565+07:00,youtube_public_v1,PUBLIC,KrhZPl2oEhDQTEvQ7
youtube,yx3TCwLDH8A,view_count,16840,2026-08-12T14:46:24.722846+07:00,youtube_public_v1,PUBLIC,sDohYjzPWy7mI5wyY
youtube,d9ARkVZNOAo,view_count,56235,2026-08-12T14:46:24.722846+07:00,youtube_public_v1,PUBLIC,sDohYjzPWy7mI5wyY
youtube,sEy5uwV0c8g,view_count,279354,2026-08-12T14:46:24.722846+07:00,youtube_public_v1,PUBLIC,sDohYjzPWy7mI5wyY
youtube,Q8T5XsFzv3A,view_count,465972,2026-08-12T14:46:24.722846+07:00,youtube_public_v1,PUBLIC,sDohYjzPWy7mI5wyY
youtube,rH-BcF0ANDU,view_count,227420,2026-08-12T14:46:24.722846+07:00,youtube_public_v1,PUBLIC,sDohYjzPWy7mI5wyY
youtube,L8X9R3k0Zh4,view_count,204466,2026-08-12T14:46:24.722846+07:00,youtube_public_v1,PUBLIC,sDohYjzPWy7mI5wyY
youtube,nx7_UYVzRGo,view_count,205184,2026-08-12T14:46:24.722846+07:00,youtube_public_v1,PUBLIC,sDohYjzPWy7mI5wyY
youtube,Jub1VU98C1Q,view_count,379762,2026-08-12T14:46:24.722846+07:00,youtube_public_v1,PUBLIC,sDohYjzPWy7mI5wyY
youtube,XKTQwzb9jj4,view_count,163887,2026-08-12T14:46:24.722846+07:00,youtube_public_v1,PUBLIC,sDohYjzPWy7mI5wyY
youtube,r6DWdXpC5P4,view_count,126654,2026-08-12T14:46:24.722846+07:00,youtube_public_v1,PUBLIC,sDohYjzPWy7mI5wyY
youtube,OqAe-TYiNAM,view_count,107994,2026-08-12T14:46:24.722846+07:00,youtube_public_v1,PUBLIC,sDohYjzPWy7mI5wyY
youtube,Jfxbg-kmBh4,view_count,62323,2026-08-12T14:46:24.722846+07:00,youtube_public_v1,PUBLIC,sDohYjzPWy7mI5wyY
youtube,AGixMS3FM_Q,view_count,213198,2026-08-12T14:46:24.722846+07:00,youtube_public_v1,PUBLIC,sDohYjzPWy7mI5wyY
youtube,wiMXWg8Bs84,view_count,870606,2026-08-12T14:50:04.547825+07:00,youtube_public_v1,PUBLIC,cOLkqiE4QZDpmRDxY
youtube,29y5LWY2IEE,view_count,260721,2026-08-12T14:50:04.547825+07:00,youtube_public_v1,PUBLIC,cOLkqiE4QZDpmRDxY
youtube,J-RNLP3TQm4,view_count,1376817,2026-08-12T14:50:04.547825+07:00,youtube_public_v1,PUBLIC,cOLkqiE4QZDpmRDxY
youtube,zd0CAgpfsE0,view_count,423482,2026-08-12T14:50:04.547825+07:00,youtube_public_v1,PUBLIC,cOLkqiE4QZDpmRDxY
youtube,kla56DBpEDA,view_count,1209179,2026-08-12T14:50:04.547825+07:00,youtube_public_v1,PUBLIC,cOLkqiE4QZDpmRDxY
youtube,gWs3Xg3275w,view_count,134467,2026-08-12T14:51:53.225057+07:00,youtube_public_v1,PUBLIC,Nh4JqO4i7IRLb6s7d
youtube,3cxHAhm0FJ4,view_count,602932,2026-08-12T14:51:53.225057+07:00,youtube_public_v1,PUBLIC,Nh4JqO4i7IRLb6s7d
youtube,sckP4Xr-h8g,view_count,1221508,2026-08-12T14:51:53.225057+07:00,youtube_public_v1,PUBLIC,Nh4JqO4i7IRLb6s7d
youtube,kIkwE9eZx2Q,view_count,398456,2026-08-12T14:51:53.225057+07:00,youtube_public_v1,PUBLIC,3ASNkmVShnLEBLTFu
youtube,kIkwE9eZx2Q,like_count,2900,2026-08-12T14:51:53.225057+07:00,youtube_public_v1,PUBLIC,3ASNkmVShnLEBLTFu
youtube,kIkwE9eZx2Q,comment_count,90,2026-08-12T14:51:53.225057+07:00,youtube_public_v1,PUBLIC,3ASNkmVShnLEBLTFu
youtube,RTE6kR2rufk,view_count,12665,2026-08-12T14:53:12.194507+07:00,youtube_public_v1,PUBLIC,k1vmCWfsVnHkg5h1g
youtube,CPsUmdS8Rx0,view_count,7566,2026-08-12T14:53:12.194507+07:00,youtube_public_v1,PUBLIC,k1vmCWfsVnHkg5h1g
youtube,TGh7SAazXHY,view_count,19587,2026-08-12T14:53:12.194507+07:00,youtube_public_v1,PUBLIC,k1vmCWfsVnHkg5h1g
youtube,hQOGH-SYg0Y,view_count,20936,2026-08-12T14:53:12.194507+07:00,youtube_public_v1,PUBLIC,k1vmCWfsVnHkg5h1g
youtube,KmmpJ0sacDQ,view_count,5557,2026-08-12T14:53:12.194507+07:00,youtube_public_v1,PUBLIC,k1vmCWfsVnHkg5h1g
youtube,ztQ5KM0MLwI,view_count,5397,2026-08-12T14:53:12.194507+07:00,youtube_public_v1,PUBLIC,k1vmCWfsVnHkg5h1g
youtube,90PY5Sb3Ox8,view_count,6114,2026-08-12T14:53:12.194507+07:00,youtube_public_v1,PUBLIC,k1vmCWfsVnHkg5h1g
youtube,iZRvAxgVwNg,view_count,8065,2026-08-12T14:53:12.194507+07:00,youtube_public_v1,PUBLIC,k1vmCWfsVnHkg5h1g
youtube,RmO6VPboXZw,view_count,13494,2026-08-12T14:53:12.194507+07:00,youtube_public_v1,PUBLIC,k1vmCWfsVnHkg5h1g
youtube,12xVELNd4Zo,view_count,13210,2026-08-12T14:53:12.194507+07:00,youtube_public_v1,PUBLIC,k1vmCWfsVnHkg5h1g
youtube,N35K-SRhZQ4,view_count,10442,2026-08-12T14:53:12.194507+07:00,youtube_public_v1,PUBLIC,k1vmCWfsVnHkg5h1g
youtube,VDXYN0g38fc,view_count,17948,2026-08-12T14:53:12.194507+07:00,youtube_public_v1,PUBLIC,k1vmCWfsVnHkg5h1g
youtube,3MikVPTV2n0,view_count,27953,2026-08-12T14:53:12.194507+07:00,youtube_public_v1,PUBLIC,k1vmCWfsVnHkg5h1g
youtube,oJfXDYSMbCo,view_count,3770,2026-08-12T14:53:12.194507+07:00,youtube_public_v1,PUBLIC,k1vmCWfsVnHkg5h1g
youtube,14NSFBcIFtM,view_count,37220,2026-08-12T14:53:12.194507+07:00,youtube_public_v1,PUBLIC,k1vmCWfsVnHkg5h1g
youtube,LgAimfVDq5w,view_count,4072,2026-08-12T14:53:12.194507+07:00,youtube_public_v1,PUBLIC,k1vmCWfsVnHkg5h1g
youtube,KdlOfv2-HY4,view_count,15890,2026-08-12T14:53:12.194507+07:00,youtube_public_v1,PUBLIC,k1vmCWfsVnHkg5h1g
youtube,oMRAIwku6e0,view_count,27009,2026-08-12T14:53:12.194507+07:00,youtube_public_v1,PUBLIC,k1vmCWfsVnHkg5h1g
youtube,KyXbK3T00t0,view_count,53611,2026-08-12T18:23:18.852335+07:00,youtube_public_v1,PUBLIC,2UuCLxGY6vuiCAS1f
youtube,p_3XMLQtbio,view_count,3776,2026-08-12T14:53:12.194507+07:00,youtube_public_v1,PUBLIC,k1vmCWfsVnHkg5h1g
youtube,2zIl8OkGMZQ,view_count,4030,2026-08-12T18:22:14.681851+07:00,youtube_public_v1,PUBLIC,AM3Gqf1w9dPMZg4Bs
youtube,EZg15-zg1yU,view_count,4907111,2026-08-12T18:23:18.852335+07:00,youtube_public_v1,PUBLIC,69rQyeVbXBtMUryM9
youtube,EZg15-zg1yU,like_count,12000,2026-08-12T18:23:18.852335+07:00,youtube_public_v1,PUBLIC,69rQyeVbXBtMUryM9
youtube,EZg15-zg1yU,comment_count,394,2026-08-12T18:23:18.852335+07:00,youtube_public_v1,PUBLIC,69rQyeVbXBtMUryM9
youtube,NwU0oVA7Fmg,view_count,950145,2026-08-12T18:23:18.852335+07:00,youtube_public_v1,PUBLIC,2UuCLxGY6vuiCAS1f
youtube,RalC9lWZ_0I,view_count,7711836,2026-08-12T18:22:14.681851+07:00,youtube_public_v1,PUBLIC,69rQyeVbXBtMUryM9
youtube,RalC9lWZ_0I,like_count,31000,2026-08-12T18:22:14.681851+07:00,youtube_public_v1,PUBLIC,69rQyeVbXBtMUryM9
youtube,RalC9lWZ_0I,comment_count,806,2026-08-12T18:22:14.681851+07:00,youtube_public_v1,PUBLIC,69rQyeVbXBtMUryM9
youtube,8sJWiYMfTM8,view_count,3244020,2026-08-12T18:23:56.691362+07:00,youtube_public_v1,PUBLIC,69rQyeVbXBtMUryM9
youtube,8sJWiYMfTM8,like_count,29000,2026-08-12T18:23:56.691362+07:00,youtube_public_v1,PUBLIC,69rQyeVbXBtMUryM9
youtube,8sJWiYMfTM8,comment_count,1499,2026-08-12T18:23:56.691362+07:00,youtube_public_v1,PUBLIC,69rQyeVbXBtMUryM9
youtube,8e5fF7T515o,view_count,4072,2026-08-12T18:22:14.681851+07:00,youtube_public_v1,PUBLIC,AM3Gqf1w9dPMZg4Bs
youtube,hjqlF6GZpvU,view_count,4984,2026-08-12T18:22:14.681851+07:00,youtube_public_v1,PUBLIC,AM3Gqf1w9dPMZg4Bs
youtube,mIJHzYH9ThQ,view_count,248488,2026-08-12T18:22:14.681851+07:00,youtube_public_v1,PUBLIC,AM3Gqf1w9dPMZg4Bs
youtube,N2H8H1TrxTc,view_count,15690310,2026-08-12T18:22:14.681851+07:00,youtube_public_v1,PUBLIC,69rQyeVbXBtMUryM9
youtube,N2H8H1TrxTc,like_count,33000,2026-08-12T18:22:14.681851+07:00,youtube_public_v1,PUBLIC,69rQyeVbXBtMUryM9
youtube,N2H8H1TrxTc,comment_count,1374,2026-08-12T18:22:14.681851+07:00,youtube_public_v1,PUBLIC,69rQyeVbXBtMUryM9
youtube,l-JJC3IPSl0,view_count,6900087,2026-08-12T18:23:56.691362+07:00,youtube_public_v1,PUBLIC,pK5sPN5U0Fpw8ytbI
youtube,Vez84EB04Ig,view_count,2428025,2026-08-12T14:59:29.543287+07:00,youtube_public_v1,PUBLIC,69rQyeVbXBtMUryM9
youtube,Vez84EB04Ig,like_count,13000,2026-08-12T14:59:29.543287+07:00,youtube_public_v1,PUBLIC,69rQyeVbXBtMUryM9
youtube,Vez84EB04Ig,comment_count,831,2026-08-12T14:59:29.543287+07:00,youtube_public_v1,PUBLIC,69rQyeVbXBtMUryM9
youtube,-FpJw3LgWJM,view_count,100,2026-08-12T18:22:14.681851+07:00,youtube_public_v1,PUBLIC,AM3Gqf1w9dPMZg4Bs
youtube,_FRomcOVW5M,view_count,5071,2026-08-12T18:22:14.681851+07:00,youtube_public_v1,PUBLIC,AM3Gqf1w9dPMZg4Bs
youtube,rVFNzTLaIik,view_count,6464147,2026-08-12T14:55:57.664214+07:00,youtube_public_v1,PUBLIC,69rQyeVbXBtMUryM9
youtube,rVFNzTLaIik,like_count,38000,2026-08-12T14:55:57.664214+07:00,youtube_public_v1,PUBLIC,69rQyeVbXBtMUryM9
youtube,rVFNzTLaIik,comment_count,2910,2026-08-12T14:55:57.664214+07:00,youtube_public_v1,PUBLIC,69rQyeVbXBtMUryM9
youtube,i-d6QYIpfyg,view_count,11275976,2026-08-12T18:22:14.681851+07:00,youtube_public_v1,PUBLIC,AM3Gqf1w9dPMZg4Bs
youtube,wAcGtv4OSEg,view_count,26814035,2026-08-12T18:22:14.681851+07:00,youtube_public_v1,PUBLIC,AM3Gqf1w9dPMZg4Bs
youtube,C5Q6uNWWx9s,view_count,3415767,2026-08-12T18:23:18.852335+07:00,youtube_public_v1,PUBLIC,69rQyeVbXBtMUryM9
youtube,C5Q6uNWWx9s,like_count,8000,2026-08-12T18:23:18.852335+07:00,youtube_public_v1,PUBLIC,69rQyeVbXBtMUryM9
youtube,C5Q6uNWWx9s,comment_count,331,2026-08-12T18:23:18.852335+07:00,youtube_public_v1,PUBLIC,69rQyeVbXBtMUryM9
youtube,OLrCW8p48z0,view_count,5912,2026-08-12T18:22:14.681851+07:00,youtube_public_v1,PUBLIC,AM3Gqf1w9dPMZg4Bs
youtube,8-2NakF6WNU,view_count,2213,2026-08-12T18:22:14.681851+07:00,youtube_public_v1,PUBLIC,AM3Gqf1w9dPMZg4Bs
youtube,JBRTpXBh4m4,view_count,567607,2026-08-12T18:22:14.681851+07:00,youtube_public_v1,PUBLIC,69rQyeVbXBtMUryM9
youtube,JBRTpXBh4m4,like_count,3800,2026-08-12T18:22:14.681851+07:00,youtube_public_v1,PUBLIC,69rQyeVbXBtMUryM9
youtube,JBRTpXBh4m4,comment_count,68,2026-08-12T18:22:14.681851+07:00,youtube_public_v1,PUBLIC,69rQyeVbXBtMUryM9
youtube,bxMI-6QUlT4,view_count,1854652,2026-08-12T18:22:14.681851+07:00,youtube_public_v1,PUBLIC,AM3Gqf1w9dPMZg4Bs
youtube,3AqTm7mt79A,view_count,30797511,2026-08-12T18:22:14.681851+07:00,youtube_public_v1,PUBLIC,AM3Gqf1w9dPMZg4Bs
youtube,E-ns_MOaVEc,view_count,49928,2026-08-12T18:22:14.681851+07:00,youtube_public_v1,PUBLIC,AM3Gqf1w9dPMZg4Bs
youtube,UOrjqcEfxQ0,view_count,11183477,2026-08-12T18:22:14.681851+07:00,youtube_public_v1,PUBLIC,AM3Gqf1w9dPMZg4Bs
youtube,znC9jBVL3Ko,view_count,15986762,2026-08-12T18:22:14.681851+07:00,youtube_public_v1,PUBLIC,AM3Gqf1w9dPMZg4Bs
youtube,F-XWpbIFyoM,view_count,1000177,2026-08-12T18:23:56.691362+07:00,youtube_public_v1,PUBLIC,pK5sPN5U0Fpw8ytbI
youtube,wFuMcQw_uDM,view_count,8529606,2026-08-12T18:23:56.691362+07:00,youtube_public_v1,PUBLIC,pK5sPN5U0Fpw8ytbI
youtube,7z6UHXNnl6E,view_count,7720417,2026-08-12T18:22:14.681851+07:00,youtube_public_v1,PUBLIC,AM3Gqf1w9dPMZg4Bs
youtube,jZsT6fCivMQ,view_count,3828771,2026-08-12T14:57:29.878685+07:00,youtube_public_v1,PUBLIC,19BPcrDoEeNIg89PR
youtube,jovFja8QNVM,view_count,1310031,2026-08-12T14:53:42.428185+07:00,youtube_public_v1,PUBLIC,VfvjyiLQHspIx2k0C
youtube,agXFJH4kvCY,view_count,165038,2026-08-12T14:53:42.428185+07:00,youtube_public_v1,PUBLIC,VfvjyiLQHspIx2k0C
youtube,bQ2RZ03fV8I,view_count,3987411,2026-08-12T14:53:42.428185+07:00,youtube_public_v1,PUBLIC,VfvjyiLQHspIx2k0C
youtube,-ZeKb6-Q0WA,view_count,4910,2026-08-12T18:23:18.852335+07:00,youtube_public_v1,PUBLIC,2UuCLxGY6vuiCAS1f
youtube,W-rPHHb69Ac,view_count,437907,2026-08-12T18:23:18.852335+07:00,youtube_public_v1,PUBLIC,2UuCLxGY6vuiCAS1f
youtube,LyVQuIBDsaY,view_count,4884,2026-08-12T18:23:18.852335+07:00,youtube_public_v1,PUBLIC,2UuCLxGY6vuiCAS1f
youtube,MrahF2FL684,view_count,50634,2026-08-12T18:23:18.852335+07:00,youtube_public_v1,PUBLIC,2UuCLxGY6vuiCAS1f
youtube,sOjdnLRLzLw,view_count,169747,2026-08-12T18:23:18.852335+07:00,youtube_public_v1,PUBLIC,2UuCLxGY6vuiCAS1f
youtube,o0D2r2KnO_w,view_count,5573861,2026-08-12T14:57:29.878685+07:00,youtube_public_v1,PUBLIC,69rQyeVbXBtMUryM9
youtube,o0D2r2KnO_w,like_count,42000,2026-08-12T14:57:29.878685+07:00,youtube_public_v1,PUBLIC,69rQyeVbXBtMUryM9
youtube,o0D2r2KnO_w,comment_count,2159,2026-08-12T14:57:29.878685+07:00,youtube_public_v1,PUBLIC,69rQyeVbXBtMUryM9
youtube,pBfvGBND8bY,view_count,8717,2026-08-12T18:23:18.852335+07:00,youtube_public_v1,PUBLIC,2UuCLxGY6vuiCAS1f
youtube,YJiyJuTUxzg,view_count,6929,2026-08-12T18:23:18.852335+07:00,youtube_public_v1,PUBLIC,2UuCLxGY6vuiCAS1f
youtube,fnIaGIH5rpI,view_count,16854,2026-08-12T18:23:18.852335+07:00,youtube_public_v1,PUBLIC,2UuCLxGY6vuiCAS1f
youtube,O3gwIWZ0i3U,view_count,12816,2026-08-12T18:23:18.852335+07:00,youtube_public_v1,PUBLIC,2UuCLxGY6vuiCAS1f
youtube,KMHbZxk-B1s,view_count,827,2026-08-12T18:23:18.852335+07:00,youtube_public_v1,PUBLIC,2UuCLxGY6vuiCAS1f
youtube,J0KYHXjnmIw,view_count,1104,2026-08-12T18:23:18.852335+07:00,youtube_public_v1,PUBLIC,2UuCLxGY6vuiCAS1f
youtube,qqro2si2g04,view_count,9297,2026-08-12T18:23:18.852335+07:00,youtube_public_v1,PUBLIC,2UuCLxGY6vuiCAS1f
youtube,W5UdFKhlQlM,view_count,135782,2026-08-12T18:23:18.852335+07:00,youtube_public_v1,PUBLIC,2UuCLxGY6vuiCAS1f
youtube,3X7YVwu2M6Y,view_count,2159,2026-08-12T18:23:18.852335+07:00,youtube_public_v1,PUBLIC,2UuCLxGY6vuiCAS1f
youtube,6_I6tJKvbjg,view_count,93123,2026-08-12T18:23:18.852335+07:00,youtube_public_v1,PUBLIC,2UuCLxGY6vuiCAS1f
youtube,gpEhYG81MVU,view_count,17122,2026-08-12T18:23:18.852335+07:00,youtube_public_v1,PUBLIC,2UuCLxGY6vuiCAS1f
youtube,7S7PHMgu0Kk,view_count,2123,2026-08-12T18:23:18.852335+07:00,youtube_public_v1,PUBLIC,2UuCLxGY6vuiCAS1f
youtube,zXpmnZY2hyc,view_count,10085,2026-08-12T18:23:18.852335+07:00,youtube_public_v1,PUBLIC,2UuCLxGY6vuiCAS1f
youtube,jL8MOL-ULWY,view_count,11366,2026-08-12T18:23:18.852335+07:00,youtube_public_v1,PUBLIC,2UuCLxGY6vuiCAS1f
youtube,AzuI-GX7p8I,view_count,849,2026-08-12T18:23:56.691362+07:00,youtube_public_v1,PUBLIC,pK5sPN5U0Fpw8ytbI
youtube,FtFo5GV8mUs,view_count,45167,2026-08-12T18:23:56.691362+07:00,youtube_public_v1,PUBLIC,pK5sPN5U0Fpw8ytbI
youtube,x6O2mmM5DOo,view_count,67537,2026-08-12T18:23:56.691362+07:00,youtube_public_v1,PUBLIC,pK5sPN5U0Fpw8ytbI
youtube,aOBQIVuOQ9U,view_count,5746,2026-08-12T18:23:56.691362+07:00,youtube_public_v1,PUBLIC,pK5sPN5U0Fpw8ytbI
youtube,W_Fd968ntaw,view_count,964386,2026-08-12T18:23:56.691362+07:00,youtube_public_v1,PUBLIC,pK5sPN5U0Fpw8ytbI
youtube,hhTqIXDgb9s,view_count,48010,2026-08-12T18:23:56.691362+07:00,youtube_public_v1,PUBLIC,pK5sPN5U0Fpw8ytbI
youtube,KLzFNuY8fuM,view_count,664,2026-08-12T18:23:56.691362+07:00,youtube_public_v1,PUBLIC,pK5sPN5U0Fpw8ytbI
youtube,FZuz2kgMtZo,view_count,1139,2026-08-12T18:23:56.691362+07:00,youtube_public_v1,PUBLIC,pK5sPN5U0Fpw8ytbI
youtube,GtAvip4ZWuw,view_count,1583,2026-08-12T18:23:56.691362+07:00,youtube_public_v1,PUBLIC,pK5sPN5U0Fpw8ytbI
youtube,Ur5fRba1vZ0,view_count,467,2026-08-12T18:23:56.691362+07:00,youtube_public_v1,PUBLIC,pK5sPN5U0Fpw8ytbI
youtube,MqeWXxa9sTQ,view_count,654,2026-08-12T18:23:56.691362+07:00,youtube_public_v1,PUBLIC,pK5sPN5U0Fpw8ytbI
youtube,XtjIunWehek,view_count,803217,2026-08-12T18:23:56.691362+07:00,youtube_public_v1,PUBLIC,pK5sPN5U0Fpw8ytbI
youtube,fy4ISHK-rhc,view_count,1121,2026-08-12T18:23:56.691362+07:00,youtube_public_v1,PUBLIC,pK5sPN5U0Fpw8ytbI
youtube,uDbRRqShuww,view_count,1593,2026-08-12T18:23:56.691362+07:00,youtube_public_v1,PUBLIC,pK5sPN5U0Fpw8ytbI
youtube,Lyf0tW-y5zg,view_count,507,2026-08-12T18:23:56.691362+07:00,youtube_public_v1,PUBLIC,pK5sPN5U0Fpw8ytbI
youtube,by6OmYrXqOI,view_count,334,2026-08-12T18:23:56.691362+07:00,youtube_public_v1,PUBLIC,pK5sPN5U0Fpw8ytbI
youtube,HDD3aHG4IJ4,view_count,913,2026-08-12T18:23:56.691362+07:00,youtube_public_v1,PUBLIC,pK5sPN5U0Fpw8ytbI
youtube,8XkJeolgyP0,view_count,799,2026-08-12T18:23:56.691362+07:00,youtube_public_v1,PUBLIC,pK5sPN5U0Fpw8ytbI
youtube,L8CuKSXpO5g,view_count,27124,2026-08-12T18:23:56.691362+07:00,youtube_public_v1,PUBLIC,pK5sPN5U0Fpw8ytbI
youtube,nfrHqKsZnZQ,view_count,29975,2026-08-12T18:23:56.691362+07:00,youtube_public_v1,PUBLIC,pK5sPN5U0Fpw8ytbI
youtube,9jxFRv-F2u4,view_count,40152,2026-08-12T18:23:56.691362+07:00,youtube_public_v1,PUBLIC,pK5sPN5U0Fpw8ytbI
youtube,9hmI6He11h0,view_count,4096305,2026-08-12T18:23:56.691362+07:00,youtube_public_v1,PUBLIC,pK5sPN5U0Fpw8ytbI
youtube,OEPrOCJ5c88,view_count,633,2026-08-12T18:23:56.691362+07:00,youtube_public_v1,PUBLIC,pK5sPN5U0Fpw8ytbI
youtube,tL7A9rtGj2w,view_count,690,2026-08-12T18:23:56.691362+07:00,youtube_public_v1,PUBLIC,pK5sPN5U0Fpw8ytbI
youtube,l9DsGBrIhVc,view_count,30079,2026-08-12T14:55:57.664214+07:00,youtube_public_v1,PUBLIC,D3OFBCcaPPJHdWyMk
youtube,m4pJxkMSldw,view_count,56157,2026-08-12T14:55:57.664214+07:00,youtube_public_v1,PUBLIC,D3OFBCcaPPJHdWyMk
youtube,w1szqhCTAtQ,view_count,3975,2026-08-12T14:55:57.664214+07:00,youtube_public_v1,PUBLIC,D3OFBCcaPPJHdWyMk
youtube,aVY8Lp5kees,view_count,44584,2026-08-12T14:55:57.664214+07:00,youtube_public_v1,PUBLIC,D3OFBCcaPPJHdWyMk
youtube,mRFJMrHiTeM,view_count,42843,2026-08-12T14:55:57.664214+07:00,youtube_public_v1,PUBLIC,D3OFBCcaPPJHdWyMk
youtube,FjkWKmrKTck,view_count,16195,2026-08-12T14:55:57.664214+07:00,youtube_public_v1,PUBLIC,D3OFBCcaPPJHdWyMk
youtube,r1XggxeYnrk,view_count,127501,2026-08-12T14:55:57.664214+07:00,youtube_public_v1,PUBLIC,D3OFBCcaPPJHdWyMk
youtube,Z596bs-19lg,view_count,188668,2026-08-12T14:55:57.664214+07:00,youtube_public_v1,PUBLIC,D3OFBCcaPPJHdWyMk
youtube,UuS8C-N80Kc,view_count,4127,2026-08-12T14:55:57.664214+07:00,youtube_public_v1,PUBLIC,D3OFBCcaPPJHdWyMk
youtube,3t-kWAMJ0I4,view_count,6387,2026-08-12T14:55:57.664214+07:00,youtube_public_v1,PUBLIC,D3OFBCcaPPJHdWyMk
youtube,45zm3CqZ7YQ,view_count,44864,2026-08-12T14:55:57.664214+07:00,youtube_public_v1,PUBLIC,D3OFBCcaPPJHdWyMk
youtube,Zp5Gpp1pdcY,view_count,286975,2026-08-12T14:55:57.664214+07:00,youtube_public_v1,PUBLIC,D3OFBCcaPPJHdWyMk
youtube,3CWxfmkpt0c,view_count,1924363,2026-08-12T14:55:57.664214+07:00,youtube_public_v1,PUBLIC,D3OFBCcaPPJHdWyMk
youtube,Ddzw-OCra_E,view_count,48136,2026-08-12T14:55:57.664214+07:00,youtube_public_v1,PUBLIC,D3OFBCcaPPJHdWyMk
youtube,BhIpdoPtYtU,view_count,1040774,2026-08-12T14:55:57.664214+07:00,youtube_public_v1,PUBLIC,D3OFBCcaPPJHdWyMk
youtube,Rf9qIU_fke4,view_count,92182,2026-08-12T14:55:57.664214+07:00,youtube_public_v1,PUBLIC,D3OFBCcaPPJHdWyMk
youtube,ErsghXrDxuA,view_count,12078,2026-08-12T14:55:57.664214+07:00,youtube_public_v1,PUBLIC,D3OFBCcaPPJHdWyMk
youtube,sczv4FtsRNo,view_count,252364,2026-08-12T14:55:57.664214+07:00,youtube_public_v1,PUBLIC,D3OFBCcaPPJHdWyMk
youtube,Gs_lrVqVs4Y,view_count,2547963,2026-08-12T14:55:57.664214+07:00,youtube_public_v1,PUBLIC,D3OFBCcaPPJHdWyMk
youtube,QoZJTFSZEkc,view_count,10520,2026-08-12T14:55:57.664214+07:00,youtube_public_v1,PUBLIC,D3OFBCcaPPJHdWyMk
youtube,F9JHV_2hiNA,view_count,1422271,2026-08-12T14:55:57.664214+07:00,youtube_public_v1,PUBLIC,D3OFBCcaPPJHdWyMk
youtube,7Sp27Mo2w7o,view_count,1127,2026-08-12T14:55:57.664214+07:00,youtube_public_v1,PUBLIC,D3OFBCcaPPJHdWyMk
youtube,g504z4U7c_A,view_count,106139,2026-08-12T14:55:57.664214+07:00,youtube_public_v1,PUBLIC,D3OFBCcaPPJHdWyMk
youtube,JhyRCUjmvyA,view_count,151988,2026-08-12T14:55:57.664214+07:00,youtube_public_v1,PUBLIC,D3OFBCcaPPJHdWyMk
youtube,GfVtagnzFGc,view_count,12528,2026-08-12T14:55:57.664214+07:00,youtube_public_v1,PUBLIC,D3OFBCcaPPJHdWyMk
youtube,XDqZwQB4TEQ,view_count,5528,2026-08-12T14:55:57.664214+07:00,youtube_public_v1,PUBLIC,D3OFBCcaPPJHdWyMk
youtube,N4c9ikpnuGc,view_count,1300517,2026-08-12T14:55:57.664214+07:00,youtube_public_v1,PUBLIC,D3OFBCcaPPJHdWyMk
youtube,d7DPHCXqisY,view_count,29882,2026-08-12T14:55:57.664214+07:00,youtube_public_v1,PUBLIC,D3OFBCcaPPJHdWyMk
youtube,l9T6mnXK45U,view_count,727015,2026-08-12T14:57:29.878685+07:00,youtube_public_v1,PUBLIC,19BPcrDoEeNIg89PR
youtube,y-SG6wyleYE,view_count,597545,2026-08-12T14:57:29.878685+07:00,youtube_public_v1,PUBLIC,19BPcrDoEeNIg89PR
youtube,W6TN7o80mTA,view_count,1374664,2026-08-12T14:57:29.878685+07:00,youtube_public_v1,PUBLIC,19BPcrDoEeNIg89PR
youtube,wQj5CJoysCA,view_count,515574,2026-08-12T14:57:29.878685+07:00,youtube_public_v1,PUBLIC,19BPcrDoEeNIg89PR
youtube,tFt8WhuIsLY,view_count,595230,2026-08-12T14:57:29.878685+07:00,youtube_public_v1,PUBLIC,19BPcrDoEeNIg89PR
youtube,N3N61dT-8FE,view_count,475931,2026-08-12T14:57:29.878685+07:00,youtube_public_v1,PUBLIC,19BPcrDoEeNIg89PR
youtube,mrA8KPqWK7Y,view_count,142563,2026-08-12T14:57:29.878685+07:00,youtube_public_v1,PUBLIC,19BPcrDoEeNIg89PR
youtube,y8TmCh1j1ns,view_count,135316,2026-08-12T14:57:29.878685+07:00,youtube_public_v1,PUBLIC,19BPcrDoEeNIg89PR
youtube,8O3pWOKQHu0,view_count,2092770,2026-08-12T14:57:29.878685+07:00,youtube_public_v1,PUBLIC,69rQyeVbXBtMUryM9
youtube,8O3pWOKQHu0,like_count,5900,2026-08-12T14:57:29.878685+07:00,youtube_public_v1,PUBLIC,69rQyeVbXBtMUryM9
youtube,8O3pWOKQHu0,comment_count,237,2026-08-12T14:57:29.878685+07:00,youtube_public_v1,PUBLIC,69rQyeVbXBtMUryM9
youtube,0bgab4JXLlc,view_count,130874,2026-08-12T14:57:29.878685+07:00,youtube_public_v1,PUBLIC,19BPcrDoEeNIg89PR
youtube,VzEIRcx4EGQ,view_count,103706,2026-08-12T14:57:29.878685+07:00,youtube_public_v1,PUBLIC,19BPcrDoEeNIg89PR
youtube,j_iaMkWq5WU,view_count,2151911,2026-08-12T14:57:29.878685+07:00,youtube_public_v1,PUBLIC,19BPcrDoEeNIg89PR
youtube,HnzWjgfkaNs,view_count,114171,2026-08-12T14:57:29.878685+07:00,youtube_public_v1,PUBLIC,19BPcrDoEeNIg89PR
youtube,1uiUMbz83Yw,view_count,7471029,2026-08-12T14:57:29.878685+07:00,youtube_public_v1,PUBLIC,69rQyeVbXBtMUryM9
youtube,1uiUMbz83Yw,like_count,24000,2026-08-12T14:57:29.878685+07:00,youtube_public_v1,PUBLIC,69rQyeVbXBtMUryM9
youtube,1uiUMbz83Yw,comment_count,1514,2026-08-12T14:57:29.878685+07:00,youtube_public_v1,PUBLIC,69rQyeVbXBtMUryM9
youtube,Iv5ntBE91T8,view_count,2150664,2026-08-12T14:57:29.878685+07:00,youtube_public_v1,PUBLIC,19BPcrDoEeNIg89PR
youtube,MxFG03cESWs,view_count,71750,2026-08-12T14:57:29.878685+07:00,youtube_public_v1,PUBLIC,19BPcrDoEeNIg89PR
youtube,G-9oYGalq2U,view_count,303143,2026-08-12T14:57:29.878685+07:00,youtube_public_v1,PUBLIC,19BPcrDoEeNIg89PR
youtube,w38qxVjMqpw,view_count,42340,2026-08-12T14:57:29.878685+07:00,youtube_public_v1,PUBLIC,19BPcrDoEeNIg89PR
youtube,203Jk7yohFY,view_count,79323,2026-08-12T14:57:29.878685+07:00,youtube_public_v1,PUBLIC,19BPcrDoEeNIg89PR
youtube,ZjYMaSziZvA,view_count,72526,2026-08-12T14:57:29.878685+07:00,youtube_public_v1,PUBLIC,19BPcrDoEeNIg89PR
youtube,KB01NPnXYjs,view_count,52018,2026-08-12T14:57:29.878685+07:00,youtube_public_v1,PUBLIC,19BPcrDoEeNIg89PR
youtube,YEkvhE2CFas,view_count,134094,2026-08-12T14:57:29.878685+07:00,youtube_public_v1,PUBLIC,19BPcrDoEeNIg89PR
youtube,8dq9UvBLE0A,view_count,79681,2026-08-12T14:57:29.878685+07:00,youtube_public_v1,PUBLIC,19BPcrDoEeNIg89PR
youtube,MM0hO7bGBXs,view_count,174688,2026-08-12T14:57:29.878685+07:00,youtube_public_v1,PUBLIC,19BPcrDoEeNIg89PR
youtube,HF82WC7mci8,view_count,4459442,2026-08-12T14:57:29.878685+07:00,youtube_public_v1,PUBLIC,69rQyeVbXBtMUryM9
youtube,HF82WC7mci8,like_count,17000,2026-08-12T14:57:29.878685+07:00,youtube_public_v1,PUBLIC,69rQyeVbXBtMUryM9
youtube,HF82WC7mci8,comment_count,359,2026-08-12T14:57:29.878685+07:00,youtube_public_v1,PUBLIC,69rQyeVbXBtMUryM9
youtube,c9j5j7JjO-Q,view_count,120282,2026-08-12T14:58:20.064472+07:00,youtube_public_v1,PUBLIC,RiHp622Pu4b8mwTlr
youtube,lM2kY7VGXEw,view_count,15922,2026-08-12T14:58:20.064472+07:00,youtube_public_v1,PUBLIC,RiHp622Pu4b8mwTlr
youtube,viCOoqmu46k,view_count,156663,2026-08-12T14:58:20.064472+07:00,youtube_public_v1,PUBLIC,RiHp622Pu4b8mwTlr
youtube,vy61_EqnoKI,view_count,7681,2026-08-12T14:58:20.064472+07:00,youtube_public_v1,PUBLIC,RiHp622Pu4b8mwTlr
youtube,5VQRR7om3tE,view_count,739064,2026-08-12T14:58:20.064472+07:00,youtube_public_v1,PUBLIC,RiHp622Pu4b8mwTlr
youtube,34h1TllevkM,view_count,66908,2026-08-12T14:58:20.064472+07:00,youtube_public_v1,PUBLIC,RiHp622Pu4b8mwTlr
youtube,UYkwXFR8Un4,view_count,1013990,2026-08-12T14:58:20.064472+07:00,youtube_public_v1,PUBLIC,RiHp622Pu4b8mwTlr
youtube,GikA0wEe8Ls,view_count,493338,2026-08-12T14:58:20.064472+07:00,youtube_public_v1,PUBLIC,RiHp622Pu4b8mwTlr
youtube,_2lh6rEwi8Y,view_count,39992,2026-08-12T14:59:29.543287+07:00,youtube_public_v1,PUBLIC,fBWvGtJdlYjsWdOpL
youtube,uXkaPfje5Rw,view_count,9169,2026-08-12T14:59:29.543287+07:00,youtube_public_v1,PUBLIC,fBWvGtJdlYjsWdOpL
youtube,HHW1YjI6RsY,view_count,36977,2026-08-12T14:59:29.543287+07:00,youtube_public_v1,PUBLIC,fBWvGtJdlYjsWdOpL
youtube,vZyjAag1_Xs,view_count,65253,2026-08-12T14:59:29.543287+07:00,youtube_public_v1,PUBLIC,fBWvGtJdlYjsWdOpL
youtube,CIhiuHvCpOU,view_count,13011,2026-08-12T14:59:29.543287+07:00,youtube_public_v1,PUBLIC,fBWvGtJdlYjsWdOpL
youtube,Q6dUvfG9al4,view_count,2182,2026-08-12T14:59:29.543287+07:00,youtube_public_v1,PUBLIC,fBWvGtJdlYjsWdOpL
youtube,74_exZCoH80,view_count,7605,2026-08-12T14:59:29.543287+07:00,youtube_public_v1,PUBLIC,fBWvGtJdlYjsWdOpL
youtube,-0iAxwza3ss,view_count,53707,2026-08-12T14:59:29.543287+07:00,youtube_public_v1,PUBLIC,fBWvGtJdlYjsWdOpL
youtube,0QOhs3M4Dso,view_count,19720,2026-08-12T14:59:29.543287+07:00,youtube_public_v1,PUBLIC,fBWvGtJdlYjsWdOpL
youtube,gYDAs2yEOJ4,view_count,1500991,2026-08-12T14:59:29.543287+07:00,youtube_public_v1,PUBLIC,fBWvGtJdlYjsWdOpL
youtube,EwcdNbLc5wY,view_count,7115,2026-08-12T14:59:29.543287+07:00,youtube_public_v1,PUBLIC,fBWvGtJdlYjsWdOpL
youtube,h7B7usCf-KE,view_count,35985,2026-08-12T14:59:29.543287+07:00,youtube_public_v1,PUBLIC,fBWvGtJdlYjsWdOpL
youtube,d2F7yr9h3c4,view_count,319979,2026-08-12T14:59:29.543287+07:00,youtube_public_v1,PUBLIC,fBWvGtJdlYjsWdOpL
youtube,RUbwl6iLwEo,view_count,124017,2026-08-12T14:59:29.543287+07:00,youtube_public_v1,PUBLIC,fBWvGtJdlYjsWdOpL
youtube,NFbzMPBaD2o,view_count,227916,2026-08-12T14:59:29.543287+07:00,youtube_public_v1,PUBLIC,fBWvGtJdlYjsWdOpL
youtube,z6te6EhobvM,view_count,1433591,2026-08-12T14:59:29.543287+07:00,youtube_public_v1,PUBLIC,fBWvGtJdlYjsWdOpL
youtube,Kq5whFYsz5M,view_count,68679,2026-08-12T14:59:29.543287+07:00,youtube_public_v1,PUBLIC,fBWvGtJdlYjsWdOpL
youtube,zRlTl085lUA,view_count,15552,2026-08-12T14:59:29.543287+07:00,youtube_public_v1,PUBLIC,fBWvGtJdlYjsWdOpL
youtube,pA_mnMHmRik,view_count,6635,2026-08-12T14:59:29.543287+07:00,youtube_public_v1,PUBLIC,fBWvGtJdlYjsWdOpL
youtube,KziI6WmjmeA,view_count,18787,2026-08-12T14:59:29.543287+07:00,youtube_public_v1,PUBLIC,fBWvGtJdlYjsWdOpL
youtube,nBflgnvZ9ec,view_count,51189,2026-08-12T14:59:29.543287+07:00,youtube_public_v1,PUBLIC,fBWvGtJdlYjsWdOpL
youtube,TLCKuo-RUlk,view_count,9557,2026-08-12T14:59:29.543287+07:00,youtube_public_v1,PUBLIC,fBWvGtJdlYjsWdOpL
youtube,GN3LjHNv6XE,view_count,15349,2026-08-12T14:59:29.543287+07:00,youtube_public_v1,PUBLIC,fBWvGtJdlYjsWdOpL
youtube,nqGGuuAfYbU,view_count,23406,2026-08-12T14:59:29.543287+07:00,youtube_public_v1,PUBLIC,fBWvGtJdlYjsWdOpL
youtube,KtzDreosgBg,view_count,77935,2026-08-12T14:59:29.543287+07:00,youtube_public_v1,PUBLIC,fBWvGtJdlYjsWdOpL
youtube,R58oI7z4Zg4,view_count,1171,2026-08-12T14:59:29.543287+07:00,youtube_public_v1,PUBLIC,fBWvGtJdlYjsWdOpL
youtube,Yvs-kXuxzFw,view_count,22082,2026-08-12T14:59:29.543287+07:00,youtube_public_v1,PUBLIC,fBWvGtJdlYjsWdOpL
youtube,yVThX5igmUA,view_count,5173,2026-08-12T14:59:29.543287+07:00,youtube_public_v1,PUBLIC,fBWvGtJdlYjsWdOpL
youtube,Ccmgt9_EOBw,view_count,400242,,youtube_public_v1,PUBLIC,5eIBmqIiLOzg44Gj6
youtube,Ccmgt9_EOBw,like_count,1100,,youtube_public_v1,PUBLIC,5eIBmqIiLOzg44Gj6
youtube,Ccmgt9_EOBw,comment_count,38,,youtube_public_v1,PUBLIC,5eIBmqIiLOzg44Gj6
youtube,zjYcqzWbNJE,view_count,3341495,2026-08-12T13:50:58.446867+07:00,youtube_public_v1,PUBLIC,5eIBmqIiLOzg44Gj6
youtube,zjYcqzWbNJE,like_count,29000,2026-08-12T13:50:58.446867+07:00,youtube_public_v1,PUBLIC,5eIBmqIiLOzg44Gj6
youtube,zjYcqzWbNJE,comment_count,1312,2026-08-12T13:50:58.446867+07:00,youtube_public_v1,PUBLIC,5eIBmqIiLOzg44Gj6
youtube,v330SPYC9lQ,view_count,52980,,youtube_public_v1,PUBLIC,jh0aF6qybmcaGnY7P
youtube,v330SPYC9lQ,like_count,627,,youtube_public_v1,PUBLIC,jh0aF6qybmcaGnY7P
youtube,v330SPYC9lQ,comment_count,21,,youtube_public_v1,PUBLIC,jh0aF6qybmcaGnY7P
youtube,CNirp2pEodU,view_count,4900800,,youtube_public_v1,PUBLIC,5eIBmqIiLOzg44Gj6
youtube,CNirp2pEodU,like_count,27000,,youtube_public_v1,PUBLIC,5eIBmqIiLOzg44Gj6
youtube,CNirp2pEodU,comment_count,2414,,youtube_public_v1,PUBLIC,5eIBmqIiLOzg44Gj6
youtube,mSKr5KR6VcU,view_count,573134,,youtube_public_v1,PUBLIC,5eIBmqIiLOzg44Gj6
youtube,mSKr5KR6VcU,like_count,9500,,youtube_public_v1,PUBLIC,5eIBmqIiLOzg44Gj6
youtube,mSKr5KR6VcU,comment_count,5507,,youtube_public_v1,PUBLIC,5eIBmqIiLOzg44Gj6
youtube,LpT3Y3taiyc,view_count,10544079,,youtube_public_v1,PUBLIC,5eIBmqIiLOzg44Gj6
youtube,LpT3Y3taiyc,like_count,59000,,youtube_public_v1,PUBLIC,5eIBmqIiLOzg44Gj6
youtube,LpT3Y3taiyc,comment_count,12682,,youtube_public_v1,PUBLIC,5eIBmqIiLOzg44Gj6
youtube,O_zFcHYPL1M,view_count,14691,,youtube_public_v1,PUBLIC,5eIBmqIiLOzg44Gj6
youtube,O_zFcHYPL1M,like_count,561,,youtube_public_v1,PUBLIC,5eIBmqIiLOzg44Gj6
youtube,O_zFcHYPL1M,comment_count,11,,youtube_public_v1,PUBLIC,5eIBmqIiLOzg44Gj6
youtube,_ISGANShwvg,view_count,175662,,youtube_public_v1,PUBLIC,5eIBmqIiLOzg44Gj6
youtube,_ISGANShwvg,like_count,2800,,youtube_public_v1,PUBLIC,5eIBmqIiLOzg44Gj6
youtube,_ISGANShwvg,comment_count,185,,youtube_public_v1,PUBLIC,5eIBmqIiLOzg44Gj6
youtube,XYg57khV9gs,view_count,40806,,youtube_public_v1,PUBLIC,jh0aF6qybmcaGnY7P
youtube,XYg57khV9gs,like_count,1600,,youtube_public_v1,PUBLIC,jh0aF6qybmcaGnY7P
youtube,XYg57khV9gs,comment_count,7,,youtube_public_v1,PUBLIC,jh0aF6qybmcaGnY7P
youtube,jXrbxuorXkY,view_count,128706,,youtube_public_v1,PUBLIC,5eIBmqIiLOzg44Gj6
youtube,jXrbxuorXkY,like_count,3800,,youtube_public_v1,PUBLIC,5eIBmqIiLOzg44Gj6
youtube,jXrbxuorXkY,comment_count,40,,youtube_public_v1,PUBLIC,5eIBmqIiLOzg44Gj6
youtube,tRO7AkmBnFk,view_count,163253,,youtube_public_v1,PUBLIC,5eIBmqIiLOzg44Gj6
youtube,tRO7AkmBnFk,like_count,1900,,youtube_public_v1,PUBLIC,5eIBmqIiLOzg44Gj6
youtube,tRO7AkmBnFk,comment_count,74,,youtube_public_v1,PUBLIC,5eIBmqIiLOzg44Gj6
youtube,_FPIgKNr8xs,view_count,76085,,youtube_public_v1,PUBLIC,5eIBmqIiLOzg44Gj6
youtube,_FPIgKNr8xs,like_count,3300,,youtube_public_v1,PUBLIC,5eIBmqIiLOzg44Gj6
youtube,_FPIgKNr8xs,comment_count,36,,youtube_public_v1,PUBLIC,5eIBmqIiLOzg44Gj6
youtube,tMXpylnyi80,view_count,96806,,youtube_public_v1,PUBLIC,5eIBmqIiLOzg44Gj6
youtube,tMXpylnyi80,like_count,3800,,youtube_public_v1,PUBLIC,5eIBmqIiLOzg44Gj6
youtube,tMXpylnyi80,comment_count,17,,youtube_public_v1,PUBLIC,5eIBmqIiLOzg44Gj6
youtube,ZtVl3qoeVvI,view_count,59045,,youtube_public_v1,PUBLIC,5eIBmqIiLOzg44Gj6
youtube,ZtVl3qoeVvI,like_count,1400,,youtube_public_v1,PUBLIC,5eIBmqIiLOzg44Gj6
youtube,ZtVl3qoeVvI,comment_count,67,,youtube_public_v1,PUBLIC,5eIBmqIiLOzg44Gj6
youtube,IAe-Yd3ekrk,view_count,2326,,youtube_public_v1,PUBLIC,jh0aF6qybmcaGnY7P
youtube,IAe-Yd3ekrk,like_count,134,,youtube_public_v1,PUBLIC,jh0aF6qybmcaGnY7P
youtube,IAe-Yd3ekrk,comment_count,1,,youtube_public_v1,PUBLIC,jh0aF6qybmcaGnY7P
youtube,TQ4HRwC3ypQ,view_count,74746,,youtube_public_v1,PUBLIC,jh0aF6qybmcaGnY7P
youtube,TQ4HRwC3ypQ,like_count,1700,,youtube_public_v1,PUBLIC,jh0aF6qybmcaGnY7P
youtube,TQ4HRwC3ypQ,comment_count,6,,youtube_public_v1,PUBLIC,jh0aF6qybmcaGnY7P
youtube,dogY9Zmcmqg,view_count,32747,,youtube_public_v1,PUBLIC,5eIBmqIiLOzg44Gj6
youtube,dogY9Zmcmqg,like_count,1500,,youtube_public_v1,PUBLIC,5eIBmqIiLOzg44Gj6
youtube,dogY9Zmcmqg,comment_count,26,,youtube_public_v1,PUBLIC,5eIBmqIiLOzg44Gj6
youtube,0dj8O8156oc,view_count,53717,,youtube_public_v1,PUBLIC,5eIBmqIiLOzg44Gj6
youtube,0dj8O8156oc,like_count,1100,,youtube_public_v1,PUBLIC,5eIBmqIiLOzg44Gj6
youtube,0dj8O8156oc,comment_count,2,,youtube_public_v1,PUBLIC,5eIBmqIiLOzg44Gj6
youtube,29ah_hweHoE,view_count,79036,,youtube_public_v1,PUBLIC,5eIBmqIiLOzg44Gj6
youtube,29ah_hweHoE,like_count,1500,,youtube_public_v1,PUBLIC,5eIBmqIiLOzg44Gj6
youtube,29ah_hweHoE,comment_count,40,,youtube_public_v1,PUBLIC,5eIBmqIiLOzg44Gj6
youtube,5B7IWaQS51I,view_count,15187,,youtube_public_v1,PUBLIC,5eIBmqIiLOzg44Gj6
youtube,5B7IWaQS51I,like_count,251,,youtube_public_v1,PUBLIC,5eIBmqIiLOzg44Gj6
youtube,5B7IWaQS51I,comment_count,2,,youtube_public_v1,PUBLIC,5eIBmqIiLOzg44Gj6
youtube,6x-4l4nZIdg,view_count,61258,,youtube_public_v1,PUBLIC,jh0aF6qybmcaGnY7P
youtube,6x-4l4nZIdg,like_count,4500,,youtube_public_v1,PUBLIC,jh0aF6qybmcaGnY7P
youtube,6x-4l4nZIdg,comment_count,148,,youtube_public_v1,PUBLIC,jh0aF6qybmcaGnY7P
youtube,t-kGOzvmjMY,view_count,7430,,youtube_public_v1,PUBLIC,5eIBmqIiLOzg44Gj6
youtube,t-kGOzvmjMY,like_count,124,,youtube_public_v1,PUBLIC,5eIBmqIiLOzg44Gj6
youtube,t-kGOzvmjMY,comment_count,1,,youtube_public_v1,PUBLIC,5eIBmqIiLOzg44Gj6
youtube,NGYD6-236yc,view_count,14302,,youtube_public_v1,PUBLIC,5eIBmqIiLOzg44Gj6
youtube,NGYD6-236yc,like_count,712,,youtube_public_v1,PUBLIC,5eIBmqIiLOzg44Gj6
youtube,NGYD6-236yc,comment_count,16,,youtube_public_v1,PUBLIC,5eIBmqIiLOzg44Gj6
youtube,5-0qDNPsqE8,view_count,1930836,,youtube_public_v1,PUBLIC,5eIBmqIiLOzg44Gj6
youtube,5-0qDNPsqE8,like_count,5200,,youtube_public_v1,PUBLIC,5eIBmqIiLOzg44Gj6
youtube,5-0qDNPsqE8,comment_count,0,,youtube_public_v1,PUBLIC,5eIBmqIiLOzg44Gj6
youtube,bRjg_s37aUI,view_count,20238,,youtube_public_v1,PUBLIC,5eIBmqIiLOzg44Gj6
youtube,bRjg_s37aUI,like_count,364,,youtube_public_v1,PUBLIC,5eIBmqIiLOzg44Gj6
youtube,bRjg_s37aUI,comment_count,16,,youtube_public_v1,PUBLIC,5eIBmqIiLOzg44Gj6
youtube,l_uzEREOKfo,view_count,4393687,,youtube_public_v1,PUBLIC,jh0aF6qybmcaGnY7P
youtube,l_uzEREOKfo,like_count,65000,,youtube_public_v1,PUBLIC,jh0aF6qybmcaGnY7P
youtube,l_uzEREOKfo,comment_count,20354,,youtube_public_v1,PUBLIC,jh0aF6qybmcaGnY7P
youtube,xzClnybxdbg,view_count,17373369,,youtube_public_v1,PUBLIC,5eIBmqIiLOzg44Gj6
youtube,xzClnybxdbg,like_count,71000,,youtube_public_v1,PUBLIC,5eIBmqIiLOzg44Gj6
youtube,xzClnybxdbg,comment_count,19779,,youtube_public_v1,PUBLIC,5eIBmqIiLOzg44Gj6
youtube,e6EPRUnbogw,view_count,3152740,2026-08-12T13:50:58.446867+07:00,youtube_public_v1,PUBLIC,5eIBmqIiLOzg44Gj6
youtube,e6EPRUnbogw,like_count,36000,2026-08-12T13:50:58.446867+07:00,youtube_public_v1,PUBLIC,5eIBmqIiLOzg44Gj6
youtube,e6EPRUnbogw,comment_count,5697,2026-08-12T13:50:58.446867+07:00,youtube_public_v1,PUBLIC,5eIBmqIiLOzg44Gj6
youtube,kEwx09hEfiI,view_count,3476519,,youtube_public_v1,PUBLIC,5eIBmqIiLOzg44Gj6
youtube,kEwx09hEfiI,like_count,22000,,youtube_public_v1,PUBLIC,5eIBmqIiLOzg44Gj6
youtube,kEwx09hEfiI,comment_count,10609,,youtube_public_v1,PUBLIC,5eIBmqIiLOzg44Gj6
youtube,Os8em7Yu4Qs,view_count,1878912,,youtube_public_v1,PUBLIC,5eIBmqIiLOzg44Gj6
youtube,Os8em7Yu4Qs,like_count,8300,,youtube_public_v1,PUBLIC,5eIBmqIiLOzg44Gj6
youtube,Os8em7Yu4Qs,comment_count,350,,youtube_public_v1,PUBLIC,5eIBmqIiLOzg44Gj6
youtube,HvtXiU6Ygas,view_count,526617,,youtube_public_v1,PUBLIC,5eIBmqIiLOzg44Gj6
youtube,HvtXiU6Ygas,like_count,4600,,youtube_public_v1,PUBLIC,5eIBmqIiLOzg44Gj6
youtube,HvtXiU6Ygas,comment_count,676,,youtube_public_v1,PUBLIC,5eIBmqIiLOzg44Gj6
youtube,frWzmvEHr4g,view_count,5653229,,youtube_public_v1,PUBLIC,5eIBmqIiLOzg44Gj6
youtube,frWzmvEHr4g,like_count,23000,,youtube_public_v1,PUBLIC,5eIBmqIiLOzg44Gj6
youtube,frWzmvEHr4g,comment_count,804,,youtube_public_v1,PUBLIC,5eIBmqIiLOzg44Gj6
youtube,qVxlaVGTJmM,view_count,284961,,youtube_public_v1,PUBLIC,5eIBmqIiLOzg44Gj6
youtube,qVxlaVGTJmM,like_count,1700,,youtube_public_v1,PUBLIC,5eIBmqIiLOzg44Gj6
youtube,qVxlaVGTJmM,comment_count,51,,youtube_public_v1,PUBLIC,5eIBmqIiLOzg44Gj6
youtube,SL6TXwrtMsE,view_count,1485758,,youtube_public_v1,PUBLIC,5eIBmqIiLOzg44Gj6
youtube,SL6TXwrtMsE,like_count,10000,,youtube_public_v1,PUBLIC,5eIBmqIiLOzg44Gj6
youtube,SL6TXwrtMsE,comment_count,2443,,youtube_public_v1,PUBLIC,5eIBmqIiLOzg44Gj6
youtube,xEk-D7CycRA,view_count,4875199,,youtube_public_v1,PUBLIC,5eIBmqIiLOzg44Gj6
youtube,xEk-D7CycRA,like_count,40000,,youtube_public_v1,PUBLIC,5eIBmqIiLOzg44Gj6
youtube,xEk-D7CycRA,comment_count,27393,,youtube_public_v1,PUBLIC,5eIBmqIiLOzg44Gj6
youtube,UcpqxfOwoW0,view_count,108468,,youtube_public_v1,PUBLIC,5eIBmqIiLOzg44Gj6
youtube,UcpqxfOwoW0,like_count,3000,,youtube_public_v1,PUBLIC,5eIBmqIiLOzg44Gj6
youtube,UcpqxfOwoW0,comment_count,185,,youtube_public_v1,PUBLIC,5eIBmqIiLOzg44Gj6
youtube,OAFE-BvNlY0,view_count,148667,,youtube_public_v1,PUBLIC,5eIBmqIiLOzg44Gj6
youtube,OAFE-BvNlY0,like_count,2700,,youtube_public_v1,PUBLIC,5eIBmqIiLOzg44Gj6
youtube,OAFE-BvNlY0,comment_count,199,,youtube_public_v1,PUBLIC,5eIBmqIiLOzg44Gj6
youtube,aOtcKUXU6sk,view_count,58075,,youtube_public_v1,PUBLIC,5eIBmqIiLOzg44Gj6
youtube,aOtcKUXU6sk,like_count,2900,,youtube_public_v1,PUBLIC,5eIBmqIiLOzg44Gj6
youtube,aOtcKUXU6sk,comment_count,44,,youtube_public_v1,PUBLIC,5eIBmqIiLOzg44Gj6
youtube,PMx3BEPZTcQ,view_count,10548,,youtube_public_v1,PUBLIC,5eIBmqIiLOzg44Gj6
youtube,PMx3BEPZTcQ,like_count,97,,youtube_public_v1,PUBLIC,5eIBmqIiLOzg44Gj6
youtube,PMx3BEPZTcQ,comment_count,1,,youtube_public_v1,PUBLIC,5eIBmqIiLOzg44Gj6
youtube,KTvr2f2fcyM,view_count,10172,,youtube_public_v1,PUBLIC,5eIBmqIiLOzg44Gj6
youtube,KTvr2f2fcyM,like_count,328,,youtube_public_v1,PUBLIC,5eIBmqIiLOzg44Gj6
youtube,KTvr2f2fcyM,comment_count,1,,youtube_public_v1,PUBLIC,5eIBmqIiLOzg44Gj6
youtube,wfonekTc94U,view_count,1922,,youtube_public_v1,PUBLIC,5eIBmqIiLOzg44Gj6
youtube,wfonekTc94U,like_count,17,,youtube_public_v1,PUBLIC,5eIBmqIiLOzg44Gj6
youtube,wfonekTc94U,comment_count,4,,youtube_public_v1,PUBLIC,5eIBmqIiLOzg44Gj6
youtube,IMhVQUOs94A,view_count,21335,,youtube_public_v1,PUBLIC,5eIBmqIiLOzg44Gj6
youtube,IMhVQUOs94A,like_count,134,,youtube_public_v1,PUBLIC,5eIBmqIiLOzg44Gj6
youtube,IMhVQUOs94A,comment_count,7,,youtube_public_v1,PUBLIC,5eIBmqIiLOzg44Gj6
youtube,qQ3O3tkS-dk,view_count,24716,,youtube_public_v1,PUBLIC,5eIBmqIiLOzg44Gj6
youtube,qQ3O3tkS-dk,like_count,455,,youtube_public_v1,PUBLIC,5eIBmqIiLOzg44Gj6
youtube,qQ3O3tkS-dk,comment_count,12,,youtube_public_v1,PUBLIC,5eIBmqIiLOzg44Gj6
youtube,oWZ4cFaLMA0,view_count,507511,,youtube_public_v1,PUBLIC,5eIBmqIiLOzg44Gj6
youtube,oWZ4cFaLMA0,like_count,7500,,youtube_public_v1,PUBLIC,5eIBmqIiLOzg44Gj6
youtube,oWZ4cFaLMA0,comment_count,209,,youtube_public_v1,PUBLIC,5eIBmqIiLOzg44Gj6
youtube,ARNl_MzP6SE,view_count,2380,,youtube_public_v1,PUBLIC,5eIBmqIiLOzg44Gj6
youtube,ARNl_MzP6SE,like_count,24,,youtube_public_v1,PUBLIC,5eIBmqIiLOzg44Gj6
youtube,ARNl_MzP6SE,comment_count,1,,youtube_public_v1,PUBLIC,5eIBmqIiLOzg44Gj6
youtube,hUztrd69egM,view_count,3058,,youtube_public_v1,PUBLIC,5eIBmqIiLOzg44Gj6
youtube,hUztrd69egM,like_count,54,,youtube_public_v1,PUBLIC,5eIBmqIiLOzg44Gj6
youtube,hUztrd69egM,comment_count,0,,youtube_public_v1,PUBLIC,5eIBmqIiLOzg44Gj6
youtube,gksbiY88YQE,view_count,107360,,youtube_public_v1,PUBLIC,5eIBmqIiLOzg44Gj6
youtube,gksbiY88YQE,like_count,1200,,youtube_public_v1,PUBLIC,5eIBmqIiLOzg44Gj6
youtube,gksbiY88YQE,comment_count,70,,youtube_public_v1,PUBLIC,5eIBmqIiLOzg44Gj6
youtube,ZL2yT_nvijk,view_count,11563,,youtube_public_v1,PUBLIC,5eIBmqIiLOzg44Gj6
youtube,ZL2yT_nvijk,like_count,336,,youtube_public_v1,PUBLIC,5eIBmqIiLOzg44Gj6
youtube,ZL2yT_nvijk,comment_count,10,,youtube_public_v1,PUBLIC,5eIBmqIiLOzg44Gj6
youtube,XJDzH7FS9zA,view_count,2694793,,youtube_public_v1,PUBLIC,5eIBmqIiLOzg44Gj6
youtube,XJDzH7FS9zA,like_count,22000,,youtube_public_v1,PUBLIC,5eIBmqIiLOzg44Gj6
youtube,XJDzH7FS9zA,comment_count,3164,,youtube_public_v1,PUBLIC,5eIBmqIiLOzg44Gj6
youtube,cBWg5r0F-cc,view_count,7152659,,youtube_public_v1,PUBLIC,5eIBmqIiLOzg44Gj6
youtube,cBWg5r0F-cc,like_count,52000,,youtube_public_v1,PUBLIC,5eIBmqIiLOzg44Gj6
youtube,cBWg5r0F-cc,comment_count,22661,,youtube_public_v1,PUBLIC,5eIBmqIiLOzg44Gj6
youtube,Q67wnF9hT6Q,view_count,289554,,youtube_public_v1,PUBLIC,5eIBmqIiLOzg44Gj6
youtube,Q67wnF9hT6Q,like_count,5800,,youtube_public_v1,PUBLIC,5eIBmqIiLOzg44Gj6
youtube,Q67wnF9hT6Q,comment_count,142,,youtube_public_v1,PUBLIC,5eIBmqIiLOzg44Gj6
youtube,_lEseEI8owI,view_count,5692,,youtube_public_v1,PUBLIC,5eIBmqIiLOzg44Gj6
youtube,_lEseEI8owI,like_count,56,,youtube_public_v1,PUBLIC,5eIBmqIiLOzg44Gj6
youtube,_lEseEI8owI,comment_count,2,,youtube_public_v1,PUBLIC,5eIBmqIiLOzg44Gj6
youtube,Xr2ckjEJqX8,view_count,171735,,youtube_public_v1,PUBLIC,5eIBmqIiLOzg44Gj6
youtube,Xr2ckjEJqX8,like_count,2800,,youtube_public_v1,PUBLIC,5eIBmqIiLOzg44Gj6
youtube,Xr2ckjEJqX8,comment_count,30,,youtube_public_v1,PUBLIC,5eIBmqIiLOzg44Gj6
youtube,ExtmfOofk6E,view_count,132436,,youtube_public_v1,PUBLIC,5eIBmqIiLOzg44Gj6
youtube,ExtmfOofk6E,like_count,1700,,youtube_public_v1,PUBLIC,5eIBmqIiLOzg44Gj6
youtube,ExtmfOofk6E,comment_count,50,,youtube_public_v1,PUBLIC,5eIBmqIiLOzg44Gj6
youtube,vwOHlI-0m_I,view_count,232662,,youtube_public_v1,PUBLIC,5eIBmqIiLOzg44Gj6
youtube,vwOHlI-0m_I,like_count,4000,,youtube_public_v1,PUBLIC,5eIBmqIiLOzg44Gj6
youtube,vwOHlI-0m_I,comment_count,56,,youtube_public_v1,PUBLIC,5eIBmqIiLOzg44Gj6
youtube,inHZZpCro5o,view_count,2213051,,youtube_public_v1,PUBLIC,5eIBmqIiLOzg44Gj6
youtube,inHZZpCro5o,like_count,37000,,youtube_public_v1,PUBLIC,5eIBmqIiLOzg44Gj6
youtube,inHZZpCro5o,comment_count,3084,,youtube_public_v1,PUBLIC,5eIBmqIiLOzg44Gj6
youtube,kGbpjYvFggk,view_count,10833,,youtube_public_v1,PUBLIC,5eIBmqIiLOzg44Gj6
youtube,kGbpjYvFggk,like_count,152,,youtube_public_v1,PUBLIC,5eIBmqIiLOzg44Gj6
youtube,kGbpjYvFggk,comment_count,3,,youtube_public_v1,PUBLIC,5eIBmqIiLOzg44Gj6
youtube,k0acGtYvCkc,view_count,2130234,,youtube_public_v1,PUBLIC,5eIBmqIiLOzg44Gj6
youtube,k0acGtYvCkc,like_count,16000,,youtube_public_v1,PUBLIC,5eIBmqIiLOzg44Gj6
youtube,k0acGtYvCkc,comment_count,3163,,youtube_public_v1,PUBLIC,5eIBmqIiLOzg44Gj6
youtube,zwvwowjqheQ,view_count,321240,,youtube_public_v1,PUBLIC,5eIBmqIiLOzg44Gj6
youtube,zwvwowjqheQ,like_count,2200,,youtube_public_v1,PUBLIC,5eIBmqIiLOzg44Gj6
youtube,zwvwowjqheQ,comment_count,135,,youtube_public_v1,PUBLIC,5eIBmqIiLOzg44Gj6
youtube,w-Ele0UMXr0,view_count,15648016,,youtube_public_v1,PUBLIC,5eIBmqIiLOzg44Gj6
youtube,w-Ele0UMXr0,like_count,83000,,youtube_public_v1,PUBLIC,5eIBmqIiLOzg44Gj6
youtube,w-Ele0UMXr0,comment_count,11529,,youtube_public_v1,PUBLIC,5eIBmqIiLOzg44Gj6
youtube,bRgI68agF6E,view_count,190813,,youtube_public_v1,PUBLIC,5eIBmqIiLOzg44Gj6
youtube,bRgI68agF6E,like_count,1000,,youtube_public_v1,PUBLIC,5eIBmqIiLOzg44Gj6
youtube,bRgI68agF6E,comment_count,32,,youtube_public_v1,PUBLIC,5eIBmqIiLOzg44Gj6
youtube,ZY7YAbAFlfs,view_count,5176773,,youtube_public_v1,PUBLIC,5eIBmqIiLOzg44Gj6
youtube,ZY7YAbAFlfs,like_count,31000,,youtube_public_v1,PUBLIC,5eIBmqIiLOzg44Gj6
youtube,ZY7YAbAFlfs,comment_count,13448,,youtube_public_v1,PUBLIC,5eIBmqIiLOzg44Gj6
youtube,8uW6596X7tM,view_count,4773,,youtube_public_v1,PUBLIC,jh0aF6qybmcaGnY7P
youtube,8uW6596X7tM,like_count,232,,youtube_public_v1,PUBLIC,jh0aF6qybmcaGnY7P
youtube,8uW6596X7tM,comment_count,1,,youtube_public_v1,PUBLIC,jh0aF6qybmcaGnY7P
youtube,9lMryndJSM0,view_count,245879,,youtube_public_v1,PUBLIC,InId3PziiZVKErVf3
youtube,9lMryndJSM0,like_count,4800,,youtube_public_v1,PUBLIC,InId3PziiZVKErVf3
youtube,9lMryndJSM0,comment_count,68,,youtube_public_v1,PUBLIC,InId3PziiZVKErVf3
youtube,MOZbYdAJg8Y,view_count,887862,,youtube_public_v1,PUBLIC,InId3PziiZVKErVf3
youtube,MOZbYdAJg8Y,like_count,12000,,youtube_public_v1,PUBLIC,InId3PziiZVKErVf3
youtube,MOZbYdAJg8Y,comment_count,41,,youtube_public_v1,PUBLIC,InId3PziiZVKErVf3
youtube,BC8fOxXFYxI,view_count,9736,,youtube_public_v1,PUBLIC,InId3PziiZVKErVf3
youtube,BC8fOxXFYxI,like_count,157,,youtube_public_v1,PUBLIC,InId3PziiZVKErVf3
youtube,BC8fOxXFYxI,comment_count,4,,youtube_public_v1,PUBLIC,InId3PziiZVKErVf3
youtube,iL2r8iB8w1U,view_count,5014,,youtube_public_v1,PUBLIC,InId3PziiZVKErVf3
youtube,iL2r8iB8w1U,like_count,101,,youtube_public_v1,PUBLIC,InId3PziiZVKErVf3
youtube,iL2r8iB8w1U,comment_count,5,,youtube_public_v1,PUBLIC,InId3PziiZVKErVf3
youtube,-Hb5oPvekZo,view_count,242759,,youtube_public_v1,PUBLIC,InId3PziiZVKErVf3
youtube,-Hb5oPvekZo,like_count,2200,,youtube_public_v1,PUBLIC,InId3PziiZVKErVf3
youtube,-Hb5oPvekZo,comment_count,45,,youtube_public_v1,PUBLIC,InId3PziiZVKErVf3
youtube,XL_GTV1moJ0,view_count,7710,,youtube_public_v1,PUBLIC,InId3PziiZVKErVf3
youtube,XL_GTV1moJ0,like_count,63,,youtube_public_v1,PUBLIC,InId3PziiZVKErVf3
youtube,XL_GTV1moJ0,comment_count,2,,youtube_public_v1,PUBLIC,InId3PziiZVKErVf3
youtube,cPGyHuYB16w,view_count,1485332,,youtube_public_v1,PUBLIC,InId3PziiZVKErVf3
youtube,cPGyHuYB16w,like_count,24000,,youtube_public_v1,PUBLIC,InId3PziiZVKErVf3
youtube,cPGyHuYB16w,comment_count,183,,youtube_public_v1,PUBLIC,InId3PziiZVKErVf3
youtube,jYNOHTRXyFE,view_count,1443356,,youtube_public_v1,PUBLIC,InId3PziiZVKErVf3
youtube,jYNOHTRXyFE,like_count,17000,,youtube_public_v1,PUBLIC,InId3PziiZVKErVf3
youtube,jYNOHTRXyFE,comment_count,201,,youtube_public_v1,PUBLIC,InId3PziiZVKErVf3
youtube,YzVq2z6jVTU,view_count,69058,,youtube_public_v1,PUBLIC,InId3PziiZVKErVf3
youtube,YzVq2z6jVTU,like_count,2000,,youtube_public_v1,PUBLIC,InId3PziiZVKErVf3
youtube,YzVq2z6jVTU,comment_count,31,,youtube_public_v1,PUBLIC,InId3PziiZVKErVf3
youtube,wEicI8_-XvU,view_count,103727,,youtube_public_v1,PUBLIC,InId3PziiZVKErVf3
youtube,wEicI8_-XvU,like_count,2200,,youtube_public_v1,PUBLIC,InId3PziiZVKErVf3
youtube,wEicI8_-XvU,comment_count,138,,youtube_public_v1,PUBLIC,InId3PziiZVKErVf3
youtube,dJ-vJjrxCo4,view_count,1128,,youtube_public_v1,PUBLIC,InId3PziiZVKErVf3
youtube,dJ-vJjrxCo4,like_count,22,,youtube_public_v1,PUBLIC,InId3PziiZVKErVf3
youtube,dJ-vJjrxCo4,comment_count,1,,youtube_public_v1,PUBLIC,InId3PziiZVKErVf3
youtube,vi-h1a2ftsg,view_count,56340,,youtube_public_v1,PUBLIC,InId3PziiZVKErVf3
youtube,vi-h1a2ftsg,like_count,696,,youtube_public_v1,PUBLIC,InId3PziiZVKErVf3
youtube,vi-h1a2ftsg,comment_count,59,,youtube_public_v1,PUBLIC,InId3PziiZVKErVf3
youtube,GNIsrbV6AvA,view_count,156342,,youtube_public_v1,PUBLIC,InId3PziiZVKErVf3
youtube,GNIsrbV6AvA,like_count,3500,,youtube_public_v1,PUBLIC,InId3PziiZVKErVf3
youtube,GNIsrbV6AvA,comment_count,46,,youtube_public_v1,PUBLIC,InId3PziiZVKErVf3
youtube,xMcjutnR03I,view_count,175148,,youtube_public_v1,PUBLIC,InId3PziiZVKErVf3
youtube,xMcjutnR03I,like_count,2100,,youtube_public_v1,PUBLIC,InId3PziiZVKErVf3
youtube,xMcjutnR03I,comment_count,30,,youtube_public_v1,PUBLIC,InId3PziiZVKErVf3
youtube,4hCdooOTF2k,view_count,18802,,youtube_public_v1,PUBLIC,InId3PziiZVKErVf3
youtube,4hCdooOTF2k,like_count,408,,youtube_public_v1,PUBLIC,InId3PziiZVKErVf3
youtube,4hCdooOTF2k,comment_count,2,,youtube_public_v1,PUBLIC,InId3PziiZVKErVf3
youtube,MhpGyl7FZ88,view_count,97112,,youtube_public_v1,PUBLIC,InId3PziiZVKErVf3
youtube,MhpGyl7FZ88,like_count,3700,,youtube_public_v1,PUBLIC,InId3PziiZVKErVf3
youtube,MhpGyl7FZ88,comment_count,22,,youtube_public_v1,PUBLIC,InId3PziiZVKErVf3
youtube,j7PD-DLaatA,view_count,279989,,youtube_public_v1,PUBLIC,InId3PziiZVKErVf3
youtube,j7PD-DLaatA,like_count,4400,,youtube_public_v1,PUBLIC,InId3PziiZVKErVf3
youtube,j7PD-DLaatA,comment_count,35,,youtube_public_v1,PUBLIC,InId3PziiZVKErVf3
youtube,yuAgFgGgOzs,view_count,84673,,youtube_public_v1,PUBLIC,InId3PziiZVKErVf3
youtube,yuAgFgGgOzs,like_count,644,,youtube_public_v1,PUBLIC,InId3PziiZVKErVf3
youtube,yuAgFgGgOzs,comment_count,55,,youtube_public_v1,PUBLIC,InId3PziiZVKErVf3
youtube,I0dFlflIEhg,view_count,204767,,youtube_public_v1,PUBLIC,InId3PziiZVKErVf3
youtube,I0dFlflIEhg,like_count,1700,,youtube_public_v1,PUBLIC,InId3PziiZVKErVf3
youtube,I0dFlflIEhg,comment_count,26,,youtube_public_v1,PUBLIC,InId3PziiZVKErVf3
youtube,NuEPEJ6OTcE,view_count,21252,,youtube_public_v1,PUBLIC,InId3PziiZVKErVf3
youtube,NuEPEJ6OTcE,like_count,160,,youtube_public_v1,PUBLIC,InId3PziiZVKErVf3
youtube,NuEPEJ6OTcE,comment_count,2,,youtube_public_v1,PUBLIC,InId3PziiZVKErVf3
youtube,s3OaRnNKRiE,view_count,688891,,youtube_public_v1,PUBLIC,InId3PziiZVKErVf3
youtube,s3OaRnNKRiE,like_count,12000,,youtube_public_v1,PUBLIC,InId3PziiZVKErVf3
youtube,s3OaRnNKRiE,comment_count,61,,youtube_public_v1,PUBLIC,InId3PziiZVKErVf3
youtube,IjRdfIDRs1A,view_count,3066,,youtube_public_v1,PUBLIC,InId3PziiZVKErVf3
youtube,IjRdfIDRs1A,like_count,236,,youtube_public_v1,PUBLIC,InId3PziiZVKErVf3
youtube,IjRdfIDRs1A,comment_count,5,,youtube_public_v1,PUBLIC,InId3PziiZVKErVf3
youtube,5UPCl9siUBc,view_count,14225,,youtube_public_v1,PUBLIC,InId3PziiZVKErVf3
youtube,5UPCl9siUBc,like_count,799,,youtube_public_v1,PUBLIC,InId3PziiZVKErVf3
youtube,5UPCl9siUBc,comment_count,7,,youtube_public_v1,PUBLIC,InId3PziiZVKErVf3
youtube,xRetTfytSd8,view_count,51009,,youtube_public_v1,PUBLIC,InId3PziiZVKErVf3
youtube,xRetTfytSd8,like_count,787,,youtube_public_v1,PUBLIC,InId3PziiZVKErVf3
youtube,xRetTfytSd8,comment_count,32,,youtube_public_v1,PUBLIC,InId3PziiZVKErVf3
youtube,hHnlX30Liao,view_count,3810,,youtube_public_v1,PUBLIC,InId3PziiZVKErVf3
youtube,hHnlX30Liao,like_count,393,,youtube_public_v1,PUBLIC,InId3PziiZVKErVf3
youtube,hHnlX30Liao,comment_count,2,,youtube_public_v1,PUBLIC,InId3PziiZVKErVf3
youtube,6lEwQ1-3UmM,view_count,37420,,youtube_public_v1,PUBLIC,InId3PziiZVKErVf3
youtube,6lEwQ1-3UmM,like_count,312,,youtube_public_v1,PUBLIC,InId3PziiZVKErVf3
youtube,6lEwQ1-3UmM,comment_count,9,,youtube_public_v1,PUBLIC,InId3PziiZVKErVf3
youtube,VaeIpjQxvsg,view_count,1590827,,youtube_public_v1,PUBLIC,InId3PziiZVKErVf3
youtube,VaeIpjQxvsg,like_count,7400,,youtube_public_v1,PUBLIC,InId3PziiZVKErVf3
youtube,VaeIpjQxvsg,comment_count,472,,youtube_public_v1,PUBLIC,InId3PziiZVKErVf3
youtube,-KWThCeU_7I,view_count,236706,,youtube_public_v1,PUBLIC,InId3PziiZVKErVf3
youtube,-KWThCeU_7I,like_count,3300,,youtube_public_v1,PUBLIC,InId3PziiZVKErVf3
youtube,-KWThCeU_7I,comment_count,50,,youtube_public_v1,PUBLIC,InId3PziiZVKErVf3
youtube,Ox2egXwYkSA,view_count,48495,,youtube_public_v1,PUBLIC,InId3PziiZVKErVf3
youtube,Ox2egXwYkSA,like_count,322,,youtube_public_v1,PUBLIC,InId3PziiZVKErVf3
youtube,Ox2egXwYkSA,comment_count,20,,youtube_public_v1,PUBLIC,InId3PziiZVKErVf3
youtube,dD0WiybtG1Q,view_count,419958,,youtube_public_v1,PUBLIC,InId3PziiZVKErVf3
youtube,dD0WiybtG1Q,like_count,1800,,youtube_public_v1,PUBLIC,InId3PziiZVKErVf3
youtube,dD0WiybtG1Q,comment_count,0,,youtube_public_v1,PUBLIC,InId3PziiZVKErVf3
youtube,QDEtBdipBqE,view_count,1584057,,youtube_public_v1,PUBLIC,InId3PziiZVKErVf3
youtube,QDEtBdipBqE,like_count,4000,,youtube_public_v1,PUBLIC,InId3PziiZVKErVf3
youtube,QDEtBdipBqE,comment_count,177,,youtube_public_v1,PUBLIC,InId3PziiZVKErVf3
youtube,V7pFychXMdg,view_count,4110794,,youtube_public_v1,PUBLIC,InId3PziiZVKErVf3
youtube,V7pFychXMdg,like_count,21000,,youtube_public_v1,PUBLIC,InId3PziiZVKErVf3
youtube,V7pFychXMdg,comment_count,3670,,youtube_public_v1,PUBLIC,InId3PziiZVKErVf3
youtube,UJ0DjQdCtoI,view_count,741825,,youtube_public_v1,PUBLIC,InId3PziiZVKErVf3
youtube,UJ0DjQdCtoI,like_count,2100,,youtube_public_v1,PUBLIC,InId3PziiZVKErVf3
youtube,UJ0DjQdCtoI,comment_count,0,,youtube_public_v1,PUBLIC,InId3PziiZVKErVf3
youtube,JutF0zoPzto,view_count,19512414,,youtube_public_v1,PUBLIC,InId3PziiZVKErVf3
youtube,JutF0zoPzto,like_count,133000,,youtube_public_v1,PUBLIC,InId3PziiZVKErVf3
youtube,JutF0zoPzto,comment_count,46367,,youtube_public_v1,PUBLIC,InId3PziiZVKErVf3
youtube,GSO44RCk84s,view_count,643713,,youtube_public_v1,PUBLIC,InId3PziiZVKErVf3
youtube,GSO44RCk84s,like_count,3100,,youtube_public_v1,PUBLIC,InId3PziiZVKErVf3
youtube,GSO44RCk84s,comment_count,178,,youtube_public_v1,PUBLIC,InId3PziiZVKErVf3
youtube,zUJuVsSR5n4,view_count,16349014,,youtube_public_v1,PUBLIC,InId3PziiZVKErVf3
youtube,zUJuVsSR5n4,like_count,81000,,youtube_public_v1,PUBLIC,InId3PziiZVKErVf3
youtube,zUJuVsSR5n4,comment_count,7763,,youtube_public_v1,PUBLIC,InId3PziiZVKErVf3
youtube,jJYQja-E-KI,view_count,8676047,,youtube_public_v1,PUBLIC,InId3PziiZVKErVf3
youtube,jJYQja-E-KI,like_count,44000,,youtube_public_v1,PUBLIC,InId3PziiZVKErVf3
youtube,jJYQja-E-KI,comment_count,7821,,youtube_public_v1,PUBLIC,InId3PziiZVKErVf3
youtube,Jh6Xz1WD3C0,view_count,22669528,,youtube_public_v1,PUBLIC,InId3PziiZVKErVf3
youtube,Jh6Xz1WD3C0,like_count,138000,,youtube_public_v1,PUBLIC,InId3PziiZVKErVf3
youtube,Jh6Xz1WD3C0,comment_count,56039,,youtube_public_v1,PUBLIC,InId3PziiZVKErVf3
youtube,9868dxgVzcU,view_count,6793629,,youtube_public_v1,PUBLIC,InId3PziiZVKErVf3
youtube,9868dxgVzcU,like_count,38000,,youtube_public_v1,PUBLIC,InId3PziiZVKErVf3
youtube,9868dxgVzcU,comment_count,4739,,youtube_public_v1,PUBLIC,InId3PziiZVKErVf3
youtube,_TN8wl8q-lI,view_count,136417,,youtube_public_v1,PUBLIC,InId3PziiZVKErVf3
youtube,_TN8wl8q-lI,like_count,758,,youtube_public_v1,PUBLIC,InId3PziiZVKErVf3
youtube,_TN8wl8q-lI,comment_count,25,,youtube_public_v1,PUBLIC,InId3PziiZVKErVf3
youtube,igVZJ09wYDw,view_count,9376,,youtube_public_v1,PUBLIC,InId3PziiZVKErVf3
youtube,igVZJ09wYDw,like_count,70,,youtube_public_v1,PUBLIC,InId3PziiZVKErVf3
youtube,igVZJ09wYDw,comment_count,3,,youtube_public_v1,PUBLIC,InId3PziiZVKErVf3
youtube,xcigxSTqWm4,view_count,26340,,youtube_public_v1,PUBLIC,InId3PziiZVKErVf3
youtube,xcigxSTqWm4,like_count,128,,youtube_public_v1,PUBLIC,InId3PziiZVKErVf3
youtube,xcigxSTqWm4,comment_count,4,,youtube_public_v1,PUBLIC,InId3PziiZVKErVf3
youtube,qXnZDfzVxDw,view_count,129460,,youtube_public_v1,PUBLIC,InId3PziiZVKErVf3
youtube,qXnZDfzVxDw,like_count,675,,youtube_public_v1,PUBLIC,InId3PziiZVKErVf3
youtube,qXnZDfzVxDw,comment_count,68,,youtube_public_v1,PUBLIC,InId3PziiZVKErVf3
youtube,i6gVxEhVvXQ,view_count,3067632,,youtube_public_v1,PUBLIC,InId3PziiZVKErVf3
youtube,i6gVxEhVvXQ,like_count,26000,,youtube_public_v1,PUBLIC,InId3PziiZVKErVf3
youtube,i6gVxEhVvXQ,comment_count,7980,,youtube_public_v1,PUBLIC,InId3PziiZVKErVf3
youtube,WdLTN17nouk,view_count,2935,,youtube_public_v1,PUBLIC,InId3PziiZVKErVf3
youtube,WdLTN17nouk,like_count,49,,youtube_public_v1,PUBLIC,InId3PziiZVKErVf3
youtube,WdLTN17nouk,comment_count,0,,youtube_public_v1,PUBLIC,InId3PziiZVKErVf3
youtube,-npjm6g8GWE,view_count,8146,,youtube_public_v1,PUBLIC,InId3PziiZVKErVf3
youtube,-npjm6g8GWE,like_count,101,,youtube_public_v1,PUBLIC,InId3PziiZVKErVf3
youtube,-npjm6g8GWE,comment_count,0,,youtube_public_v1,PUBLIC,InId3PziiZVKErVf3
youtube,zCNTIyfq594,view_count,83908,,youtube_public_v1,PUBLIC,InId3PziiZVKErVf3
youtube,zCNTIyfq594,like_count,1600,,youtube_public_v1,PUBLIC,InId3PziiZVKErVf3
youtube,zCNTIyfq594,comment_count,15,,youtube_public_v1,PUBLIC,InId3PziiZVKErVf3
youtube,Z3XEnLEV1iI,view_count,1515830,,youtube_public_v1,PUBLIC,InId3PziiZVKErVf3
youtube,Z3XEnLEV1iI,like_count,31000,,youtube_public_v1,PUBLIC,InId3PziiZVKErVf3
youtube,Z3XEnLEV1iI,comment_count,281,,youtube_public_v1,PUBLIC,InId3PziiZVKErVf3
youtube,denJGZQGrqM,view_count,752,,youtube_public_v1,PUBLIC,InId3PziiZVKErVf3
youtube,denJGZQGrqM,like_count,9,,youtube_public_v1,PUBLIC,InId3PziiZVKErVf3
youtube,denJGZQGrqM,comment_count,0,,youtube_public_v1,PUBLIC,InId3PziiZVKErVf3
youtube,9PHY8aAflNE,view_count,14887118,,youtube_public_v1,PUBLIC,InId3PziiZVKErVf3
youtube,9PHY8aAflNE,like_count,82000,,youtube_public_v1,PUBLIC,InId3PziiZVKErVf3
youtube,9PHY8aAflNE,comment_count,8890,,youtube_public_v1,PUBLIC,InId3PziiZVKErVf3
youtube,2eVQ3vdmjHY,view_count,276772,,youtube_public_v1,PUBLIC,InId3PziiZVKErVf3
youtube,2eVQ3vdmjHY,like_count,5200,,youtube_public_v1,PUBLIC,InId3PziiZVKErVf3
youtube,2eVQ3vdmjHY,comment_count,61,,youtube_public_v1,PUBLIC,InId3PziiZVKErVf3
youtube,ndlHlGufmYU,view_count,25483,,youtube_public_v1,PUBLIC,InId3PziiZVKErVf3
youtube,ndlHlGufmYU,like_count,1000,,youtube_public_v1,PUBLIC,InId3PziiZVKErVf3
youtube,ndlHlGufmYU,comment_count,7,,youtube_public_v1,PUBLIC,InId3PziiZVKErVf3
youtube,3iUlFvqTpqc,view_count,101350,,youtube_public_v1,PUBLIC,InId3PziiZVKErVf3
youtube,3iUlFvqTpqc,like_count,1300,,youtube_public_v1,PUBLIC,InId3PziiZVKErVf3
youtube,3iUlFvqTpqc,comment_count,63,,youtube_public_v1,PUBLIC,InId3PziiZVKErVf3
youtube,Ly7_Zkdr09k,view_count,8017,,youtube_public_v1,PUBLIC,InId3PziiZVKErVf3
youtube,Ly7_Zkdr09k,like_count,58,,youtube_public_v1,PUBLIC,InId3PziiZVKErVf3
youtube,Ly7_Zkdr09k,comment_count,3,,youtube_public_v1,PUBLIC,InId3PziiZVKErVf3
youtube,soBwIfWHIts,view_count,319294,,youtube_public_v1,PUBLIC,InId3PziiZVKErVf3
youtube,soBwIfWHIts,like_count,3400,,youtube_public_v1,PUBLIC,InId3PziiZVKErVf3
youtube,soBwIfWHIts,comment_count,96,,youtube_public_v1,PUBLIC,InId3PziiZVKErVf3
youtube,6LY5G4VcoAo,view_count,50406,,youtube_public_v1,PUBLIC,InId3PziiZVKErVf3
youtube,6LY5G4VcoAo,like_count,518,,youtube_public_v1,PUBLIC,InId3PziiZVKErVf3
youtube,6LY5G4VcoAo,comment_count,5,,youtube_public_v1,PUBLIC,InId3PziiZVKErVf3
youtube,p1nePe-bZW8,view_count,176575,,youtube_public_v1,PUBLIC,InId3PziiZVKErVf3
youtube,p1nePe-bZW8,like_count,2800,,youtube_public_v1,PUBLIC,InId3PziiZVKErVf3
youtube,p1nePe-bZW8,comment_count,67,,youtube_public_v1,PUBLIC,InId3PziiZVKErVf3
youtube,HJmfQiVft64,view_count,11002124,,youtube_public_v1,PUBLIC,InId3PziiZVKErVf3
youtube,HJmfQiVft64,like_count,55000,,youtube_public_v1,PUBLIC,InId3PziiZVKErVf3
youtube,HJmfQiVft64,comment_count,4664,,youtube_public_v1,PUBLIC,InId3PziiZVKErVf3
youtube,YDbqYhagNZA,view_count,314215,,youtube_public_v1,PUBLIC,InId3PziiZVKErVf3
youtube,YDbqYhagNZA,like_count,3700,,youtube_public_v1,PUBLIC,InId3PziiZVKErVf3
youtube,YDbqYhagNZA,comment_count,27,,youtube_public_v1,PUBLIC,InId3PziiZVKErVf3
youtube,sZrIbpwjTwk,view_count,97131660,,youtube_public_v1,PUBLIC,InId3PziiZVKErVf3
youtube,sZrIbpwjTwk,like_count,254000,,youtube_public_v1,PUBLIC,InId3PziiZVKErVf3
youtube,sZrIbpwjTwk,comment_count,61601,,youtube_public_v1,PUBLIC,InId3PziiZVKErVf3
youtube,gdvbdQQF8sA,view_count,7241136,,youtube_public_v1,PUBLIC,InId3PziiZVKErVf3
youtube,gdvbdQQF8sA,like_count,74000,,youtube_public_v1,PUBLIC,InId3PziiZVKErVf3
youtube,gdvbdQQF8sA,comment_count,19343,,youtube_public_v1,PUBLIC,InId3PziiZVKErVf3
youtube,c7TLmvJQsB8,view_count,5542890,,youtube_public_v1,PUBLIC,InId3PziiZVKErVf3
youtube,c7TLmvJQsB8,like_count,46000,,youtube_public_v1,PUBLIC,InId3PziiZVKErVf3
youtube,c7TLmvJQsB8,comment_count,18652,,youtube_public_v1,PUBLIC,InId3PziiZVKErVf3
youtube,5qzRmKmagtU,view_count,8677214,,youtube_public_v1,PUBLIC,InId3PziiZVKErVf3
youtube,5qzRmKmagtU,like_count,50000,,youtube_public_v1,PUBLIC,InId3PziiZVKErVf3
youtube,5qzRmKmagtU,comment_count,11391,,youtube_public_v1,PUBLIC,InId3PziiZVKErVf3
youtube,sMzH76sQLv8,view_count,2817208,,youtube_public_v1,PUBLIC,InId3PziiZVKErVf3
youtube,sMzH76sQLv8,like_count,22000,,youtube_public_v1,PUBLIC,InId3PziiZVKErVf3
youtube,sMzH76sQLv8,comment_count,2090,,youtube_public_v1,PUBLIC,InId3PziiZVKErVf3
youtube,Wh-lMGESBMs,view_count,13775986,,youtube_public_v1,PUBLIC,InId3PziiZVKErVf3
youtube,Wh-lMGESBMs,like_count,106000,,youtube_public_v1,PUBLIC,InId3PziiZVKErVf3
youtube,Wh-lMGESBMs,comment_count,55312,,youtube_public_v1,PUBLIC,InId3PziiZVKErVf3
youtube,md20coxPK3w,view_count,28056,,youtube_public_v1,PUBLIC,InId3PziiZVKErVf3
youtube,md20coxPK3w,like_count,196,,youtube_public_v1,PUBLIC,InId3PziiZVKErVf3
youtube,md20coxPK3w,comment_count,11,,youtube_public_v1,PUBLIC,InId3PziiZVKErVf3
youtube,ZTCktigxMXs,view_count,9610395,,youtube_public_v1,PUBLIC,InId3PziiZVKErVf3
youtube,ZTCktigxMXs,like_count,44000,,youtube_public_v1,PUBLIC,InId3PziiZVKErVf3
youtube,ZTCktigxMXs,comment_count,6348,,youtube_public_v1,PUBLIC,InId3PziiZVKErVf3
youtube,eKkP6XJadbM,view_count,9458486,,youtube_public_v1,PUBLIC,InId3PziiZVKErVf3
youtube,eKkP6XJadbM,like_count,86000,,youtube_public_v1,PUBLIC,InId3PziiZVKErVf3
youtube,eKkP6XJadbM,comment_count,25301,,youtube_public_v1,PUBLIC,InId3PziiZVKErVf3
youtube,fz9oxulSVIw,view_count,10965416,,youtube_public_v1,PUBLIC,InId3PziiZVKErVf3
youtube,fz9oxulSVIw,like_count,69000,,youtube_public_v1,PUBLIC,InId3PziiZVKErVf3
youtube,fz9oxulSVIw,comment_count,11138,,youtube_public_v1,PUBLIC,InId3PziiZVKErVf3
youtube,sgG1UnLck6s,view_count,8179273,,youtube_public_v1,PUBLIC,InId3PziiZVKErVf3
youtube,sgG1UnLck6s,like_count,40000,,youtube_public_v1,PUBLIC,InId3PziiZVKErVf3
youtube,sgG1UnLck6s,comment_count,4181,,youtube_public_v1,PUBLIC,InId3PziiZVKErVf3
youtube,Sx4ukcD8zAc,view_count,4981290,,youtube_public_v1,PUBLIC,InId3PziiZVKErVf3
youtube,Sx4ukcD8zAc,like_count,23000,,youtube_public_v1,PUBLIC,InId3PziiZVKErVf3
youtube,Sx4ukcD8zAc,comment_count,2265,,youtube_public_v1,PUBLIC,InId3PziiZVKErVf3
youtube,lgUNloLImdw,view_count,671364,,youtube_public_v1,PUBLIC,InId3PziiZVKErVf3
youtube,lgUNloLImdw,like_count,4100,,youtube_public_v1,PUBLIC,InId3PziiZVKErVf3
youtube,lgUNloLImdw,comment_count,162,,youtube_public_v1,PUBLIC,InId3PziiZVKErVf3
youtube,MLyA08HY9TE,view_count,1096190,,youtube_public_v1,PUBLIC,InId3PziiZVKErVf3
youtube,MLyA08HY9TE,like_count,1000,,youtube_public_v1,PUBLIC,InId3PziiZVKErVf3
youtube,MLyA08HY9TE,comment_count,49,,youtube_public_v1,PUBLIC,InId3PziiZVKErVf3
youtube,NUejGyiX6mk,view_count,7589895,,youtube_public_v1,PUBLIC,InId3PziiZVKErVf3
youtube,NUejGyiX6mk,like_count,38000,,youtube_public_v1,PUBLIC,InId3PziiZVKErVf3
youtube,NUejGyiX6mk,comment_count,2860,,youtube_public_v1,PUBLIC,InId3PziiZVKErVf3
youtube,HtEVNKWp_Bw,view_count,10249187,,youtube_public_v1,PUBLIC,InId3PziiZVKErVf3
youtube,HtEVNKWp_Bw,like_count,63000,,youtube_public_v1,PUBLIC,InId3PziiZVKErVf3
youtube,HtEVNKWp_Bw,comment_count,1882,,youtube_public_v1,PUBLIC,InId3PziiZVKErVf3
youtube,j74pFs8qPsw,view_count,8733495,,youtube_public_v1,PUBLIC,InId3PziiZVKErVf3
youtube,j74pFs8qPsw,like_count,79000,,youtube_public_v1,PUBLIC,InId3PziiZVKErVf3
youtube,j74pFs8qPsw,comment_count,32135,,youtube_public_v1,PUBLIC,InId3PziiZVKErVf3
youtube,3YL5J-UOIPs,view_count,6504652,,youtube_public_v1,PUBLIC,InId3PziiZVKErVf3
youtube,3YL5J-UOIPs,like_count,35000,,youtube_public_v1,PUBLIC,InId3PziiZVKErVf3
youtube,3YL5J-UOIPs,comment_count,5994,,youtube_public_v1,PUBLIC,InId3PziiZVKErVf3
youtube,sitzYhi7_zg,view_count,1888,,youtube_public_v1,PUBLIC,jh0aF6qybmcaGnY7P
youtube,sitzYhi7_zg,like_count,92,,youtube_public_v1,PUBLIC,jh0aF6qybmcaGnY7P
youtube,sitzYhi7_zg,comment_count,1,,youtube_public_v1,PUBLIC,jh0aF6qybmcaGnY7P
youtube,Di4uc5heCEI,view_count,2337,,youtube_public_v1,PUBLIC,jh0aF6qybmcaGnY7P
youtube,Di4uc5heCEI,like_count,88,,youtube_public_v1,PUBLIC,jh0aF6qybmcaGnY7P
youtube,Di4uc5heCEI,comment_count,1,,youtube_public_v1,PUBLIC,jh0aF6qybmcaGnY7P
youtube,Kgz2_5V59eM,view_count,31099,,youtube_public_v1,PUBLIC,jh0aF6qybmcaGnY7P
youtube,Kgz2_5V59eM,like_count,746,,youtube_public_v1,PUBLIC,jh0aF6qybmcaGnY7P
youtube,Kgz2_5V59eM,comment_count,13,,youtube_public_v1,PUBLIC,jh0aF6qybmcaGnY7P
youtube,YEWeTh7pXOk,view_count,613,,youtube_public_v1,PUBLIC,jh0aF6qybmcaGnY7P
youtube,YEWeTh7pXOk,like_count,8,,youtube_public_v1,PUBLIC,jh0aF6qybmcaGnY7P
youtube,YEWeTh7pXOk,comment_count,1,,youtube_public_v1,PUBLIC,jh0aF6qybmcaGnY7P
youtube,rDCVlzdpADY,view_count,159284,,youtube_public_v1,PUBLIC,jh0aF6qybmcaGnY7P
youtube,rDCVlzdpADY,like_count,3400,,youtube_public_v1,PUBLIC,jh0aF6qybmcaGnY7P
youtube,rDCVlzdpADY,comment_count,20,,youtube_public_v1,PUBLIC,jh0aF6qybmcaGnY7P
youtube,_zLPR-7Kp_8,view_count,20719,,youtube_public_v1,PUBLIC,jh0aF6qybmcaGnY7P
youtube,_zLPR-7Kp_8,like_count,869,,youtube_public_v1,PUBLIC,jh0aF6qybmcaGnY7P
youtube,_zLPR-7Kp_8,comment_count,10,,youtube_public_v1,PUBLIC,jh0aF6qybmcaGnY7P
youtube,cFtMz716PAw,view_count,19905,,youtube_public_v1,PUBLIC,jh0aF6qybmcaGnY7P
youtube,cFtMz716PAw,like_count,951,,youtube_public_v1,PUBLIC,jh0aF6qybmcaGnY7P
youtube,cFtMz716PAw,comment_count,42,,youtube_public_v1,PUBLIC,jh0aF6qybmcaGnY7P
youtube,q7cFay_io3Y,view_count,2480,,youtube_public_v1,PUBLIC,jh0aF6qybmcaGnY7P
youtube,q7cFay_io3Y,like_count,172,,youtube_public_v1,PUBLIC,jh0aF6qybmcaGnY7P
youtube,q7cFay_io3Y,comment_count,1,,youtube_public_v1,PUBLIC,jh0aF6qybmcaGnY7P
youtube,AXvTVRProQo,view_count,6684,,youtube_public_v1,PUBLIC,jh0aF6qybmcaGnY7P
youtube,AXvTVRProQo,like_count,137,,youtube_public_v1,PUBLIC,jh0aF6qybmcaGnY7P
youtube,AXvTVRProQo,comment_count,3,,youtube_public_v1,PUBLIC,jh0aF6qybmcaGnY7P
youtube,z10DivUh59c,view_count,1298,,youtube_public_v1,PUBLIC,jh0aF6qybmcaGnY7P
youtube,z10DivUh59c,like_count,55,,youtube_public_v1,PUBLIC,jh0aF6qybmcaGnY7P
youtube,z10DivUh59c,comment_count,2,,youtube_public_v1,PUBLIC,jh0aF6qybmcaGnY7P
youtube,zSnJ_0r_pHU,view_count,29244,,youtube_public_v1,PUBLIC,jh0aF6qybmcaGnY7P
youtube,zSnJ_0r_pHU,like_count,1200,,youtube_public_v1,PUBLIC,jh0aF6qybmcaGnY7P
youtube,zSnJ_0r_pHU,comment_count,10,,youtube_public_v1,PUBLIC,jh0aF6qybmcaGnY7P
youtube,HwlPQsFoJ5w,view_count,43632,,youtube_public_v1,PUBLIC,jh0aF6qybmcaGnY7P
youtube,HwlPQsFoJ5w,like_count,1500,,youtube_public_v1,PUBLIC,jh0aF6qybmcaGnY7P
youtube,HwlPQsFoJ5w,comment_count,47,,youtube_public_v1,PUBLIC,jh0aF6qybmcaGnY7P
youtube,JGuD3hiHbaQ,view_count,42262,,youtube_public_v1,PUBLIC,jh0aF6qybmcaGnY7P
youtube,JGuD3hiHbaQ,like_count,1300,,youtube_public_v1,PUBLIC,jh0aF6qybmcaGnY7P
youtube,JGuD3hiHbaQ,comment_count,7,,youtube_public_v1,PUBLIC,jh0aF6qybmcaGnY7P
youtube,Tn8hY0WsE3I,view_count,4568003,2026-08-12T13:52:21.084157+07:00,youtube_public_v1,PUBLIC,jh0aF6qybmcaGnY7P
youtube,Tn8hY0WsE3I,like_count,60000,2026-08-12T13:52:21.084157+07:00,youtube_public_v1,PUBLIC,jh0aF6qybmcaGnY7P
youtube,Tn8hY0WsE3I,comment_count,10461,2026-08-12T13:52:21.084157+07:00,youtube_public_v1,PUBLIC,jh0aF6qybmcaGnY7P
youtube,StPsQV2sKRY,view_count,5627167,2026-08-12T13:52:21.084157+07:00,youtube_public_v1,PUBLIC,jh0aF6qybmcaGnY7P
youtube,StPsQV2sKRY,like_count,66000,2026-08-12T13:52:21.084157+07:00,youtube_public_v1,PUBLIC,jh0aF6qybmcaGnY7P
youtube,StPsQV2sKRY,comment_count,6079,2026-08-12T13:52:21.084157+07:00,youtube_public_v1,PUBLIC,jh0aF6qybmcaGnY7P
youtube,JQg0YvSqXO4,view_count,2772395,,youtube_public_v1,PUBLIC,jh0aF6qybmcaGnY7P
youtube,JQg0YvSqXO4,like_count,60000,,youtube_public_v1,PUBLIC,jh0aF6qybmcaGnY7P
youtube,JQg0YvSqXO4,comment_count,36309,,youtube_public_v1,PUBLIC,jh0aF6qybmcaGnY7P
youtube,_NED_yrb7m8,view_count,260966,,youtube_public_v1,PUBLIC,jh0aF6qybmcaGnY7P
youtube,_NED_yrb7m8,like_count,7400,,youtube_public_v1,PUBLIC,jh0aF6qybmcaGnY7P
youtube,_NED_yrb7m8,comment_count,281,,youtube_public_v1,PUBLIC,jh0aF6qybmcaGnY7P
youtube,XwshmJV-DHg,view_count,422070,,youtube_public_v1,PUBLIC,jh0aF6qybmcaGnY7P
youtube,XwshmJV-DHg,like_count,10000,,youtube_public_v1,PUBLIC,jh0aF6qybmcaGnY7P
youtube,XwshmJV-DHg,comment_count,1012,,youtube_public_v1,PUBLIC,jh0aF6qybmcaGnY7P
youtube,a9MVf8DexFM,view_count,76245,,youtube_public_v1,PUBLIC,jh0aF6qybmcaGnY7P
youtube,a9MVf8DexFM,like_count,1300,,youtube_public_v1,PUBLIC,jh0aF6qybmcaGnY7P
youtube,a9MVf8DexFM,comment_count,0,,youtube_public_v1,PUBLIC,jh0aF6qybmcaGnY7P
youtube,D8frVhfVfrs,view_count,743,,youtube_public_v1,PUBLIC,jh0aF6qybmcaGnY7P
youtube,D8frVhfVfrs,like_count,39,,youtube_public_v1,PUBLIC,jh0aF6qybmcaGnY7P
youtube,D8frVhfVfrs,comment_count,1,,youtube_public_v1,PUBLIC,jh0aF6qybmcaGnY7P
youtube,FvFBEvIMri0,view_count,637,,youtube_public_v1,PUBLIC,jh0aF6qybmcaGnY7P
youtube,FvFBEvIMri0,like_count,28,,youtube_public_v1,PUBLIC,jh0aF6qybmcaGnY7P
youtube,FvFBEvIMri0,comment_count,1,,youtube_public_v1,PUBLIC,jh0aF6qybmcaGnY7P
youtube,lXMmdaAXsuM,view_count,30104,,youtube_public_v1,PUBLIC,jh0aF6qybmcaGnY7P
youtube,lXMmdaAXsuM,like_count,723,,youtube_public_v1,PUBLIC,jh0aF6qybmcaGnY7P
youtube,lXMmdaAXsuM,comment_count,2,,youtube_public_v1,PUBLIC,jh0aF6qybmcaGnY7P
youtube,7Pg2xtQLbks,view_count,14788,,youtube_public_v1,PUBLIC,jh0aF6qybmcaGnY7P
youtube,7Pg2xtQLbks,like_count,1500,,youtube_public_v1,PUBLIC,jh0aF6qybmcaGnY7P
youtube,7Pg2xtQLbks,comment_count,22,,youtube_public_v1,PUBLIC,jh0aF6qybmcaGnY7P
youtube,P2EmY2dKCkA,view_count,3993,,youtube_public_v1,PUBLIC,jh0aF6qybmcaGnY7P
youtube,P2EmY2dKCkA,like_count,268,,youtube_public_v1,PUBLIC,jh0aF6qybmcaGnY7P
youtube,P2EmY2dKCkA,comment_count,3,,youtube_public_v1,PUBLIC,jh0aF6qybmcaGnY7P
youtube,UBvHkQ_LF7Q,view_count,181334,,youtube_public_v1,PUBLIC,jh0aF6qybmcaGnY7P
youtube,UBvHkQ_LF7Q,like_count,1300,,youtube_public_v1,PUBLIC,jh0aF6qybmcaGnY7P
youtube,UBvHkQ_LF7Q,comment_count,59,,youtube_public_v1,PUBLIC,jh0aF6qybmcaGnY7P
youtube,_JnOtkp8xE4,view_count,7386,,youtube_public_v1,PUBLIC,jh0aF6qybmcaGnY7P
youtube,_JnOtkp8xE4,like_count,137,,youtube_public_v1,PUBLIC,jh0aF6qybmcaGnY7P
youtube,_JnOtkp8xE4,comment_count,3,,youtube_public_v1,PUBLIC,jh0aF6qybmcaGnY7P
youtube,b2OTI5jVk8E,view_count,87486,,youtube_public_v1,PUBLIC,jh0aF6qybmcaGnY7P
youtube,b2OTI5jVk8E,like_count,2400,,youtube_public_v1,PUBLIC,jh0aF6qybmcaGnY7P
youtube,b2OTI5jVk8E,comment_count,8,,youtube_public_v1,PUBLIC,jh0aF6qybmcaGnY7P
youtube,uuTT21tabiw,view_count,3509566,,youtube_public_v1,PUBLIC,jh0aF6qybmcaGnY7P
youtube,uuTT21tabiw,like_count,64000,,youtube_public_v1,PUBLIC,jh0aF6qybmcaGnY7P
youtube,uuTT21tabiw,comment_count,39644,,youtube_public_v1,PUBLIC,jh0aF6qybmcaGnY7P
youtube,cow7QS1sqtQ,view_count,63409,,youtube_public_v1,PUBLIC,jh0aF6qybmcaGnY7P
youtube,cow7QS1sqtQ,like_count,978,,youtube_public_v1,PUBLIC,jh0aF6qybmcaGnY7P
youtube,cow7QS1sqtQ,comment_count,17,,youtube_public_v1,PUBLIC,jh0aF6qybmcaGnY7P
youtube,DMutw7A-xiM,view_count,1270,,youtube_public_v1,PUBLIC,jh0aF6qybmcaGnY7P
youtube,DMutw7A-xiM,like_count,14,,youtube_public_v1,PUBLIC,jh0aF6qybmcaGnY7P
youtube,DMutw7A-xiM,comment_count,0,,youtube_public_v1,PUBLIC,jh0aF6qybmcaGnY7P
youtube,JF_lC0vK5cU,view_count,63790,,youtube_public_v1,PUBLIC,jh0aF6qybmcaGnY7P
youtube,JF_lC0vK5cU,like_count,4800,,youtube_public_v1,PUBLIC,jh0aF6qybmcaGnY7P
youtube,JF_lC0vK5cU,comment_count,125,,youtube_public_v1,PUBLIC,jh0aF6qybmcaGnY7P
youtube,fN9gRkkng8c,view_count,348668,,youtube_public_v1,PUBLIC,jh0aF6qybmcaGnY7P
youtube,fN9gRkkng8c,like_count,4900,,youtube_public_v1,PUBLIC,jh0aF6qybmcaGnY7P
youtube,fN9gRkkng8c,comment_count,329,,youtube_public_v1,PUBLIC,jh0aF6qybmcaGnY7P
youtube,D4XPlLftGPA,view_count,75752,,youtube_public_v1,PUBLIC,jh0aF6qybmcaGnY7P
youtube,D4XPlLftGPA,like_count,1500,,youtube_public_v1,PUBLIC,jh0aF6qybmcaGnY7P
youtube,D4XPlLftGPA,comment_count,8,,youtube_public_v1,PUBLIC,jh0aF6qybmcaGnY7P
youtube,MBSA-dH-Xck,view_count,1191,,youtube_public_v1,PUBLIC,jh0aF6qybmcaGnY7P
youtube,MBSA-dH-Xck,like_count,14,,youtube_public_v1,PUBLIC,jh0aF6qybmcaGnY7P
youtube,MBSA-dH-Xck,comment_count,2,,youtube_public_v1,PUBLIC,jh0aF6qybmcaGnY7P
youtube,QUdVE2GXAjs,view_count,194572,,youtube_public_v1,PUBLIC,jh0aF6qybmcaGnY7P
youtube,QUdVE2GXAjs,like_count,4300,,youtube_public_v1,PUBLIC,jh0aF6qybmcaGnY7P
youtube,QUdVE2GXAjs,comment_count,55,,youtube_public_v1,PUBLIC,jh0aF6qybmcaGnY7P
youtube,PlHiHYI3ghM,view_count,712,,youtube_public_v1,PUBLIC,jh0aF6qybmcaGnY7P
youtube,PlHiHYI3ghM,like_count,23,,youtube_public_v1,PUBLIC,jh0aF6qybmcaGnY7P
youtube,PlHiHYI3ghM,comment_count,1,,youtube_public_v1,PUBLIC,jh0aF6qybmcaGnY7P
youtube,fTqHYIMVaVI,view_count,161614,,youtube_public_v1,PUBLIC,jh0aF6qybmcaGnY7P
youtube,fTqHYIMVaVI,like_count,3900,,youtube_public_v1,PUBLIC,jh0aF6qybmcaGnY7P
youtube,fTqHYIMVaVI,comment_count,21,,youtube_public_v1,PUBLIC,jh0aF6qybmcaGnY7P
youtube,fD7s6DuBkeQ,view_count,144918,,youtube_public_v1,PUBLIC,jh0aF6qybmcaGnY7P
youtube,fD7s6DuBkeQ,like_count,1200,,youtube_public_v1,PUBLIC,jh0aF6qybmcaGnY7P
youtube,fD7s6DuBkeQ,comment_count,55,,youtube_public_v1,PUBLIC,jh0aF6qybmcaGnY7P
youtube,8-bKjcADU18,view_count,3243054,,youtube_public_v1,PUBLIC,jh0aF6qybmcaGnY7P
youtube,8-bKjcADU18,like_count,36000,,youtube_public_v1,PUBLIC,jh0aF6qybmcaGnY7P
youtube,8-bKjcADU18,comment_count,9941,,youtube_public_v1,PUBLIC,jh0aF6qybmcaGnY7P
youtube,RdfqN7eCKVU,view_count,224169,,youtube_public_v1,PUBLIC,jh0aF6qybmcaGnY7P
youtube,RdfqN7eCKVU,like_count,6000,,youtube_public_v1,PUBLIC,jh0aF6qybmcaGnY7P
youtube,RdfqN7eCKVU,comment_count,308,,youtube_public_v1,PUBLIC,jh0aF6qybmcaGnY7P
youtube,TrFr52AtoLY,view_count,22603,,youtube_public_v1,PUBLIC,jh0aF6qybmcaGnY7P
youtube,TrFr52AtoLY,like_count,469,,youtube_public_v1,PUBLIC,jh0aF6qybmcaGnY7P
youtube,TrFr52AtoLY,comment_count,42,,youtube_public_v1,PUBLIC,jh0aF6qybmcaGnY7P
youtube,3RZ1IuHf31Y,view_count,104713,,youtube_public_v1,PUBLIC,jh0aF6qybmcaGnY7P
youtube,3RZ1IuHf31Y,like_count,1200,,youtube_public_v1,PUBLIC,jh0aF6qybmcaGnY7P
youtube,3RZ1IuHf31Y,comment_count,175,,youtube_public_v1,PUBLIC,jh0aF6qybmcaGnY7P
youtube,8bwYFZezgRs,view_count,894413,,youtube_public_v1,PUBLIC,jh0aF6qybmcaGnY7P
youtube,8bwYFZezgRs,like_count,19000,,youtube_public_v1,PUBLIC,jh0aF6qybmcaGnY7P
youtube,8bwYFZezgRs,comment_count,2123,,youtube_public_v1,PUBLIC,jh0aF6qybmcaGnY7P
youtube,EiEFcQ-lahk,view_count,24882,,youtube_public_v1,PUBLIC,jh0aF6qybmcaGnY7P
youtube,EiEFcQ-lahk,like_count,408,,youtube_public_v1,PUBLIC,jh0aF6qybmcaGnY7P
youtube,EiEFcQ-lahk,comment_count,24,,youtube_public_v1,PUBLIC,jh0aF6qybmcaGnY7P
youtube,ZQsXySoECfo,view_count,3946824,,youtube_public_v1,PUBLIC,jh0aF6qybmcaGnY7P
youtube,ZQsXySoECfo,like_count,60000,,youtube_public_v1,PUBLIC,jh0aF6qybmcaGnY7P
youtube,ZQsXySoECfo,comment_count,17645,,youtube_public_v1,PUBLIC,jh0aF6qybmcaGnY7P
youtube,om6Qessps1c,view_count,5147883,,youtube_public_v1,PUBLIC,jh0aF6qybmcaGnY7P
youtube,om6Qessps1c,like_count,66000,,youtube_public_v1,PUBLIC,jh0aF6qybmcaGnY7P
youtube,om6Qessps1c,comment_count,22024,,youtube_public_v1,PUBLIC,jh0aF6qybmcaGnY7P
youtube,W3eLVPN7I8s,view_count,97153,,youtube_public_v1,PUBLIC,jh0aF6qybmcaGnY7P
youtube,W3eLVPN7I8s,like_count,2800,,youtube_public_v1,PUBLIC,jh0aF6qybmcaGnY7P
youtube,W3eLVPN7I8s,comment_count,17,,youtube_public_v1,PUBLIC,jh0aF6qybmcaGnY7P
youtube,qB9nVWKJ3Jk,view_count,123506,,youtube_public_v1,PUBLIC,jh0aF6qybmcaGnY7P
youtube,qB9nVWKJ3Jk,like_count,4000,,youtube_public_v1,PUBLIC,jh0aF6qybmcaGnY7P
youtube,qB9nVWKJ3Jk,comment_count,33,,youtube_public_v1,PUBLIC,jh0aF6qybmcaGnY7P
youtube,EsqrGxAB6vw,view_count,79202,,youtube_public_v1,PUBLIC,jh0aF6qybmcaGnY7P
youtube,EsqrGxAB6vw,like_count,2400,,youtube_public_v1,PUBLIC,jh0aF6qybmcaGnY7P
youtube,EsqrGxAB6vw,comment_count,19,,youtube_public_v1,PUBLIC,jh0aF6qybmcaGnY7P
youtube,3Bt7tNxViVE,view_count,28620,,youtube_public_v1,PUBLIC,jh0aF6qybmcaGnY7P
youtube,3Bt7tNxViVE,like_count,986,,youtube_public_v1,PUBLIC,jh0aF6qybmcaGnY7P
youtube,3Bt7tNxViVE,comment_count,12,,youtube_public_v1,PUBLIC,jh0aF6qybmcaGnY7P
youtube,x0dVmmJ1iB0,view_count,55408,,youtube_public_v1,PUBLIC,jh0aF6qybmcaGnY7P
youtube,x0dVmmJ1iB0,like_count,1600,,youtube_public_v1,PUBLIC,jh0aF6qybmcaGnY7P
youtube,x0dVmmJ1iB0,comment_count,6,,youtube_public_v1,PUBLIC,jh0aF6qybmcaGnY7P
youtube,rSjGjCtj3RE,view_count,259850,,youtube_public_v1,PUBLIC,jh0aF6qybmcaGnY7P
youtube,rSjGjCtj3RE,like_count,5900,,youtube_public_v1,PUBLIC,jh0aF6qybmcaGnY7P
youtube,rSjGjCtj3RE,comment_count,755,,youtube_public_v1,PUBLIC,jh0aF6qybmcaGnY7P
youtube,X-xr4HbKKL4,view_count,111282,,youtube_public_v1,PUBLIC,jh0aF6qybmcaGnY7P
youtube,X-xr4HbKKL4,like_count,843,,youtube_public_v1,PUBLIC,jh0aF6qybmcaGnY7P
youtube,X-xr4HbKKL4,comment_count,28,,youtube_public_v1,PUBLIC,jh0aF6qybmcaGnY7P
youtube,rJl6anTPoRM,view_count,112013,,youtube_public_v1,PUBLIC,jh0aF6qybmcaGnY7P
youtube,rJl6anTPoRM,like_count,2400,,youtube_public_v1,PUBLIC,jh0aF6qybmcaGnY7P
youtube,rJl6anTPoRM,comment_count,70,,youtube_public_v1,PUBLIC,jh0aF6qybmcaGnY7P
youtube,ARA6Bfqfo8c,view_count,340662,,youtube_public_v1,PUBLIC,jh0aF6qybmcaGnY7P
youtube,ARA6Bfqfo8c,like_count,6800,,youtube_public_v1,PUBLIC,jh0aF6qybmcaGnY7P
youtube,ARA6Bfqfo8c,comment_count,497,,youtube_public_v1,PUBLIC,jh0aF6qybmcaGnY7P
youtube,MqzmscGIO5A,view_count,124216,,youtube_public_v1,PUBLIC,jh0aF6qybmcaGnY7P
youtube,MqzmscGIO5A,like_count,867,,youtube_public_v1,PUBLIC,jh0aF6qybmcaGnY7P
youtube,MqzmscGIO5A,comment_count,73,,youtube_public_v1,PUBLIC,jh0aF6qybmcaGnY7P
youtube,Ul22CbG5J1I,view_count,201021,,youtube_public_v1,PUBLIC,jh0aF6qybmcaGnY7P
youtube,Ul22CbG5J1I,like_count,5300,,youtube_public_v1,PUBLIC,jh0aF6qybmcaGnY7P
youtube,Ul22CbG5J1I,comment_count,291,,youtube_public_v1,PUBLIC,jh0aF6qybmcaGnY7P
youtube,pbAc78KfJNA,view_count,996720,,youtube_public_v1,PUBLIC,jh0aF6qybmcaGnY7P
youtube,pbAc78KfJNA,like_count,15000,,youtube_public_v1,PUBLIC,jh0aF6qybmcaGnY7P
youtube,pbAc78KfJNA,comment_count,1797,,youtube_public_v1,PUBLIC,jh0aF6qybmcaGnY7P
youtube,f6tlI-gSBx8,view_count,81730,,youtube_public_v1,PUBLIC,jh0aF6qybmcaGnY7P
youtube,f6tlI-gSBx8,like_count,1400,,youtube_public_v1,PUBLIC,jh0aF6qybmcaGnY7P
youtube,f6tlI-gSBx8,comment_count,205,,youtube_public_v1,PUBLIC,jh0aF6qybmcaGnY7P
youtube,-d3q5qYU7uY,view_count,2217604,,youtube_public_v1,PUBLIC,jh0aF6qybmcaGnY7P
youtube,-d3q5qYU7uY,like_count,24000,,youtube_public_v1,PUBLIC,jh0aF6qybmcaGnY7P
youtube,-d3q5qYU7uY,comment_count,3370,,youtube_public_v1,PUBLIC,jh0aF6qybmcaGnY7P
youtube,uf-fdiP4joA,view_count,3765,,youtube_public_v1,PUBLIC,jh0aF6qybmcaGnY7P
youtube,uf-fdiP4joA,like_count,358,,youtube_public_v1,PUBLIC,jh0aF6qybmcaGnY7P
youtube,uf-fdiP4joA,comment_count,4,,youtube_public_v1,PUBLIC,jh0aF6qybmcaGnY7P
youtube,_jp0jm_j5-8,view_count,22969,,youtube_public_v1,PUBLIC,jh0aF6qybmcaGnY7P
youtube,_jp0jm_j5-8,like_count,433,,youtube_public_v1,PUBLIC,jh0aF6qybmcaGnY7P
youtube,_jp0jm_j5-8,comment_count,14,,youtube_public_v1,PUBLIC,jh0aF6qybmcaGnY7P
youtube,4KYWH6EENKU,view_count,18579,,youtube_public_v1,PUBLIC,jh0aF6qybmcaGnY7P
youtube,4KYWH6EENKU,like_count,110,,youtube_public_v1,PUBLIC,jh0aF6qybmcaGnY7P
youtube,4KYWH6EENKU,comment_count,5,,youtube_public_v1,PUBLIC,jh0aF6qybmcaGnY7P
youtube,pJ9nx8oL5jk,view_count,2257464,,youtube_public_v1,PUBLIC,jh0aF6qybmcaGnY7P
youtube,pJ9nx8oL5jk,like_count,50000,,youtube_public_v1,PUBLIC,jh0aF6qybmcaGnY7P
youtube,pJ9nx8oL5jk,comment_count,23831,,youtube_public_v1,PUBLIC,jh0aF6qybmcaGnY7P
youtube,hM4aEarfhAk,view_count,4803,,youtube_public_v1,PUBLIC,QFj6wL2XIrFmjIkU9
youtube,hM4aEarfhAk,like_count,182,,youtube_public_v1,PUBLIC,QFj6wL2XIrFmjIkU9
youtube,hM4aEarfhAk,comment_count,2,,youtube_public_v1,PUBLIC,QFj6wL2XIrFmjIkU9
youtube,TewHKH24mJA,view_count,13423,,youtube_public_v1,PUBLIC,QFj6wL2XIrFmjIkU9
youtube,TewHKH24mJA,like_count,131,,youtube_public_v1,PUBLIC,QFj6wL2XIrFmjIkU9
youtube,TewHKH24mJA,comment_count,8,,youtube_public_v1,PUBLIC,QFj6wL2XIrFmjIkU9
youtube,xxd-rlFks5U,view_count,117740,,youtube_public_v1,PUBLIC,QFj6wL2XIrFmjIkU9
youtube,xxd-rlFks5U,like_count,1800,,youtube_public_v1,PUBLIC,QFj6wL2XIrFmjIkU9
youtube,xxd-rlFks5U,comment_count,41,,youtube_public_v1,PUBLIC,QFj6wL2XIrFmjIkU9
youtube,hinJmNw0H2k,view_count,9847,,youtube_public_v1,PUBLIC,QFj6wL2XIrFmjIkU9
youtube,hinJmNw0H2k,like_count,131,,youtube_public_v1,PUBLIC,QFj6wL2XIrFmjIkU9
youtube,hinJmNw0H2k,comment_count,4,,youtube_public_v1,PUBLIC,QFj6wL2XIrFmjIkU9
youtube,rm8mZAEdYnU,view_count,15923,,youtube_public_v1,PUBLIC,QFj6wL2XIrFmjIkU9
youtube,rm8mZAEdYnU,like_count,168,,youtube_public_v1,PUBLIC,QFj6wL2XIrFmjIkU9
youtube,rm8mZAEdYnU,comment_count,3,,youtube_public_v1,PUBLIC,QFj6wL2XIrFmjIkU9
youtube,OOCncsjj7Dw,view_count,100022,,youtube_public_v1,PUBLIC,QFj6wL2XIrFmjIkU9
youtube,OOCncsjj7Dw,like_count,2600,,youtube_public_v1,PUBLIC,QFj6wL2XIrFmjIkU9
youtube,OOCncsjj7Dw,comment_count,38,,youtube_public_v1,PUBLIC,QFj6wL2XIrFmjIkU9
youtube,Vz4msdXxW0M,view_count,14190,,youtube_public_v1,PUBLIC,QFj6wL2XIrFmjIkU9
youtube,Vz4msdXxW0M,like_count,0,,youtube_public_v1,PUBLIC,QFj6wL2XIrFmjIkU9
youtube,Vz4msdXxW0M,comment_count,0,,youtube_public_v1,PUBLIC,QFj6wL2XIrFmjIkU9
youtube,_5c-QHqdl5g,view_count,11183,,youtube_public_v1,PUBLIC,QFj6wL2XIrFmjIkU9
youtube,_5c-QHqdl5g,like_count,326,,youtube_public_v1,PUBLIC,QFj6wL2XIrFmjIkU9
youtube,_5c-QHqdl5g,comment_count,5,,youtube_public_v1,PUBLIC,QFj6wL2XIrFmjIkU9
youtube,uI6MnVE024A,view_count,40271,,youtube_public_v1,PUBLIC,QFj6wL2XIrFmjIkU9
youtube,uI6MnVE024A,like_count,760,,youtube_public_v1,PUBLIC,QFj6wL2XIrFmjIkU9
youtube,uI6MnVE024A,comment_count,16,,youtube_public_v1,PUBLIC,QFj6wL2XIrFmjIkU9
youtube,W207EfdJECg,view_count,13878,,youtube_public_v1,PUBLIC,QFj6wL2XIrFmjIkU9
youtube,W207EfdJECg,like_count,190,,youtube_public_v1,PUBLIC,QFj6wL2XIrFmjIkU9
youtube,W207EfdJECg,comment_count,0,,youtube_public_v1,PUBLIC,QFj6wL2XIrFmjIkU9
youtube,xeylcWftGvs,view_count,40488,,youtube_public_v1,PUBLIC,QFj6wL2XIrFmjIkU9
youtube,xeylcWftGvs,like_count,565,,youtube_public_v1,PUBLIC,QFj6wL2XIrFmjIkU9
youtube,xeylcWftGvs,comment_count,5,,youtube_public_v1,PUBLIC,QFj6wL2XIrFmjIkU9
youtube,qtvAC8NX830,view_count,70096,,youtube_public_v1,PUBLIC,QFj6wL2XIrFmjIkU9
youtube,qtvAC8NX830,like_count,1200,,youtube_public_v1,PUBLIC,QFj6wL2XIrFmjIkU9
youtube,qtvAC8NX830,comment_count,51,,youtube_public_v1,PUBLIC,QFj6wL2XIrFmjIkU9
youtube,05P2ljjbTEY,view_count,6245,,youtube_public_v1,PUBLIC,QFj6wL2XIrFmjIkU9
youtube,05P2ljjbTEY,like_count,238,,youtube_public_v1,PUBLIC,QFj6wL2XIrFmjIkU9
youtube,05P2ljjbTEY,comment_count,3,,youtube_public_v1,PUBLIC,QFj6wL2XIrFmjIkU9
youtube,vU5PcNXDYlg,view_count,28204,,youtube_public_v1,PUBLIC,QFj6wL2XIrFmjIkU9
youtube,vU5PcNXDYlg,like_count,578,,youtube_public_v1,PUBLIC,QFj6wL2XIrFmjIkU9
youtube,vU5PcNXDYlg,comment_count,9,,youtube_public_v1,PUBLIC,QFj6wL2XIrFmjIkU9
youtube,VrWOP6F8WcI,view_count,787,,youtube_public_v1,PUBLIC,QFj6wL2XIrFmjIkU9
youtube,VrWOP6F8WcI,like_count,8,,youtube_public_v1,PUBLIC,QFj6wL2XIrFmjIkU9
youtube,VrWOP6F8WcI,comment_count,0,,youtube_public_v1,PUBLIC,QFj6wL2XIrFmjIkU9
youtube,15Izd4dioP4,view_count,18766,,youtube_public_v1,PUBLIC,QFj6wL2XIrFmjIkU9
youtube,15Izd4dioP4,like_count,150,,youtube_public_v1,PUBLIC,QFj6wL2XIrFmjIkU9
youtube,15Izd4dioP4,comment_count,2,,youtube_public_v1,PUBLIC,QFj6wL2XIrFmjIkU9
youtube,MXWdIxrrLvU,view_count,16134,,youtube_public_v1,PUBLIC,QFj6wL2XIrFmjIkU9
youtube,MXWdIxrrLvU,like_count,172,,youtube_public_v1,PUBLIC,QFj6wL2XIrFmjIkU9
youtube,MXWdIxrrLvU,comment_count,2,,youtube_public_v1,PUBLIC,QFj6wL2XIrFmjIkU9
youtube,8QeHBsDY8Y4,view_count,55476,,youtube_public_v1,PUBLIC,QFj6wL2XIrFmjIkU9
youtube,8QeHBsDY8Y4,like_count,643,,youtube_public_v1,PUBLIC,QFj6wL2XIrFmjIkU9
youtube,8QeHBsDY8Y4,comment_count,5,,youtube_public_v1,PUBLIC,QFj6wL2XIrFmjIkU9
youtube,U09zjy8TQQY,view_count,24622,,youtube_public_v1,PUBLIC,QFj6wL2XIrFmjIkU9
youtube,U09zjy8TQQY,like_count,229,,youtube_public_v1,PUBLIC,QFj6wL2XIrFmjIkU9
youtube,U09zjy8TQQY,comment_count,3,,youtube_public_v1,PUBLIC,QFj6wL2XIrFmjIkU9
youtube,HC2-S-jjnkE,view_count,4249,,youtube_public_v1,PUBLIC,QFj6wL2XIrFmjIkU9
youtube,HC2-S-jjnkE,like_count,124,,youtube_public_v1,PUBLIC,QFj6wL2XIrFmjIkU9
youtube,HC2-S-jjnkE,comment_count,1,,youtube_public_v1,PUBLIC,QFj6wL2XIrFmjIkU9
youtube,P8BNRXT07gs,view_count,70231,,youtube_public_v1,PUBLIC,QFj6wL2XIrFmjIkU9
youtube,P8BNRXT07gs,like_count,2000,,youtube_public_v1,PUBLIC,QFj6wL2XIrFmjIkU9
youtube,P8BNRXT07gs,comment_count,20,,youtube_public_v1,PUBLIC,QFj6wL2XIrFmjIkU9
youtube,pebD8BC38PU,view_count,901,,youtube_public_v1,PUBLIC,QFj6wL2XIrFmjIkU9
youtube,pebD8BC38PU,like_count,13,,youtube_public_v1,PUBLIC,QFj6wL2XIrFmjIkU9
youtube,pebD8BC38PU,comment_count,0,,youtube_public_v1,PUBLIC,QFj6wL2XIrFmjIkU9
youtube,qP0PAjdfH0s,view_count,1891854,2026-08-12T13:30:02.436913+07:00,youtube_public_v1,PUBLIC,QFj6wL2XIrFmjIkU9
youtube,qP0PAjdfH0s,like_count,21000,2026-08-12T13:30:02.436913+07:00,youtube_public_v1,PUBLIC,QFj6wL2XIrFmjIkU9
youtube,qP0PAjdfH0s,comment_count,3922,2026-08-12T13:30:02.436913+07:00,youtube_public_v1,PUBLIC,QFj6wL2XIrFmjIkU9
youtube,nx_E2XPKd-k,view_count,395979,,youtube_public_v1,PUBLIC,QFj6wL2XIrFmjIkU9
youtube,nx_E2XPKd-k,like_count,11000,,youtube_public_v1,PUBLIC,QFj6wL2XIrFmjIkU9
youtube,nx_E2XPKd-k,comment_count,2514,,youtube_public_v1,PUBLIC,QFj6wL2XIrFmjIkU9
youtube,CoSc0Qqd5L0,view_count,4291570,,youtube_public_v1,PUBLIC,QFj6wL2XIrFmjIkU9
youtube,CoSc0Qqd5L0,like_count,34000,,youtube_public_v1,PUBLIC,QFj6wL2XIrFmjIkU9
youtube,CoSc0Qqd5L0,comment_count,2882,,youtube_public_v1,PUBLIC,QFj6wL2XIrFmjIkU9
youtube,wENlR8rFjLk,view_count,2622364,,youtube_public_v1,PUBLIC,QFj6wL2XIrFmjIkU9
youtube,wENlR8rFjLk,like_count,26000,,youtube_public_v1,PUBLIC,QFj6wL2XIrFmjIkU9
youtube,wENlR8rFjLk,comment_count,2123,,youtube_public_v1,PUBLIC,QFj6wL2XIrFmjIkU9
youtube,YL7Rq7IcNfQ,view_count,526552,,youtube_public_v1,PUBLIC,QFj6wL2XIrFmjIkU9
youtube,YL7Rq7IcNfQ,like_count,11000,,youtube_public_v1,PUBLIC,QFj6wL2XIrFmjIkU9
youtube,YL7Rq7IcNfQ,comment_count,2089,,youtube_public_v1,PUBLIC,QFj6wL2XIrFmjIkU9
youtube,yZTdJo67KmU,view_count,85803,,youtube_public_v1,PUBLIC,QFj6wL2XIrFmjIkU9
youtube,yZTdJo67KmU,like_count,1100,,youtube_public_v1,PUBLIC,QFj6wL2XIrFmjIkU9
youtube,yZTdJo67KmU,comment_count,74,,youtube_public_v1,PUBLIC,QFj6wL2XIrFmjIkU9
youtube,snc1rgD5W1M,view_count,1688298,2026-08-12T13:30:02.436913+07:00,youtube_public_v1,PUBLIC,QFj6wL2XIrFmjIkU9
youtube,snc1rgD5W1M,like_count,22000,2026-08-12T13:30:02.436913+07:00,youtube_public_v1,PUBLIC,QFj6wL2XIrFmjIkU9
youtube,snc1rgD5W1M,comment_count,5775,2026-08-12T13:30:02.436913+07:00,youtube_public_v1,PUBLIC,QFj6wL2XIrFmjIkU9
youtube,AXCczcyNCoQ,view_count,3037814,2026-08-12T13:30:02.436913+07:00,youtube_public_v1,PUBLIC,QFj6wL2XIrFmjIkU9
youtube,AXCczcyNCoQ,like_count,32000,2026-08-12T13:30:02.436913+07:00,youtube_public_v1,PUBLIC,QFj6wL2XIrFmjIkU9
youtube,AXCczcyNCoQ,comment_count,4439,2026-08-12T13:30:02.436913+07:00,youtube_public_v1,PUBLIC,QFj6wL2XIrFmjIkU9
youtube,gS-W-YGrvHo,view_count,170268,,youtube_public_v1,PUBLIC,QFj6wL2XIrFmjIkU9
youtube,gS-W-YGrvHo,like_count,4300,,youtube_public_v1,PUBLIC,QFj6wL2XIrFmjIkU9
youtube,gS-W-YGrvHo,comment_count,405,,youtube_public_v1,PUBLIC,QFj6wL2XIrFmjIkU9
youtube,CEk3bNiILEg,view_count,43951,,youtube_public_v1,PUBLIC,QFj6wL2XIrFmjIkU9
youtube,CEk3bNiILEg,like_count,704,,youtube_public_v1,PUBLIC,QFj6wL2XIrFmjIkU9
youtube,CEk3bNiILEg,comment_count,56,,youtube_public_v1,PUBLIC,QFj6wL2XIrFmjIkU9
youtube,8gPXKl3BpMc,view_count,4387072,2026-08-12T13:30:02.436913+07:00,youtube_public_v1,PUBLIC,QFj6wL2XIrFmjIkU9
youtube,8gPXKl3BpMc,like_count,46000,2026-08-12T13:30:02.436913+07:00,youtube_public_v1,PUBLIC,QFj6wL2XIrFmjIkU9
youtube,8gPXKl3BpMc,comment_count,8585,2026-08-12T13:30:02.436913+07:00,youtube_public_v1,PUBLIC,QFj6wL2XIrFmjIkU9
youtube,zTj0YbcGkpU,view_count,204586,,youtube_public_v1,PUBLIC,QFj6wL2XIrFmjIkU9
youtube,zTj0YbcGkpU,like_count,5100,,youtube_public_v1,PUBLIC,QFj6wL2XIrFmjIkU9
youtube,zTj0YbcGkpU,comment_count,603,,youtube_public_v1,PUBLIC,QFj6wL2XIrFmjIkU9
youtube,dXkw0uMUBYs,view_count,6605986,2026-08-12T13:30:02.436913+07:00,youtube_public_v1,PUBLIC,QFj6wL2XIrFmjIkU9
youtube,dXkw0uMUBYs,like_count,70000,2026-08-12T13:30:02.436913+07:00,youtube_public_v1,PUBLIC,QFj6wL2XIrFmjIkU9
youtube,dXkw0uMUBYs,comment_count,9454,2026-08-12T13:30:02.436913+07:00,youtube_public_v1,PUBLIC,QFj6wL2XIrFmjIkU9
youtube,ESz__7Pdyf8,view_count,2221216,2026-08-12T13:30:02.436913+07:00,youtube_public_v1,PUBLIC,QFj6wL2XIrFmjIkU9
youtube,ESz__7Pdyf8,like_count,21000,2026-08-12T13:30:02.436913+07:00,youtube_public_v1,PUBLIC,QFj6wL2XIrFmjIkU9
youtube,ESz__7Pdyf8,comment_count,2719,2026-08-12T13:30:02.436913+07:00,youtube_public_v1,PUBLIC,QFj6wL2XIrFmjIkU9
youtube,2ghfD8YQfi4,view_count,3384322,,youtube_public_v1,PUBLIC,QFj6wL2XIrFmjIkU9
youtube,2ghfD8YQfi4,like_count,49000,,youtube_public_v1,PUBLIC,QFj6wL2XIrFmjIkU9
youtube,2ghfD8YQfi4,comment_count,13073,,youtube_public_v1,PUBLIC,QFj6wL2XIrFmjIkU9
youtube,WkqhLiTAo_g,view_count,56557,,youtube_public_v1,PUBLIC,QFj6wL2XIrFmjIkU9
youtube,WkqhLiTAo_g,like_count,451,,youtube_public_v1,PUBLIC,QFj6wL2XIrFmjIkU9
youtube,WkqhLiTAo_g,comment_count,43,,youtube_public_v1,PUBLIC,QFj6wL2XIrFmjIkU9
youtube,YciXKN5HQAA,view_count,125924,,youtube_public_v1,PUBLIC,QFj6wL2XIrFmjIkU9
youtube,YciXKN5HQAA,like_count,2100,,youtube_public_v1,PUBLIC,QFj6wL2XIrFmjIkU9
youtube,YciXKN5HQAA,comment_count,17,,youtube_public_v1,PUBLIC,QFj6wL2XIrFmjIkU9
youtube,KGl4_RW-0PA,view_count,9861,,youtube_public_v1,PUBLIC,QFj6wL2XIrFmjIkU9
youtube,KGl4_RW-0PA,like_count,0,,youtube_public_v1,PUBLIC,QFj6wL2XIrFmjIkU9
youtube,KGl4_RW-0PA,comment_count,2,,youtube_public_v1,PUBLIC,QFj6wL2XIrFmjIkU9
youtube,P1dCUcXhHPU,view_count,140286,,youtube_public_v1,PUBLIC,QFj6wL2XIrFmjIkU9
youtube,P1dCUcXhHPU,like_count,4000,,youtube_public_v1,PUBLIC,QFj6wL2XIrFmjIkU9
youtube,P1dCUcXhHPU,comment_count,211,,youtube_public_v1,PUBLIC,QFj6wL2XIrFmjIkU9
youtube,V4UgJrE6mtc,view_count,29777,,youtube_public_v1,PUBLIC,QFj6wL2XIrFmjIkU9
youtube,V4UgJrE6mtc,like_count,163,,youtube_public_v1,PUBLIC,QFj6wL2XIrFmjIkU9
youtube,V4UgJrE6mtc,comment_count,6,,youtube_public_v1,PUBLIC,QFj6wL2XIrFmjIkU9
youtube,6OHDq204GkI,view_count,101674,,youtube_public_v1,PUBLIC,QFj6wL2XIrFmjIkU9
youtube,6OHDq204GkI,like_count,858,,youtube_public_v1,PUBLIC,QFj6wL2XIrFmjIkU9
youtube,6OHDq204GkI,comment_count,20,,youtube_public_v1,PUBLIC,QFj6wL2XIrFmjIkU9
youtube,93C4a-HI9os,view_count,122735,,youtube_public_v1,PUBLIC,QFj6wL2XIrFmjIkU9
youtube,93C4a-HI9os,like_count,1000,,youtube_public_v1,PUBLIC,QFj6wL2XIrFmjIkU9
youtube,93C4a-HI9os,comment_count,50,,youtube_public_v1,PUBLIC,QFj6wL2XIrFmjIkU9
youtube,-WUaHvKcjMs,view_count,41327,,youtube_public_v1,PUBLIC,QFj6wL2XIrFmjIkU9
youtube,-WUaHvKcjMs,like_count,408,,youtube_public_v1,PUBLIC,QFj6wL2XIrFmjIkU9
youtube,-WUaHvKcjMs,comment_count,22,,youtube_public_v1,PUBLIC,QFj6wL2XIrFmjIkU9
youtube,AWTncrX-EcM,view_count,68238,,youtube_public_v1,PUBLIC,QFj6wL2XIrFmjIkU9
youtube,AWTncrX-EcM,like_count,1100,,youtube_public_v1,PUBLIC,QFj6wL2XIrFmjIkU9
youtube,AWTncrX-EcM,comment_count,23,,youtube_public_v1,PUBLIC,QFj6wL2XIrFmjIkU9
youtube,Qnh0PfdVvck,view_count,114595,,youtube_public_v1,PUBLIC,QFj6wL2XIrFmjIkU9
youtube,Qnh0PfdVvck,like_count,1700,,youtube_public_v1,PUBLIC,QFj6wL2XIrFmjIkU9
youtube,Qnh0PfdVvck,comment_count,127,,youtube_public_v1,PUBLIC,QFj6wL2XIrFmjIkU9
youtube,OVoASkmWlGs,view_count,5859811,2026-08-12T13:29:41.176900+07:00,youtube_public_v1,PUBLIC,QFj6wL2XIrFmjIkU9
youtube,OVoASkmWlGs,like_count,74000,2026-08-12T13:29:41.176900+07:00,youtube_public_v1,PUBLIC,QFj6wL2XIrFmjIkU9
youtube,OVoASkmWlGs,comment_count,15900,2026-08-12T13:29:41.176900+07:00,youtube_public_v1,PUBLIC,QFj6wL2XIrFmjIkU9
youtube,oJUjGpewmEg,view_count,85317,,youtube_public_v1,PUBLIC,QFj6wL2XIrFmjIkU9
youtube,oJUjGpewmEg,like_count,1300,,youtube_public_v1,PUBLIC,QFj6wL2XIrFmjIkU9
youtube,oJUjGpewmEg,comment_count,106,,youtube_public_v1,PUBLIC,QFj6wL2XIrFmjIkU9
youtube,uo0yKLxfzwY,view_count,4177683,2026-08-12T13:29:41.176900+07:00,youtube_public_v1,PUBLIC,QFj6wL2XIrFmjIkU9
youtube,uo0yKLxfzwY,like_count,42000,2026-08-12T13:29:41.176900+07:00,youtube_public_v1,PUBLIC,QFj6wL2XIrFmjIkU9
youtube,uo0yKLxfzwY,comment_count,5193,2026-08-12T13:29:41.176900+07:00,youtube_public_v1,PUBLIC,QFj6wL2XIrFmjIkU9
youtube,3sP9squeGSQ,view_count,404468,,youtube_public_v1,PUBLIC,QFj6wL2XIrFmjIkU9
youtube,3sP9squeGSQ,like_count,2800,,youtube_public_v1,PUBLIC,QFj6wL2XIrFmjIkU9
youtube,3sP9squeGSQ,comment_count,0,,youtube_public_v1,PUBLIC,QFj6wL2XIrFmjIkU9
youtube,ho5JGbGbdaM,view_count,1891652,,youtube_public_v1,PUBLIC,QFj6wL2XIrFmjIkU9
youtube,ho5JGbGbdaM,like_count,9200,,youtube_public_v1,PUBLIC,QFj6wL2XIrFmjIkU9
youtube,ho5JGbGbdaM,comment_count,241,,youtube_public_v1,PUBLIC,QFj6wL2XIrFmjIkU9
youtube,jFCC3YmHMa4,view_count,7991604,2026-08-12T13:29:41.176900+07:00,youtube_public_v1,PUBLIC,QFj6wL2XIrFmjIkU9
youtube,jFCC3YmHMa4,like_count,97000,2026-08-12T13:29:41.176900+07:00,youtube_public_v1,PUBLIC,QFj6wL2XIrFmjIkU9
youtube,jFCC3YmHMa4,comment_count,21787,2026-08-12T13:29:41.176900+07:00,youtube_public_v1,PUBLIC,QFj6wL2XIrFmjIkU9
youtube,tlZ5nA7yXYw,view_count,2152472,,youtube_public_v1,PUBLIC,QFj6wL2XIrFmjIkU9
youtube,tlZ5nA7yXYw,like_count,16000,,youtube_public_v1,PUBLIC,QFj6wL2XIrFmjIkU9
youtube,tlZ5nA7yXYw,comment_count,1392,,youtube_public_v1,PUBLIC,QFj6wL2XIrFmjIkU9
youtube,8iBFcKaeZ8Y,view_count,89446,,youtube_public_v1,PUBLIC,QFj6wL2XIrFmjIkU9
youtube,8iBFcKaeZ8Y,like_count,1400,,youtube_public_v1,PUBLIC,QFj6wL2XIrFmjIkU9
youtube,8iBFcKaeZ8Y,comment_count,255,,youtube_public_v1,PUBLIC,QFj6wL2XIrFmjIkU9
youtube,wpbQBtgeIJM,view_count,230194,,youtube_public_v1,PUBLIC,QFj6wL2XIrFmjIkU9
youtube,wpbQBtgeIJM,like_count,2800,,youtube_public_v1,PUBLIC,QFj6wL2XIrFmjIkU9
youtube,wpbQBtgeIJM,comment_count,169,,youtube_public_v1,PUBLIC,QFj6wL2XIrFmjIkU9
youtube,tROQHmjJ04U,view_count,127285,,youtube_public_v1,PUBLIC,QFj6wL2XIrFmjIkU9
youtube,tROQHmjJ04U,like_count,1000,,youtube_public_v1,PUBLIC,QFj6wL2XIrFmjIkU9
youtube,tROQHmjJ04U,comment_count,36,,youtube_public_v1,PUBLIC,QFj6wL2XIrFmjIkU9
youtube,Wdvq-gzrsgU,view_count,219967,,youtube_public_v1,PUBLIC,QFj6wL2XIrFmjIkU9
youtube,Wdvq-gzrsgU,like_count,1400,,youtube_public_v1,PUBLIC,QFj6wL2XIrFmjIkU9
youtube,Wdvq-gzrsgU,comment_count,39,,youtube_public_v1,PUBLIC,QFj6wL2XIrFmjIkU9
youtube,Tt6rKRjN2NI,view_count,367846,,youtube_public_v1,PUBLIC,QFj6wL2XIrFmjIkU9
youtube,Tt6rKRjN2NI,like_count,3900,,youtube_public_v1,PUBLIC,QFj6wL2XIrFmjIkU9
youtube,Tt6rKRjN2NI,comment_count,275,,youtube_public_v1,PUBLIC,QFj6wL2XIrFmjIkU9
youtube,_rHYFZDmtyI,view_count,268876,,youtube_public_v1,PUBLIC,QFj6wL2XIrFmjIkU9
youtube,_rHYFZDmtyI,like_count,4600,,youtube_public_v1,PUBLIC,QFj6wL2XIrFmjIkU9
youtube,_rHYFZDmtyI,comment_count,227,,youtube_public_v1,PUBLIC,QFj6wL2XIrFmjIkU9
youtube,78hTlUrB7KQ,view_count,187912,,youtube_public_v1,PUBLIC,QFj6wL2XIrFmjIkU9
youtube,78hTlUrB7KQ,like_count,5600,,youtube_public_v1,PUBLIC,QFj6wL2XIrFmjIkU9
youtube,78hTlUrB7KQ,comment_count,323,,youtube_public_v1,PUBLIC,QFj6wL2XIrFmjIkU9
youtube,qIu5J-cna8s,view_count,1378119,,youtube_public_v1,PUBLIC,QFj6wL2XIrFmjIkU9
youtube,qIu5J-cna8s,like_count,15000,,youtube_public_v1,PUBLIC,QFj6wL2XIrFmjIkU9
youtube,qIu5J-cna8s,comment_count,1567,,youtube_public_v1,PUBLIC,QFj6wL2XIrFmjIkU9
youtube,89Ig-3AsOiw,view_count,474655,,youtube_public_v1,PUBLIC,QFj6wL2XIrFmjIkU9
youtube,89Ig-3AsOiw,like_count,4400,,youtube_public_v1,PUBLIC,QFj6wL2XIrFmjIkU9
youtube,89Ig-3AsOiw,comment_count,241,,youtube_public_v1,PUBLIC,QFj6wL2XIrFmjIkU9
youtube,gcTTvfOUCJY,view_count,108994,,youtube_public_v1,PUBLIC,QFj6wL2XIrFmjIkU9
youtube,gcTTvfOUCJY,like_count,1200,,youtube_public_v1,PUBLIC,QFj6wL2XIrFmjIkU9
youtube,gcTTvfOUCJY,comment_count,36,,youtube_public_v1,PUBLIC,QFj6wL2XIrFmjIkU9
youtube,byFOOhNo85o,view_count,766913,,youtube_public_v1,PUBLIC,QFj6wL2XIrFmjIkU9
youtube,byFOOhNo85o,like_count,8500,,youtube_public_v1,PUBLIC,QFj6wL2XIrFmjIkU9
youtube,byFOOhNo85o,comment_count,709,,youtube_public_v1,PUBLIC,QFj6wL2XIrFmjIkU9
youtube,B1ZZAWVfLak,view_count,707281,,youtube_public_v1,PUBLIC,QFj6wL2XIrFmjIkU9
youtube,B1ZZAWVfLak,like_count,6900,,youtube_public_v1,PUBLIC,QFj6wL2XIrFmjIkU9
youtube,B1ZZAWVfLak,comment_count,381,,youtube_public_v1,PUBLIC,QFj6wL2XIrFmjIkU9
youtube,UWUU5b6yPyw,view_count,1203431,,youtube_public_v1,PUBLIC,QFj6wL2XIrFmjIkU9
youtube,UWUU5b6yPyw,like_count,8900,,youtube_public_v1,PUBLIC,QFj6wL2XIrFmjIkU9
youtube,UWUU5b6yPyw,comment_count,645,,youtube_public_v1,PUBLIC,QFj6wL2XIrFmjIkU9
youtube,QqCausYrRRY,view_count,4632777,2026-08-12T13:29:41.176900+07:00,youtube_public_v1,PUBLIC,QFj6wL2XIrFmjIkU9
youtube,QqCausYrRRY,like_count,81000,2026-08-12T13:29:41.176900+07:00,youtube_public_v1,PUBLIC,QFj6wL2XIrFmjIkU9
youtube,QqCausYrRRY,comment_count,8437,2026-08-12T13:29:41.176900+07:00,youtube_public_v1,PUBLIC,QFj6wL2XIrFmjIkU9
youtube,uz5xK4WALoo,view_count,898466,,youtube_public_v1,PUBLIC,QFj6wL2XIrFmjIkU9
youtube,uz5xK4WALoo,like_count,7600,,youtube_public_v1,PUBLIC,QFj6wL2XIrFmjIkU9
youtube,uz5xK4WALoo,comment_count,407,,youtube_public_v1,PUBLIC,QFj6wL2XIrFmjIkU9
youtube,NwO71VaA9vo,view_count,364818,,youtube_public_v1,PUBLIC,QFj6wL2XIrFmjIkU9
youtube,NwO71VaA9vo,like_count,5200,,youtube_public_v1,PUBLIC,QFj6wL2XIrFmjIkU9
youtube,NwO71VaA9vo,comment_count,292,,youtube_public_v1,PUBLIC,QFj6wL2XIrFmjIkU9
youtube,4vUYDvrfSbE,view_count,140375,,youtube_public_v1,PUBLIC,QFj6wL2XIrFmjIkU9
youtube,4vUYDvrfSbE,like_count,2500,,youtube_public_v1,PUBLIC,QFj6wL2XIrFmjIkU9
youtube,4vUYDvrfSbE,comment_count,145,,youtube_public_v1,PUBLIC,QFj6wL2XIrFmjIkU9
youtube,aAU4JjyyLEQ,view_count,119069,,youtube_public_v1,PUBLIC,QFj6wL2XIrFmjIkU9
youtube,aAU4JjyyLEQ,like_count,1300,,youtube_public_v1,PUBLIC,QFj6wL2XIrFmjIkU9
youtube,aAU4JjyyLEQ,comment_count,145,,youtube_public_v1,PUBLIC,QFj6wL2XIrFmjIkU9
youtube,ZqK2L1hMoec,view_count,17062,,youtube_public_v1,PUBLIC,QFj6wL2XIrFmjIkU9
youtube,ZqK2L1hMoec,like_count,262,,youtube_public_v1,PUBLIC,QFj6wL2XIrFmjIkU9
youtube,ZqK2L1hMoec,comment_count,5,,youtube_public_v1,PUBLIC,QFj6wL2XIrFmjIkU9
youtube,kx4G7QBu1y8,view_count,443220,,youtube_public_v1,PUBLIC,QFj6wL2XIrFmjIkU9
youtube,kx4G7QBu1y8,like_count,11000,,youtube_public_v1,PUBLIC,QFj6wL2XIrFmjIkU9
youtube,kx4G7QBu1y8,comment_count,2971,,youtube_public_v1,PUBLIC,QFj6wL2XIrFmjIkU9
youtube,00pCQsG_RvA,view_count,279675,,youtube_public_v1,PUBLIC,QFj6wL2XIrFmjIkU9
youtube,00pCQsG_RvA,like_count,7000,,youtube_public_v1,PUBLIC,QFj6wL2XIrFmjIkU9
youtube,00pCQsG_RvA,comment_count,37,,youtube_public_v1,PUBLIC,QFj6wL2XIrFmjIkU9
youtube,6Kuc3aDN1H8,view_count,1063581,,youtube_public_v1,PUBLIC,QFj6wL2XIrFmjIkU9
youtube,6Kuc3aDN1H8,like_count,13000,,youtube_public_v1,PUBLIC,QFj6wL2XIrFmjIkU9
youtube,6Kuc3aDN1H8,comment_count,1337,,youtube_public_v1,PUBLIC,QFj6wL2XIrFmjIkU9
youtube,7lBzsQKs9Io,view_count,41827,,youtube_public_v1,PUBLIC,QFj6wL2XIrFmjIkU9
youtube,7lBzsQKs9Io,like_count,274,,youtube_public_v1,PUBLIC,QFj6wL2XIrFmjIkU9
youtube,7lBzsQKs9Io,comment_count,40,,youtube_public_v1,PUBLIC,QFj6wL2XIrFmjIkU9
youtube,eMQMCXQvjMg,view_count,5507,,youtube_public_v1,PUBLIC,QFj6wL2XIrFmjIkU9
youtube,eMQMCXQvjMg,like_count,29,,youtube_public_v1,PUBLIC,QFj6wL2XIrFmjIkU9
youtube,eMQMCXQvjMg,comment_count,0,,youtube_public_v1,PUBLIC,QFj6wL2XIrFmjIkU9
youtube,K9_jcTehvv8,view_count,23074,,youtube_public_v1,PUBLIC,QFj6wL2XIrFmjIkU9
youtube,K9_jcTehvv8,like_count,611,,youtube_public_v1,PUBLIC,QFj6wL2XIrFmjIkU9
youtube,K9_jcTehvv8,comment_count,22,,youtube_public_v1,PUBLIC,QFj6wL2XIrFmjIkU9
youtube,bwjcrlAueKE,view_count,281591,,youtube_public_v1,PUBLIC,QFj6wL2XIrFmjIkU9
youtube,bwjcrlAueKE,like_count,8900,,youtube_public_v1,PUBLIC,QFj6wL2XIrFmjIkU9
youtube,bwjcrlAueKE,comment_count,1138,,youtube_public_v1,PUBLIC,QFj6wL2XIrFmjIkU9
youtube,zGBdlh4LMn4,view_count,55,,youtube_public_v1,PUBLIC,QFj6wL2XIrFmjIkU9
youtube,zGBdlh4LMn4,like_count,2,,youtube_public_v1,PUBLIC,QFj6wL2XIrFmjIkU9
youtube,zGBdlh4LMn4,comment_count,0,,youtube_public_v1,PUBLIC,QFj6wL2XIrFmjIkU9
youtube,KFv0WGj0wq8,view_count,2033892,,youtube_public_v1,PUBLIC,Pg1YXHXy7xNK2P0Hk
youtube,KFv0WGj0wq8,like_count,10000,,youtube_public_v1,PUBLIC,Pg1YXHXy7xNK2P0Hk
youtube,KFv0WGj0wq8,comment_count,616,,youtube_public_v1,PUBLIC,Pg1YXHXy7xNK2P0Hk
youtube,FH8jhZYLY6I,view_count,5337187,2026-08-12T13:31:52.156437+07:00,youtube_public_v1,PUBLIC,Pg1YXHXy7xNK2P0Hk
youtube,FH8jhZYLY6I,like_count,128000,2026-08-12T13:31:52.156437+07:00,youtube_public_v1,PUBLIC,Pg1YXHXy7xNK2P0Hk
youtube,FH8jhZYLY6I,comment_count,6268,2026-08-12T13:31:52.156437+07:00,youtube_public_v1,PUBLIC,Pg1YXHXy7xNK2P0Hk
youtube,oNIL-t1uYIg,view_count,1269176,,youtube_public_v1,PUBLIC,Pg1YXHXy7xNK2P0Hk
youtube,oNIL-t1uYIg,like_count,9700,,youtube_public_v1,PUBLIC,Pg1YXHXy7xNK2P0Hk
youtube,oNIL-t1uYIg,comment_count,1981,,youtube_public_v1,PUBLIC,Pg1YXHXy7xNK2P0Hk
youtube,wRhPlYXftoE,view_count,3077377,,youtube_public_v1,PUBLIC,Pg1YXHXy7xNK2P0Hk
youtube,wRhPlYXftoE,like_count,14000,,youtube_public_v1,PUBLIC,Pg1YXHXy7xNK2P0Hk
youtube,wRhPlYXftoE,comment_count,1108,,youtube_public_v1,PUBLIC,Pg1YXHXy7xNK2P0Hk
youtube,DopDUhj-7mE,view_count,3762541,,youtube_public_v1,PUBLIC,Pg1YXHXy7xNK2P0Hk
youtube,DopDUhj-7mE,like_count,25000,,youtube_public_v1,PUBLIC,Pg1YXHXy7xNK2P0Hk
youtube,DopDUhj-7mE,comment_count,2422,,youtube_public_v1,PUBLIC,Pg1YXHXy7xNK2P0Hk
youtube,MxpYSaXkRlw,view_count,13535891,,youtube_public_v1,PUBLIC,Pg1YXHXy7xNK2P0Hk
youtube,MxpYSaXkRlw,like_count,123000,,youtube_public_v1,PUBLIC,Pg1YXHXy7xNK2P0Hk
youtube,MxpYSaXkRlw,comment_count,9113,,youtube_public_v1,PUBLIC,Pg1YXHXy7xNK2P0Hk
youtube,w3IuFvc9LCY,view_count,46525,,youtube_public_v1,PUBLIC,Pg1YXHXy7xNK2P0Hk
youtube,w3IuFvc9LCY,like_count,393,,youtube_public_v1,PUBLIC,Pg1YXHXy7xNK2P0Hk
youtube,w3IuFvc9LCY,comment_count,12,,youtube_public_v1,PUBLIC,Pg1YXHXy7xNK2P0Hk
youtube,9Yq95hyLE8w,view_count,9488769,,youtube_public_v1,PUBLIC,Pg1YXHXy7xNK2P0Hk
youtube,9Yq95hyLE8w,like_count,48000,,youtube_public_v1,PUBLIC,Pg1YXHXy7xNK2P0Hk
youtube,9Yq95hyLE8w,comment_count,3877,,youtube_public_v1,PUBLIC,Pg1YXHXy7xNK2P0Hk
youtube,z7lq32dHAeE,view_count,520467,,youtube_public_v1,PUBLIC,Pg1YXHXy7xNK2P0Hk
youtube,z7lq32dHAeE,like_count,2500,,youtube_public_v1,PUBLIC,Pg1YXHXy7xNK2P0Hk
youtube,z7lq32dHAeE,comment_count,68,,youtube_public_v1,PUBLIC,Pg1YXHXy7xNK2P0Hk
youtube,mzkoudng9e8,view_count,276740,,youtube_public_v1,PUBLIC,Pg1YXHXy7xNK2P0Hk
youtube,mzkoudng9e8,like_count,2800,,youtube_public_v1,PUBLIC,Pg1YXHXy7xNK2P0Hk
youtube,mzkoudng9e8,comment_count,220,,youtube_public_v1,PUBLIC,Pg1YXHXy7xNK2P0Hk
youtube,Rrtqc4X9XZA,view_count,2598359,,youtube_public_v1,PUBLIC,Pg1YXHXy7xNK2P0Hk
youtube,Rrtqc4X9XZA,like_count,16000,,youtube_public_v1,PUBLIC,Pg1YXHXy7xNK2P0Hk
youtube,Rrtqc4X9XZA,comment_count,2021,,youtube_public_v1,PUBLIC,Pg1YXHXy7xNK2P0Hk
youtube,3D2VOGEQmc4,view_count,16283,,youtube_public_v1,PUBLIC,Pg1YXHXy7xNK2P0Hk
youtube,3D2VOGEQmc4,like_count,407,,youtube_public_v1,PUBLIC,Pg1YXHXy7xNK2P0Hk
youtube,3D2VOGEQmc4,comment_count,2,,youtube_public_v1,PUBLIC,Pg1YXHXy7xNK2P0Hk
youtube,ra8RcbCK-pI,view_count,47628,,youtube_public_v1,PUBLIC,Pg1YXHXy7xNK2P0Hk
youtube,ra8RcbCK-pI,like_count,710,,youtube_public_v1,PUBLIC,Pg1YXHXy7xNK2P0Hk
youtube,ra8RcbCK-pI,comment_count,18,,youtube_public_v1,PUBLIC,Pg1YXHXy7xNK2P0Hk
youtube,kTKWtG8-rZI,view_count,48179,,youtube_public_v1,PUBLIC,Pg1YXHXy7xNK2P0Hk
youtube,kTKWtG8-rZI,like_count,545,,youtube_public_v1,PUBLIC,Pg1YXHXy7xNK2P0Hk
youtube,kTKWtG8-rZI,comment_count,5,,youtube_public_v1,PUBLIC,Pg1YXHXy7xNK2P0Hk
youtube,O-4AELf3Baw,view_count,20044,,youtube_public_v1,PUBLIC,Pg1YXHXy7xNK2P0Hk
youtube,O-4AELf3Baw,like_count,224,,youtube_public_v1,PUBLIC,Pg1YXHXy7xNK2P0Hk
youtube,O-4AELf3Baw,comment_count,2,,youtube_public_v1,PUBLIC,Pg1YXHXy7xNK2P0Hk
youtube,zED0g_W8WFw,view_count,2677456,,youtube_public_v1,PUBLIC,Pg1YXHXy7xNK2P0Hk
youtube,zED0g_W8WFw,like_count,18000,,youtube_public_v1,PUBLIC,Pg1YXHXy7xNK2P0Hk
youtube,zED0g_W8WFw,comment_count,1552,,youtube_public_v1,PUBLIC,Pg1YXHXy7xNK2P0Hk
youtube,cSs2NtaUafg,view_count,476530,,youtube_public_v1,PUBLIC,Pg1YXHXy7xNK2P0Hk
youtube,cSs2NtaUafg,like_count,8900,,youtube_public_v1,PUBLIC,Pg1YXHXy7xNK2P0Hk
youtube,cSs2NtaUafg,comment_count,28,,youtube_public_v1,PUBLIC,Pg1YXHXy7xNK2P0Hk
youtube,mmgYO1vu5f4,view_count,514038,,youtube_public_v1,PUBLIC,Pg1YXHXy7xNK2P0Hk
youtube,mmgYO1vu5f4,like_count,10000,,youtube_public_v1,PUBLIC,Pg1YXHXy7xNK2P0Hk
youtube,mmgYO1vu5f4,comment_count,288,,youtube_public_v1,PUBLIC,Pg1YXHXy7xNK2P0Hk
youtube,3P-ayQVw9o0,view_count,17220,,youtube_public_v1,PUBLIC,Pg1YXHXy7xNK2P0Hk
youtube,3P-ayQVw9o0,like_count,568,,youtube_public_v1,PUBLIC,Pg1YXHXy7xNK2P0Hk
youtube,3P-ayQVw9o0,comment_count,4,,youtube_public_v1,PUBLIC,Pg1YXHXy7xNK2P0Hk
youtube,qcRefjZxdtg,view_count,7415,,youtube_public_v1,PUBLIC,Pg1YXHXy7xNK2P0Hk
youtube,qcRefjZxdtg,like_count,107,,youtube_public_v1,PUBLIC,Pg1YXHXy7xNK2P0Hk
youtube,qcRefjZxdtg,comment_count,5,,youtube_public_v1,PUBLIC,Pg1YXHXy7xNK2P0Hk
youtube,GLPMO28TXWQ,view_count,57429,,youtube_public_v1,PUBLIC,Pg1YXHXy7xNK2P0Hk
youtube,GLPMO28TXWQ,like_count,1900,,youtube_public_v1,PUBLIC,Pg1YXHXy7xNK2P0Hk
youtube,GLPMO28TXWQ,comment_count,58,,youtube_public_v1,PUBLIC,Pg1YXHXy7xNK2P0Hk
youtube,snpwrkQdO6o,view_count,125497,,youtube_public_v1,PUBLIC,Pg1YXHXy7xNK2P0Hk
youtube,snpwrkQdO6o,like_count,2200,,youtube_public_v1,PUBLIC,Pg1YXHXy7xNK2P0Hk
youtube,snpwrkQdO6o,comment_count,24,,youtube_public_v1,PUBLIC,Pg1YXHXy7xNK2P0Hk
youtube,cHzNzqJ_t70,view_count,11627,,youtube_public_v1,PUBLIC,Pg1YXHXy7xNK2P0Hk
youtube,cHzNzqJ_t70,like_count,266,,youtube_public_v1,PUBLIC,Pg1YXHXy7xNK2P0Hk
youtube,cHzNzqJ_t70,comment_count,9,,youtube_public_v1,PUBLIC,Pg1YXHXy7xNK2P0Hk
youtube,k2M6R-Ehw-I,view_count,6495,,youtube_public_v1,PUBLIC,Pg1YXHXy7xNK2P0Hk
youtube,k2M6R-Ehw-I,like_count,173,,youtube_public_v1,PUBLIC,Pg1YXHXy7xNK2P0Hk
youtube,k2M6R-Ehw-I,comment_count,4,,youtube_public_v1,PUBLIC,Pg1YXHXy7xNK2P0Hk
youtube,CgmoKRm_Ul8,view_count,3228,,youtube_public_v1,PUBLIC,Pg1YXHXy7xNK2P0Hk
youtube,CgmoKRm_Ul8,like_count,44,,youtube_public_v1,PUBLIC,Pg1YXHXy7xNK2P0Hk
youtube,CgmoKRm_Ul8,comment_count,0,,youtube_public_v1,PUBLIC,Pg1YXHXy7xNK2P0Hk
youtube,sbFWk1SokNI,view_count,64478,,youtube_public_v1,PUBLIC,Pg1YXHXy7xNK2P0Hk
youtube,sbFWk1SokNI,like_count,1100,,youtube_public_v1,PUBLIC,Pg1YXHXy7xNK2P0Hk
youtube,sbFWk1SokNI,comment_count,51,,youtube_public_v1,PUBLIC,Pg1YXHXy7xNK2P0Hk
youtube,ii18DyuS65w,view_count,10548,,youtube_public_v1,PUBLIC,Pg1YXHXy7xNK2P0Hk
youtube,ii18DyuS65w,like_count,257,,youtube_public_v1,PUBLIC,Pg1YXHXy7xNK2P0Hk
youtube,ii18DyuS65w,comment_count,1,,youtube_public_v1,PUBLIC,Pg1YXHXy7xNK2P0Hk
youtube,7usr-nsIaeg,view_count,77673,,youtube_public_v1,PUBLIC,Pg1YXHXy7xNK2P0Hk
youtube,7usr-nsIaeg,like_count,1100,,youtube_public_v1,PUBLIC,Pg1YXHXy7xNK2P0Hk
youtube,7usr-nsIaeg,comment_count,13,,youtube_public_v1,PUBLIC,Pg1YXHXy7xNK2P0Hk
youtube,2TcSEr7PNs8,view_count,249670,,youtube_public_v1,PUBLIC,Pg1YXHXy7xNK2P0Hk
youtube,2TcSEr7PNs8,like_count,2400,,youtube_public_v1,PUBLIC,Pg1YXHXy7xNK2P0Hk
youtube,2TcSEr7PNs8,comment_count,146,,youtube_public_v1,PUBLIC,Pg1YXHXy7xNK2P0Hk
youtube,A5iljjpogTg,view_count,479601,,youtube_public_v1,PUBLIC,Pg1YXHXy7xNK2P0Hk
youtube,A5iljjpogTg,like_count,2100,,youtube_public_v1,PUBLIC,Pg1YXHXy7xNK2P0Hk
youtube,A5iljjpogTg,comment_count,35,,youtube_public_v1,PUBLIC,Pg1YXHXy7xNK2P0Hk
youtube,8PC4gnHbX4g,view_count,1681775,,youtube_public_v1,PUBLIC,Pg1YXHXy7xNK2P0Hk
youtube,8PC4gnHbX4g,like_count,9500,,youtube_public_v1,PUBLIC,Pg1YXHXy7xNK2P0Hk
youtube,8PC4gnHbX4g,comment_count,338,,youtube_public_v1,PUBLIC,Pg1YXHXy7xNK2P0Hk
youtube,U88iOtiZhd4,view_count,2774678,2026-08-12T13:31:52.156437+07:00,youtube_public_v1,PUBLIC,Pg1YXHXy7xNK2P0Hk
youtube,U88iOtiZhd4,like_count,38000,2026-08-12T13:31:52.156437+07:00,youtube_public_v1,PUBLIC,Pg1YXHXy7xNK2P0Hk
youtube,U88iOtiZhd4,comment_count,6457,2026-08-12T13:31:52.156437+07:00,youtube_public_v1,PUBLIC,Pg1YXHXy7xNK2P0Hk
youtube,j3pOW1totkM,view_count,87541,,youtube_public_v1,PUBLIC,Pg1YXHXy7xNK2P0Hk
youtube,j3pOW1totkM,like_count,873,,youtube_public_v1,PUBLIC,Pg1YXHXy7xNK2P0Hk
youtube,j3pOW1totkM,comment_count,19,,youtube_public_v1,PUBLIC,Pg1YXHXy7xNK2P0Hk
youtube,wvj9gnycWrY,view_count,3989,,youtube_public_v1,PUBLIC,Pg1YXHXy7xNK2P0Hk
youtube,wvj9gnycWrY,like_count,136,,youtube_public_v1,PUBLIC,Pg1YXHXy7xNK2P0Hk
youtube,wvj9gnycWrY,comment_count,5,,youtube_public_v1,PUBLIC,Pg1YXHXy7xNK2P0Hk
youtube,yqCnhLkpLDQ,view_count,108151,,youtube_public_v1,PUBLIC,Pg1YXHXy7xNK2P0Hk
youtube,yqCnhLkpLDQ,like_count,2000,,youtube_public_v1,PUBLIC,Pg1YXHXy7xNK2P0Hk
youtube,yqCnhLkpLDQ,comment_count,8,,youtube_public_v1,PUBLIC,Pg1YXHXy7xNK2P0Hk
youtube,A6VAjNMuwCA,view_count,2125,,youtube_public_v1,PUBLIC,Pg1YXHXy7xNK2P0Hk
youtube,A6VAjNMuwCA,like_count,32,,youtube_public_v1,PUBLIC,Pg1YXHXy7xNK2P0Hk
youtube,A6VAjNMuwCA,comment_count,0,,youtube_public_v1,PUBLIC,Pg1YXHXy7xNK2P0Hk
youtube,zq8QUlzD2DA,view_count,184128,,youtube_public_v1,PUBLIC,Pg1YXHXy7xNK2P0Hk
youtube,zq8QUlzD2DA,like_count,5100,,youtube_public_v1,PUBLIC,Pg1YXHXy7xNK2P0Hk
youtube,zq8QUlzD2DA,comment_count,6,,youtube_public_v1,PUBLIC,Pg1YXHXy7xNK2P0Hk
youtube,VT3PLv-rID4,view_count,14684,,youtube_public_v1,PUBLIC,Pg1YXHXy7xNK2P0Hk
youtube,VT3PLv-rID4,like_count,528,,youtube_public_v1,PUBLIC,Pg1YXHXy7xNK2P0Hk
youtube,VT3PLv-rID4,comment_count,2,,youtube_public_v1,PUBLIC,Pg1YXHXy7xNK2P0Hk
youtube,yTJl8oo5TnQ,view_count,53178,,youtube_public_v1,PUBLIC,Pg1YXHXy7xNK2P0Hk
youtube,yTJl8oo5TnQ,like_count,246,,youtube_public_v1,PUBLIC,Pg1YXHXy7xNK2P0Hk
youtube,yTJl8oo5TnQ,comment_count,7,,youtube_public_v1,PUBLIC,Pg1YXHXy7xNK2P0Hk
youtube,Iw0qkhtCvQM,view_count,3522504,,youtube_public_v1,PUBLIC,Pg1YXHXy7xNK2P0Hk
youtube,Iw0qkhtCvQM,like_count,78000,,youtube_public_v1,PUBLIC,Pg1YXHXy7xNK2P0Hk
youtube,Iw0qkhtCvQM,comment_count,1363,,youtube_public_v1,PUBLIC,Pg1YXHXy7xNK2P0Hk
youtube,YDROd5pynfw,view_count,549771,,youtube_public_v1,PUBLIC,Pg1YXHXy7xNK2P0Hk
youtube,YDROd5pynfw,like_count,2000,,youtube_public_v1,PUBLIC,Pg1YXHXy7xNK2P0Hk
youtube,YDROd5pynfw,comment_count,0,,youtube_public_v1,PUBLIC,Pg1YXHXy7xNK2P0Hk
youtube,e_J6kAJaw5k,view_count,367843,,youtube_public_v1,PUBLIC,Pg1YXHXy7xNK2P0Hk
youtube,e_J6kAJaw5k,like_count,2900,,youtube_public_v1,PUBLIC,Pg1YXHXy7xNK2P0Hk
youtube,e_J6kAJaw5k,comment_count,165,,youtube_public_v1,PUBLIC,Pg1YXHXy7xNK2P0Hk
youtube,s7uIdBB6uNE,view_count,1631407,,youtube_public_v1,PUBLIC,Pg1YXHXy7xNK2P0Hk
youtube,s7uIdBB6uNE,like_count,6000,,youtube_public_v1,PUBLIC,Pg1YXHXy7xNK2P0Hk
youtube,s7uIdBB6uNE,comment_count,917,,youtube_public_v1,PUBLIC,Pg1YXHXy7xNK2P0Hk
youtube,wi9cU7cqzCY,view_count,2642173,,youtube_public_v1,PUBLIC,Pg1YXHXy7xNK2P0Hk
youtube,wi9cU7cqzCY,like_count,11000,,youtube_public_v1,PUBLIC,Pg1YXHXy7xNK2P0Hk
youtube,wi9cU7cqzCY,comment_count,5358,,youtube_public_v1,PUBLIC,Pg1YXHXy7xNK2P0Hk
youtube,TWjNgNPWqOE,view_count,76220,,youtube_public_v1,PUBLIC,Pg1YXHXy7xNK2P0Hk
youtube,TWjNgNPWqOE,like_count,395,,youtube_public_v1,PUBLIC,Pg1YXHXy7xNK2P0Hk
youtube,TWjNgNPWqOE,comment_count,9,,youtube_public_v1,PUBLIC,Pg1YXHXy7xNK2P0Hk
youtube,VlA-zO0flj8,view_count,10651601,,youtube_public_v1,PUBLIC,Pg1YXHXy7xNK2P0Hk
youtube,VlA-zO0flj8,like_count,41000,,youtube_public_v1,PUBLIC,Pg1YXHXy7xNK2P0Hk
youtube,VlA-zO0flj8,comment_count,10471,,youtube_public_v1,PUBLIC,Pg1YXHXy7xNK2P0Hk
youtube,hH7uvZfyEZ8,view_count,2654523,,youtube_public_v1,PUBLIC,Pg1YXHXy7xNK2P0Hk
youtube,hH7uvZfyEZ8,like_count,12000,,youtube_public_v1,PUBLIC,Pg1YXHXy7xNK2P0Hk
youtube,hH7uvZfyEZ8,comment_count,656,,youtube_public_v1,PUBLIC,Pg1YXHXy7xNK2P0Hk
youtube,rThLTG_UZ5U,view_count,3615792,2026-08-12T13:31:52.156437+07:00,youtube_public_v1,PUBLIC,Pg1YXHXy7xNK2P0Hk
youtube,rThLTG_UZ5U,like_count,41000,2026-08-12T13:31:52.156437+07:00,youtube_public_v1,PUBLIC,Pg1YXHXy7xNK2P0Hk
youtube,rThLTG_UZ5U,comment_count,2512,2026-08-12T13:31:52.156437+07:00,youtube_public_v1,PUBLIC,Pg1YXHXy7xNK2P0Hk
youtube,6AzXEmztWq8,view_count,1658,,youtube_public_v1,PUBLIC,Pg1YXHXy7xNK2P0Hk
youtube,6AzXEmztWq8,like_count,32,,youtube_public_v1,PUBLIC,Pg1YXHXy7xNK2P0Hk
youtube,6AzXEmztWq8,comment_count,1,,youtube_public_v1,PUBLIC,Pg1YXHXy7xNK2P0Hk
youtube,bpAy9sbm89Y,view_count,305115,,youtube_public_v1,PUBLIC,Pg1YXHXy7xNK2P0Hk
youtube,bpAy9sbm89Y,like_count,5700,,youtube_public_v1,PUBLIC,Pg1YXHXy7xNK2P0Hk
youtube,bpAy9sbm89Y,comment_count,79,,youtube_public_v1,PUBLIC,Pg1YXHXy7xNK2P0Hk
youtube,9XoC-X0ERIQ,view_count,100474,,youtube_public_v1,PUBLIC,Pg1YXHXy7xNK2P0Hk
youtube,9XoC-X0ERIQ,like_count,1700,,youtube_public_v1,PUBLIC,Pg1YXHXy7xNK2P0Hk
youtube,9XoC-X0ERIQ,comment_count,19,,youtube_public_v1,PUBLIC,Pg1YXHXy7xNK2P0Hk
youtube,9V8CQASixm8,view_count,13631,,youtube_public_v1,PUBLIC,Pg1YXHXy7xNK2P0Hk
youtube,9V8CQASixm8,like_count,210,,youtube_public_v1,PUBLIC,Pg1YXHXy7xNK2P0Hk
youtube,9V8CQASixm8,comment_count,0,,youtube_public_v1,PUBLIC,Pg1YXHXy7xNK2P0Hk
youtube,1i5VXVIujmY,view_count,6310,,youtube_public_v1,PUBLIC,Pg1YXHXy7xNK2P0Hk
youtube,1i5VXVIujmY,like_count,344,,youtube_public_v1,PUBLIC,Pg1YXHXy7xNK2P0Hk
youtube,1i5VXVIujmY,comment_count,33,,youtube_public_v1,PUBLIC,Pg1YXHXy7xNK2P0Hk
youtube,e5RaowbKk88,view_count,7562,,youtube_public_v1,PUBLIC,Pg1YXHXy7xNK2P0Hk
youtube,e5RaowbKk88,like_count,190,,youtube_public_v1,PUBLIC,Pg1YXHXy7xNK2P0Hk
youtube,e5RaowbKk88,comment_count,3,,youtube_public_v1,PUBLIC,Pg1YXHXy7xNK2P0Hk
youtube,lYAKGmxf3y8,view_count,70094,,youtube_public_v1,PUBLIC,Pg1YXHXy7xNK2P0Hk
youtube,lYAKGmxf3y8,like_count,663,,youtube_public_v1,PUBLIC,Pg1YXHXy7xNK2P0Hk
youtube,lYAKGmxf3y8,comment_count,11,,youtube_public_v1,PUBLIC,Pg1YXHXy7xNK2P0Hk
youtube,p-5J1jG-Wrg,view_count,1213676,,youtube_public_v1,PUBLIC,Pg1YXHXy7xNK2P0Hk
youtube,p-5J1jG-Wrg,like_count,7900,,youtube_public_v1,PUBLIC,Pg1YXHXy7xNK2P0Hk
youtube,p-5J1jG-Wrg,comment_count,2961,,youtube_public_v1,PUBLIC,Pg1YXHXy7xNK2P0Hk
youtube,v7OpPaP6J6Y,view_count,4402252,,youtube_public_v1,PUBLIC,Pg1YXHXy7xNK2P0Hk
youtube,v7OpPaP6J6Y,like_count,29000,,youtube_public_v1,PUBLIC,Pg1YXHXy7xNK2P0Hk
youtube,v7OpPaP6J6Y,comment_count,7972,,youtube_public_v1,PUBLIC,Pg1YXHXy7xNK2P0Hk
youtube,gsU1Ml3hwCI,view_count,952361,,youtube_public_v1,PUBLIC,Pg1YXHXy7xNK2P0Hk
youtube,gsU1Ml3hwCI,like_count,23000,,youtube_public_v1,PUBLIC,Pg1YXHXy7xNK2P0Hk
youtube,gsU1Ml3hwCI,comment_count,190,,youtube_public_v1,PUBLIC,Pg1YXHXy7xNK2P0Hk
youtube,qgTQAN2skCA,view_count,7774277,,youtube_public_v1,PUBLIC,Pg1YXHXy7xNK2P0Hk
youtube,qgTQAN2skCA,like_count,38000,,youtube_public_v1,PUBLIC,Pg1YXHXy7xNK2P0Hk
youtube,qgTQAN2skCA,comment_count,4047,,youtube_public_v1,PUBLIC,Pg1YXHXy7xNK2P0Hk
youtube,W22D6pvvnY8,view_count,3634009,2026-08-12T13:31:52.156437+07:00,youtube_public_v1,PUBLIC,Pg1YXHXy7xNK2P0Hk
youtube,W22D6pvvnY8,like_count,38000,2026-08-12T13:31:52.156437+07:00,youtube_public_v1,PUBLIC,Pg1YXHXy7xNK2P0Hk
youtube,W22D6pvvnY8,comment_count,10623,2026-08-12T13:31:52.156437+07:00,youtube_public_v1,PUBLIC,Pg1YXHXy7xNK2P0Hk
youtube,SAkwK7SraSg,view_count,2702591,,youtube_public_v1,PUBLIC,Pg1YXHXy7xNK2P0Hk
youtube,SAkwK7SraSg,like_count,15000,,youtube_public_v1,PUBLIC,Pg1YXHXy7xNK2P0Hk
youtube,SAkwK7SraSg,comment_count,652,,youtube_public_v1,PUBLIC,Pg1YXHXy7xNK2P0Hk
youtube,zj2nLsXVPgw,view_count,3075728,,youtube_public_v1,PUBLIC,Pg1YXHXy7xNK2P0Hk
youtube,zj2nLsXVPgw,like_count,19000,,youtube_public_v1,PUBLIC,Pg1YXHXy7xNK2P0Hk
youtube,zj2nLsXVPgw,comment_count,2337,,youtube_public_v1,PUBLIC,Pg1YXHXy7xNK2P0Hk
youtube,l-7X9oQTT28,view_count,190116,,youtube_public_v1,PUBLIC,o4Xb01f3ExFyc8IOB
youtube,l-7X9oQTT28,like_count,639,,youtube_public_v1,PUBLIC,o4Xb01f3ExFyc8IOB
youtube,l-7X9oQTT28,comment_count,17,,youtube_public_v1,PUBLIC,o4Xb01f3ExFyc8IOB
youtube,KVWvx4UuMZ4,view_count,31760,,youtube_public_v1,PUBLIC,o4Xb01f3ExFyc8IOB
youtube,KVWvx4UuMZ4,like_count,408,,youtube_public_v1,PUBLIC,o4Xb01f3ExFyc8IOB
youtube,KVWvx4UuMZ4,comment_count,34,,youtube_public_v1,PUBLIC,o4Xb01f3ExFyc8IOB
youtube,80IyTu2hIRY,view_count,4901954,,youtube_public_v1,PUBLIC,o4Xb01f3ExFyc8IOB
youtube,80IyTu2hIRY,like_count,41000,,youtube_public_v1,PUBLIC,o4Xb01f3ExFyc8IOB
youtube,80IyTu2hIRY,comment_count,3211,,youtube_public_v1,PUBLIC,o4Xb01f3ExFyc8IOB
youtube,MbqTBRqFofg,view_count,361792,,youtube_public_v1,PUBLIC,o4Xb01f3ExFyc8IOB
youtube,MbqTBRqFofg,like_count,1700,,youtube_public_v1,PUBLIC,o4Xb01f3ExFyc8IOB
youtube,MbqTBRqFofg,comment_count,54,,youtube_public_v1,PUBLIC,o4Xb01f3ExFyc8IOB
youtube,rExo9QFiew4,view_count,14271211,2026-08-12T16:30:37.452438+07:00,youtube_public_v1,PUBLIC,o4Xb01f3ExFyc8IOB
youtube,rExo9QFiew4,like_count,164000,2026-08-12T16:30:37.452438+07:00,youtube_public_v1,PUBLIC,o4Xb01f3ExFyc8IOB
youtube,rExo9QFiew4,comment_count,16754,2026-08-12T16:30:37.452438+07:00,youtube_public_v1,PUBLIC,o4Xb01f3ExFyc8IOB
youtube,LWZBnozKbEg,view_count,16641,,youtube_public_v1,PUBLIC,o4Xb01f3ExFyc8IOB
youtube,LWZBnozKbEg,like_count,275,,youtube_public_v1,PUBLIC,o4Xb01f3ExFyc8IOB
youtube,LWZBnozKbEg,comment_count,5,,youtube_public_v1,PUBLIC,o4Xb01f3ExFyc8IOB
youtube,29tQzF6aLpk,view_count,237676,,youtube_public_v1,PUBLIC,o4Xb01f3ExFyc8IOB
youtube,29tQzF6aLpk,like_count,5400,,youtube_public_v1,PUBLIC,o4Xb01f3ExFyc8IOB
youtube,29tQzF6aLpk,comment_count,106,,youtube_public_v1,PUBLIC,o4Xb01f3ExFyc8IOB
youtube,paLJDTOifLk,view_count,291473,,youtube_public_v1,PUBLIC,o4Xb01f3ExFyc8IOB
youtube,paLJDTOifLk,like_count,8500,,youtube_public_v1,PUBLIC,o4Xb01f3ExFyc8IOB
youtube,paLJDTOifLk,comment_count,74,,youtube_public_v1,PUBLIC,o4Xb01f3ExFyc8IOB
youtube,pOyBpA5DH68,view_count,658381,,youtube_public_v1,PUBLIC,o4Xb01f3ExFyc8IOB
youtube,pOyBpA5DH68,like_count,21000,,youtube_public_v1,PUBLIC,o4Xb01f3ExFyc8IOB
youtube,pOyBpA5DH68,comment_count,94,,youtube_public_v1,PUBLIC,o4Xb01f3ExFyc8IOB
youtube,gpuLDZyfels,view_count,42607,,youtube_public_v1,PUBLIC,o4Xb01f3ExFyc8IOB
youtube,gpuLDZyfels,like_count,934,,youtube_public_v1,PUBLIC,o4Xb01f3ExFyc8IOB
youtube,gpuLDZyfels,comment_count,18,,youtube_public_v1,PUBLIC,o4Xb01f3ExFyc8IOB
youtube,1b7VUk7248I,view_count,2097909,,youtube_public_v1,PUBLIC,o4Xb01f3ExFyc8IOB
youtube,1b7VUk7248I,like_count,35000,,youtube_public_v1,PUBLIC,o4Xb01f3ExFyc8IOB
youtube,1b7VUk7248I,comment_count,492,,youtube_public_v1,PUBLIC,o4Xb01f3ExFyc8IOB
youtube,zMYhPT6fAKw,view_count,617555,,youtube_public_v1,PUBLIC,o4Xb01f3ExFyc8IOB
youtube,zMYhPT6fAKw,like_count,11000,,youtube_public_v1,PUBLIC,o4Xb01f3ExFyc8IOB
youtube,zMYhPT6fAKw,comment_count,181,,youtube_public_v1,PUBLIC,o4Xb01f3ExFyc8IOB
youtube,d_Qllv5AI1M,view_count,151296,,youtube_public_v1,PUBLIC,o4Xb01f3ExFyc8IOB
youtube,d_Qllv5AI1M,like_count,3600,,youtube_public_v1,PUBLIC,o4Xb01f3ExFyc8IOB
youtube,d_Qllv5AI1M,comment_count,67,,youtube_public_v1,PUBLIC,o4Xb01f3ExFyc8IOB
youtube,houOKxoSjCE,view_count,423485,,youtube_public_v1,PUBLIC,o4Xb01f3ExFyc8IOB
youtube,houOKxoSjCE,like_count,11000,,youtube_public_v1,PUBLIC,o4Xb01f3ExFyc8IOB
youtube,houOKxoSjCE,comment_count,325,,youtube_public_v1,PUBLIC,o4Xb01f3ExFyc8IOB
youtube,ED6VFsdlB-I,view_count,1154,,youtube_public_v1,PUBLIC,o4Xb01f3ExFyc8IOB
youtube,ED6VFsdlB-I,like_count,6,,youtube_public_v1,PUBLIC,o4Xb01f3ExFyc8IOB
youtube,ED6VFsdlB-I,comment_count,0,,youtube_public_v1,PUBLIC,o4Xb01f3ExFyc8IOB
youtube,sY-KazLxvoo,view_count,6533,,youtube_public_v1,PUBLIC,o4Xb01f3ExFyc8IOB
youtube,sY-KazLxvoo,like_count,38,,youtube_public_v1,PUBLIC,o4Xb01f3ExFyc8IOB
youtube,sY-KazLxvoo,comment_count,0,,youtube_public_v1,PUBLIC,o4Xb01f3ExFyc8IOB
youtube,u0YopSJQRIc,view_count,89415,,youtube_public_v1,PUBLIC,o4Xb01f3ExFyc8IOB
youtube,u0YopSJQRIc,like_count,931,,youtube_public_v1,PUBLIC,o4Xb01f3ExFyc8IOB
youtube,u0YopSJQRIc,comment_count,17,,youtube_public_v1,PUBLIC,o4Xb01f3ExFyc8IOB
youtube,MQHYeL3iy90,view_count,13721,,youtube_public_v1,PUBLIC,o4Xb01f3ExFyc8IOB
youtube,MQHYeL3iy90,like_count,327,,youtube_public_v1,PUBLIC,o4Xb01f3ExFyc8IOB
youtube,MQHYeL3iy90,comment_count,3,,youtube_public_v1,PUBLIC,o4Xb01f3ExFyc8IOB
youtube,AfPmtV3ho8M,view_count,1197312,,youtube_public_v1,PUBLIC,o4Xb01f3ExFyc8IOB
youtube,AfPmtV3ho8M,like_count,11000,,youtube_public_v1,PUBLIC,o4Xb01f3ExFyc8IOB
youtube,AfPmtV3ho8M,comment_count,772,,youtube_public_v1,PUBLIC,o4Xb01f3ExFyc8IOB
youtube,W-JgHMFr4Ik,view_count,61572,,youtube_public_v1,PUBLIC,o4Xb01f3ExFyc8IOB
youtube,W-JgHMFr4Ik,like_count,1000,,youtube_public_v1,PUBLIC,o4Xb01f3ExFyc8IOB
youtube,W-JgHMFr4Ik,comment_count,46,,youtube_public_v1,PUBLIC,o4Xb01f3ExFyc8IOB
youtube,kbCI9IS7t4I,view_count,895715,,youtube_public_v1,PUBLIC,o4Xb01f3ExFyc8IOB
youtube,kbCI9IS7t4I,like_count,0,,youtube_public_v1,PUBLIC,o4Xb01f3ExFyc8IOB
youtube,kbCI9IS7t4I,comment_count,256,,youtube_public_v1,PUBLIC,o4Xb01f3ExFyc8IOB
youtube,XRuzlWaAh3M,view_count,6924501,2026-08-12T16:30:37.452438+07:00,youtube_public_v1,PUBLIC,o4Xb01f3ExFyc8IOB
youtube,XRuzlWaAh3M,like_count,180000,2026-08-12T16:30:37.452438+07:00,youtube_public_v1,PUBLIC,o4Xb01f3ExFyc8IOB
youtube,XRuzlWaAh3M,comment_count,7122,2026-08-12T16:30:37.452438+07:00,youtube_public_v1,PUBLIC,o4Xb01f3ExFyc8IOB
youtube,XrM3f8CNAuc,view_count,4151605,,youtube_public_v1,PUBLIC,o4Xb01f3ExFyc8IOB
youtube,XrM3f8CNAuc,like_count,19000,,youtube_public_v1,PUBLIC,o4Xb01f3ExFyc8IOB
youtube,XrM3f8CNAuc,comment_count,686,,youtube_public_v1,PUBLIC,o4Xb01f3ExFyc8IOB
youtube,SBR_WQ4dP7s,view_count,984776,,youtube_public_v1,PUBLIC,o4Xb01f3ExFyc8IOB
youtube,SBR_WQ4dP7s,like_count,0,,youtube_public_v1,PUBLIC,o4Xb01f3ExFyc8IOB
youtube,SBR_WQ4dP7s,comment_count,259,,youtube_public_v1,PUBLIC,o4Xb01f3ExFyc8IOB
youtube,E99K6mydig4,view_count,1306457,,youtube_public_v1,PUBLIC,o4Xb01f3ExFyc8IOB
youtube,E99K6mydig4,like_count,30000,,youtube_public_v1,PUBLIC,o4Xb01f3ExFyc8IOB
youtube,E99K6mydig4,comment_count,79,,youtube_public_v1,PUBLIC,o4Xb01f3ExFyc8IOB
youtube,tYOS-R0wFBs,view_count,66142,,youtube_public_v1,PUBLIC,o4Xb01f3ExFyc8IOB
youtube,tYOS-R0wFBs,like_count,993,,youtube_public_v1,PUBLIC,o4Xb01f3ExFyc8IOB
youtube,tYOS-R0wFBs,comment_count,14,,youtube_public_v1,PUBLIC,o4Xb01f3ExFyc8IOB
youtube,SGbUrjVTxlM,view_count,7,,youtube_public_v1,PUBLIC,o4Xb01f3ExFyc8IOB
youtube,SGbUrjVTxlM,like_count,0,,youtube_public_v1,PUBLIC,o4Xb01f3ExFyc8IOB
youtube,SGbUrjVTxlM,comment_count,0,,youtube_public_v1,PUBLIC,o4Xb01f3ExFyc8IOB
youtube,8cBqJtWzaCs,view_count,2517905,,youtube_public_v1,PUBLIC,o4Xb01f3ExFyc8IOB
youtube,8cBqJtWzaCs,like_count,61000,,youtube_public_v1,PUBLIC,o4Xb01f3ExFyc8IOB
youtube,8cBqJtWzaCs,comment_count,113,,youtube_public_v1,PUBLIC,o4Xb01f3ExFyc8IOB
youtube,nqiJGm8PElQ,view_count,146012,,youtube_public_v1,PUBLIC,o4Xb01f3ExFyc8IOB
youtube,nqiJGm8PElQ,like_count,3400,,youtube_public_v1,PUBLIC,o4Xb01f3ExFyc8IOB
youtube,nqiJGm8PElQ,comment_count,42,,youtube_public_v1,PUBLIC,o4Xb01f3ExFyc8IOB
youtube,1OgVit4f86s,view_count,829696,,youtube_public_v1,PUBLIC,o4Xb01f3ExFyc8IOB
youtube,1OgVit4f86s,like_count,21000,,youtube_public_v1,PUBLIC,o4Xb01f3ExFyc8IOB
youtube,1OgVit4f86s,comment_count,101,,youtube_public_v1,PUBLIC,o4Xb01f3ExFyc8IOB
youtube,Kdd8nc08YEs,view_count,551733,,youtube_public_v1,PUBLIC,o4Xb01f3ExFyc8IOB
youtube,Kdd8nc08YEs,like_count,18000,,youtube_public_v1,PUBLIC,o4Xb01f3ExFyc8IOB
youtube,Kdd8nc08YEs,comment_count,183,,youtube_public_v1,PUBLIC,o4Xb01f3ExFyc8IOB
youtube,uKgZcd9Hlzk,view_count,289016,,youtube_public_v1,PUBLIC,o4Xb01f3ExFyc8IOB
youtube,uKgZcd9Hlzk,like_count,6700,,youtube_public_v1,PUBLIC,o4Xb01f3ExFyc8IOB
youtube,uKgZcd9Hlzk,comment_count,55,,youtube_public_v1,PUBLIC,o4Xb01f3ExFyc8IOB
youtube,GAuwZkZMiws,view_count,4281,,youtube_public_v1,PUBLIC,o4Xb01f3ExFyc8IOB
youtube,GAuwZkZMiws,like_count,69,,youtube_public_v1,PUBLIC,o4Xb01f3ExFyc8IOB
youtube,GAuwZkZMiws,comment_count,1,,youtube_public_v1,PUBLIC,o4Xb01f3ExFyc8IOB
youtube,fTKx7jXOQgg,view_count,4800,,youtube_public_v1,PUBLIC,o4Xb01f3ExFyc8IOB
youtube,fTKx7jXOQgg,like_count,78,,youtube_public_v1,PUBLIC,o4Xb01f3ExFyc8IOB
youtube,fTKx7jXOQgg,comment_count,8,,youtube_public_v1,PUBLIC,o4Xb01f3ExFyc8IOB
youtube,EbGAfodtVJY,view_count,55892,,youtube_public_v1,PUBLIC,o4Xb01f3ExFyc8IOB
youtube,EbGAfodtVJY,like_count,4100,,youtube_public_v1,PUBLIC,o4Xb01f3ExFyc8IOB
youtube,EbGAfodtVJY,comment_count,48,,youtube_public_v1,PUBLIC,o4Xb01f3ExFyc8IOB
youtube,1KIto2kHn-8,view_count,4323689,,youtube_public_v1,PUBLIC,o4Xb01f3ExFyc8IOB
youtube,1KIto2kHn-8,like_count,66000,,youtube_public_v1,PUBLIC,o4Xb01f3ExFyc8IOB
youtube,1KIto2kHn-8,comment_count,666,,youtube_public_v1,PUBLIC,o4Xb01f3ExFyc8IOB
youtube,gQli0odV4zA,view_count,70306,,youtube_public_v1,PUBLIC,o4Xb01f3ExFyc8IOB
youtube,gQli0odV4zA,like_count,1500,,youtube_public_v1,PUBLIC,o4Xb01f3ExFyc8IOB
youtube,gQli0odV4zA,comment_count,16,,youtube_public_v1,PUBLIC,o4Xb01f3ExFyc8IOB
youtube,Q7frIjWFqh4,view_count,2146570,,youtube_public_v1,PUBLIC,o4Xb01f3ExFyc8IOB
youtube,Q7frIjWFqh4,like_count,44000,,youtube_public_v1,PUBLIC,o4Xb01f3ExFyc8IOB
youtube,Q7frIjWFqh4,comment_count,197,,youtube_public_v1,PUBLIC,o4Xb01f3ExFyc8IOB
youtube,43EJaNRoFaE,view_count,23947,,youtube_public_v1,PUBLIC,o4Xb01f3ExFyc8IOB
youtube,43EJaNRoFaE,like_count,543,,youtube_public_v1,PUBLIC,o4Xb01f3ExFyc8IOB
youtube,43EJaNRoFaE,comment_count,7,,youtube_public_v1,PUBLIC,o4Xb01f3ExFyc8IOB
youtube,DXMsmRlo4JA,view_count,542273,,youtube_public_v1,PUBLIC,o4Xb01f3ExFyc8IOB
youtube,DXMsmRlo4JA,like_count,12000,,youtube_public_v1,PUBLIC,o4Xb01f3ExFyc8IOB
youtube,DXMsmRlo4JA,comment_count,107,,youtube_public_v1,PUBLIC,o4Xb01f3ExFyc8IOB
youtube,sd4udJ9f5Bs,view_count,1199,,youtube_public_v1,PUBLIC,o4Xb01f3ExFyc8IOB
youtube,sd4udJ9f5Bs,like_count,9,,youtube_public_v1,PUBLIC,o4Xb01f3ExFyc8IOB
youtube,sd4udJ9f5Bs,comment_count,0,,youtube_public_v1,PUBLIC,o4Xb01f3ExFyc8IOB
youtube,BVwu9J7EwkY,view_count,132777,,youtube_public_v1,PUBLIC,o4Xb01f3ExFyc8IOB
youtube,BVwu9J7EwkY,like_count,893,,youtube_public_v1,PUBLIC,o4Xb01f3ExFyc8IOB
youtube,BVwu9J7EwkY,comment_count,24,,youtube_public_v1,PUBLIC,o4Xb01f3ExFyc8IOB
youtube,lxtz7_Di24Q,view_count,1076416,,youtube_public_v1,PUBLIC,o4Xb01f3ExFyc8IOB
youtube,lxtz7_Di24Q,like_count,6500,,youtube_public_v1,PUBLIC,o4Xb01f3ExFyc8IOB
youtube,lxtz7_Di24Q,comment_count,362,,youtube_public_v1,PUBLIC,o4Xb01f3ExFyc8IOB
youtube,0BChEG2mER4,view_count,15749,,youtube_public_v1,PUBLIC,GDQ2FsCZZqsub0g1A
youtube,0BChEG2mER4,like_count,187,,youtube_public_v1,PUBLIC,GDQ2FsCZZqsub0g1A
youtube,0BChEG2mER4,comment_count,4,,youtube_public_v1,PUBLIC,GDQ2FsCZZqsub0g1A
youtube,SW6rtrsyMUM,view_count,69681,,youtube_public_v1,PUBLIC,GDQ2FsCZZqsub0g1A
youtube,SW6rtrsyMUM,like_count,1300,,youtube_public_v1,PUBLIC,GDQ2FsCZZqsub0g1A
youtube,SW6rtrsyMUM,comment_count,3,,youtube_public_v1,PUBLIC,GDQ2FsCZZqsub0g1A
youtube,0iOl3pdGTSw,view_count,55150,,youtube_public_v1,PUBLIC,GDQ2FsCZZqsub0g1A
youtube,0iOl3pdGTSw,like_count,503,,youtube_public_v1,PUBLIC,GDQ2FsCZZqsub0g1A
youtube,0iOl3pdGTSw,comment_count,80,,youtube_public_v1,PUBLIC,GDQ2FsCZZqsub0g1A
youtube,B1ubu8DWoHc,view_count,28342,,youtube_public_v1,PUBLIC,GDQ2FsCZZqsub0g1A
youtube,B1ubu8DWoHc,like_count,523,,youtube_public_v1,PUBLIC,GDQ2FsCZZqsub0g1A
youtube,B1ubu8DWoHc,comment_count,6,,youtube_public_v1,PUBLIC,GDQ2FsCZZqsub0g1A
youtube,UhKCJ2JuSng,view_count,379046,,youtube_public_v1,PUBLIC,GDQ2FsCZZqsub0g1A
youtube,UhKCJ2JuSng,like_count,9900,,youtube_public_v1,PUBLIC,GDQ2FsCZZqsub0g1A
youtube,UhKCJ2JuSng,comment_count,82,,youtube_public_v1,PUBLIC,GDQ2FsCZZqsub0g1A
youtube,nD6h3hzplrw,view_count,227865,,youtube_public_v1,PUBLIC,GDQ2FsCZZqsub0g1A
youtube,nD6h3hzplrw,like_count,3600,,youtube_public_v1,PUBLIC,GDQ2FsCZZqsub0g1A
youtube,nD6h3hzplrw,comment_count,17,,youtube_public_v1,PUBLIC,GDQ2FsCZZqsub0g1A
youtube,GCUPjB0bm9o,view_count,126830,,youtube_public_v1,PUBLIC,GDQ2FsCZZqsub0g1A
youtube,GCUPjB0bm9o,like_count,1400,,youtube_public_v1,PUBLIC,GDQ2FsCZZqsub0g1A
youtube,GCUPjB0bm9o,comment_count,28,,youtube_public_v1,PUBLIC,GDQ2FsCZZqsub0g1A
youtube,HdtH3QGecUs,view_count,76,,youtube_public_v1,PUBLIC,GDQ2FsCZZqsub0g1A
youtube,HdtH3QGecUs,like_count,2,,youtube_public_v1,PUBLIC,GDQ2FsCZZqsub0g1A
youtube,HdtH3QGecUs,comment_count,0,,youtube_public_v1,PUBLIC,GDQ2FsCZZqsub0g1A
youtube,jFCVddyo8yI,view_count,745988,,youtube_public_v1,PUBLIC,GDQ2FsCZZqsub0g1A
youtube,jFCVddyo8yI,like_count,13000,,youtube_public_v1,PUBLIC,GDQ2FsCZZqsub0g1A
youtube,jFCVddyo8yI,comment_count,144,,youtube_public_v1,PUBLIC,GDQ2FsCZZqsub0g1A
youtube,Xzq_9yvRowY,view_count,161452,,youtube_public_v1,PUBLIC,GDQ2FsCZZqsub0g1A
youtube,Xzq_9yvRowY,like_count,3000,,youtube_public_v1,PUBLIC,GDQ2FsCZZqsub0g1A
youtube,Xzq_9yvRowY,comment_count,43,,youtube_public_v1,PUBLIC,GDQ2FsCZZqsub0g1A
youtube,5ax3qKD-Dos,view_count,61238,,youtube_public_v1,PUBLIC,GDQ2FsCZZqsub0g1A
youtube,5ax3qKD-Dos,like_count,1100,,youtube_public_v1,PUBLIC,GDQ2FsCZZqsub0g1A
youtube,5ax3qKD-Dos,comment_count,5,,youtube_public_v1,PUBLIC,GDQ2FsCZZqsub0g1A
youtube,pYdfAV0UBjc,view_count,543,,youtube_public_v1,PUBLIC,GDQ2FsCZZqsub0g1A
youtube,pYdfAV0UBjc,like_count,12,,youtube_public_v1,PUBLIC,GDQ2FsCZZqsub0g1A
youtube,pYdfAV0UBjc,comment_count,0,,youtube_public_v1,PUBLIC,GDQ2FsCZZqsub0g1A
youtube,HK07KkqQilg,view_count,53531,,youtube_public_v1,PUBLIC,GDQ2FsCZZqsub0g1A
youtube,HK07KkqQilg,like_count,989,,youtube_public_v1,PUBLIC,GDQ2FsCZZqsub0g1A
youtube,HK07KkqQilg,comment_count,56,,youtube_public_v1,PUBLIC,GDQ2FsCZZqsub0g1A
youtube,YC7l3IGaXC0,view_count,239017,,youtube_public_v1,PUBLIC,GDQ2FsCZZqsub0g1A
youtube,YC7l3IGaXC0,like_count,4900,,youtube_public_v1,PUBLIC,GDQ2FsCZZqsub0g1A
youtube,YC7l3IGaXC0,comment_count,27,,youtube_public_v1,PUBLIC,GDQ2FsCZZqsub0g1A
youtube,oweWPE9xC4w,view_count,364,,youtube_public_v1,PUBLIC,GDQ2FsCZZqsub0g1A
youtube,oweWPE9xC4w,like_count,10,,youtube_public_v1,PUBLIC,GDQ2FsCZZqsub0g1A
youtube,oweWPE9xC4w,comment_count,0,,youtube_public_v1,PUBLIC,GDQ2FsCZZqsub0g1A
youtube,FQM3rFXJEX4,view_count,35677,,youtube_public_v1,PUBLIC,GDQ2FsCZZqsub0g1A
youtube,FQM3rFXJEX4,like_count,426,,youtube_public_v1,PUBLIC,GDQ2FsCZZqsub0g1A
youtube,FQM3rFXJEX4,comment_count,16,,youtube_public_v1,PUBLIC,GDQ2FsCZZqsub0g1A
youtube,YwbmWNglXls,view_count,286072,,youtube_public_v1,PUBLIC,GDQ2FsCZZqsub0g1A
youtube,YwbmWNglXls,like_count,3600,,youtube_public_v1,PUBLIC,GDQ2FsCZZqsub0g1A
youtube,YwbmWNglXls,comment_count,52,,youtube_public_v1,PUBLIC,GDQ2FsCZZqsub0g1A
youtube,56BpBEUVUUQ,view_count,66839,,youtube_public_v1,PUBLIC,GDQ2FsCZZqsub0g1A
youtube,56BpBEUVUUQ,like_count,1000,,youtube_public_v1,PUBLIC,GDQ2FsCZZqsub0g1A
youtube,56BpBEUVUUQ,comment_count,13,,youtube_public_v1,PUBLIC,GDQ2FsCZZqsub0g1A
youtube,vJi5M6d-el0,view_count,3614,,youtube_public_v1,PUBLIC,GDQ2FsCZZqsub0g1A
youtube,vJi5M6d-el0,like_count,28,,youtube_public_v1,PUBLIC,GDQ2FsCZZqsub0g1A
youtube,vJi5M6d-el0,comment_count,0,,youtube_public_v1,PUBLIC,GDQ2FsCZZqsub0g1A
youtube,dXxB1jEu9w4,view_count,178981,,youtube_public_v1,PUBLIC,GDQ2FsCZZqsub0g1A
youtube,dXxB1jEu9w4,like_count,2300,,youtube_public_v1,PUBLIC,GDQ2FsCZZqsub0g1A
youtube,dXxB1jEu9w4,comment_count,24,,youtube_public_v1,PUBLIC,GDQ2FsCZZqsub0g1A
youtube,m3aRn338QSU,view_count,1283,,youtube_public_v1,PUBLIC,GDQ2FsCZZqsub0g1A
youtube,m3aRn338QSU,like_count,7,,youtube_public_v1,PUBLIC,GDQ2FsCZZqsub0g1A
youtube,m3aRn338QSU,comment_count,0,,youtube_public_v1,PUBLIC,GDQ2FsCZZqsub0g1A
youtube,TdlHYoI2Sew,view_count,11943,,youtube_public_v1,PUBLIC,GDQ2FsCZZqsub0g1A
youtube,TdlHYoI2Sew,like_count,131,,youtube_public_v1,PUBLIC,GDQ2FsCZZqsub0g1A
youtube,TdlHYoI2Sew,comment_count,14,,youtube_public_v1,PUBLIC,GDQ2FsCZZqsub0g1A
youtube,4_ajKck3JWw,view_count,21,,youtube_public_v1,PUBLIC,GDQ2FsCZZqsub0g1A
youtube,4_ajKck3JWw,like_count,0,,youtube_public_v1,PUBLIC,GDQ2FsCZZqsub0g1A
youtube,4_ajKck3JWw,comment_count,0,,youtube_public_v1,PUBLIC,GDQ2FsCZZqsub0g1A
youtube,1YmZhFugcWY,view_count,560,,youtube_public_v1,PUBLIC,GDQ2FsCZZqsub0g1A
youtube,1YmZhFugcWY,like_count,7,,youtube_public_v1,PUBLIC,GDQ2FsCZZqsub0g1A
youtube,1YmZhFugcWY,comment_count,0,,youtube_public_v1,PUBLIC,GDQ2FsCZZqsub0g1A
youtube,63lwuH_N4bM,view_count,754816,,youtube_public_v1,PUBLIC,GDQ2FsCZZqsub0g1A
youtube,63lwuH_N4bM,like_count,15000,,youtube_public_v1,PUBLIC,GDQ2FsCZZqsub0g1A
youtube,63lwuH_N4bM,comment_count,169,,youtube_public_v1,PUBLIC,GDQ2FsCZZqsub0g1A
youtube,qESdqwYcyNM,view_count,90202,,youtube_public_v1,PUBLIC,GDQ2FsCZZqsub0g1A
youtube,qESdqwYcyNM,like_count,3600,,youtube_public_v1,PUBLIC,GDQ2FsCZZqsub0g1A
youtube,qESdqwYcyNM,comment_count,27,,youtube_public_v1,PUBLIC,GDQ2FsCZZqsub0g1A
youtube,gYkd0gNtWCk,view_count,12727,,youtube_public_v1,PUBLIC,GDQ2FsCZZqsub0g1A
youtube,gYkd0gNtWCk,like_count,179,,youtube_public_v1,PUBLIC,GDQ2FsCZZqsub0g1A
youtube,gYkd0gNtWCk,comment_count,2,,youtube_public_v1,PUBLIC,GDQ2FsCZZqsub0g1A
youtube,wtPaKehNsSs,view_count,175825,,youtube_public_v1,PUBLIC,GDQ2FsCZZqsub0g1A
youtube,wtPaKehNsSs,like_count,4500,,youtube_public_v1,PUBLIC,GDQ2FsCZZqsub0g1A
youtube,wtPaKehNsSs,comment_count,9,,youtube_public_v1,PUBLIC,GDQ2FsCZZqsub0g1A
youtube,FqGZtFA_qyg,view_count,405831,,youtube_public_v1,PUBLIC,GDQ2FsCZZqsub0g1A
youtube,FqGZtFA_qyg,like_count,5800,,youtube_public_v1,PUBLIC,GDQ2FsCZZqsub0g1A
youtube,FqGZtFA_qyg,comment_count,395,,youtube_public_v1,PUBLIC,GDQ2FsCZZqsub0g1A
youtube,6AGWnO3m_rQ,view_count,3550197,,youtube_public_v1,PUBLIC,GDQ2FsCZZqsub0g1A
youtube,6AGWnO3m_rQ,like_count,7000,,youtube_public_v1,PUBLIC,GDQ2FsCZZqsub0g1A
youtube,6AGWnO3m_rQ,comment_count,0,,youtube_public_v1,PUBLIC,GDQ2FsCZZqsub0g1A
youtube,8zevc3KH4uY,view_count,11366640,,youtube_public_v1,PUBLIC,GDQ2FsCZZqsub0g1A
youtube,8zevc3KH4uY,like_count,15000,,youtube_public_v1,PUBLIC,GDQ2FsCZZqsub0g1A
youtube,8zevc3KH4uY,comment_count,492,,youtube_public_v1,PUBLIC,GDQ2FsCZZqsub0g1A
youtube,DoVMYONBea8,view_count,5294064,,youtube_public_v1,PUBLIC,GDQ2FsCZZqsub0g1A
youtube,DoVMYONBea8,like_count,8600,,youtube_public_v1,PUBLIC,GDQ2FsCZZqsub0g1A
youtube,DoVMYONBea8,comment_count,0,,youtube_public_v1,PUBLIC,GDQ2FsCZZqsub0g1A
youtube,ykdUitOpVMA,view_count,9263966,2026-08-12T18:34:44.945431+07:00,youtube_public_v1,PUBLIC,GDQ2FsCZZqsub0g1A
youtube,ykdUitOpVMA,like_count,72000,2026-08-12T18:34:44.945431+07:00,youtube_public_v1,PUBLIC,GDQ2FsCZZqsub0g1A
youtube,ykdUitOpVMA,comment_count,7669,2026-08-12T18:34:44.945431+07:00,youtube_public_v1,PUBLIC,GDQ2FsCZZqsub0g1A
youtube,MsHvLrs6sjk,view_count,17125686,,youtube_public_v1,PUBLIC,GDQ2FsCZZqsub0g1A
youtube,MsHvLrs6sjk,like_count,42000,,youtube_public_v1,PUBLIC,GDQ2FsCZZqsub0g1A
youtube,MsHvLrs6sjk,comment_count,2140,,youtube_public_v1,PUBLIC,GDQ2FsCZZqsub0g1A
youtube,1jd9Oy8Yobw,view_count,839,,youtube_public_v1,PUBLIC,GDQ2FsCZZqsub0g1A
youtube,1jd9Oy8Yobw,like_count,6,,youtube_public_v1,PUBLIC,GDQ2FsCZZqsub0g1A
youtube,1jd9Oy8Yobw,comment_count,0,,youtube_public_v1,PUBLIC,GDQ2FsCZZqsub0g1A
youtube,E6OWLjeSau8,view_count,3947959,,youtube_public_v1,PUBLIC,GDQ2FsCZZqsub0g1A
youtube,E6OWLjeSau8,like_count,14000,,youtube_public_v1,PUBLIC,GDQ2FsCZZqsub0g1A
youtube,E6OWLjeSau8,comment_count,748,,youtube_public_v1,PUBLIC,GDQ2FsCZZqsub0g1A
youtube,1Qir7PUaDOo,view_count,5406343,,youtube_public_v1,PUBLIC,GDQ2FsCZZqsub0g1A
youtube,1Qir7PUaDOo,like_count,23000,,youtube_public_v1,PUBLIC,GDQ2FsCZZqsub0g1A
youtube,1Qir7PUaDOo,comment_count,2803,,youtube_public_v1,PUBLIC,GDQ2FsCZZqsub0g1A
youtube,gJgTAIKWDgM,view_count,9891223,,youtube_public_v1,PUBLIC,GDQ2FsCZZqsub0g1A
youtube,gJgTAIKWDgM,like_count,22000,,youtube_public_v1,PUBLIC,GDQ2FsCZZqsub0g1A
youtube,gJgTAIKWDgM,comment_count,406,,youtube_public_v1,PUBLIC,GDQ2FsCZZqsub0g1A
youtube,rJabgOChWiM,view_count,67576470,,youtube_public_v1,PUBLIC,GDQ2FsCZZqsub0g1A
youtube,rJabgOChWiM,like_count,96000,,youtube_public_v1,PUBLIC,GDQ2FsCZZqsub0g1A
youtube,rJabgOChWiM,comment_count,3913,,youtube_public_v1,PUBLIC,GDQ2FsCZZqsub0g1A
youtube,4RpkTAyfIPg,view_count,2016001,,youtube_public_v1,PUBLIC,GDQ2FsCZZqsub0g1A
youtube,4RpkTAyfIPg,like_count,11000,,youtube_public_v1,PUBLIC,GDQ2FsCZZqsub0g1A
youtube,4RpkTAyfIPg,comment_count,1727,,youtube_public_v1,PUBLIC,GDQ2FsCZZqsub0g1A
youtube,CMOMeBjSRaI,view_count,46039663,,youtube_public_v1,PUBLIC,GDQ2FsCZZqsub0g1A
youtube,CMOMeBjSRaI,like_count,126000,,youtube_public_v1,PUBLIC,GDQ2FsCZZqsub0g1A
youtube,CMOMeBjSRaI,comment_count,2483,,youtube_public_v1,PUBLIC,GDQ2FsCZZqsub0g1A
youtube,hBiszwxm2BI,view_count,251,,youtube_public_v1,PUBLIC,GDQ2FsCZZqsub0g1A
youtube,hBiszwxm2BI,like_count,6,,youtube_public_v1,PUBLIC,GDQ2FsCZZqsub0g1A
youtube,hBiszwxm2BI,comment_count,1,,youtube_public_v1,PUBLIC,GDQ2FsCZZqsub0g1A
youtube,aj5oVr_9HKM,view_count,59295,,youtube_public_v1,PUBLIC,GDQ2FsCZZqsub0g1A
youtube,aj5oVr_9HKM,like_count,832,,youtube_public_v1,PUBLIC,GDQ2FsCZZqsub0g1A
youtube,aj5oVr_9HKM,comment_count,21,,youtube_public_v1,PUBLIC,GDQ2FsCZZqsub0g1A
youtube,nvHUarASGjg,view_count,1911162,,youtube_public_v1,PUBLIC,GDQ2FsCZZqsub0g1A
youtube,nvHUarASGjg,like_count,28000,,youtube_public_v1,PUBLIC,GDQ2FsCZZqsub0g1A
youtube,nvHUarASGjg,comment_count,105,,youtube_public_v1,PUBLIC,GDQ2FsCZZqsub0g1A
youtube,7m7JM4ffppI,view_count,11519484,,youtube_public_v1,PUBLIC,GDQ2FsCZZqsub0g1A
youtube,7m7JM4ffppI,like_count,257000,,youtube_public_v1,PUBLIC,GDQ2FsCZZqsub0g1A
youtube,7m7JM4ffppI,comment_count,3800,,youtube_public_v1,PUBLIC,GDQ2FsCZZqsub0g1A
youtube,R7XEFi78hqU,view_count,6614630,,youtube_public_v1,PUBLIC,GDQ2FsCZZqsub0g1A
youtube,R7XEFi78hqU,like_count,30000,,youtube_public_v1,PUBLIC,GDQ2FsCZZqsub0g1A
youtube,R7XEFi78hqU,comment_count,767,,youtube_public_v1,PUBLIC,GDQ2FsCZZqsub0g1A
youtube,t4ZFfcLsbs4,view_count,10645425,,youtube_public_v1,PUBLIC,GDQ2FsCZZqsub0g1A
youtube,t4ZFfcLsbs4,like_count,28000,,youtube_public_v1,PUBLIC,GDQ2FsCZZqsub0g1A
youtube,t4ZFfcLsbs4,comment_count,1093,,youtube_public_v1,PUBLIC,GDQ2FsCZZqsub0g1A
youtube,hR6ajshyQW8,view_count,1273517,,youtube_public_v1,PUBLIC,GDQ2FsCZZqsub0g1A
youtube,hR6ajshyQW8,like_count,5100,,youtube_public_v1,PUBLIC,GDQ2FsCZZqsub0g1A
youtube,hR6ajshyQW8,comment_count,719,,youtube_public_v1,PUBLIC,GDQ2FsCZZqsub0g1A
youtube,5viCJm5lS-M,view_count,87708553,,youtube_public_v1,PUBLIC,GDQ2FsCZZqsub0g1A
youtube,5viCJm5lS-M,like_count,119000,,youtube_public_v1,PUBLIC,GDQ2FsCZZqsub0g1A
youtube,5viCJm5lS-M,comment_count,2514,,youtube_public_v1,PUBLIC,GDQ2FsCZZqsub0g1A
youtube,taU0ngke-x8,view_count,2677950,,youtube_public_v1,PUBLIC,GDQ2FsCZZqsub0g1A
youtube,taU0ngke-x8,like_count,15000,,youtube_public_v1,PUBLIC,GDQ2FsCZZqsub0g1A
youtube,taU0ngke-x8,comment_count,1217,,youtube_public_v1,PUBLIC,GDQ2FsCZZqsub0g1A
youtube,abKvBIKYFE8,view_count,1170575,,youtube_public_v1,PUBLIC,GDQ2FsCZZqsub0g1A
youtube,abKvBIKYFE8,like_count,7600,,youtube_public_v1,PUBLIC,GDQ2FsCZZqsub0g1A
youtube,abKvBIKYFE8,comment_count,560,,youtube_public_v1,PUBLIC,GDQ2FsCZZqsub0g1A
youtube,cMbzFxXDBSs,view_count,808911,,youtube_public_v1,PUBLIC,GDQ2FsCZZqsub0g1A
youtube,cMbzFxXDBSs,like_count,6300,,youtube_public_v1,PUBLIC,GDQ2FsCZZqsub0g1A
youtube,cMbzFxXDBSs,comment_count,1269,,youtube_public_v1,PUBLIC,GDQ2FsCZZqsub0g1A
youtube,Seh9WpdPTkc,view_count,7205732,,youtube_public_v1,PUBLIC,GDQ2FsCZZqsub0g1A
youtube,Seh9WpdPTkc,like_count,34000,,youtube_public_v1,PUBLIC,GDQ2FsCZZqsub0g1A
youtube,Seh9WpdPTkc,comment_count,3739,,youtube_public_v1,PUBLIC,GDQ2FsCZZqsub0g1A
youtube,J9f2DfMqU8E,view_count,629389,,youtube_public_v1,PUBLIC,GDQ2FsCZZqsub0g1A
youtube,J9f2DfMqU8E,like_count,1400,,youtube_public_v1,PUBLIC,GDQ2FsCZZqsub0g1A
youtube,J9f2DfMqU8E,comment_count,41,,youtube_public_v1,PUBLIC,GDQ2FsCZZqsub0g1A
youtube,gEw6IVsDeps,view_count,2891031,,youtube_public_v1,PUBLIC,GDQ2FsCZZqsub0g1A
youtube,gEw6IVsDeps,like_count,8500,,youtube_public_v1,PUBLIC,GDQ2FsCZZqsub0g1A
youtube,gEw6IVsDeps,comment_count,1258,,youtube_public_v1,PUBLIC,GDQ2FsCZZqsub0g1A
youtube,b55BLwm8SfM,view_count,819895,,youtube_public_v1,PUBLIC,GDQ2FsCZZqsub0g1A
youtube,b55BLwm8SfM,like_count,29000,,youtube_public_v1,PUBLIC,GDQ2FsCZZqsub0g1A
youtube,b55BLwm8SfM,comment_count,90,,youtube_public_v1,PUBLIC,GDQ2FsCZZqsub0g1A
youtube,H0Y9Ca0m7Fw,view_count,5325881,,youtube_public_v1,PUBLIC,GDQ2FsCZZqsub0g1A
youtube,H0Y9Ca0m7Fw,like_count,9200,,youtube_public_v1,PUBLIC,GDQ2FsCZZqsub0g1A
youtube,H0Y9Ca0m7Fw,comment_count,312,,youtube_public_v1,PUBLIC,GDQ2FsCZZqsub0g1A
youtube,xObN-VCuzIA,view_count,4055644,,youtube_public_v1,PUBLIC,GDQ2FsCZZqsub0g1A
youtube,xObN-VCuzIA,like_count,19000,,youtube_public_v1,PUBLIC,GDQ2FsCZZqsub0g1A
youtube,xObN-VCuzIA,comment_count,1550,,youtube_public_v1,PUBLIC,GDQ2FsCZZqsub0g1A
youtube,G3IE0CauyCs,view_count,193640,,youtube_public_v1,PUBLIC,GDQ2FsCZZqsub0g1A
youtube,G3IE0CauyCs,like_count,589,,youtube_public_v1,PUBLIC,GDQ2FsCZZqsub0g1A
youtube,G3IE0CauyCs,comment_count,16,,youtube_public_v1,PUBLIC,GDQ2FsCZZqsub0g1A
youtube,cP0AxqkCRUY,view_count,70372,,youtube_public_v1,PUBLIC,XtPTJfEYqUzOv6Ykf
youtube,cP0AxqkCRUY,like_count,1000,,youtube_public_v1,PUBLIC,XtPTJfEYqUzOv6Ykf
youtube,cP0AxqkCRUY,comment_count,22,,youtube_public_v1,PUBLIC,XtPTJfEYqUzOv6Ykf
youtube,Q_IBpKUIeGo,view_count,23055,,youtube_public_v1,PUBLIC,Aunq3KbaounEHqIxT
youtube,Q_IBpKUIeGo,like_count,352,,youtube_public_v1,PUBLIC,Aunq3KbaounEHqIxT
youtube,Q_IBpKUIeGo,comment_count,8,,youtube_public_v1,PUBLIC,Aunq3KbaounEHqIxT
youtube,aXowvLRLkfM,view_count,2170138,,youtube_public_v1,PUBLIC,XtPTJfEYqUzOv6Ykf
youtube,aXowvLRLkfM,like_count,15000,,youtube_public_v1,PUBLIC,XtPTJfEYqUzOv6Ykf
youtube,aXowvLRLkfM,comment_count,4906,,youtube_public_v1,PUBLIC,XtPTJfEYqUzOv6Ykf
youtube,1XsKMi9uh0U,view_count,2157377,,youtube_public_v1,PUBLIC,XtPTJfEYqUzOv6Ykf
youtube,1XsKMi9uh0U,like_count,32000,,youtube_public_v1,PUBLIC,XtPTJfEYqUzOv6Ykf
youtube,1XsKMi9uh0U,comment_count,2922,,youtube_public_v1,PUBLIC,XtPTJfEYqUzOv6Ykf
youtube,5AWlY4Ly9sA,view_count,1689707,,youtube_public_v1,PUBLIC,XtPTJfEYqUzOv6Ykf
youtube,5AWlY4Ly9sA,like_count,15000,,youtube_public_v1,PUBLIC,XtPTJfEYqUzOv6Ykf
youtube,5AWlY4Ly9sA,comment_count,2812,,youtube_public_v1,PUBLIC,XtPTJfEYqUzOv6Ykf
youtube,OmN5R5Lqk4g,view_count,13440,,youtube_public_v1,PUBLIC,XtPTJfEYqUzOv6Ykf
youtube,OmN5R5Lqk4g,like_count,219,,youtube_public_v1,PUBLIC,XtPTJfEYqUzOv6Ykf
youtube,OmN5R5Lqk4g,comment_count,10,,youtube_public_v1,PUBLIC,XtPTJfEYqUzOv6Ykf
youtube,g_YXZ49A1zY,view_count,7039884,2026-08-12T14:00:05.693993+07:00,youtube_public_v1,PUBLIC,XtPTJfEYqUzOv6Ykf
youtube,g_YXZ49A1zY,like_count,67000,2026-08-12T14:00:05.693993+07:00,youtube_public_v1,PUBLIC,XtPTJfEYqUzOv6Ykf
youtube,g_YXZ49A1zY,comment_count,7379,2026-08-12T14:00:05.693993+07:00,youtube_public_v1,PUBLIC,XtPTJfEYqUzOv6Ykf
youtube,shoGmDDM5OU,view_count,822583,,youtube_public_v1,PUBLIC,XtPTJfEYqUzOv6Ykf
youtube,shoGmDDM5OU,like_count,7300,,youtube_public_v1,PUBLIC,XtPTJfEYqUzOv6Ykf
youtube,shoGmDDM5OU,comment_count,2500,,youtube_public_v1,PUBLIC,XtPTJfEYqUzOv6Ykf
youtube,Mm9FYmzbk-k,view_count,357848,,youtube_public_v1,PUBLIC,XtPTJfEYqUzOv6Ykf
youtube,Mm9FYmzbk-k,like_count,4200,,youtube_public_v1,PUBLIC,XtPTJfEYqUzOv6Ykf
youtube,Mm9FYmzbk-k,comment_count,420,,youtube_public_v1,PUBLIC,XtPTJfEYqUzOv6Ykf
youtube,boUvbWW757Q,view_count,308470,,youtube_public_v1,PUBLIC,XtPTJfEYqUzOv6Ykf
youtube,boUvbWW757Q,like_count,3300,,youtube_public_v1,PUBLIC,XtPTJfEYqUzOv6Ykf
youtube,boUvbWW757Q,comment_count,226,,youtube_public_v1,PUBLIC,XtPTJfEYqUzOv6Ykf
youtube,LxJs6V2z-1U,view_count,63188,,youtube_public_v1,PUBLIC,XtPTJfEYqUzOv6Ykf
youtube,LxJs6V2z-1U,like_count,944,,youtube_public_v1,PUBLIC,XtPTJfEYqUzOv6Ykf
youtube,LxJs6V2z-1U,comment_count,23,,youtube_public_v1,PUBLIC,XtPTJfEYqUzOv6Ykf
youtube,4hwkHID-WQc,view_count,719533,,youtube_public_v1,PUBLIC,XtPTJfEYqUzOv6Ykf
youtube,4hwkHID-WQc,like_count,5500,,youtube_public_v1,PUBLIC,XtPTJfEYqUzOv6Ykf
youtube,4hwkHID-WQc,comment_count,2004,,youtube_public_v1,PUBLIC,XtPTJfEYqUzOv6Ykf
youtube,lL_0slYlKPU,view_count,9812,,youtube_public_v1,PUBLIC,XtPTJfEYqUzOv6Ykf
youtube,lL_0slYlKPU,like_count,252,,youtube_public_v1,PUBLIC,XtPTJfEYqUzOv6Ykf
youtube,lL_0slYlKPU,comment_count,5,,youtube_public_v1,PUBLIC,XtPTJfEYqUzOv6Ykf
youtube,CVS2mcMtW2M,view_count,23795,,youtube_public_v1,PUBLIC,XtPTJfEYqUzOv6Ykf
youtube,CVS2mcMtW2M,like_count,230,,youtube_public_v1,PUBLIC,XtPTJfEYqUzOv6Ykf
youtube,CVS2mcMtW2M,comment_count,13,,youtube_public_v1,PUBLIC,XtPTJfEYqUzOv6Ykf
youtube,TTUNqWonoBM,view_count,10412,,youtube_public_v1,PUBLIC,XtPTJfEYqUzOv6Ykf
youtube,TTUNqWonoBM,like_count,481,,youtube_public_v1,PUBLIC,XtPTJfEYqUzOv6Ykf
youtube,TTUNqWonoBM,comment_count,13,,youtube_public_v1,PUBLIC,XtPTJfEYqUzOv6Ykf
youtube,aIa_9JlKNes,view_count,121754,,youtube_public_v1,PUBLIC,XtPTJfEYqUzOv6Ykf
youtube,aIa_9JlKNes,like_count,3000,,youtube_public_v1,PUBLIC,XtPTJfEYqUzOv6Ykf
youtube,aIa_9JlKNes,comment_count,10,,youtube_public_v1,PUBLIC,XtPTJfEYqUzOv6Ykf
youtube,9XKAUJmhP-g,view_count,18214,,youtube_public_v1,PUBLIC,XtPTJfEYqUzOv6Ykf
youtube,9XKAUJmhP-g,like_count,303,,youtube_public_v1,PUBLIC,XtPTJfEYqUzOv6Ykf
youtube,9XKAUJmhP-g,comment_count,6,,youtube_public_v1,PUBLIC,XtPTJfEYqUzOv6Ykf
youtube,O3EzQS4D2zg,view_count,822416,,youtube_public_v1,PUBLIC,XtPTJfEYqUzOv6Ykf
youtube,O3EzQS4D2zg,like_count,735,,youtube_public_v1,PUBLIC,XtPTJfEYqUzOv6Ykf
youtube,O3EzQS4D2zg,comment_count,0,,youtube_public_v1,PUBLIC,XtPTJfEYqUzOv6Ykf
youtube,LwvLFWuPX4M,view_count,73183,,youtube_public_v1,PUBLIC,XtPTJfEYqUzOv6Ykf
youtube,LwvLFWuPX4M,like_count,1400,,youtube_public_v1,PUBLIC,XtPTJfEYqUzOv6Ykf
youtube,LwvLFWuPX4M,comment_count,17,,youtube_public_v1,PUBLIC,XtPTJfEYqUzOv6Ykf
youtube,nW2q9XS9D3M,view_count,4380,,youtube_public_v1,PUBLIC,XtPTJfEYqUzOv6Ykf
youtube,nW2q9XS9D3M,like_count,59,,youtube_public_v1,PUBLIC,XtPTJfEYqUzOv6Ykf
youtube,nW2q9XS9D3M,comment_count,0,,youtube_public_v1,PUBLIC,XtPTJfEYqUzOv6Ykf
youtube,hPvMRVs9dgY,view_count,7597,,youtube_public_v1,PUBLIC,Aunq3KbaounEHqIxT
youtube,hPvMRVs9dgY,like_count,138,,youtube_public_v1,PUBLIC,Aunq3KbaounEHqIxT
youtube,hPvMRVs9dgY,comment_count,1,,youtube_public_v1,PUBLIC,Aunq3KbaounEHqIxT
youtube,bJaDzj6mqls,view_count,15680,,youtube_public_v1,PUBLIC,XtPTJfEYqUzOv6Ykf
youtube,bJaDzj6mqls,like_count,185,,youtube_public_v1,PUBLIC,XtPTJfEYqUzOv6Ykf
youtube,bJaDzj6mqls,comment_count,3,,youtube_public_v1,PUBLIC,XtPTJfEYqUzOv6Ykf
youtube,Gw5stCSCEi4,view_count,14824,,youtube_public_v1,PUBLIC,Aunq3KbaounEHqIxT
youtube,Gw5stCSCEi4,like_count,428,,youtube_public_v1,PUBLIC,Aunq3KbaounEHqIxT
youtube,Gw5stCSCEi4,comment_count,3,,youtube_public_v1,PUBLIC,Aunq3KbaounEHqIxT
youtube,mchyuJ94xAw,view_count,218859,,youtube_public_v1,PUBLIC,Aunq3KbaounEHqIxT
youtube,mchyuJ94xAw,like_count,2700,,youtube_public_v1,PUBLIC,Aunq3KbaounEHqIxT
youtube,mchyuJ94xAw,comment_count,89,,youtube_public_v1,PUBLIC,Aunq3KbaounEHqIxT
youtube,h2d9Fs8axxI,view_count,34317,,youtube_public_v1,PUBLIC,Aunq3KbaounEHqIxT
youtube,h2d9Fs8axxI,like_count,374,,youtube_public_v1,PUBLIC,Aunq3KbaounEHqIxT
youtube,h2d9Fs8axxI,comment_count,12,,youtube_public_v1,PUBLIC,Aunq3KbaounEHqIxT
youtube,3a6MouzWlOQ,view_count,276772,,youtube_public_v1,PUBLIC,Aunq3KbaounEHqIxT
youtube,3a6MouzWlOQ,like_count,5200,,youtube_public_v1,PUBLIC,Aunq3KbaounEHqIxT
youtube,3a6MouzWlOQ,comment_count,929,,youtube_public_v1,PUBLIC,Aunq3KbaounEHqIxT
youtube,Q_PGAzrv2Wg,view_count,23999,,youtube_public_v1,PUBLIC,XtPTJfEYqUzOv6Ykf
youtube,Q_PGAzrv2Wg,like_count,233,,youtube_public_v1,PUBLIC,XtPTJfEYqUzOv6Ykf
youtube,Q_PGAzrv2Wg,comment_count,11,,youtube_public_v1,PUBLIC,XtPTJfEYqUzOv6Ykf
youtube,XtiWNYXF5jI,view_count,71299,,youtube_public_v1,PUBLIC,KzY6WE2iVVBsx6fwq
youtube,XtiWNYXF5jI,like_count,2000,,youtube_public_v1,PUBLIC,KzY6WE2iVVBsx6fwq
youtube,XtiWNYXF5jI,comment_count,102,,youtube_public_v1,PUBLIC,KzY6WE2iVVBsx6fwq
youtube,t3OnwvDvaos,view_count,207742,,youtube_public_v1,PUBLIC,XtPTJfEYqUzOv6Ykf
youtube,t3OnwvDvaos,like_count,3200,,youtube_public_v1,PUBLIC,XtPTJfEYqUzOv6Ykf
youtube,t3OnwvDvaos,comment_count,408,,youtube_public_v1,PUBLIC,XtPTJfEYqUzOv6Ykf
youtube,AGoP8IkYNlU,view_count,6801,,youtube_public_v1,PUBLIC,XtPTJfEYqUzOv6Ykf
youtube,AGoP8IkYNlU,like_count,750,,youtube_public_v1,PUBLIC,XtPTJfEYqUzOv6Ykf
youtube,AGoP8IkYNlU,comment_count,98,,youtube_public_v1,PUBLIC,XtPTJfEYqUzOv6Ykf
youtube,8IoOMzvmi4k,view_count,39311,,youtube_public_v1,PUBLIC,Aunq3KbaounEHqIxT
youtube,8IoOMzvmi4k,like_count,550,,youtube_public_v1,PUBLIC,Aunq3KbaounEHqIxT
youtube,8IoOMzvmi4k,comment_count,12,,youtube_public_v1,PUBLIC,Aunq3KbaounEHqIxT
youtube,XdIqoEbljMk,view_count,288912,,youtube_public_v1,PUBLIC,XtPTJfEYqUzOv6Ykf
youtube,XdIqoEbljMk,like_count,3800,,youtube_public_v1,PUBLIC,XtPTJfEYqUzOv6Ykf
youtube,XdIqoEbljMk,comment_count,230,,youtube_public_v1,PUBLIC,XtPTJfEYqUzOv6Ykf
youtube,zDWlRkySlcs,view_count,164766,,youtube_public_v1,PUBLIC,Aunq3KbaounEHqIxT
youtube,zDWlRkySlcs,like_count,2700,,youtube_public_v1,PUBLIC,Aunq3KbaounEHqIxT
youtube,zDWlRkySlcs,comment_count,237,,youtube_public_v1,PUBLIC,Aunq3KbaounEHqIxT
youtube,D3KbwmP1t5o,view_count,1415106,,youtube_public_v1,PUBLIC,Aunq3KbaounEHqIxT
youtube,D3KbwmP1t5o,like_count,25000,,youtube_public_v1,PUBLIC,Aunq3KbaounEHqIxT
youtube,D3KbwmP1t5o,comment_count,1758,,youtube_public_v1,PUBLIC,Aunq3KbaounEHqIxT
youtube,GH2ij7WKDCY,view_count,4236819,2026-08-12T14:00:05.693993+07:00,youtube_public_v1,PUBLIC,Aunq3KbaounEHqIxT
youtube,GH2ij7WKDCY,like_count,62000,2026-08-12T14:00:05.693993+07:00,youtube_public_v1,PUBLIC,Aunq3KbaounEHqIxT
youtube,GH2ij7WKDCY,comment_count,27179,2026-08-12T14:00:05.693993+07:00,youtube_public_v1,PUBLIC,Aunq3KbaounEHqIxT
youtube,iox2upFoWRs,view_count,9380,,youtube_public_v1,PUBLIC,Aunq3KbaounEHqIxT
youtube,iox2upFoWRs,like_count,203,,youtube_public_v1,PUBLIC,Aunq3KbaounEHqIxT
youtube,iox2upFoWRs,comment_count,1,,youtube_public_v1,PUBLIC,Aunq3KbaounEHqIxT
youtube,A4iTwPsa7Uc,view_count,13029,,youtube_public_v1,PUBLIC,Aunq3KbaounEHqIxT
youtube,A4iTwPsa7Uc,like_count,269,,youtube_public_v1,PUBLIC,Aunq3KbaounEHqIxT
youtube,A4iTwPsa7Uc,comment_count,6,,youtube_public_v1,PUBLIC,Aunq3KbaounEHqIxT
youtube,CDMExx-hhCg,view_count,20846,,youtube_public_v1,PUBLIC,XtPTJfEYqUzOv6Ykf
youtube,CDMExx-hhCg,like_count,490,,youtube_public_v1,PUBLIC,XtPTJfEYqUzOv6Ykf
youtube,CDMExx-hhCg,comment_count,7,,youtube_public_v1,PUBLIC,XtPTJfEYqUzOv6Ykf
youtube,2vJgGiV2JOY,view_count,13061,,youtube_public_v1,PUBLIC,XtPTJfEYqUzOv6Ykf
youtube,2vJgGiV2JOY,like_count,287,,youtube_public_v1,PUBLIC,XtPTJfEYqUzOv6Ykf
youtube,2vJgGiV2JOY,comment_count,10,,youtube_public_v1,PUBLIC,XtPTJfEYqUzOv6Ykf
youtube,2OXePwlse1E,view_count,5217,,youtube_public_v1,PUBLIC,Aunq3KbaounEHqIxT
youtube,2OXePwlse1E,like_count,329,,youtube_public_v1,PUBLIC,Aunq3KbaounEHqIxT
youtube,2OXePwlse1E,comment_count,6,,youtube_public_v1,PUBLIC,Aunq3KbaounEHqIxT
youtube,b69P_syQiQE,view_count,61357,,youtube_public_v1,PUBLIC,XtPTJfEYqUzOv6Ykf
youtube,b69P_syQiQE,like_count,897,,youtube_public_v1,PUBLIC,XtPTJfEYqUzOv6Ykf
youtube,b69P_syQiQE,comment_count,5,,youtube_public_v1,PUBLIC,XtPTJfEYqUzOv6Ykf
youtube,UWGKjK5pzD8,view_count,8045,,youtube_public_v1,PUBLIC,XtPTJfEYqUzOv6Ykf
youtube,UWGKjK5pzD8,like_count,185,,youtube_public_v1,PUBLIC,XtPTJfEYqUzOv6Ykf
youtube,UWGKjK5pzD8,comment_count,1,,youtube_public_v1,PUBLIC,XtPTJfEYqUzOv6Ykf
youtube,q1BqQ4HGqn8,view_count,27914,,youtube_public_v1,PUBLIC,XtPTJfEYqUzOv6Ykf
youtube,q1BqQ4HGqn8,like_count,821,,youtube_public_v1,PUBLIC,XtPTJfEYqUzOv6Ykf
youtube,q1BqQ4HGqn8,comment_count,11,,youtube_public_v1,PUBLIC,XtPTJfEYqUzOv6Ykf
youtube,XOpSuP4R3iA,view_count,87519,,youtube_public_v1,PUBLIC,XtPTJfEYqUzOv6Ykf
youtube,XOpSuP4R3iA,like_count,2500,,youtube_public_v1,PUBLIC,XtPTJfEYqUzOv6Ykf
youtube,XOpSuP4R3iA,comment_count,249,,youtube_public_v1,PUBLIC,XtPTJfEYqUzOv6Ykf
youtube,mb0G9EUaaLk,view_count,220093,,youtube_public_v1,PUBLIC,Aunq3KbaounEHqIxT
youtube,mb0G9EUaaLk,like_count,1900,,youtube_public_v1,PUBLIC,Aunq3KbaounEHqIxT
youtube,mb0G9EUaaLk,comment_count,3149,,youtube_public_v1,PUBLIC,Aunq3KbaounEHqIxT
youtube,aKBwDFoYKX0,view_count,4831083,2026-08-12T14:00:05.693993+07:00,youtube_public_v1,PUBLIC,Aunq3KbaounEHqIxT
youtube,aKBwDFoYKX0,like_count,60000,2026-08-12T14:00:05.693993+07:00,youtube_public_v1,PUBLIC,Aunq3KbaounEHqIxT
youtube,aKBwDFoYKX0,comment_count,7409,2026-08-12T14:00:05.693993+07:00,youtube_public_v1,PUBLIC,Aunq3KbaounEHqIxT
youtube,yYJxZnk7g7k,view_count,5567698,2026-08-12T14:00:05.693993+07:00,youtube_public_v1,PUBLIC,Aunq3KbaounEHqIxT
youtube,yYJxZnk7g7k,like_count,65000,2026-08-12T14:00:05.693993+07:00,youtube_public_v1,PUBLIC,Aunq3KbaounEHqIxT
youtube,yYJxZnk7g7k,comment_count,9470,2026-08-12T14:00:05.693993+07:00,youtube_public_v1,PUBLIC,Aunq3KbaounEHqIxT
youtube,sVQyjzwTSt0,view_count,750970,,youtube_public_v1,PUBLIC,Aunq3KbaounEHqIxT
youtube,sVQyjzwTSt0,like_count,4400,,youtube_public_v1,PUBLIC,Aunq3KbaounEHqIxT
youtube,sVQyjzwTSt0,comment_count,612,,youtube_public_v1,PUBLIC,Aunq3KbaounEHqIxT
youtube,KQQPuP-2Tgs,view_count,4271440,2026-08-12T14:00:05.693993+07:00,youtube_public_v1,PUBLIC,Aunq3KbaounEHqIxT
youtube,KQQPuP-2Tgs,like_count,73000,2026-08-12T14:00:05.693993+07:00,youtube_public_v1,PUBLIC,Aunq3KbaounEHqIxT
youtube,KQQPuP-2Tgs,comment_count,22529,2026-08-12T14:00:05.693993+07:00,youtube_public_v1,PUBLIC,Aunq3KbaounEHqIxT
youtube,YbKOET_UdQg,view_count,3144773,,youtube_public_v1,PUBLIC,Aunq3KbaounEHqIxT
youtube,YbKOET_UdQg,like_count,41000,,youtube_public_v1,PUBLIC,Aunq3KbaounEHqIxT
youtube,YbKOET_UdQg,comment_count,3856,,youtube_public_v1,PUBLIC,Aunq3KbaounEHqIxT
youtube,KJ_Fmen-bBs,view_count,659655,,youtube_public_v1,PUBLIC,Aunq3KbaounEHqIxT
youtube,KJ_Fmen-bBs,like_count,6800,,youtube_public_v1,PUBLIC,Aunq3KbaounEHqIxT
youtube,KJ_Fmen-bBs,comment_count,1097,,youtube_public_v1,PUBLIC,Aunq3KbaounEHqIxT
youtube,AISIeRfEcf8,view_count,29205,,youtube_public_v1,PUBLIC,XtPTJfEYqUzOv6Ykf
youtube,AISIeRfEcf8,like_count,639,,youtube_public_v1,PUBLIC,XtPTJfEYqUzOv6Ykf
youtube,AISIeRfEcf8,comment_count,8,,youtube_public_v1,PUBLIC,XtPTJfEYqUzOv6Ykf
youtube,3O48_pd_3RE,view_count,4353,,youtube_public_v1,PUBLIC,XtPTJfEYqUzOv6Ykf
youtube,3O48_pd_3RE,like_count,86,,youtube_public_v1,PUBLIC,XtPTJfEYqUzOv6Ykf
youtube,3O48_pd_3RE,comment_count,0,,youtube_public_v1,PUBLIC,XtPTJfEYqUzOv6Ykf
youtube,72HiMXf5Tlg,view_count,22517,,youtube_public_v1,PUBLIC,Aunq3KbaounEHqIxT
youtube,72HiMXf5Tlg,like_count,294,,youtube_public_v1,PUBLIC,Aunq3KbaounEHqIxT
youtube,72HiMXf5Tlg,comment_count,4,,youtube_public_v1,PUBLIC,Aunq3KbaounEHqIxT
youtube,MreXunH_eGo,view_count,35270,,youtube_public_v1,PUBLIC,XtPTJfEYqUzOv6Ykf
youtube,MreXunH_eGo,like_count,391,,youtube_public_v1,PUBLIC,XtPTJfEYqUzOv6Ykf
youtube,MreXunH_eGo,comment_count,4,,youtube_public_v1,PUBLIC,XtPTJfEYqUzOv6Ykf
youtube,tnBAN35oWOk,view_count,49526,,youtube_public_v1,PUBLIC,XtPTJfEYqUzOv6Ykf
youtube,tnBAN35oWOk,like_count,1100,,youtube_public_v1,PUBLIC,XtPTJfEYqUzOv6Ykf
youtube,tnBAN35oWOk,comment_count,16,,youtube_public_v1,PUBLIC,XtPTJfEYqUzOv6Ykf
youtube,zi6Mf4H0-rE,view_count,29246,,youtube_public_v1,PUBLIC,Aunq3KbaounEHqIxT
youtube,zi6Mf4H0-rE,like_count,1100,,youtube_public_v1,PUBLIC,Aunq3KbaounEHqIxT
youtube,zi6Mf4H0-rE,comment_count,10,,youtube_public_v1,PUBLIC,Aunq3KbaounEHqIxT
youtube,AA82bWxShlg,view_count,1272114,,youtube_public_v1,PUBLIC,XtPTJfEYqUzOv6Ykf
youtube,AA82bWxShlg,like_count,345,,youtube_public_v1,PUBLIC,XtPTJfEYqUzOv6Ykf
youtube,AA82bWxShlg,comment_count,0,,youtube_public_v1,PUBLIC,XtPTJfEYqUzOv6Ykf
youtube,rk65zJzmxEo,view_count,16571,,youtube_public_v1,PUBLIC,Aunq3KbaounEHqIxT
youtube,rk65zJzmxEo,like_count,505,,youtube_public_v1,PUBLIC,Aunq3KbaounEHqIxT
youtube,rk65zJzmxEo,comment_count,11,,youtube_public_v1,PUBLIC,Aunq3KbaounEHqIxT
youtube,HoYR3kTYOCA,view_count,5525,,youtube_public_v1,PUBLIC,XtPTJfEYqUzOv6Ykf
youtube,HoYR3kTYOCA,like_count,122,,youtube_public_v1,PUBLIC,XtPTJfEYqUzOv6Ykf
youtube,HoYR3kTYOCA,comment_count,4,,youtube_public_v1,PUBLIC,XtPTJfEYqUzOv6Ykf
youtube,zZdQCWxuckI,view_count,3693,,youtube_public_v1,PUBLIC,XtPTJfEYqUzOv6Ykf
youtube,zZdQCWxuckI,like_count,71,,youtube_public_v1,PUBLIC,XtPTJfEYqUzOv6Ykf
youtube,zZdQCWxuckI,comment_count,0,,youtube_public_v1,PUBLIC,XtPTJfEYqUzOv6Ykf
youtube,YZr3n_wk_-Q,view_count,5468,,youtube_public_v1,PUBLIC,XtPTJfEYqUzOv6Ykf
youtube,YZr3n_wk_-Q,like_count,93,,youtube_public_v1,PUBLIC,XtPTJfEYqUzOv6Ykf
youtube,YZr3n_wk_-Q,comment_count,0,,youtube_public_v1,PUBLIC,XtPTJfEYqUzOv6Ykf
youtube,pIWH3cHu6Ms,view_count,2156300,,youtube_public_v1,PUBLIC,Aunq3KbaounEHqIxT
youtube,pIWH3cHu6Ms,like_count,15000,,youtube_public_v1,PUBLIC,Aunq3KbaounEHqIxT
youtube,pIWH3cHu6Ms,comment_count,1700,,youtube_public_v1,PUBLIC,Aunq3KbaounEHqIxT
youtube,kIHqdPXUGbI,view_count,24380,,youtube_public_v1,PUBLIC,XtPTJfEYqUzOv6Ykf
youtube,kIHqdPXUGbI,like_count,823,,youtube_public_v1,PUBLIC,XtPTJfEYqUzOv6Ykf
youtube,kIHqdPXUGbI,comment_count,1,,youtube_public_v1,PUBLIC,XtPTJfEYqUzOv6Ykf
youtube,shNwjMzo7jc,view_count,29849,,youtube_public_v1,PUBLIC,Aunq3KbaounEHqIxT
youtube,shNwjMzo7jc,like_count,838,,youtube_public_v1,PUBLIC,Aunq3KbaounEHqIxT
youtube,shNwjMzo7jc,comment_count,7,,youtube_public_v1,PUBLIC,Aunq3KbaounEHqIxT
youtube,CKpYTVR9GG0,view_count,99741,,youtube_public_v1,PUBLIC,Aunq3KbaounEHqIxT
youtube,CKpYTVR9GG0,like_count,2000,,youtube_public_v1,PUBLIC,Aunq3KbaounEHqIxT
youtube,CKpYTVR9GG0,comment_count,87,,youtube_public_v1,PUBLIC,Aunq3KbaounEHqIxT
youtube,aPYM77zUoQI,view_count,3384,,youtube_public_v1,PUBLIC,Aunq3KbaounEHqIxT
youtube,aPYM77zUoQI,like_count,69,,youtube_public_v1,PUBLIC,Aunq3KbaounEHqIxT
youtube,aPYM77zUoQI,comment_count,0,,youtube_public_v1,PUBLIC,Aunq3KbaounEHqIxT
youtube,PB_x2F0r3UE,view_count,42236,,youtube_public_v1,PUBLIC,Aunq3KbaounEHqIxT
youtube,PB_x2F0r3UE,like_count,1700,,youtube_public_v1,PUBLIC,Aunq3KbaounEHqIxT
youtube,PB_x2F0r3UE,comment_count,15,,youtube_public_v1,PUBLIC,Aunq3KbaounEHqIxT
youtube,Q77rlYUsbQ4,view_count,23629,,youtube_public_v1,PUBLIC,Aunq3KbaounEHqIxT
youtube,Q77rlYUsbQ4,like_count,692,,youtube_public_v1,PUBLIC,Aunq3KbaounEHqIxT
youtube,Q77rlYUsbQ4,comment_count,9,,youtube_public_v1,PUBLIC,Aunq3KbaounEHqIxT
youtube,S788fCRMeZg,view_count,9785,,youtube_public_v1,PUBLIC,XtPTJfEYqUzOv6Ykf
youtube,S788fCRMeZg,like_count,133,,youtube_public_v1,PUBLIC,XtPTJfEYqUzOv6Ykf
youtube,S788fCRMeZg,comment_count,3,,youtube_public_v1,PUBLIC,XtPTJfEYqUzOv6Ykf
youtube,DXSkTPcATTk,view_count,654672,,youtube_public_v1,PUBLIC,XtPTJfEYqUzOv6Ykf
youtube,DXSkTPcATTk,like_count,7300,,youtube_public_v1,PUBLIC,XtPTJfEYqUzOv6Ykf
youtube,DXSkTPcATTk,comment_count,1701,,youtube_public_v1,PUBLIC,XtPTJfEYqUzOv6Ykf
youtube,cZgo51yZNV0,view_count,12662,,youtube_public_v1,PUBLIC,Aunq3KbaounEHqIxT
youtube,cZgo51yZNV0,like_count,237,,youtube_public_v1,PUBLIC,Aunq3KbaounEHqIxT
youtube,cZgo51yZNV0,comment_count,1596,,youtube_public_v1,PUBLIC,Aunq3KbaounEHqIxT
youtube,DQAe8VsKcng,view_count,199127,,youtube_public_v1,PUBLIC,XtPTJfEYqUzOv6Ykf
youtube,DQAe8VsKcng,like_count,4600,,youtube_public_v1,PUBLIC,XtPTJfEYqUzOv6Ykf
youtube,DQAe8VsKcng,comment_count,91,,youtube_public_v1,PUBLIC,XtPTJfEYqUzOv6Ykf
youtube,-jEXxbIsEWQ,view_count,22038,,youtube_public_v1,PUBLIC,XtPTJfEYqUzOv6Ykf
youtube,-jEXxbIsEWQ,like_count,315,,youtube_public_v1,PUBLIC,XtPTJfEYqUzOv6Ykf
youtube,-jEXxbIsEWQ,comment_count,6,,youtube_public_v1,PUBLIC,XtPTJfEYqUzOv6Ykf
youtube,xy6SpI6hgqM,view_count,313925,,youtube_public_v1,PUBLIC,Aunq3KbaounEHqIxT
youtube,xy6SpI6hgqM,like_count,3300,,youtube_public_v1,PUBLIC,Aunq3KbaounEHqIxT
youtube,xy6SpI6hgqM,comment_count,792,,youtube_public_v1,PUBLIC,Aunq3KbaounEHqIxT
youtube,enubn_6jIT0,view_count,2725,,youtube_public_v1,PUBLIC,Aunq3KbaounEHqIxT
youtube,enubn_6jIT0,like_count,62,,youtube_public_v1,PUBLIC,Aunq3KbaounEHqIxT
youtube,enubn_6jIT0,comment_count,2,,youtube_public_v1,PUBLIC,Aunq3KbaounEHqIxT
youtube,3KyIPaoEv1Y,view_count,4291502,2026-08-12T14:00:05.693993+07:00,youtube_public_v1,PUBLIC,XtPTJfEYqUzOv6Ykf
youtube,3KyIPaoEv1Y,like_count,60000,2026-08-12T14:00:05.693993+07:00,youtube_public_v1,PUBLIC,XtPTJfEYqUzOv6Ykf
youtube,3KyIPaoEv1Y,comment_count,8029,2026-08-12T14:00:05.693993+07:00,youtube_public_v1,PUBLIC,XtPTJfEYqUzOv6Ykf
youtube,r2CbzlIBHg0,view_count,84331,,youtube_public_v1,PUBLIC,XtPTJfEYqUzOv6Ykf
youtube,r2CbzlIBHg0,like_count,892,,youtube_public_v1,PUBLIC,XtPTJfEYqUzOv6Ykf
youtube,r2CbzlIBHg0,comment_count,57,,youtube_public_v1,PUBLIC,XtPTJfEYqUzOv6Ykf
youtube,bWr0CJ0Lv8A,view_count,1648744,,youtube_public_v1,PUBLIC,XtPTJfEYqUzOv6Ykf
youtube,bWr0CJ0Lv8A,like_count,25000,,youtube_public_v1,PUBLIC,XtPTJfEYqUzOv6Ykf
youtube,bWr0CJ0Lv8A,comment_count,3378,,youtube_public_v1,PUBLIC,XtPTJfEYqUzOv6Ykf
youtube,xs6_ibjWS9s,view_count,856690,,youtube_public_v1,PUBLIC,XtPTJfEYqUzOv6Ykf
youtube,xs6_ibjWS9s,like_count,8100,,youtube_public_v1,PUBLIC,XtPTJfEYqUzOv6Ykf
youtube,xs6_ibjWS9s,comment_count,1778,,youtube_public_v1,PUBLIC,XtPTJfEYqUzOv6Ykf
youtube,w9EeI2wmYn0,view_count,1667345,,youtube_public_v1,PUBLIC,XtPTJfEYqUzOv6Ykf
youtube,w9EeI2wmYn0,like_count,29000,,youtube_public_v1,PUBLIC,XtPTJfEYqUzOv6Ykf
youtube,w9EeI2wmYn0,comment_count,3299,,youtube_public_v1,PUBLIC,XtPTJfEYqUzOv6Ykf
youtube,wV64TeMo83g,view_count,30044,,youtube_public_v1,PUBLIC,XtPTJfEYqUzOv6Ykf
youtube,wV64TeMo83g,like_count,301,,youtube_public_v1,PUBLIC,XtPTJfEYqUzOv6Ykf
youtube,wV64TeMo83g,comment_count,1,,youtube_public_v1,PUBLIC,XtPTJfEYqUzOv6Ykf
youtube,3SGFXKC84Dg,view_count,91710,,youtube_public_v1,PUBLIC,XtPTJfEYqUzOv6Ykf
youtube,3SGFXKC84Dg,like_count,1900,,youtube_public_v1,PUBLIC,XtPTJfEYqUzOv6Ykf
youtube,3SGFXKC84Dg,comment_count,27,,youtube_public_v1,PUBLIC,XtPTJfEYqUzOv6Ykf
youtube,5rqdJs0YzUE,view_count,32962,,youtube_public_v1,PUBLIC,XtPTJfEYqUzOv6Ykf
youtube,5rqdJs0YzUE,like_count,467,,youtube_public_v1,PUBLIC,XtPTJfEYqUzOv6Ykf
youtube,5rqdJs0YzUE,comment_count,45,,youtube_public_v1,PUBLIC,XtPTJfEYqUzOv6Ykf
youtube,dm1D9nTSiu8,view_count,7203,,youtube_public_v1,PUBLIC,XtPTJfEYqUzOv6Ykf
youtube,dm1D9nTSiu8,like_count,68,,youtube_public_v1,PUBLIC,XtPTJfEYqUzOv6Ykf
youtube,dm1D9nTSiu8,comment_count,0,,youtube_public_v1,PUBLIC,XtPTJfEYqUzOv6Ykf
youtube,6JRrm9lMxoo,view_count,5792,,youtube_public_v1,PUBLIC,XtPTJfEYqUzOv6Ykf
youtube,6JRrm9lMxoo,like_count,86,,youtube_public_v1,PUBLIC,XtPTJfEYqUzOv6Ykf
youtube,6JRrm9lMxoo,comment_count,0,,youtube_public_v1,PUBLIC,XtPTJfEYqUzOv6Ykf
youtube,HXlE8FhD5js,view_count,19721,,youtube_public_v1,PUBLIC,XtPTJfEYqUzOv6Ykf
youtube,HXlE8FhD5js,like_count,734,,youtube_public_v1,PUBLIC,XtPTJfEYqUzOv6Ykf
youtube,HXlE8FhD5js,comment_count,0,,youtube_public_v1,PUBLIC,XtPTJfEYqUzOv6Ykf
youtube,zh4XdoBH5AY,view_count,22994,,youtube_public_v1,PUBLIC,XtPTJfEYqUzOv6Ykf
youtube,zh4XdoBH5AY,like_count,521,,youtube_public_v1,PUBLIC,XtPTJfEYqUzOv6Ykf
youtube,zh4XdoBH5AY,comment_count,1,,youtube_public_v1,PUBLIC,XtPTJfEYqUzOv6Ykf
youtube,OjTWlrtVHkQ,view_count,23993,,youtube_public_v1,PUBLIC,XtPTJfEYqUzOv6Ykf
youtube,OjTWlrtVHkQ,like_count,593,,youtube_public_v1,PUBLIC,XtPTJfEYqUzOv6Ykf
youtube,OjTWlrtVHkQ,comment_count,8,,youtube_public_v1,PUBLIC,XtPTJfEYqUzOv6Ykf
youtube,olL57qn5qmY,view_count,14523,,youtube_public_v1,PUBLIC,XtPTJfEYqUzOv6Ykf
youtube,olL57qn5qmY,like_count,104,,youtube_public_v1,PUBLIC,XtPTJfEYqUzOv6Ykf
youtube,olL57qn5qmY,comment_count,9,,youtube_public_v1,PUBLIC,XtPTJfEYqUzOv6Ykf
youtube,WcOm6Y5knPI,view_count,79089,,youtube_public_v1,PUBLIC,XtPTJfEYqUzOv6Ykf
youtube,WcOm6Y5knPI,like_count,2400,,youtube_public_v1,PUBLIC,XtPTJfEYqUzOv6Ykf
youtube,WcOm6Y5knPI,comment_count,47,,youtube_public_v1,PUBLIC,XtPTJfEYqUzOv6Ykf
youtube,RCG62hhYNKQ,view_count,84105,,youtube_public_v1,PUBLIC,XtPTJfEYqUzOv6Ykf
youtube,RCG62hhYNKQ,like_count,1600,,youtube_public_v1,PUBLIC,XtPTJfEYqUzOv6Ykf
youtube,RCG62hhYNKQ,comment_count,43,,youtube_public_v1,PUBLIC,XtPTJfEYqUzOv6Ykf
youtube,Df3mJOn4BkM,view_count,891314,,youtube_public_v1,PUBLIC,XtPTJfEYqUzOv6Ykf
youtube,Df3mJOn4BkM,like_count,8700,,youtube_public_v1,PUBLIC,XtPTJfEYqUzOv6Ykf
youtube,Df3mJOn4BkM,comment_count,6174,,youtube_public_v1,PUBLIC,XtPTJfEYqUzOv6Ykf
youtube,N82nir_vDTU,view_count,1560538,,youtube_public_v1,PUBLIC,XtPTJfEYqUzOv6Ykf
youtube,N82nir_vDTU,like_count,23000,,youtube_public_v1,PUBLIC,XtPTJfEYqUzOv6Ykf
youtube,N82nir_vDTU,comment_count,1741,,youtube_public_v1,PUBLIC,XtPTJfEYqUzOv6Ykf
youtube,TuVJsLzz1hQ,view_count,4591209,2026-08-12T14:00:05.693993+07:00,youtube_public_v1,PUBLIC,XtPTJfEYqUzOv6Ykf
youtube,TuVJsLzz1hQ,like_count,64000,2026-08-12T14:00:05.693993+07:00,youtube_public_v1,PUBLIC,XtPTJfEYqUzOv6Ykf
youtube,TuVJsLzz1hQ,comment_count,12256,2026-08-12T14:00:05.693993+07:00,youtube_public_v1,PUBLIC,XtPTJfEYqUzOv6Ykf
youtube,oveBhtxXehE,view_count,64517,,youtube_public_v1,PUBLIC,XtPTJfEYqUzOv6Ykf
youtube,oveBhtxXehE,like_count,995,,youtube_public_v1,PUBLIC,XtPTJfEYqUzOv6Ykf
youtube,oveBhtxXehE,comment_count,42,,youtube_public_v1,PUBLIC,XtPTJfEYqUzOv6Ykf
youtube,3QmNNc_qDj0,view_count,600134,,youtube_public_v1,PUBLIC,XtPTJfEYqUzOv6Ykf
youtube,3QmNNc_qDj0,like_count,4700,,youtube_public_v1,PUBLIC,XtPTJfEYqUzOv6Ykf
youtube,3QmNNc_qDj0,comment_count,1482,,youtube_public_v1,PUBLIC,XtPTJfEYqUzOv6Ykf
youtube,XZXq5lP7xCk,view_count,552339,,youtube_public_v1,PUBLIC,XtPTJfEYqUzOv6Ykf
youtube,XZXq5lP7xCk,like_count,5200,,youtube_public_v1,PUBLIC,XtPTJfEYqUzOv6Ykf
youtube,XZXq5lP7xCk,comment_count,2716,,youtube_public_v1,PUBLIC,XtPTJfEYqUzOv6Ykf
youtube,kMcfBll1StY,view_count,44634,,youtube_public_v1,PUBLIC,XtPTJfEYqUzOv6Ykf
youtube,kMcfBll1StY,like_count,1000,,youtube_public_v1,PUBLIC,XtPTJfEYqUzOv6Ykf
youtube,kMcfBll1StY,comment_count,203,,youtube_public_v1,PUBLIC,XtPTJfEYqUzOv6Ykf
youtube,CcWsXtAPgKA,view_count,5822,,youtube_public_v1,PUBLIC,XtPTJfEYqUzOv6Ykf
youtube,CcWsXtAPgKA,like_count,117,,youtube_public_v1,PUBLIC,XtPTJfEYqUzOv6Ykf
youtube,CcWsXtAPgKA,comment_count,1,,youtube_public_v1,PUBLIC,XtPTJfEYqUzOv6Ykf
youtube,MHg91HziTPI,view_count,29695,,youtube_public_v1,PUBLIC,XtPTJfEYqUzOv6Ykf
youtube,MHg91HziTPI,like_count,533,,youtube_public_v1,PUBLIC,XtPTJfEYqUzOv6Ykf
youtube,MHg91HziTPI,comment_count,42,,youtube_public_v1,PUBLIC,XtPTJfEYqUzOv6Ykf
youtube,nFzKI9YrWLQ,view_count,3559064,2026-08-12T14:00:36.110442+07:00,youtube_public_v1,PUBLIC,5m7Cf55rByFdGWnAY
youtube,nFzKI9YrWLQ,like_count,28000,2026-08-12T14:00:36.110442+07:00,youtube_public_v1,PUBLIC,5m7Cf55rByFdGWnAY
youtube,nFzKI9YrWLQ,comment_count,4409,2026-08-12T14:00:36.110442+07:00,youtube_public_v1,PUBLIC,5m7Cf55rByFdGWnAY
youtube,iYGyd3HPvgY,view_count,406810,,youtube_public_v1,PUBLIC,5m7Cf55rByFdGWnAY
youtube,iYGyd3HPvgY,like_count,1400,,youtube_public_v1,PUBLIC,5m7Cf55rByFdGWnAY
youtube,iYGyd3HPvgY,comment_count,126,,youtube_public_v1,PUBLIC,5m7Cf55rByFdGWnAY
youtube,PXwm2fo5Azg,view_count,1199861,,youtube_public_v1,PUBLIC,5m7Cf55rByFdGWnAY
youtube,PXwm2fo5Azg,like_count,5100,,youtube_public_v1,PUBLIC,5m7Cf55rByFdGWnAY
youtube,PXwm2fo5Azg,comment_count,429,,youtube_public_v1,PUBLIC,5m7Cf55rByFdGWnAY
youtube,wpmZ0are5q0,view_count,152550,,youtube_public_v1,PUBLIC,5m7Cf55rByFdGWnAY
youtube,wpmZ0are5q0,like_count,585,,youtube_public_v1,PUBLIC,5m7Cf55rByFdGWnAY
youtube,wpmZ0are5q0,comment_count,39,,youtube_public_v1,PUBLIC,5m7Cf55rByFdGWnAY
youtube,rE1xiQLFN0I,view_count,1142717,,youtube_public_v1,PUBLIC,5m7Cf55rByFdGWnAY
youtube,rE1xiQLFN0I,like_count,4400,,youtube_public_v1,PUBLIC,5m7Cf55rByFdGWnAY
youtube,rE1xiQLFN0I,comment_count,289,,youtube_public_v1,PUBLIC,5m7Cf55rByFdGWnAY
youtube,qNzFxyC1rKw,view_count,418039,,youtube_public_v1,PUBLIC,5m7Cf55rByFdGWnAY
youtube,qNzFxyC1rKw,like_count,1500,,youtube_public_v1,PUBLIC,5m7Cf55rByFdGWnAY
youtube,qNzFxyC1rKw,comment_count,148,,youtube_public_v1,PUBLIC,5m7Cf55rByFdGWnAY
youtube,lAXJ2SVJ-4I,view_count,274924,,youtube_public_v1,PUBLIC,5m7Cf55rByFdGWnAY
youtube,lAXJ2SVJ-4I,like_count,796,,youtube_public_v1,PUBLIC,5m7Cf55rByFdGWnAY
youtube,lAXJ2SVJ-4I,comment_count,55,,youtube_public_v1,PUBLIC,5m7Cf55rByFdGWnAY
youtube,0HMkCTg_IFE,view_count,3147377,2026-08-12T14:00:36.110442+07:00,youtube_public_v1,PUBLIC,5m7Cf55rByFdGWnAY
youtube,0HMkCTg_IFE,like_count,8800,2026-08-12T14:00:36.110442+07:00,youtube_public_v1,PUBLIC,5m7Cf55rByFdGWnAY
youtube,0HMkCTg_IFE,comment_count,2175,2026-08-12T14:00:36.110442+07:00,youtube_public_v1,PUBLIC,5m7Cf55rByFdGWnAY
youtube,lOHHcgY924w,view_count,191512,,youtube_public_v1,PUBLIC,5m7Cf55rByFdGWnAY
youtube,lOHHcgY924w,like_count,606,,youtube_public_v1,PUBLIC,5m7Cf55rByFdGWnAY
youtube,lOHHcgY924w,comment_count,49,,youtube_public_v1,PUBLIC,5m7Cf55rByFdGWnAY
youtube,Ye2ejKtXw9Y,view_count,1404028,,youtube_public_v1,PUBLIC,5m7Cf55rByFdGWnAY
youtube,Ye2ejKtXw9Y,like_count,4800,,youtube_public_v1,PUBLIC,5m7Cf55rByFdGWnAY
youtube,Ye2ejKtXw9Y,comment_count,557,,youtube_public_v1,PUBLIC,5m7Cf55rByFdGWnAY
youtube,puGDlU_Gp3Q,view_count,80647,,youtube_public_v1,PUBLIC,5m7Cf55rByFdGWnAY
youtube,puGDlU_Gp3Q,like_count,322,,youtube_public_v1,PUBLIC,5m7Cf55rByFdGWnAY
youtube,puGDlU_Gp3Q,comment_count,21,,youtube_public_v1,PUBLIC,5m7Cf55rByFdGWnAY
youtube,zMolufomfQQ,view_count,78496,,youtube_public_v1,PUBLIC,5m7Cf55rByFdGWnAY
youtube,zMolufomfQQ,like_count,478,,youtube_public_v1,PUBLIC,5m7Cf55rByFdGWnAY
youtube,zMolufomfQQ,comment_count,27,,youtube_public_v1,PUBLIC,5m7Cf55rByFdGWnAY
youtube,_YanoQQujyc,view_count,1877775,,youtube_public_v1,PUBLIC,5m7Cf55rByFdGWnAY
youtube,_YanoQQujyc,like_count,4300,,youtube_public_v1,PUBLIC,5m7Cf55rByFdGWnAY
youtube,_YanoQQujyc,comment_count,316,,youtube_public_v1,PUBLIC,5m7Cf55rByFdGWnAY
youtube,_GCRhsFl-XQ,view_count,33057,,youtube_public_v1,PUBLIC,5m7Cf55rByFdGWnAY
youtube,_GCRhsFl-XQ,like_count,644,,youtube_public_v1,PUBLIC,5m7Cf55rByFdGWnAY
youtube,_GCRhsFl-XQ,comment_count,5,,youtube_public_v1,PUBLIC,5m7Cf55rByFdGWnAY
youtube,Q43LRMmVKdU,view_count,852,,youtube_public_v1,PUBLIC,5m7Cf55rByFdGWnAY
youtube,Q43LRMmVKdU,like_count,8,,youtube_public_v1,PUBLIC,5m7Cf55rByFdGWnAY
youtube,Q43LRMmVKdU,comment_count,0,,youtube_public_v1,PUBLIC,5m7Cf55rByFdGWnAY
youtube,AodEzP8mfM8,view_count,181308,,youtube_public_v1,PUBLIC,5m7Cf55rByFdGWnAY
youtube,AodEzP8mfM8,like_count,804,,youtube_public_v1,PUBLIC,5m7Cf55rByFdGWnAY
youtube,AodEzP8mfM8,comment_count,63,,youtube_public_v1,PUBLIC,5m7Cf55rByFdGWnAY
youtube,ak6MbkfeW74,view_count,12587,,youtube_public_v1,PUBLIC,5m7Cf55rByFdGWnAY
youtube,ak6MbkfeW74,like_count,207,,youtube_public_v1,PUBLIC,5m7Cf55rByFdGWnAY
youtube,ak6MbkfeW74,comment_count,2,,youtube_public_v1,PUBLIC,5m7Cf55rByFdGWnAY
youtube,L7r4_64Lq1Y,view_count,718,,youtube_public_v1,PUBLIC,5m7Cf55rByFdGWnAY
youtube,L7r4_64Lq1Y,like_count,8,,youtube_public_v1,PUBLIC,5m7Cf55rByFdGWnAY
youtube,L7r4_64Lq1Y,comment_count,0,,youtube_public_v1,PUBLIC,5m7Cf55rByFdGWnAY
youtube,mlgp3_FoSaI,view_count,9354,,youtube_public_v1,PUBLIC,5m7Cf55rByFdGWnAY
youtube,mlgp3_FoSaI,like_count,177,,youtube_public_v1,PUBLIC,5m7Cf55rByFdGWnAY
youtube,mlgp3_FoSaI,comment_count,4,,youtube_public_v1,PUBLIC,5m7Cf55rByFdGWnAY
youtube,e-1uN-WzldY,view_count,74781,,youtube_public_v1,PUBLIC,5m7Cf55rByFdGWnAY
youtube,e-1uN-WzldY,like_count,410,,youtube_public_v1,PUBLIC,5m7Cf55rByFdGWnAY
youtube,e-1uN-WzldY,comment_count,8,,youtube_public_v1,PUBLIC,5m7Cf55rByFdGWnAY
youtube,vn7h1ihwOUs,view_count,99,,youtube_public_v1,PUBLIC,5m7Cf55rByFdGWnAY
youtube,vn7h1ihwOUs,like_count,0,,youtube_public_v1,PUBLIC,5m7Cf55rByFdGWnAY
youtube,vn7h1ihwOUs,comment_count,0,,youtube_public_v1,PUBLIC,5m7Cf55rByFdGWnAY
youtube,VPj8IqUfwCM,view_count,239,,youtube_public_v1,PUBLIC,5m7Cf55rByFdGWnAY
youtube,VPj8IqUfwCM,like_count,13,,youtube_public_v1,PUBLIC,5m7Cf55rByFdGWnAY
youtube,VPj8IqUfwCM,comment_count,0,,youtube_public_v1,PUBLIC,5m7Cf55rByFdGWnAY
youtube,lDt2tm7tTvc,view_count,91788,,youtube_public_v1,PUBLIC,5m7Cf55rByFdGWnAY
youtube,lDt2tm7tTvc,like_count,2000,,youtube_public_v1,PUBLIC,5m7Cf55rByFdGWnAY
youtube,lDt2tm7tTvc,comment_count,60,,youtube_public_v1,PUBLIC,5m7Cf55rByFdGWnAY
youtube,bOmAglwB3gE,view_count,1105,,youtube_public_v1,PUBLIC,5m7Cf55rByFdGWnAY
youtube,bOmAglwB3gE,like_count,15,,youtube_public_v1,PUBLIC,5m7Cf55rByFdGWnAY
youtube,bOmAglwB3gE,comment_count,0,,youtube_public_v1,PUBLIC,5m7Cf55rByFdGWnAY
youtube,RGLB2PfD2fY,view_count,118,,youtube_public_v1,PUBLIC,5m7Cf55rByFdGWnAY
youtube,RGLB2PfD2fY,like_count,1,,youtube_public_v1,PUBLIC,5m7Cf55rByFdGWnAY
youtube,RGLB2PfD2fY,comment_count,0,,youtube_public_v1,PUBLIC,5m7Cf55rByFdGWnAY
youtube,64Tzj2w4WWk,view_count,73022,,youtube_public_v1,PUBLIC,5m7Cf55rByFdGWnAY
youtube,64Tzj2w4WWk,like_count,3300,,youtube_public_v1,PUBLIC,5m7Cf55rByFdGWnAY
youtube,64Tzj2w4WWk,comment_count,17,,youtube_public_v1,PUBLIC,5m7Cf55rByFdGWnAY
youtube,va-JxlRE5Gg,view_count,6527,,youtube_public_v1,PUBLIC,5m7Cf55rByFdGWnAY
youtube,va-JxlRE5Gg,like_count,115,,youtube_public_v1,PUBLIC,5m7Cf55rByFdGWnAY
youtube,va-JxlRE5Gg,comment_count,4,,youtube_public_v1,PUBLIC,5m7Cf55rByFdGWnAY
youtube,94IIRX-1ANA,view_count,14976,,youtube_public_v1,PUBLIC,5m7Cf55rByFdGWnAY
youtube,94IIRX-1ANA,like_count,600,,youtube_public_v1,PUBLIC,5m7Cf55rByFdGWnAY
youtube,94IIRX-1ANA,comment_count,13,,youtube_public_v1,PUBLIC,5m7Cf55rByFdGWnAY
youtube,s-cEG3QAHVg,view_count,679,,youtube_public_v1,PUBLIC,5m7Cf55rByFdGWnAY
youtube,s-cEG3QAHVg,like_count,5,,youtube_public_v1,PUBLIC,5m7Cf55rByFdGWnAY
youtube,s-cEG3QAHVg,comment_count,0,,youtube_public_v1,PUBLIC,5m7Cf55rByFdGWnAY
youtube,b1Lb5hb03yM,view_count,22331,,youtube_public_v1,PUBLIC,5m7Cf55rByFdGWnAY
youtube,b1Lb5hb03yM,like_count,335,,youtube_public_v1,PUBLIC,5m7Cf55rByFdGWnAY
youtube,b1Lb5hb03yM,comment_count,23,,youtube_public_v1,PUBLIC,5m7Cf55rByFdGWnAY
youtube,CLWn8e6VO6Y,view_count,12259,,youtube_public_v1,PUBLIC,5m7Cf55rByFdGWnAY
youtube,CLWn8e6VO6Y,like_count,275,,youtube_public_v1,PUBLIC,5m7Cf55rByFdGWnAY
youtube,CLWn8e6VO6Y,comment_count,7,,youtube_public_v1,PUBLIC,5m7Cf55rByFdGWnAY
youtube,IjqbShTixWw,view_count,127,,youtube_public_v1,PUBLIC,5m7Cf55rByFdGWnAY
youtube,IjqbShTixWw,like_count,5,,youtube_public_v1,PUBLIC,5m7Cf55rByFdGWnAY
youtube,IjqbShTixWw,comment_count,1,,youtube_public_v1,PUBLIC,5m7Cf55rByFdGWnAY
youtube,dWDDnU1qKl4,view_count,503146,,youtube_public_v1,PUBLIC,5m7Cf55rByFdGWnAY
youtube,dWDDnU1qKl4,like_count,1400,,youtube_public_v1,PUBLIC,5m7Cf55rByFdGWnAY
youtube,dWDDnU1qKl4,comment_count,149,,youtube_public_v1,PUBLIC,5m7Cf55rByFdGWnAY
youtube,7v8WZAQcS8Y,view_count,8506916,,youtube_public_v1,PUBLIC,5m7Cf55rByFdGWnAY
youtube,7v8WZAQcS8Y,like_count,17000,,youtube_public_v1,PUBLIC,5m7Cf55rByFdGWnAY
youtube,7v8WZAQcS8Y,comment_count,858,,youtube_public_v1,PUBLIC,5m7Cf55rByFdGWnAY
youtube,0ekVGzWu0PM,view_count,505,,youtube_public_v1,PUBLIC,5m7Cf55rByFdGWnAY
youtube,0ekVGzWu0PM,like_count,3,,youtube_public_v1,PUBLIC,5m7Cf55rByFdGWnAY
youtube,0ekVGzWu0PM,comment_count,0,,youtube_public_v1,PUBLIC,5m7Cf55rByFdGWnAY
youtube,iogjHlm5uko,view_count,7937,,youtube_public_v1,PUBLIC,5m7Cf55rByFdGWnAY
youtube,iogjHlm5uko,like_count,107,,youtube_public_v1,PUBLIC,5m7Cf55rByFdGWnAY
youtube,iogjHlm5uko,comment_count,8,,youtube_public_v1,PUBLIC,5m7Cf55rByFdGWnAY
youtube,yXSRY7I7CBU,view_count,3159,,youtube_public_v1,PUBLIC,5m7Cf55rByFdGWnAY
youtube,yXSRY7I7CBU,like_count,38,,youtube_public_v1,PUBLIC,5m7Cf55rByFdGWnAY
youtube,yXSRY7I7CBU,comment_count,2,,youtube_public_v1,PUBLIC,5m7Cf55rByFdGWnAY
youtube,RoBPjIwFbb0,view_count,2742693,2026-08-12T14:00:36.110442+07:00,youtube_public_v1,PUBLIC,5m7Cf55rByFdGWnAY
youtube,RoBPjIwFbb0,like_count,7100,2026-08-12T14:00:36.110442+07:00,youtube_public_v1,PUBLIC,5m7Cf55rByFdGWnAY
youtube,RoBPjIwFbb0,comment_count,1539,2026-08-12T14:00:36.110442+07:00,youtube_public_v1,PUBLIC,5m7Cf55rByFdGWnAY
youtube,uYYYx6XVVtI,view_count,138980,,youtube_public_v1,PUBLIC,5m7Cf55rByFdGWnAY
youtube,uYYYx6XVVtI,like_count,522,,youtube_public_v1,PUBLIC,5m7Cf55rByFdGWnAY
youtube,uYYYx6XVVtI,comment_count,29,,youtube_public_v1,PUBLIC,5m7Cf55rByFdGWnAY
youtube,asU_I-o_E24,view_count,342950,,youtube_public_v1,PUBLIC,5m7Cf55rByFdGWnAY
youtube,asU_I-o_E24,like_count,1700,,youtube_public_v1,PUBLIC,5m7Cf55rByFdGWnAY
youtube,asU_I-o_E24,comment_count,255,,youtube_public_v1,PUBLIC,5m7Cf55rByFdGWnAY
youtube,Gd53PS4YrpM,view_count,239,,youtube_public_v1,PUBLIC,5m7Cf55rByFdGWnAY
youtube,Gd53PS4YrpM,like_count,2,,youtube_public_v1,PUBLIC,5m7Cf55rByFdGWnAY
youtube,Gd53PS4YrpM,comment_count,0,,youtube_public_v1,PUBLIC,5m7Cf55rByFdGWnAY
youtube,Kp-e9rkB9xw,view_count,5371,,youtube_public_v1,PUBLIC,5m7Cf55rByFdGWnAY
youtube,Kp-e9rkB9xw,like_count,686,,youtube_public_v1,PUBLIC,5m7Cf55rByFdGWnAY
youtube,Kp-e9rkB9xw,comment_count,18,,youtube_public_v1,PUBLIC,5m7Cf55rByFdGWnAY
youtube,MbLvPIt7cAA,view_count,2476717,2026-08-12T14:00:36.110442+07:00,youtube_public_v1,PUBLIC,5m7Cf55rByFdGWnAY
youtube,MbLvPIt7cAA,like_count,18000,2026-08-12T14:00:36.110442+07:00,youtube_public_v1,PUBLIC,5m7Cf55rByFdGWnAY
youtube,MbLvPIt7cAA,comment_count,2468,2026-08-12T14:00:36.110442+07:00,youtube_public_v1,PUBLIC,5m7Cf55rByFdGWnAY
youtube,JkHm4Pt8ito,view_count,197296,,youtube_public_v1,PUBLIC,5m7Cf55rByFdGWnAY
youtube,JkHm4Pt8ito,like_count,1400,,youtube_public_v1,PUBLIC,5m7Cf55rByFdGWnAY
youtube,JkHm4Pt8ito,comment_count,79,,youtube_public_v1,PUBLIC,5m7Cf55rByFdGWnAY
youtube,ElnXBYa2hsQ,view_count,2665362,2026-08-12T14:00:36.110442+07:00,youtube_public_v1,PUBLIC,5m7Cf55rByFdGWnAY
youtube,ElnXBYa2hsQ,like_count,7100,2026-08-12T14:00:36.110442+07:00,youtube_public_v1,PUBLIC,5m7Cf55rByFdGWnAY
youtube,ElnXBYa2hsQ,comment_count,2192,2026-08-12T14:00:36.110442+07:00,youtube_public_v1,PUBLIC,5m7Cf55rByFdGWnAY
youtube,FrciK6qxf5c,view_count,1261665,,youtube_public_v1,PUBLIC,5m7Cf55rByFdGWnAY
youtube,FrciK6qxf5c,like_count,6400,,youtube_public_v1,PUBLIC,5m7Cf55rByFdGWnAY
youtube,FrciK6qxf5c,comment_count,346,,youtube_public_v1,PUBLIC,5m7Cf55rByFdGWnAY
youtube,Q_nXle-6T18,view_count,1615114,,youtube_public_v1,PUBLIC,5m7Cf55rByFdGWnAY
youtube,Q_nXle-6T18,like_count,5900,,youtube_public_v1,PUBLIC,5m7Cf55rByFdGWnAY
youtube,Q_nXle-6T18,comment_count,152,,youtube_public_v1,PUBLIC,5m7Cf55rByFdGWnAY
youtube,qBtw_bkaqbU,view_count,55962,,youtube_public_v1,PUBLIC,5m7Cf55rByFdGWnAY
youtube,qBtw_bkaqbU,like_count,722,,youtube_public_v1,PUBLIC,5m7Cf55rByFdGWnAY
youtube,qBtw_bkaqbU,comment_count,18,,youtube_public_v1,PUBLIC,5m7Cf55rByFdGWnAY
youtube,oR-NS4hr6T0,view_count,2776298,2026-08-12T14:00:36.110442+07:00,youtube_public_v1,PUBLIC,5m7Cf55rByFdGWnAY
youtube,oR-NS4hr6T0,like_count,9100,2026-08-12T14:00:36.110442+07:00,youtube_public_v1,PUBLIC,5m7Cf55rByFdGWnAY
youtube,oR-NS4hr6T0,comment_count,1709,2026-08-12T14:00:36.110442+07:00,youtube_public_v1,PUBLIC,5m7Cf55rByFdGWnAY
youtube,G1aLik-P8nE,view_count,2724669,,youtube_public_v1,PUBLIC,5m7Cf55rByFdGWnAY
youtube,G1aLik-P8nE,like_count,9500,,youtube_public_v1,PUBLIC,5m7Cf55rByFdGWnAY
youtube,G1aLik-P8nE,comment_count,832,,youtube_public_v1,PUBLIC,5m7Cf55rByFdGWnAY
youtube,u5CUFZgchHQ,view_count,828041,,youtube_public_v1,PUBLIC,5m7Cf55rByFdGWnAY
youtube,u5CUFZgchHQ,like_count,3400,,youtube_public_v1,PUBLIC,5m7Cf55rByFdGWnAY
youtube,u5CUFZgchHQ,comment_count,300,,youtube_public_v1,PUBLIC,5m7Cf55rByFdGWnAY
youtube,nv-EC2OPtYw,view_count,3426909,2026-08-12T14:00:36.110442+07:00,youtube_public_v1,PUBLIC,5m7Cf55rByFdGWnAY
youtube,nv-EC2OPtYw,like_count,8600,2026-08-12T14:00:36.110442+07:00,youtube_public_v1,PUBLIC,5m7Cf55rByFdGWnAY
youtube,nv-EC2OPtYw,comment_count,1494,2026-08-12T14:00:36.110442+07:00,youtube_public_v1,PUBLIC,5m7Cf55rByFdGWnAY
youtube,ORXg_6x1E28,view_count,8116,,youtube_public_v1,PUBLIC,5m7Cf55rByFdGWnAY
youtube,ORXg_6x1E28,like_count,100,,youtube_public_v1,PUBLIC,5m7Cf55rByFdGWnAY
youtube,ORXg_6x1E28,comment_count,1,,youtube_public_v1,PUBLIC,5m7Cf55rByFdGWnAY
youtube,dXsp9IJEsUc,view_count,1313,,youtube_public_v1,PUBLIC,5m7Cf55rByFdGWnAY
youtube,dXsp9IJEsUc,like_count,46,,youtube_public_v1,PUBLIC,5m7Cf55rByFdGWnAY
youtube,dXsp9IJEsUc,comment_count,0,,youtube_public_v1,PUBLIC,5m7Cf55rByFdGWnAY
youtube,y-2K8j4-XuU,view_count,968,,youtube_public_v1,PUBLIC,5m7Cf55rByFdGWnAY
youtube,y-2K8j4-XuU,like_count,29,,youtube_public_v1,PUBLIC,5m7Cf55rByFdGWnAY
youtube,y-2K8j4-XuU,comment_count,1,,youtube_public_v1,PUBLIC,5m7Cf55rByFdGWnAY
youtube,fstrMijRGBo,view_count,9658,,youtube_public_v1,PUBLIC,5m7Cf55rByFdGWnAY
youtube,fstrMijRGBo,like_count,254,,youtube_public_v1,PUBLIC,5m7Cf55rByFdGWnAY
youtube,fstrMijRGBo,comment_count,5,,youtube_public_v1,PUBLIC,5m7Cf55rByFdGWnAY
youtube,Zg2i0It-i38,view_count,7692524,,youtube_public_v1,PUBLIC,5m7Cf55rByFdGWnAY
youtube,Zg2i0It-i38,like_count,153000,,youtube_public_v1,PUBLIC,5m7Cf55rByFdGWnAY
youtube,Zg2i0It-i38,comment_count,1500,,youtube_public_v1,PUBLIC,5m7Cf55rByFdGWnAY
youtube,neEVrbGtsZU,view_count,2214,,youtube_public_v1,PUBLIC,5m7Cf55rByFdGWnAY
youtube,neEVrbGtsZU,like_count,274,,youtube_public_v1,PUBLIC,5m7Cf55rByFdGWnAY
youtube,neEVrbGtsZU,comment_count,7,,youtube_public_v1,PUBLIC,5m7Cf55rByFdGWnAY
youtube,TyvjJjDWL-c,view_count,65397,,youtube_public_v1,PUBLIC,5m7Cf55rByFdGWnAY
youtube,TyvjJjDWL-c,like_count,1500,,youtube_public_v1,PUBLIC,5m7Cf55rByFdGWnAY
youtube,TyvjJjDWL-c,comment_count,29,,youtube_public_v1,PUBLIC,5m7Cf55rByFdGWnAY
youtube,mlUJ-6c-aLk,view_count,3501909,,youtube_public_v1,PUBLIC,5m7Cf55rByFdGWnAY
youtube,mlUJ-6c-aLk,like_count,12000,,youtube_public_v1,PUBLIC,5m7Cf55rByFdGWnAY
youtube,mlUJ-6c-aLk,comment_count,673,,youtube_public_v1,PUBLIC,5m7Cf55rByFdGWnAY
youtube,VSgvcDn_6jk,view_count,3302,,youtube_public_v1,PUBLIC,5m7Cf55rByFdGWnAY
youtube,VSgvcDn_6jk,like_count,387,,youtube_public_v1,PUBLIC,5m7Cf55rByFdGWnAY
youtube,VSgvcDn_6jk,comment_count,7,,youtube_public_v1,PUBLIC,5m7Cf55rByFdGWnAY
youtube,Ca5XZdch8MY,view_count,41714,,youtube_public_v1,PUBLIC,5m7Cf55rByFdGWnAY
youtube,Ca5XZdch8MY,like_count,1100,,youtube_public_v1,PUBLIC,5m7Cf55rByFdGWnAY
youtube,Ca5XZdch8MY,comment_count,34,,youtube_public_v1,PUBLIC,5m7Cf55rByFdGWnAY
youtube,QZuFrBW5A7k,view_count,1406864,,youtube_public_v1,PUBLIC,5m7Cf55rByFdGWnAY
youtube,QZuFrBW5A7k,like_count,5400,,youtube_public_v1,PUBLIC,5m7Cf55rByFdGWnAY
youtube,QZuFrBW5A7k,comment_count,205,,youtube_public_v1,PUBLIC,5m7Cf55rByFdGWnAY
youtube,c7lRf21IJtY,view_count,2747629,,youtube_public_v1,PUBLIC,5m7Cf55rByFdGWnAY
youtube,c7lRf21IJtY,like_count,11000,,youtube_public_v1,PUBLIC,5m7Cf55rByFdGWnAY
youtube,c7lRf21IJtY,comment_count,410,,youtube_public_v1,PUBLIC,5m7Cf55rByFdGWnAY
youtube,SRUEpHjDuBE,view_count,745821,,youtube_public_v1,PUBLIC,5m7Cf55rByFdGWnAY
youtube,SRUEpHjDuBE,like_count,4900,,youtube_public_v1,PUBLIC,5m7Cf55rByFdGWnAY
youtube,SRUEpHjDuBE,comment_count,1127,,youtube_public_v1,PUBLIC,5m7Cf55rByFdGWnAY
youtube,ZWcPz3n_dPg,view_count,15320141,,youtube_public_v1,PUBLIC,5m7Cf55rByFdGWnAY
youtube,ZWcPz3n_dPg,like_count,31000,,youtube_public_v1,PUBLIC,5m7Cf55rByFdGWnAY
youtube,ZWcPz3n_dPg,comment_count,1540,,youtube_public_v1,PUBLIC,5m7Cf55rByFdGWnAY
youtube,3sQukqlq-k8,view_count,1217,,youtube_public_v1,PUBLIC,5m7Cf55rByFdGWnAY
youtube,3sQukqlq-k8,like_count,9,,youtube_public_v1,PUBLIC,5m7Cf55rByFdGWnAY
youtube,3sQukqlq-k8,comment_count,0,,youtube_public_v1,PUBLIC,5m7Cf55rByFdGWnAY
youtube,fjQI-KpcdOQ,view_count,156471,,youtube_public_v1,PUBLIC,5m7Cf55rByFdGWnAY
youtube,fjQI-KpcdOQ,like_count,1000,,youtube_public_v1,PUBLIC,5m7Cf55rByFdGWnAY
youtube,fjQI-KpcdOQ,comment_count,171,,youtube_public_v1,PUBLIC,5m7Cf55rByFdGWnAY
youtube,RUpi6MrvdUo,view_count,2587732,2026-08-12T14:00:36.110442+07:00,youtube_public_v1,PUBLIC,5m7Cf55rByFdGWnAY
youtube,RUpi6MrvdUo,like_count,5500,2026-08-12T14:00:36.110442+07:00,youtube_public_v1,PUBLIC,5m7Cf55rByFdGWnAY
youtube,RUpi6MrvdUo,comment_count,2187,2026-08-12T14:00:36.110442+07:00,youtube_public_v1,PUBLIC,5m7Cf55rByFdGWnAY
youtube,ZdKCwYeCpMA,view_count,2424,,youtube_public_v1,PUBLIC,5m7Cf55rByFdGWnAY
youtube,ZdKCwYeCpMA,like_count,97,,youtube_public_v1,PUBLIC,5m7Cf55rByFdGWnAY
youtube,ZdKCwYeCpMA,comment_count,4,,youtube_public_v1,PUBLIC,5m7Cf55rByFdGWnAY
youtube,64y_q_GG61I,view_count,5271,,youtube_public_v1,PUBLIC,5m7Cf55rByFdGWnAY
youtube,64y_q_GG61I,like_count,20,,youtube_public_v1,PUBLIC,5m7Cf55rByFdGWnAY
youtube,64y_q_GG61I,comment_count,1,,youtube_public_v1,PUBLIC,5m7Cf55rByFdGWnAY
youtube,sMcOiIMfctk,view_count,691949,,youtube_public_v1,PUBLIC,5m7Cf55rByFdGWnAY
youtube,sMcOiIMfctk,like_count,1900,,youtube_public_v1,PUBLIC,5m7Cf55rByFdGWnAY
youtube,sMcOiIMfctk,comment_count,169,,youtube_public_v1,PUBLIC,5m7Cf55rByFdGWnAY
youtube,zsiiceKvxJU,view_count,150080,,youtube_public_v1,PUBLIC,5m7Cf55rByFdGWnAY
youtube,zsiiceKvxJU,like_count,948,,youtube_public_v1,PUBLIC,5m7Cf55rByFdGWnAY
youtube,zsiiceKvxJU,comment_count,47,,youtube_public_v1,PUBLIC,5m7Cf55rByFdGWnAY
youtube,1PbUucFccGg,view_count,3590814,2026-08-12T14:00:36.110442+07:00,youtube_public_v1,PUBLIC,5m7Cf55rByFdGWnAY
youtube,1PbUucFccGg,like_count,6300,2026-08-12T14:00:36.110442+07:00,youtube_public_v1,PUBLIC,5m7Cf55rByFdGWnAY
youtube,1PbUucFccGg,comment_count,1059,2026-08-12T14:00:36.110442+07:00,youtube_public_v1,PUBLIC,5m7Cf55rByFdGWnAY
youtube,RYPVmeZ0RCk,view_count,2841518,2026-08-12T14:00:36.110442+07:00,youtube_public_v1,PUBLIC,5m7Cf55rByFdGWnAY
youtube,RYPVmeZ0RCk,like_count,6900,2026-08-12T14:00:36.110442+07:00,youtube_public_v1,PUBLIC,5m7Cf55rByFdGWnAY
youtube,RYPVmeZ0RCk,comment_count,1895,2026-08-12T14:00:36.110442+07:00,youtube_public_v1,PUBLIC,5m7Cf55rByFdGWnAY
youtube,A2DZ199wEBM,view_count,7203,,youtube_public_v1,PUBLIC,5m7Cf55rByFdGWnAY
youtube,A2DZ199wEBM,like_count,312,,youtube_public_v1,PUBLIC,5m7Cf55rByFdGWnAY
youtube,A2DZ199wEBM,comment_count,32,,youtube_public_v1,PUBLIC,5m7Cf55rByFdGWnAY
youtube,_bQPHMgq-WI,view_count,29467,,youtube_public_v1,PUBLIC,5m7Cf55rByFdGWnAY
youtube,_bQPHMgq-WI,like_count,278,,youtube_public_v1,PUBLIC,5m7Cf55rByFdGWnAY
youtube,_bQPHMgq-WI,comment_count,7,,youtube_public_v1,PUBLIC,5m7Cf55rByFdGWnAY
youtube,GjP8ARtijLc,view_count,25591,,youtube_public_v1,PUBLIC,5m7Cf55rByFdGWnAY
youtube,GjP8ARtijLc,like_count,309,,youtube_public_v1,PUBLIC,5m7Cf55rByFdGWnAY
youtube,GjP8ARtijLc,comment_count,5,,youtube_public_v1,PUBLIC,5m7Cf55rByFdGWnAY
youtube,jkfhLEXBzlc,view_count,24224,,youtube_public_v1,PUBLIC,5m7Cf55rByFdGWnAY
youtube,jkfhLEXBzlc,like_count,790,,youtube_public_v1,PUBLIC,5m7Cf55rByFdGWnAY
youtube,jkfhLEXBzlc,comment_count,4,,youtube_public_v1,PUBLIC,5m7Cf55rByFdGWnAY
youtube,Wm2enZmmrxc,view_count,90854,,youtube_public_v1,PUBLIC,5m7Cf55rByFdGWnAY
youtube,Wm2enZmmrxc,like_count,642,,youtube_public_v1,PUBLIC,5m7Cf55rByFdGWnAY
youtube,Wm2enZmmrxc,comment_count,174,,youtube_public_v1,PUBLIC,5m7Cf55rByFdGWnAY
youtube,1SAbmpW2NXw,view_count,14661,,youtube_public_v1,PUBLIC,5m7Cf55rByFdGWnAY
youtube,1SAbmpW2NXw,like_count,1600,,youtube_public_v1,PUBLIC,5m7Cf55rByFdGWnAY
youtube,1SAbmpW2NXw,comment_count,12,,youtube_public_v1,PUBLIC,5m7Cf55rByFdGWnAY
youtube,DiHFzkc97e0,view_count,952589,,youtube_public_v1,PUBLIC,5m7Cf55rByFdGWnAY
youtube,DiHFzkc97e0,like_count,10000,,youtube_public_v1,PUBLIC,5m7Cf55rByFdGWnAY
youtube,DiHFzkc97e0,comment_count,1017,,youtube_public_v1,PUBLIC,5m7Cf55rByFdGWnAY
youtube,lxMif8STMT8,view_count,792597,,youtube_public_v1,PUBLIC,5m7Cf55rByFdGWnAY
youtube,lxMif8STMT8,like_count,10000,,youtube_public_v1,PUBLIC,5m7Cf55rByFdGWnAY
youtube,lxMif8STMT8,comment_count,129,,youtube_public_v1,PUBLIC,5m7Cf55rByFdGWnAY
youtube,_qliLNIlSZU,view_count,789,,youtube_public_v1,PUBLIC,5m7Cf55rByFdGWnAY
youtube,_qliLNIlSZU,like_count,34,,youtube_public_v1,PUBLIC,5m7Cf55rByFdGWnAY
youtube,_qliLNIlSZU,comment_count,0,,youtube_public_v1,PUBLIC,5m7Cf55rByFdGWnAY
youtube,ZeUlIEDEqyI,view_count,38099,,youtube_public_v1,PUBLIC,5m7Cf55rByFdGWnAY
youtube,ZeUlIEDEqyI,like_count,474,,youtube_public_v1,PUBLIC,5m7Cf55rByFdGWnAY
youtube,ZeUlIEDEqyI,comment_count,36,,youtube_public_v1,PUBLIC,5m7Cf55rByFdGWnAY
youtube,QsL8lti5Iis,view_count,191677,,youtube_public_v1,PUBLIC,5m7Cf55rByFdGWnAY
youtube,QsL8lti5Iis,like_count,1400,,youtube_public_v1,PUBLIC,5m7Cf55rByFdGWnAY
youtube,QsL8lti5Iis,comment_count,118,,youtube_public_v1,PUBLIC,5m7Cf55rByFdGWnAY
youtube,6xZ-wJxLgRk,view_count,1441592,,youtube_public_v1,PUBLIC,5m7Cf55rByFdGWnAY
youtube,6xZ-wJxLgRk,like_count,11000,,youtube_public_v1,PUBLIC,5m7Cf55rByFdGWnAY
youtube,6xZ-wJxLgRk,comment_count,0,,youtube_public_v1,PUBLIC,5m7Cf55rByFdGWnAY
youtube,hiMsi2GPAco,view_count,2582,,youtube_public_v1,PUBLIC,5m7Cf55rByFdGWnAY
youtube,hiMsi2GPAco,like_count,40,,youtube_public_v1,PUBLIC,5m7Cf55rByFdGWnAY
youtube,hiMsi2GPAco,comment_count,2,,youtube_public_v1,PUBLIC,5m7Cf55rByFdGWnAY
youtube,SFZHOfsWVkA,view_count,1766,,youtube_public_v1,PUBLIC,5m7Cf55rByFdGWnAY
youtube,SFZHOfsWVkA,like_count,231,,youtube_public_v1,PUBLIC,5m7Cf55rByFdGWnAY
youtube,SFZHOfsWVkA,comment_count,2,,youtube_public_v1,PUBLIC,5m7Cf55rByFdGWnAY
youtube,2_jPcI4ce9Y,view_count,20253451,,youtube_public_v1,PUBLIC,ntIy9UHN8iAwgcm59
youtube,2_jPcI4ce9Y,like_count,54000,,youtube_public_v1,PUBLIC,ntIy9UHN8iAwgcm59
youtube,2_jPcI4ce9Y,comment_count,2952,,youtube_public_v1,PUBLIC,ntIy9UHN8iAwgcm59
youtube,LwfWQhji_nE,view_count,1015859,,youtube_public_v1,PUBLIC,ntIy9UHN8iAwgcm59
youtube,LwfWQhji_nE,like_count,3800,,youtube_public_v1,PUBLIC,ntIy9UHN8iAwgcm59
youtube,LwfWQhji_nE,comment_count,1317,,youtube_public_v1,PUBLIC,ntIy9UHN8iAwgcm59
youtube,F4r5N3ecLCQ,view_count,1470891,,youtube_public_v1,PUBLIC,ntIy9UHN8iAwgcm59
youtube,F4r5N3ecLCQ,like_count,3300,,youtube_public_v1,PUBLIC,ntIy9UHN8iAwgcm59
youtube,F4r5N3ecLCQ,comment_count,2471,,youtube_public_v1,PUBLIC,ntIy9UHN8iAwgcm59
youtube,zn_UjIxjiMs,view_count,1995038,,youtube_public_v1,PUBLIC,ntIy9UHN8iAwgcm59
youtube,zn_UjIxjiMs,like_count,12000,,youtube_public_v1,PUBLIC,ntIy9UHN8iAwgcm59
youtube,zn_UjIxjiMs,comment_count,1552,,youtube_public_v1,PUBLIC,ntIy9UHN8iAwgcm59
youtube,cy_56r2mWa0,view_count,1263000,,youtube_public_v1,PUBLIC,ntIy9UHN8iAwgcm59
youtube,cy_56r2mWa0,like_count,3600,,youtube_public_v1,PUBLIC,ntIy9UHN8iAwgcm59
youtube,cy_56r2mWa0,comment_count,438,,youtube_public_v1,PUBLIC,ntIy9UHN8iAwgcm59
youtube,pBi3ilxAtVU,view_count,3021575,2026-08-12T18:36:20.551517+07:00,youtube_public_v1,PUBLIC,ntIy9UHN8iAwgcm59
youtube,pBi3ilxAtVU,like_count,32000,2026-08-12T18:36:20.551517+07:00,youtube_public_v1,PUBLIC,ntIy9UHN8iAwgcm59
youtube,pBi3ilxAtVU,comment_count,3675,2026-08-12T18:36:20.551517+07:00,youtube_public_v1,PUBLIC,ntIy9UHN8iAwgcm59
youtube,VSjLsd3n-k0,view_count,3323,,youtube_public_v1,PUBLIC,ntIy9UHN8iAwgcm59
youtube,VSjLsd3n-k0,like_count,14,,youtube_public_v1,PUBLIC,ntIy9UHN8iAwgcm59
youtube,VSjLsd3n-k0,comment_count,0,,youtube_public_v1,PUBLIC,ntIy9UHN8iAwgcm59
youtube,fBKjOlRPt70,view_count,1790,,youtube_public_v1,PUBLIC,ntIy9UHN8iAwgcm59
youtube,fBKjOlRPt70,like_count,19,,youtube_public_v1,PUBLIC,ntIy9UHN8iAwgcm59
youtube,fBKjOlRPt70,comment_count,0,,youtube_public_v1,PUBLIC,ntIy9UHN8iAwgcm59
youtube,XVN16T_dsbw,view_count,2986931,,youtube_public_v1,PUBLIC,ntIy9UHN8iAwgcm59
youtube,XVN16T_dsbw,like_count,11000,,youtube_public_v1,PUBLIC,ntIy9UHN8iAwgcm59
youtube,XVN16T_dsbw,comment_count,2543,,youtube_public_v1,PUBLIC,ntIy9UHN8iAwgcm59
youtube,e3dKuMc4K6E,view_count,207895,,youtube_public_v1,PUBLIC,ntIy9UHN8iAwgcm59
youtube,e3dKuMc4K6E,like_count,3000,,youtube_public_v1,PUBLIC,ntIy9UHN8iAwgcm59
youtube,e3dKuMc4K6E,comment_count,47,,youtube_public_v1,PUBLIC,ntIy9UHN8iAwgcm59
youtube,9WKtdd_i7Cw,view_count,21957,,youtube_public_v1,PUBLIC,ntIy9UHN8iAwgcm59
youtube,9WKtdd_i7Cw,like_count,497,,youtube_public_v1,PUBLIC,ntIy9UHN8iAwgcm59
youtube,9WKtdd_i7Cw,comment_count,11,,youtube_public_v1,PUBLIC,ntIy9UHN8iAwgcm59
youtube,2T9pf37GTCI,view_count,1431485,,youtube_public_v1,PUBLIC,ntIy9UHN8iAwgcm59
youtube,2T9pf37GTCI,like_count,4800,,youtube_public_v1,PUBLIC,ntIy9UHN8iAwgcm59
youtube,2T9pf37GTCI,comment_count,771,,youtube_public_v1,PUBLIC,ntIy9UHN8iAwgcm59
youtube,yGw6xjG2tpE,view_count,498433,,youtube_public_v1,PUBLIC,ntIy9UHN8iAwgcm59
youtube,yGw6xjG2tpE,like_count,10000,,youtube_public_v1,PUBLIC,ntIy9UHN8iAwgcm59
youtube,yGw6xjG2tpE,comment_count,313,,youtube_public_v1,PUBLIC,ntIy9UHN8iAwgcm59
youtube,Z1Lwzj6_hh8,view_count,38119,,youtube_public_v1,PUBLIC,ntIy9UHN8iAwgcm59
youtube,Z1Lwzj6_hh8,like_count,675,,youtube_public_v1,PUBLIC,ntIy9UHN8iAwgcm59
youtube,Z1Lwzj6_hh8,comment_count,19,,youtube_public_v1,PUBLIC,ntIy9UHN8iAwgcm59
youtube,N1HnhcdCBoQ,view_count,136554,,youtube_public_v1,PUBLIC,ntIy9UHN8iAwgcm59
youtube,N1HnhcdCBoQ,like_count,2000,,youtube_public_v1,PUBLIC,ntIy9UHN8iAwgcm59
youtube,N1HnhcdCBoQ,comment_count,30,,youtube_public_v1,PUBLIC,ntIy9UHN8iAwgcm59
youtube,g41ebAg2P8c,view_count,102625,,youtube_public_v1,PUBLIC,ntIy9UHN8iAwgcm59
youtube,g41ebAg2P8c,like_count,1200,,youtube_public_v1,PUBLIC,ntIy9UHN8iAwgcm59
youtube,g41ebAg2P8c,comment_count,52,,youtube_public_v1,PUBLIC,ntIy9UHN8iAwgcm59
youtube,TfFpLSwf3i4,view_count,71547,,youtube_public_v1,PUBLIC,ntIy9UHN8iAwgcm59
youtube,TfFpLSwf3i4,like_count,1400,,youtube_public_v1,PUBLIC,ntIy9UHN8iAwgcm59
youtube,TfFpLSwf3i4,comment_count,56,,youtube_public_v1,PUBLIC,ntIy9UHN8iAwgcm59
youtube,3zJJVnaeqFY,view_count,14660,,youtube_public_v1,PUBLIC,ntIy9UHN8iAwgcm59
youtube,3zJJVnaeqFY,like_count,251,,youtube_public_v1,PUBLIC,ntIy9UHN8iAwgcm59
youtube,3zJJVnaeqFY,comment_count,22,,youtube_public_v1,PUBLIC,ntIy9UHN8iAwgcm59
youtube,JkYyjnqfkus,view_count,225930,,youtube_public_v1,PUBLIC,ntIy9UHN8iAwgcm59
youtube,JkYyjnqfkus,like_count,3100,,youtube_public_v1,PUBLIC,ntIy9UHN8iAwgcm59
youtube,JkYyjnqfkus,comment_count,142,,youtube_public_v1,PUBLIC,ntIy9UHN8iAwgcm59
youtube,NuAUi9aVpqw,view_count,317703,,youtube_public_v1,PUBLIC,ntIy9UHN8iAwgcm59
youtube,NuAUi9aVpqw,like_count,6100,,youtube_public_v1,PUBLIC,ntIy9UHN8iAwgcm59
youtube,NuAUi9aVpqw,comment_count,82,,youtube_public_v1,PUBLIC,ntIy9UHN8iAwgcm59
youtube,U733Axaxs1I,view_count,444396,,youtube_public_v1,PUBLIC,ntIy9UHN8iAwgcm59
youtube,U733Axaxs1I,like_count,12000,,youtube_public_v1,PUBLIC,ntIy9UHN8iAwgcm59
youtube,U733Axaxs1I,comment_count,45,,youtube_public_v1,PUBLIC,ntIy9UHN8iAwgcm59
youtube,fw6mobuSN6A,view_count,29230,,youtube_public_v1,PUBLIC,ntIy9UHN8iAwgcm59
youtube,fw6mobuSN6A,like_count,88,,youtube_public_v1,PUBLIC,ntIy9UHN8iAwgcm59
youtube,fw6mobuSN6A,comment_count,17,,youtube_public_v1,PUBLIC,ntIy9UHN8iAwgcm59
youtube,tJsmnkPNuUU,view_count,56341,,youtube_public_v1,PUBLIC,ntIy9UHN8iAwgcm59
youtube,tJsmnkPNuUU,like_count,446,,youtube_public_v1,PUBLIC,ntIy9UHN8iAwgcm59
youtube,tJsmnkPNuUU,comment_count,3,,youtube_public_v1,PUBLIC,ntIy9UHN8iAwgcm59
youtube,3Xg-5nbcCqw,view_count,80153,,youtube_public_v1,PUBLIC,ntIy9UHN8iAwgcm59
youtube,3Xg-5nbcCqw,like_count,1200,,youtube_public_v1,PUBLIC,ntIy9UHN8iAwgcm59
youtube,3Xg-5nbcCqw,comment_count,53,,youtube_public_v1,PUBLIC,ntIy9UHN8iAwgcm59
youtube,IP3UAkAw3dQ,view_count,2756,,youtube_public_v1,PUBLIC,ntIy9UHN8iAwgcm59
youtube,IP3UAkAw3dQ,like_count,52,,youtube_public_v1,PUBLIC,ntIy9UHN8iAwgcm59
youtube,IP3UAkAw3dQ,comment_count,0,,youtube_public_v1,PUBLIC,ntIy9UHN8iAwgcm59
youtube,DLwtA5-Drtw,view_count,23053,,youtube_public_v1,PUBLIC,ntIy9UHN8iAwgcm59
youtube,DLwtA5-Drtw,like_count,309,,youtube_public_v1,PUBLIC,ntIy9UHN8iAwgcm59
youtube,DLwtA5-Drtw,comment_count,8,,youtube_public_v1,PUBLIC,ntIy9UHN8iAwgcm59
youtube,fEz4EOFZrqc,view_count,744216,,youtube_public_v1,PUBLIC,ntIy9UHN8iAwgcm59
youtube,fEz4EOFZrqc,like_count,14000,,youtube_public_v1,PUBLIC,ntIy9UHN8iAwgcm59
youtube,fEz4EOFZrqc,comment_count,104,,youtube_public_v1,PUBLIC,ntIy9UHN8iAwgcm59
youtube,M8nYq7kWvrQ,view_count,17742,,youtube_public_v1,PUBLIC,ntIy9UHN8iAwgcm59
youtube,M8nYq7kWvrQ,like_count,425,,youtube_public_v1,PUBLIC,ntIy9UHN8iAwgcm59
youtube,M8nYq7kWvrQ,comment_count,6,,youtube_public_v1,PUBLIC,ntIy9UHN8iAwgcm59
youtube,1q1Zp7YIAzg,view_count,82872,,youtube_public_v1,PUBLIC,ntIy9UHN8iAwgcm59
youtube,1q1Zp7YIAzg,like_count,824,,youtube_public_v1,PUBLIC,ntIy9UHN8iAwgcm59
youtube,1q1Zp7YIAzg,comment_count,10,,youtube_public_v1,PUBLIC,ntIy9UHN8iAwgcm59
youtube,GbSToCaM3G8,view_count,29957,,youtube_public_v1,PUBLIC,ntIy9UHN8iAwgcm59
youtube,GbSToCaM3G8,like_count,366,,youtube_public_v1,PUBLIC,ntIy9UHN8iAwgcm59
youtube,GbSToCaM3G8,comment_count,0,,youtube_public_v1,PUBLIC,ntIy9UHN8iAwgcm59
youtube,wQUuGHhLSCs,view_count,680984,,youtube_public_v1,PUBLIC,ntIy9UHN8iAwgcm59
youtube,wQUuGHhLSCs,like_count,5100,,youtube_public_v1,PUBLIC,ntIy9UHN8iAwgcm59
youtube,wQUuGHhLSCs,comment_count,137,,youtube_public_v1,PUBLIC,ntIy9UHN8iAwgcm59
youtube,EImtWXMVes0,view_count,149694,,youtube_public_v1,PUBLIC,ntIy9UHN8iAwgcm59
youtube,EImtWXMVes0,like_count,2500,,youtube_public_v1,PUBLIC,ntIy9UHN8iAwgcm59
youtube,EImtWXMVes0,comment_count,66,,youtube_public_v1,PUBLIC,ntIy9UHN8iAwgcm59
youtube,fdZ3q0oZ-4k,view_count,335836,,youtube_public_v1,PUBLIC,ntIy9UHN8iAwgcm59
youtube,fdZ3q0oZ-4k,like_count,1600,,youtube_public_v1,PUBLIC,ntIy9UHN8iAwgcm59
youtube,fdZ3q0oZ-4k,comment_count,224,,youtube_public_v1,PUBLIC,ntIy9UHN8iAwgcm59
youtube,2B2-WiD0EpY,view_count,6574661,,youtube_public_v1,PUBLIC,ntIy9UHN8iAwgcm59
youtube,2B2-WiD0EpY,like_count,41000,,youtube_public_v1,PUBLIC,ntIy9UHN8iAwgcm59
youtube,2B2-WiD0EpY,comment_count,6409,,youtube_public_v1,PUBLIC,ntIy9UHN8iAwgcm59
youtube,W1P7aL7yssA,view_count,100377,,youtube_public_v1,PUBLIC,ntIy9UHN8iAwgcm59
youtube,W1P7aL7yssA,like_count,557,,youtube_public_v1,PUBLIC,ntIy9UHN8iAwgcm59
youtube,W1P7aL7yssA,comment_count,129,,youtube_public_v1,PUBLIC,ntIy9UHN8iAwgcm59
youtube,B_bH8MWfCes,view_count,23671927,,youtube_public_v1,PUBLIC,ntIy9UHN8iAwgcm59
youtube,B_bH8MWfCes,like_count,89000,,youtube_public_v1,PUBLIC,ntIy9UHN8iAwgcm59
youtube,B_bH8MWfCes,comment_count,14057,,youtube_public_v1,PUBLIC,ntIy9UHN8iAwgcm59
youtube,iky2qrPkTFw,view_count,475,,youtube_public_v1,PUBLIC,ntIy9UHN8iAwgcm59
youtube,iky2qrPkTFw,like_count,9,,youtube_public_v1,PUBLIC,ntIy9UHN8iAwgcm59
youtube,iky2qrPkTFw,comment_count,0,,youtube_public_v1,PUBLIC,ntIy9UHN8iAwgcm59
youtube,xnTsWAZNjtE,view_count,401836,,youtube_public_v1,PUBLIC,ntIy9UHN8iAwgcm59
youtube,xnTsWAZNjtE,like_count,3100,,youtube_public_v1,PUBLIC,ntIy9UHN8iAwgcm59
youtube,xnTsWAZNjtE,comment_count,348,,youtube_public_v1,PUBLIC,ntIy9UHN8iAwgcm59
youtube,C5cDYW_2wKU,view_count,3701,,youtube_public_v1,PUBLIC,ntIy9UHN8iAwgcm59
youtube,C5cDYW_2wKU,like_count,19,,youtube_public_v1,PUBLIC,ntIy9UHN8iAwgcm59
youtube,C5cDYW_2wKU,comment_count,0,,youtube_public_v1,PUBLIC,ntIy9UHN8iAwgcm59
youtube,kpC5mzWyhO4,view_count,593,,youtube_public_v1,PUBLIC,ntIy9UHN8iAwgcm59
youtube,kpC5mzWyhO4,like_count,22,,youtube_public_v1,PUBLIC,ntIy9UHN8iAwgcm59
youtube,kpC5mzWyhO4,comment_count,0,,youtube_public_v1,PUBLIC,ntIy9UHN8iAwgcm59
youtube,fY5q4MjRzWU,view_count,628,,youtube_public_v1,PUBLIC,ntIy9UHN8iAwgcm59
youtube,fY5q4MjRzWU,like_count,9,,youtube_public_v1,PUBLIC,ntIy9UHN8iAwgcm59
youtube,fY5q4MjRzWU,comment_count,1,,youtube_public_v1,PUBLIC,ntIy9UHN8iAwgcm59
youtube,41aIotKV07w,view_count,2804,,youtube_public_v1,PUBLIC,ntIy9UHN8iAwgcm59
youtube,41aIotKV07w,like_count,68,,youtube_public_v1,PUBLIC,ntIy9UHN8iAwgcm59
youtube,41aIotKV07w,comment_count,0,,youtube_public_v1,PUBLIC,ntIy9UHN8iAwgcm59
youtube,B_FzRizGzNw,view_count,1189,,youtube_public_v1,PUBLIC,ntIy9UHN8iAwgcm59
youtube,B_FzRizGzNw,like_count,14,,youtube_public_v1,PUBLIC,ntIy9UHN8iAwgcm59
youtube,B_FzRizGzNw,comment_count,0,,youtube_public_v1,PUBLIC,ntIy9UHN8iAwgcm59
youtube,7jdSP_MZRdI,view_count,14434,,youtube_public_v1,PUBLIC,ntIy9UHN8iAwgcm59
youtube,7jdSP_MZRdI,like_count,289,,youtube_public_v1,PUBLIC,ntIy9UHN8iAwgcm59
youtube,7jdSP_MZRdI,comment_count,13,,youtube_public_v1,PUBLIC,ntIy9UHN8iAwgcm59
youtube,5xG6UuOioNQ,view_count,869,,youtube_public_v1,PUBLIC,ntIy9UHN8iAwgcm59
youtube,5xG6UuOioNQ,like_count,9,,youtube_public_v1,PUBLIC,ntIy9UHN8iAwgcm59
youtube,5xG6UuOioNQ,comment_count,0,,youtube_public_v1,PUBLIC,ntIy9UHN8iAwgcm59
youtube,hhq0Pxt7fKA,view_count,2055298,,youtube_public_v1,PUBLIC,ntIy9UHN8iAwgcm59
youtube,hhq0Pxt7fKA,like_count,7100,,youtube_public_v1,PUBLIC,ntIy9UHN8iAwgcm59
youtube,hhq0Pxt7fKA,comment_count,1151,,youtube_public_v1,PUBLIC,ntIy9UHN8iAwgcm59
youtube,wa8N5zVHE5A,view_count,15223,,youtube_public_v1,PUBLIC,ntIy9UHN8iAwgcm59
youtube,wa8N5zVHE5A,like_count,263,,youtube_public_v1,PUBLIC,ntIy9UHN8iAwgcm59
youtube,wa8N5zVHE5A,comment_count,2,,youtube_public_v1,PUBLIC,ntIy9UHN8iAwgcm59
youtube,Cf9G9UEMuMk,view_count,1245637,2026-08-12T18:36:20.551517+07:00,youtube_public_v1,PUBLIC,ntIy9UHN8iAwgcm59
youtube,Cf9G9UEMuMk,like_count,11000,2026-08-12T18:36:20.551517+07:00,youtube_public_v1,PUBLIC,ntIy9UHN8iAwgcm59
youtube,Cf9G9UEMuMk,comment_count,1263,2026-08-12T18:36:20.551517+07:00,youtube_public_v1,PUBLIC,ntIy9UHN8iAwgcm59
youtube,FxVwKBiO2Mk,view_count,1822067,,youtube_public_v1,PUBLIC,ntIy9UHN8iAwgcm59
youtube,FxVwKBiO2Mk,like_count,2000,,youtube_public_v1,PUBLIC,ntIy9UHN8iAwgcm59
youtube,FxVwKBiO2Mk,comment_count,654,,youtube_public_v1,PUBLIC,ntIy9UHN8iAwgcm59
youtube,sTfRO_LHOps,view_count,70094,,youtube_public_v1,PUBLIC,ntIy9UHN8iAwgcm59
youtube,sTfRO_LHOps,like_count,302,,youtube_public_v1,PUBLIC,ntIy9UHN8iAwgcm59
youtube,sTfRO_LHOps,comment_count,68,,youtube_public_v1,PUBLIC,ntIy9UHN8iAwgcm59
youtube,FNNqoMz6PIw,view_count,104284,,youtube_public_v1,PUBLIC,ntIy9UHN8iAwgcm59
youtube,FNNqoMz6PIw,like_count,361,,youtube_public_v1,PUBLIC,ntIy9UHN8iAwgcm59
youtube,FNNqoMz6PIw,comment_count,117,,youtube_public_v1,PUBLIC,ntIy9UHN8iAwgcm59
youtube,CPQiFQxfPVU,view_count,29442,,youtube_public_v1,PUBLIC,ntIy9UHN8iAwgcm59
youtube,CPQiFQxfPVU,like_count,237,,youtube_public_v1,PUBLIC,ntIy9UHN8iAwgcm59
youtube,CPQiFQxfPVU,comment_count,24,,youtube_public_v1,PUBLIC,ntIy9UHN8iAwgcm59
youtube,giV2kZcs3zA,view_count,253399,,youtube_public_v1,PUBLIC,ntIy9UHN8iAwgcm59
youtube,giV2kZcs3zA,like_count,1100,,youtube_public_v1,PUBLIC,ntIy9UHN8iAwgcm59
youtube,giV2kZcs3zA,comment_count,447,,youtube_public_v1,PUBLIC,ntIy9UHN8iAwgcm59
youtube,sZLnz3sCsHo,view_count,187522,,youtube_public_v1,PUBLIC,ntIy9UHN8iAwgcm59
youtube,sZLnz3sCsHo,like_count,249,,youtube_public_v1,PUBLIC,ntIy9UHN8iAwgcm59
youtube,sZLnz3sCsHo,comment_count,109,,youtube_public_v1,PUBLIC,ntIy9UHN8iAwgcm59
youtube,pKEyvFzXF8c,view_count,19525,,youtube_public_v1,PUBLIC,ntIy9UHN8iAwgcm59
youtube,pKEyvFzXF8c,like_count,458,,youtube_public_v1,PUBLIC,ntIy9UHN8iAwgcm59
youtube,pKEyvFzXF8c,comment_count,5,,youtube_public_v1,PUBLIC,ntIy9UHN8iAwgcm59
youtube,wl7KqHs-9co,view_count,351275,,youtube_public_v1,PUBLIC,ntIy9UHN8iAwgcm59
youtube,wl7KqHs-9co,like_count,2500,,youtube_public_v1,PUBLIC,ntIy9UHN8iAwgcm59
youtube,wl7KqHs-9co,comment_count,1214,,youtube_public_v1,PUBLIC,ntIy9UHN8iAwgcm59
youtube,Y4quIr-dDaw,view_count,526157,,youtube_public_v1,PUBLIC,ntIy9UHN8iAwgcm59
youtube,Y4quIr-dDaw,like_count,15000,,youtube_public_v1,PUBLIC,ntIy9UHN8iAwgcm59
youtube,Y4quIr-dDaw,comment_count,235,,youtube_public_v1,PUBLIC,ntIy9UHN8iAwgcm59
youtube,Br-nKcOmht4,view_count,1599569,,youtube_public_v1,PUBLIC,ntIy9UHN8iAwgcm59
youtube,Br-nKcOmht4,like_count,8800,,youtube_public_v1,PUBLIC,ntIy9UHN8iAwgcm59
youtube,Br-nKcOmht4,comment_count,1536,,youtube_public_v1,PUBLIC,ntIy9UHN8iAwgcm59
youtube,rnhPmGxUDK0,view_count,1858063,,youtube_public_v1,PUBLIC,ntIy9UHN8iAwgcm59
youtube,rnhPmGxUDK0,like_count,5200,,youtube_public_v1,PUBLIC,ntIy9UHN8iAwgcm59
youtube,rnhPmGxUDK0,comment_count,421,,youtube_public_v1,PUBLIC,ntIy9UHN8iAwgcm59
youtube,GE-5_rtDSKs,view_count,34487,,youtube_public_v1,PUBLIC,ntIy9UHN8iAwgcm59
youtube,GE-5_rtDSKs,like_count,757,,youtube_public_v1,PUBLIC,ntIy9UHN8iAwgcm59
youtube,GE-5_rtDSKs,comment_count,5,,youtube_public_v1,PUBLIC,ntIy9UHN8iAwgcm59
youtube,A9UHoqWBOLI,view_count,185049,,youtube_public_v1,PUBLIC,ntIy9UHN8iAwgcm59
youtube,A9UHoqWBOLI,like_count,2600,,youtube_public_v1,PUBLIC,ntIy9UHN8iAwgcm59
youtube,A9UHoqWBOLI,comment_count,116,,youtube_public_v1,PUBLIC,ntIy9UHN8iAwgcm59
youtube,QDptCZ2y-_s,view_count,158,,youtube_public_v1,PUBLIC,ntIy9UHN8iAwgcm59
youtube,QDptCZ2y-_s,like_count,0,,youtube_public_v1,PUBLIC,ntIy9UHN8iAwgcm59
youtube,QDptCZ2y-_s,comment_count,0,,youtube_public_v1,PUBLIC,ntIy9UHN8iAwgcm59
youtube,0QPnYELh_pQ,view_count,22461,,youtube_public_v1,PUBLIC,ntIy9UHN8iAwgcm59
youtube,0QPnYELh_pQ,like_count,428,,youtube_public_v1,PUBLIC,ntIy9UHN8iAwgcm59
youtube,0QPnYELh_pQ,comment_count,1,,youtube_public_v1,PUBLIC,ntIy9UHN8iAwgcm59
youtube,LuecGLnFk6Y,view_count,312,,youtube_public_v1,PUBLIC,ntIy9UHN8iAwgcm59
youtube,LuecGLnFk6Y,like_count,3,,youtube_public_v1,PUBLIC,ntIy9UHN8iAwgcm59
youtube,LuecGLnFk6Y,comment_count,0,,youtube_public_v1,PUBLIC,ntIy9UHN8iAwgcm59
youtube,KkMWNF3O1nc,view_count,1482722,,youtube_public_v1,PUBLIC,oLUJPJCPnJIV6Azk7
youtube,KkMWNF3O1nc,like_count,11000,,youtube_public_v1,PUBLIC,oLUJPJCPnJIV6Azk7
youtube,KkMWNF3O1nc,comment_count,880,,youtube_public_v1,PUBLIC,oLUJPJCPnJIV6Azk7
youtube,hUya6D_dBFY,view_count,1583961,,youtube_public_v1,PUBLIC,riv2E5IapIDwoXMJV
youtube,hUya6D_dBFY,like_count,18000,,youtube_public_v1,PUBLIC,riv2E5IapIDwoXMJV
youtube,hUya6D_dBFY,comment_count,2262,,youtube_public_v1,PUBLIC,riv2E5IapIDwoXMJV
youtube,diUtwrGTW6w,view_count,1520373,,youtube_public_v1,PUBLIC,oLUJPJCPnJIV6Azk7
youtube,diUtwrGTW6w,like_count,8100,,youtube_public_v1,PUBLIC,oLUJPJCPnJIV6Azk7
youtube,diUtwrGTW6w,comment_count,1109,,youtube_public_v1,PUBLIC,oLUJPJCPnJIV6Azk7
youtube,V-5M7Tvj4Tc,view_count,136739,,youtube_public_v1,PUBLIC,oLUJPJCPnJIV6Azk7
youtube,V-5M7Tvj4Tc,like_count,615,,youtube_public_v1,PUBLIC,oLUJPJCPnJIV6Azk7
youtube,V-5M7Tvj4Tc,comment_count,50,,youtube_public_v1,PUBLIC,oLUJPJCPnJIV6Azk7
youtube,0QhuPTxjpfM,view_count,1453317,,youtube_public_v1,PUBLIC,oLUJPJCPnJIV6Azk7
youtube,0QhuPTxjpfM,like_count,6400,,youtube_public_v1,PUBLIC,oLUJPJCPnJIV6Azk7
youtube,0QhuPTxjpfM,comment_count,1149,,youtube_public_v1,PUBLIC,oLUJPJCPnJIV6Azk7
youtube,aHO5QlfHRc8,view_count,1548884,,youtube_public_v1,PUBLIC,oLUJPJCPnJIV6Azk7
youtube,aHO5QlfHRc8,like_count,11000,,youtube_public_v1,PUBLIC,oLUJPJCPnJIV6Azk7
youtube,aHO5QlfHRc8,comment_count,2804,,youtube_public_v1,PUBLIC,oLUJPJCPnJIV6Azk7
youtube,AFaiKjBPlPs,view_count,991465,,youtube_public_v1,PUBLIC,oLUJPJCPnJIV6Azk7
youtube,AFaiKjBPlPs,like_count,4000,,youtube_public_v1,PUBLIC,oLUJPJCPnJIV6Azk7
youtube,AFaiKjBPlPs,comment_count,941,,youtube_public_v1,PUBLIC,oLUJPJCPnJIV6Azk7
youtube,91tRLDt_dHs,view_count,1863121,2026-08-12T14:03:56.520484+07:00,youtube_public_v1,PUBLIC,oLUJPJCPnJIV6Azk7
youtube,91tRLDt_dHs,like_count,19000,2026-08-12T14:03:56.520484+07:00,youtube_public_v1,PUBLIC,oLUJPJCPnJIV6Azk7
youtube,91tRLDt_dHs,comment_count,1934,2026-08-12T14:03:56.520484+07:00,youtube_public_v1,PUBLIC,oLUJPJCPnJIV6Azk7
youtube,3gGEaoyqEMk,view_count,95112,,youtube_public_v1,PUBLIC,oLUJPJCPnJIV6Azk7
youtube,3gGEaoyqEMk,like_count,507,,youtube_public_v1,PUBLIC,oLUJPJCPnJIV6Azk7
youtube,3gGEaoyqEMk,comment_count,44,,youtube_public_v1,PUBLIC,oLUJPJCPnJIV6Azk7
youtube,bJbPRFmIVJI,view_count,1336496,,youtube_public_v1,PUBLIC,riv2E5IapIDwoXMJV
youtube,bJbPRFmIVJI,like_count,6000,,youtube_public_v1,PUBLIC,riv2E5IapIDwoXMJV
youtube,bJbPRFmIVJI,comment_count,1449,,youtube_public_v1,PUBLIC,riv2E5IapIDwoXMJV
youtube,47rrIVa174U,view_count,1894185,,youtube_public_v1,PUBLIC,oLUJPJCPnJIV6Azk7
youtube,47rrIVa174U,like_count,28000,,youtube_public_v1,PUBLIC,oLUJPJCPnJIV6Azk7
youtube,47rrIVa174U,comment_count,2414,,youtube_public_v1,PUBLIC,oLUJPJCPnJIV6Azk7
youtube,ZODIx7G0yzE,view_count,1453428,,youtube_public_v1,PUBLIC,oLUJPJCPnJIV6Azk7
youtube,ZODIx7G0yzE,like_count,7100,,youtube_public_v1,PUBLIC,oLUJPJCPnJIV6Azk7
youtube,ZODIx7G0yzE,comment_count,1199,,youtube_public_v1,PUBLIC,oLUJPJCPnJIV6Azk7
youtube,6iMfnrxUczo,view_count,935852,,youtube_public_v1,PUBLIC,riv2E5IapIDwoXMJV
youtube,6iMfnrxUczo,like_count,5300,,youtube_public_v1,PUBLIC,riv2E5IapIDwoXMJV
youtube,6iMfnrxUczo,comment_count,997,,youtube_public_v1,PUBLIC,riv2E5IapIDwoXMJV
youtube,atHd2EixOvE,view_count,1456214,,youtube_public_v1,PUBLIC,oLUJPJCPnJIV6Azk7
youtube,atHd2EixOvE,like_count,0,,youtube_public_v1,PUBLIC,oLUJPJCPnJIV6Azk7
youtube,atHd2EixOvE,comment_count,1801,,youtube_public_v1,PUBLIC,oLUJPJCPnJIV6Azk7
youtube,a8S3W_4yCn4,view_count,642219,,youtube_public_v1,PUBLIC,riv2E5IapIDwoXMJV
youtube,a8S3W_4yCn4,like_count,13000,,youtube_public_v1,PUBLIC,riv2E5IapIDwoXMJV
youtube,a8S3W_4yCn4,comment_count,757,,youtube_public_v1,PUBLIC,riv2E5IapIDwoXMJV
youtube,eUvZ8JfGaP8,view_count,21067,,youtube_public_v1,PUBLIC,oLUJPJCPnJIV6Azk7
youtube,eUvZ8JfGaP8,like_count,107,,youtube_public_v1,PUBLIC,oLUJPJCPnJIV6Azk7
youtube,eUvZ8JfGaP8,comment_count,3,,youtube_public_v1,PUBLIC,oLUJPJCPnJIV6Azk7
youtube,u_N5KQqTLNo,view_count,122862,2026-08-12T14:03:56.520484+07:00,youtube_public_v1,PUBLIC,oLUJPJCPnJIV6Azk7
youtube,u_N5KQqTLNo,like_count,492,2026-08-12T14:03:56.520484+07:00,youtube_public_v1,PUBLIC,oLUJPJCPnJIV6Azk7
youtube,u_N5KQqTLNo,comment_count,22,2026-08-12T14:03:56.520484+07:00,youtube_public_v1,PUBLIC,oLUJPJCPnJIV6Azk7
youtube,82S7WF2Rkt8,view_count,493267,,youtube_public_v1,PUBLIC,riv2E5IapIDwoXMJV
youtube,82S7WF2Rkt8,like_count,6800,,youtube_public_v1,PUBLIC,riv2E5IapIDwoXMJV
youtube,82S7WF2Rkt8,comment_count,466,,youtube_public_v1,PUBLIC,riv2E5IapIDwoXMJV
youtube,5ZNZPJiaI50,view_count,705678,,youtube_public_v1,PUBLIC,oLUJPJCPnJIV6Azk7
youtube,5ZNZPJiaI50,like_count,1700,,youtube_public_v1,PUBLIC,oLUJPJCPnJIV6Azk7
youtube,5ZNZPJiaI50,comment_count,766,,youtube_public_v1,PUBLIC,oLUJPJCPnJIV6Azk7
youtube,1puTKJDdMhk,view_count,632530,,youtube_public_v1,PUBLIC,oLUJPJCPnJIV6Azk7
youtube,1puTKJDdMhk,like_count,0,,youtube_public_v1,PUBLIC,oLUJPJCPnJIV6Azk7
youtube,1puTKJDdMhk,comment_count,408,,youtube_public_v1,PUBLIC,oLUJPJCPnJIV6Azk7
youtube,4vevyaKOk5E,view_count,89121,,youtube_public_v1,PUBLIC,riv2E5IapIDwoXMJV
youtube,4vevyaKOk5E,like_count,506,,youtube_public_v1,PUBLIC,riv2E5IapIDwoXMJV
youtube,4vevyaKOk5E,comment_count,42,,youtube_public_v1,PUBLIC,riv2E5IapIDwoXMJV
youtube,KcEyXoz7-6U,view_count,1148464,,youtube_public_v1,PUBLIC,riv2E5IapIDwoXMJV
youtube,KcEyXoz7-6U,like_count,44000,,youtube_public_v1,PUBLIC,riv2E5IapIDwoXMJV
youtube,KcEyXoz7-6U,comment_count,3171,,youtube_public_v1,PUBLIC,riv2E5IapIDwoXMJV
youtube,jcVyy6_6cJ8,view_count,33986,,youtube_public_v1,PUBLIC,oLUJPJCPnJIV6Azk7
youtube,jcVyy6_6cJ8,like_count,160,,youtube_public_v1,PUBLIC,oLUJPJCPnJIV6Azk7
youtube,jcVyy6_6cJ8,comment_count,10,,youtube_public_v1,PUBLIC,oLUJPJCPnJIV6Azk7
youtube,pYZfQqYge18,view_count,67276,,youtube_public_v1,PUBLIC,riv2E5IapIDwoXMJV
youtube,pYZfQqYge18,like_count,274,,youtube_public_v1,PUBLIC,riv2E5IapIDwoXMJV
youtube,pYZfQqYge18,comment_count,13,,youtube_public_v1,PUBLIC,riv2E5IapIDwoXMJV
youtube,u9YoImuB3qQ,view_count,647866,,youtube_public_v1,PUBLIC,riv2E5IapIDwoXMJV
youtube,u9YoImuB3qQ,like_count,0,,youtube_public_v1,PUBLIC,riv2E5IapIDwoXMJV
youtube,u9YoImuB3qQ,comment_count,314,,youtube_public_v1,PUBLIC,riv2E5IapIDwoXMJV
youtube,ypybz1YzxFA,view_count,168528,,youtube_public_v1,PUBLIC,riv2E5IapIDwoXMJV
youtube,ypybz1YzxFA,like_count,3900,,youtube_public_v1,PUBLIC,riv2E5IapIDwoXMJV
youtube,ypybz1YzxFA,comment_count,30,,youtube_public_v1,PUBLIC,riv2E5IapIDwoXMJV
youtube,R0GbRNxZFLU,view_count,53755,,youtube_public_v1,PUBLIC,oLUJPJCPnJIV6Azk7
youtube,R0GbRNxZFLU,like_count,1900,,youtube_public_v1,PUBLIC,oLUJPJCPnJIV6Azk7
youtube,R0GbRNxZFLU,comment_count,18,,youtube_public_v1,PUBLIC,oLUJPJCPnJIV6Azk7
youtube,wjOqK9bpJNM,view_count,2810,,youtube_public_v1,PUBLIC,oLUJPJCPnJIV6Azk7
youtube,wjOqK9bpJNM,like_count,29,,youtube_public_v1,PUBLIC,oLUJPJCPnJIV6Azk7
youtube,wjOqK9bpJNM,comment_count,0,,youtube_public_v1,PUBLIC,oLUJPJCPnJIV6Azk7
youtube,ddziQrAsOeY,view_count,68755,,youtube_public_v1,PUBLIC,riv2E5IapIDwoXMJV
youtube,ddziQrAsOeY,like_count,1700,,youtube_public_v1,PUBLIC,riv2E5IapIDwoXMJV
youtube,ddziQrAsOeY,comment_count,1,,youtube_public_v1,PUBLIC,riv2E5IapIDwoXMJV
youtube,h3bLf7RIYBg,view_count,82774,,youtube_public_v1,PUBLIC,oLUJPJCPnJIV6Azk7
youtube,h3bLf7RIYBg,like_count,2300,,youtube_public_v1,PUBLIC,oLUJPJCPnJIV6Azk7
youtube,h3bLf7RIYBg,comment_count,16,,youtube_public_v1,PUBLIC,oLUJPJCPnJIV6Azk7
youtube,FDzZhwQke2Y,view_count,12815,,youtube_public_v1,PUBLIC,riv2E5IapIDwoXMJV
youtube,FDzZhwQke2Y,like_count,340,,youtube_public_v1,PUBLIC,riv2E5IapIDwoXMJV
youtube,FDzZhwQke2Y,comment_count,3,,youtube_public_v1,PUBLIC,riv2E5IapIDwoXMJV
youtube,1qNvs1aj0rA,view_count,48130,,youtube_public_v1,PUBLIC,oLUJPJCPnJIV6Azk7
youtube,1qNvs1aj0rA,like_count,1400,,youtube_public_v1,PUBLIC,oLUJPJCPnJIV6Azk7
youtube,1qNvs1aj0rA,comment_count,0,,youtube_public_v1,PUBLIC,oLUJPJCPnJIV6Azk7
youtube,cQx_NbaHvcs,view_count,820,,youtube_public_v1,PUBLIC,oLUJPJCPnJIV6Azk7
youtube,cQx_NbaHvcs,like_count,7,,youtube_public_v1,PUBLIC,oLUJPJCPnJIV6Azk7
youtube,cQx_NbaHvcs,comment_count,0,,youtube_public_v1,PUBLIC,oLUJPJCPnJIV6Azk7
youtube,SaiYb3ehMDA,view_count,60,,youtube_public_v1,PUBLIC,riv2E5IapIDwoXMJV
youtube,SaiYb3ehMDA,like_count,1,,youtube_public_v1,PUBLIC,riv2E5IapIDwoXMJV
youtube,SaiYb3ehMDA,comment_count,0,,youtube_public_v1,PUBLIC,riv2E5IapIDwoXMJV
youtube,lCFXg2oGcAY,view_count,806,,youtube_public_v1,PUBLIC,riv2E5IapIDwoXMJV
youtube,lCFXg2oGcAY,like_count,19,,youtube_public_v1,PUBLIC,riv2E5IapIDwoXMJV
youtube,lCFXg2oGcAY,comment_count,9,,youtube_public_v1,PUBLIC,riv2E5IapIDwoXMJV
youtube,1Zu0oOBiF_c,view_count,70935,,youtube_public_v1,PUBLIC,riv2E5IapIDwoXMJV
youtube,1Zu0oOBiF_c,like_count,1700,,youtube_public_v1,PUBLIC,riv2E5IapIDwoXMJV
youtube,1Zu0oOBiF_c,comment_count,30,,youtube_public_v1,PUBLIC,riv2E5IapIDwoXMJV
youtube,Hl12NL_Gs6U,view_count,1721036,,youtube_public_v1,PUBLIC,oLUJPJCPnJIV6Azk7
youtube,Hl12NL_Gs6U,like_count,10000,,youtube_public_v1,PUBLIC,oLUJPJCPnJIV6Azk7
youtube,Hl12NL_Gs6U,comment_count,2165,,youtube_public_v1,PUBLIC,oLUJPJCPnJIV6Azk7
youtube,8aoXxnGOXzc,view_count,136833,,youtube_public_v1,PUBLIC,riv2E5IapIDwoXMJV
youtube,8aoXxnGOXzc,like_count,4200,,youtube_public_v1,PUBLIC,riv2E5IapIDwoXMJV
youtube,8aoXxnGOXzc,comment_count,12,,youtube_public_v1,PUBLIC,riv2E5IapIDwoXMJV
youtube,3mvkhwCruj0,view_count,63213,,youtube_public_v1,PUBLIC,riv2E5IapIDwoXMJV
youtube,3mvkhwCruj0,like_count,1400,,youtube_public_v1,PUBLIC,riv2E5IapIDwoXMJV
youtube,3mvkhwCruj0,comment_count,2,,youtube_public_v1,PUBLIC,riv2E5IapIDwoXMJV
youtube,WA1UlT7ZLPI,view_count,25764,,youtube_public_v1,PUBLIC,riv2E5IapIDwoXMJV
youtube,WA1UlT7ZLPI,like_count,126,,youtube_public_v1,PUBLIC,riv2E5IapIDwoXMJV
youtube,WA1UlT7ZLPI,comment_count,12,,youtube_public_v1,PUBLIC,riv2E5IapIDwoXMJV
youtube,4edr7iHOSpI,view_count,4328,,youtube_public_v1,PUBLIC,oLUJPJCPnJIV6Azk7
youtube,4edr7iHOSpI,like_count,83,,youtube_public_v1,PUBLIC,oLUJPJCPnJIV6Azk7
youtube,4edr7iHOSpI,comment_count,0,,youtube_public_v1,PUBLIC,oLUJPJCPnJIV6Azk7
youtube,cWqVzAVnyV4,view_count,2453,,youtube_public_v1,PUBLIC,riv2E5IapIDwoXMJV
youtube,cWqVzAVnyV4,like_count,51,,youtube_public_v1,PUBLIC,riv2E5IapIDwoXMJV
youtube,cWqVzAVnyV4,comment_count,0,,youtube_public_v1,PUBLIC,riv2E5IapIDwoXMJV
youtube,U3FG8fsdjh0,view_count,3530,,youtube_public_v1,PUBLIC,oLUJPJCPnJIV6Azk7
youtube,U3FG8fsdjh0,like_count,67,,youtube_public_v1,PUBLIC,oLUJPJCPnJIV6Azk7
youtube,U3FG8fsdjh0,comment_count,0,,youtube_public_v1,PUBLIC,oLUJPJCPnJIV6Azk7
youtube,kdNlwTzIlT0,view_count,1994,,youtube_public_v1,PUBLIC,riv2E5IapIDwoXMJV
youtube,kdNlwTzIlT0,like_count,56,,youtube_public_v1,PUBLIC,riv2E5IapIDwoXMJV
youtube,kdNlwTzIlT0,comment_count,0,,youtube_public_v1,PUBLIC,riv2E5IapIDwoXMJV
youtube,YavpViiXgOQ,view_count,1996,,youtube_public_v1,PUBLIC,riv2E5IapIDwoXMJV
youtube,YavpViiXgOQ,like_count,50,,youtube_public_v1,PUBLIC,riv2E5IapIDwoXMJV
youtube,YavpViiXgOQ,comment_count,0,,youtube_public_v1,PUBLIC,riv2E5IapIDwoXMJV
youtube,trjzSFwttOQ,view_count,8994,,youtube_public_v1,PUBLIC,riv2E5IapIDwoXMJV
youtube,trjzSFwttOQ,like_count,285,,youtube_public_v1,PUBLIC,riv2E5IapIDwoXMJV
youtube,trjzSFwttOQ,comment_count,0,,youtube_public_v1,PUBLIC,riv2E5IapIDwoXMJV
youtube,A8LlhFDqOnM,view_count,2666,,youtube_public_v1,PUBLIC,riv2E5IapIDwoXMJV
youtube,A8LlhFDqOnM,like_count,64,,youtube_public_v1,PUBLIC,riv2E5IapIDwoXMJV
youtube,A8LlhFDqOnM,comment_count,1,,youtube_public_v1,PUBLIC,riv2E5IapIDwoXMJV
youtube,Qw3xPiFkApU,view_count,1347,,youtube_public_v1,PUBLIC,riv2E5IapIDwoXMJV
youtube,Qw3xPiFkApU,like_count,40,,youtube_public_v1,PUBLIC,riv2E5IapIDwoXMJV
youtube,Qw3xPiFkApU,comment_count,0,,youtube_public_v1,PUBLIC,riv2E5IapIDwoXMJV
youtube,LCncFTeesDs,view_count,1547,,youtube_public_v1,PUBLIC,oLUJPJCPnJIV6Azk7
youtube,LCncFTeesDs,like_count,47,,youtube_public_v1,PUBLIC,oLUJPJCPnJIV6Azk7
youtube,LCncFTeesDs,comment_count,0,,youtube_public_v1,PUBLIC,oLUJPJCPnJIV6Azk7
youtube,cOrle4vFHLw,view_count,7164,,youtube_public_v1,PUBLIC,oLUJPJCPnJIV6Azk7
youtube,cOrle4vFHLw,like_count,242,,youtube_public_v1,PUBLIC,oLUJPJCPnJIV6Azk7
youtube,cOrle4vFHLw,comment_count,0,,youtube_public_v1,PUBLIC,oLUJPJCPnJIV6Azk7
youtube,7IKrr1GmhHA,view_count,4348,,youtube_public_v1,PUBLIC,riv2E5IapIDwoXMJV
youtube,7IKrr1GmhHA,like_count,68,,youtube_public_v1,PUBLIC,riv2E5IapIDwoXMJV
youtube,7IKrr1GmhHA,comment_count,2,,youtube_public_v1,PUBLIC,riv2E5IapIDwoXMJV
youtube,dE1g7HiZ4pM,view_count,3609,,youtube_public_v1,PUBLIC,oLUJPJCPnJIV6Azk7
youtube,dE1g7HiZ4pM,like_count,82,,youtube_public_v1,PUBLIC,oLUJPJCPnJIV6Azk7
youtube,dE1g7HiZ4pM,comment_count,0,,youtube_public_v1,PUBLIC,oLUJPJCPnJIV6Azk7
youtube,F6rGLS1kpkA,view_count,809090,,youtube_public_v1,PUBLIC,oLUJPJCPnJIV6Azk7
youtube,F6rGLS1kpkA,like_count,0,,youtube_public_v1,PUBLIC,oLUJPJCPnJIV6Azk7
youtube,F6rGLS1kpkA,comment_count,491,,youtube_public_v1,PUBLIC,oLUJPJCPnJIV6Azk7
youtube,wsRqMyyq22Y,view_count,1317014,,youtube_public_v1,PUBLIC,oLUJPJCPnJIV6Azk7
youtube,wsRqMyyq22Y,like_count,6300,,youtube_public_v1,PUBLIC,oLUJPJCPnJIV6Azk7
youtube,wsRqMyyq22Y,comment_count,1480,,youtube_public_v1,PUBLIC,oLUJPJCPnJIV6Azk7
youtube,f9Sm9iqy0bI,view_count,638075,,youtube_public_v1,PUBLIC,oLUJPJCPnJIV6Azk7
youtube,f9Sm9iqy0bI,like_count,4400,,youtube_public_v1,PUBLIC,oLUJPJCPnJIV6Azk7
youtube,f9Sm9iqy0bI,comment_count,348,,youtube_public_v1,PUBLIC,oLUJPJCPnJIV6Azk7
youtube,CnOpkXQhL1A,view_count,16028,,youtube_public_v1,PUBLIC,oLUJPJCPnJIV6Azk7
youtube,CnOpkXQhL1A,like_count,83,,youtube_public_v1,PUBLIC,oLUJPJCPnJIV6Azk7
youtube,CnOpkXQhL1A,comment_count,1,,youtube_public_v1,PUBLIC,oLUJPJCPnJIV6Azk7
youtube,AJ6tG56y0DU,view_count,65399,,youtube_public_v1,PUBLIC,oLUJPJCPnJIV6Azk7
youtube,AJ6tG56y0DU,like_count,373,,youtube_public_v1,PUBLIC,oLUJPJCPnJIV6Azk7
youtube,AJ6tG56y0DU,comment_count,8,,youtube_public_v1,PUBLIC,oLUJPJCPnJIV6Azk7
youtube,dQYnFh4zCDA,view_count,369985,,youtube_public_v1,PUBLIC,oLUJPJCPnJIV6Azk7
youtube,dQYnFh4zCDA,like_count,2600,,youtube_public_v1,PUBLIC,oLUJPJCPnJIV6Azk7
youtube,dQYnFh4zCDA,comment_count,302,,youtube_public_v1,PUBLIC,oLUJPJCPnJIV6Azk7
youtube,MhtCfzsmnz8,view_count,15703,,youtube_public_v1,PUBLIC,oLUJPJCPnJIV6Azk7
youtube,MhtCfzsmnz8,like_count,213,,youtube_public_v1,PUBLIC,oLUJPJCPnJIV6Azk7
youtube,MhtCfzsmnz8,comment_count,12,,youtube_public_v1,PUBLIC,oLUJPJCPnJIV6Azk7
youtube,WPlXXtsvetI,view_count,48452,,youtube_public_v1,PUBLIC,oLUJPJCPnJIV6Azk7
youtube,WPlXXtsvetI,like_count,815,,youtube_public_v1,PUBLIC,oLUJPJCPnJIV6Azk7
youtube,WPlXXtsvetI,comment_count,1,,youtube_public_v1,PUBLIC,oLUJPJCPnJIV6Azk7
youtube,73_dsMqbOyQ,view_count,1262,,youtube_public_v1,PUBLIC,oLUJPJCPnJIV6Azk7
youtube,73_dsMqbOyQ,like_count,16,,youtube_public_v1,PUBLIC,oLUJPJCPnJIV6Azk7
youtube,73_dsMqbOyQ,comment_count,0,,youtube_public_v1,PUBLIC,oLUJPJCPnJIV6Azk7
youtube,lhgTMQD4JiE,view_count,66859,,youtube_public_v1,PUBLIC,oLUJPJCPnJIV6Azk7
youtube,lhgTMQD4JiE,like_count,1200,,youtube_public_v1,PUBLIC,oLUJPJCPnJIV6Azk7
youtube,lhgTMQD4JiE,comment_count,5,,youtube_public_v1,PUBLIC,oLUJPJCPnJIV6Azk7
youtube,lU4rqERYuFU,view_count,1491,,youtube_public_v1,PUBLIC,oLUJPJCPnJIV6Azk7
youtube,lU4rqERYuFU,like_count,10,,youtube_public_v1,PUBLIC,oLUJPJCPnJIV6Azk7
youtube,lU4rqERYuFU,comment_count,0,,youtube_public_v1,PUBLIC,oLUJPJCPnJIV6Azk7
youtube,yIO4ONSllx4,view_count,1063,,youtube_public_v1,PUBLIC,oLUJPJCPnJIV6Azk7
youtube,yIO4ONSllx4,like_count,12,,youtube_public_v1,PUBLIC,oLUJPJCPnJIV6Azk7
youtube,yIO4ONSllx4,comment_count,7,,youtube_public_v1,PUBLIC,oLUJPJCPnJIV6Azk7
youtube,f_MsKJ_Y_AI,view_count,12159,,youtube_public_v1,PUBLIC,oLUJPJCPnJIV6Azk7
youtube,f_MsKJ_Y_AI,like_count,106,,youtube_public_v1,PUBLIC,oLUJPJCPnJIV6Azk7
youtube,f_MsKJ_Y_AI,comment_count,3,,youtube_public_v1,PUBLIC,oLUJPJCPnJIV6Azk7
youtube,8JFYleRtd4A,view_count,1166,,youtube_public_v1,PUBLIC,oLUJPJCPnJIV6Azk7
youtube,8JFYleRtd4A,like_count,22,,youtube_public_v1,PUBLIC,oLUJPJCPnJIV6Azk7
youtube,8JFYleRtd4A,comment_count,0,,youtube_public_v1,PUBLIC,oLUJPJCPnJIV6Azk7
youtube,bzTOTeqEMRU,view_count,203824,,youtube_public_v1,PUBLIC,oLUJPJCPnJIV6Azk7
youtube,bzTOTeqEMRU,like_count,9200,,youtube_public_v1,PUBLIC,oLUJPJCPnJIV6Azk7
youtube,bzTOTeqEMRU,comment_count,155,,youtube_public_v1,PUBLIC,oLUJPJCPnJIV6Azk7
youtube,pSaoGMy6pTo,view_count,75050,,youtube_public_v1,PUBLIC,oLUJPJCPnJIV6Azk7
youtube,pSaoGMy6pTo,like_count,1300,,youtube_public_v1,PUBLIC,oLUJPJCPnJIV6Azk7
youtube,pSaoGMy6pTo,comment_count,93,,youtube_public_v1,PUBLIC,oLUJPJCPnJIV6Azk7
youtube,2zBNzMgmwEg,view_count,35203,,youtube_public_v1,PUBLIC,oLUJPJCPnJIV6Azk7
youtube,2zBNzMgmwEg,like_count,183,,youtube_public_v1,PUBLIC,oLUJPJCPnJIV6Azk7
youtube,2zBNzMgmwEg,comment_count,2,,youtube_public_v1,PUBLIC,oLUJPJCPnJIV6Azk7
youtube,g2OYGHCEFqU,view_count,72176,,youtube_public_v1,PUBLIC,oLUJPJCPnJIV6Azk7
youtube,g2OYGHCEFqU,like_count,1800,,youtube_public_v1,PUBLIC,oLUJPJCPnJIV6Azk7
youtube,g2OYGHCEFqU,comment_count,18,,youtube_public_v1,PUBLIC,oLUJPJCPnJIV6Azk7
youtube,mv8tj6woORE,view_count,1858,,youtube_public_v1,PUBLIC,oLUJPJCPnJIV6Azk7
youtube,mv8tj6woORE,like_count,44,,youtube_public_v1,PUBLIC,oLUJPJCPnJIV6Azk7
youtube,mv8tj6woORE,comment_count,1,,youtube_public_v1,PUBLIC,oLUJPJCPnJIV6Azk7
youtube,yfdVBdHxvLc,view_count,7865,,youtube_public_v1,PUBLIC,oLUJPJCPnJIV6Azk7
youtube,yfdVBdHxvLc,like_count,199,,youtube_public_v1,PUBLIC,oLUJPJCPnJIV6Azk7
youtube,yfdVBdHxvLc,comment_count,1,,youtube_public_v1,PUBLIC,oLUJPJCPnJIV6Azk7
youtube,x5rHQifkTl8,view_count,1963,,youtube_public_v1,PUBLIC,oLUJPJCPnJIV6Azk7
youtube,x5rHQifkTl8,like_count,42,,youtube_public_v1,PUBLIC,oLUJPJCPnJIV6Azk7
youtube,x5rHQifkTl8,comment_count,0,,youtube_public_v1,PUBLIC,oLUJPJCPnJIV6Azk7
youtube,rgTamJDRzj4,view_count,10792,,youtube_public_v1,PUBLIC,oLUJPJCPnJIV6Azk7
youtube,rgTamJDRzj4,like_count,213,,youtube_public_v1,PUBLIC,oLUJPJCPnJIV6Azk7
youtube,rgTamJDRzj4,comment_count,0,,youtube_public_v1,PUBLIC,oLUJPJCPnJIV6Azk7
youtube,b9c_yKRrrrs,view_count,35516,,youtube_public_v1,PUBLIC,oLUJPJCPnJIV6Azk7
youtube,b9c_yKRrrrs,like_count,616,,youtube_public_v1,PUBLIC,oLUJPJCPnJIV6Azk7
youtube,b9c_yKRrrrs,comment_count,8,,youtube_public_v1,PUBLIC,oLUJPJCPnJIV6Azk7
youtube,NeXGlmu2F_0,view_count,21725,,youtube_public_v1,PUBLIC,oLUJPJCPnJIV6Azk7
youtube,NeXGlmu2F_0,like_count,438,,youtube_public_v1,PUBLIC,oLUJPJCPnJIV6Azk7
youtube,NeXGlmu2F_0,comment_count,9,,youtube_public_v1,PUBLIC,oLUJPJCPnJIV6Azk7
youtube,hjPg2Yo5FFQ,view_count,6441,,youtube_public_v1,PUBLIC,oLUJPJCPnJIV6Azk7
youtube,hjPg2Yo5FFQ,like_count,125,,youtube_public_v1,PUBLIC,oLUJPJCPnJIV6Azk7
youtube,hjPg2Yo5FFQ,comment_count,1,,youtube_public_v1,PUBLIC,oLUJPJCPnJIV6Azk7
youtube,g_Ve18XwHZU,view_count,12999,,youtube_public_v1,PUBLIC,oLUJPJCPnJIV6Azk7
youtube,g_Ve18XwHZU,like_count,348,,youtube_public_v1,PUBLIC,oLUJPJCPnJIV6Azk7
youtube,g_Ve18XwHZU,comment_count,3,,youtube_public_v1,PUBLIC,oLUJPJCPnJIV6Azk7
youtube,KYf1DvF3t2U,view_count,55250,,youtube_public_v1,PUBLIC,oLUJPJCPnJIV6Azk7
youtube,KYf1DvF3t2U,like_count,1100,,youtube_public_v1,PUBLIC,oLUJPJCPnJIV6Azk7
youtube,KYf1DvF3t2U,comment_count,4,,youtube_public_v1,PUBLIC,oLUJPJCPnJIV6Azk7
youtube,DkyExLMdIVQ,view_count,8940,,youtube_public_v1,PUBLIC,oLUJPJCPnJIV6Azk7
youtube,DkyExLMdIVQ,like_count,237,,youtube_public_v1,PUBLIC,oLUJPJCPnJIV6Azk7
youtube,DkyExLMdIVQ,comment_count,10,,youtube_public_v1,PUBLIC,oLUJPJCPnJIV6Azk7
youtube,8eh7FPvHb_s,view_count,8139,,youtube_public_v1,PUBLIC,oLUJPJCPnJIV6Azk7
youtube,8eh7FPvHb_s,like_count,230,,youtube_public_v1,PUBLIC,oLUJPJCPnJIV6Azk7
youtube,8eh7FPvHb_s,comment_count,2,,youtube_public_v1,PUBLIC,oLUJPJCPnJIV6Azk7
youtube,VadmZO6hNFA,view_count,1793,,youtube_public_v1,PUBLIC,oLUJPJCPnJIV6Azk7
youtube,VadmZO6hNFA,like_count,41,,youtube_public_v1,PUBLIC,oLUJPJCPnJIV6Azk7
youtube,VadmZO6hNFA,comment_count,0,,youtube_public_v1,PUBLIC,oLUJPJCPnJIV6Azk7
youtube,sX5AvIJuI9w,view_count,24045,,youtube_public_v1,PUBLIC,oLUJPJCPnJIV6Azk7
youtube,sX5AvIJuI9w,like_count,598,,youtube_public_v1,PUBLIC,oLUJPJCPnJIV6Azk7
youtube,sX5AvIJuI9w,comment_count,3,,youtube_public_v1,PUBLIC,oLUJPJCPnJIV6Azk7
youtube,7zGlJq5Mnds,view_count,1119,,youtube_public_v1,PUBLIC,oLUJPJCPnJIV6Azk7
youtube,7zGlJq5Mnds,like_count,30,,youtube_public_v1,PUBLIC,oLUJPJCPnJIV6Azk7
youtube,7zGlJq5Mnds,comment_count,0,,youtube_public_v1,PUBLIC,oLUJPJCPnJIV6Azk7
youtube,J-L5WjWDsKo,view_count,4935,,youtube_public_v1,PUBLIC,oLUJPJCPnJIV6Azk7
youtube,J-L5WjWDsKo,like_count,37,,youtube_public_v1,PUBLIC,oLUJPJCPnJIV6Azk7
youtube,J-L5WjWDsKo,comment_count,3,,youtube_public_v1,PUBLIC,oLUJPJCPnJIV6Azk7
youtube,fj2E0RY-dj4,view_count,9373,,youtube_public_v1,PUBLIC,oLUJPJCPnJIV6Azk7
youtube,fj2E0RY-dj4,like_count,60,,youtube_public_v1,PUBLIC,oLUJPJCPnJIV6Azk7
youtube,fj2E0RY-dj4,comment_count,8,,youtube_public_v1,PUBLIC,oLUJPJCPnJIV6Azk7
youtube,LOEZ2j9tbP0,view_count,11373,,youtube_public_v1,PUBLIC,oLUJPJCPnJIV6Azk7
youtube,LOEZ2j9tbP0,like_count,200,,youtube_public_v1,PUBLIC,oLUJPJCPnJIV6Azk7
youtube,LOEZ2j9tbP0,comment_count,3,,youtube_public_v1,PUBLIC,oLUJPJCPnJIV6Azk7
youtube,nOFB-MCmmE4,view_count,21920,,youtube_public_v1,PUBLIC,oLUJPJCPnJIV6Azk7
youtube,nOFB-MCmmE4,like_count,137,,youtube_public_v1,PUBLIC,oLUJPJCPnJIV6Azk7
youtube,nOFB-MCmmE4,comment_count,10,,youtube_public_v1,PUBLIC,oLUJPJCPnJIV6Azk7
youtube,8ClSKzIXYPo,view_count,57575,2026-08-12T14:03:56.520484+07:00,youtube_public_v1,PUBLIC,oLUJPJCPnJIV6Azk7
youtube,8ClSKzIXYPo,like_count,329,2026-08-12T14:03:56.520484+07:00,youtube_public_v1,PUBLIC,oLUJPJCPnJIV6Azk7
youtube,8ClSKzIXYPo,comment_count,81,2026-08-12T14:03:56.520484+07:00,youtube_public_v1,PUBLIC,oLUJPJCPnJIV6Azk7
youtube,jMjaJ7T8a5s,view_count,81263,2026-08-12T14:03:56.520484+07:00,youtube_public_v1,PUBLIC,oLUJPJCPnJIV6Azk7
youtube,jMjaJ7T8a5s,like_count,569,2026-08-12T14:03:56.520484+07:00,youtube_public_v1,PUBLIC,oLUJPJCPnJIV6Azk7
youtube,jMjaJ7T8a5s,comment_count,66,2026-08-12T14:03:56.520484+07:00,youtube_public_v1,PUBLIC,oLUJPJCPnJIV6Azk7
youtube,w1JcreNyNKo,view_count,68256,,youtube_public_v1,PUBLIC,gtUEpeKDZjqzoegXC
youtube,w1JcreNyNKo,like_count,219,,youtube_public_v1,PUBLIC,gtUEpeKDZjqzoegXC
youtube,w1JcreNyNKo,comment_count,5,,youtube_public_v1,PUBLIC,gtUEpeKDZjqzoegXC
youtube,tFzxfEwZ10s,view_count,270210,,youtube_public_v1,PUBLIC,gtUEpeKDZjqzoegXC
youtube,tFzxfEwZ10s,like_count,764,,youtube_public_v1,PUBLIC,gtUEpeKDZjqzoegXC
youtube,tFzxfEwZ10s,comment_count,22,,youtube_public_v1,PUBLIC,gtUEpeKDZjqzoegXC
youtube,vNVzVm_TVU4,view_count,145481,,youtube_public_v1,PUBLIC,gtUEpeKDZjqzoegXC
youtube,vNVzVm_TVU4,like_count,528,,youtube_public_v1,PUBLIC,gtUEpeKDZjqzoegXC
youtube,vNVzVm_TVU4,comment_count,17,,youtube_public_v1,PUBLIC,gtUEpeKDZjqzoegXC
youtube,Ye4gd7vZUGE,view_count,72650,,youtube_public_v1,PUBLIC,gtUEpeKDZjqzoegXC
youtube,Ye4gd7vZUGE,like_count,264,,youtube_public_v1,PUBLIC,gtUEpeKDZjqzoegXC
youtube,Ye4gd7vZUGE,comment_count,9,,youtube_public_v1,PUBLIC,gtUEpeKDZjqzoegXC
youtube,nFu1-S1tL-w,view_count,5620074,,youtube_public_v1,PUBLIC,gtUEpeKDZjqzoegXC
youtube,nFu1-S1tL-w,like_count,41000,,youtube_public_v1,PUBLIC,gtUEpeKDZjqzoegXC
youtube,nFu1-S1tL-w,comment_count,1563,,youtube_public_v1,PUBLIC,gtUEpeKDZjqzoegXC
youtube,5EELuy2S77A,view_count,410992,,youtube_public_v1,PUBLIC,gtUEpeKDZjqzoegXC
youtube,5EELuy2S77A,like_count,1200,,youtube_public_v1,PUBLIC,gtUEpeKDZjqzoegXC
youtube,5EELuy2S77A,comment_count,20,,youtube_public_v1,PUBLIC,gtUEpeKDZjqzoegXC
youtube,qn-mTU8oWnc,view_count,492029,,youtube_public_v1,PUBLIC,gtUEpeKDZjqzoegXC
youtube,qn-mTU8oWnc,like_count,1200,,youtube_public_v1,PUBLIC,gtUEpeKDZjqzoegXC
youtube,qn-mTU8oWnc,comment_count,29,,youtube_public_v1,PUBLIC,gtUEpeKDZjqzoegXC
youtube,3s8olG0trSQ,view_count,10815565,2026-08-12T18:25:36.701383+07:00,youtube_public_v1,PUBLIC,gtUEpeKDZjqzoegXC
youtube,3s8olG0trSQ,like_count,82000,2026-08-12T18:25:36.701383+07:00,youtube_public_v1,PUBLIC,gtUEpeKDZjqzoegXC
youtube,3s8olG0trSQ,comment_count,3735,2026-08-12T18:25:36.701383+07:00,youtube_public_v1,PUBLIC,gtUEpeKDZjqzoegXC
youtube,2Q3u4_bII6U,view_count,23958,,youtube_public_v1,PUBLIC,gtUEpeKDZjqzoegXC
youtube,2Q3u4_bII6U,like_count,81,,youtube_public_v1,PUBLIC,gtUEpeKDZjqzoegXC
youtube,2Q3u4_bII6U,comment_count,5,,youtube_public_v1,PUBLIC,gtUEpeKDZjqzoegXC
youtube,e_pMZcQ1tbY,view_count,4389006,,youtube_public_v1,PUBLIC,gtUEpeKDZjqzoegXC
youtube,e_pMZcQ1tbY,like_count,32000,,youtube_public_v1,PUBLIC,gtUEpeKDZjqzoegXC
youtube,e_pMZcQ1tbY,comment_count,790,,youtube_public_v1,PUBLIC,gtUEpeKDZjqzoegXC
youtube,WmtvuAmTQNI,view_count,659151,,youtube_public_v1,PUBLIC,gtUEpeKDZjqzoegXC
youtube,WmtvuAmTQNI,like_count,1800,,youtube_public_v1,PUBLIC,gtUEpeKDZjqzoegXC
youtube,WmtvuAmTQNI,comment_count,37,,youtube_public_v1,PUBLIC,gtUEpeKDZjqzoegXC
youtube,S40XkHevzfE,view_count,15579197,,youtube_public_v1,PUBLIC,gtUEpeKDZjqzoegXC
youtube,S40XkHevzfE,like_count,191000,,youtube_public_v1,PUBLIC,gtUEpeKDZjqzoegXC
youtube,S40XkHevzfE,comment_count,14848,,youtube_public_v1,PUBLIC,gtUEpeKDZjqzoegXC
youtube,aPiz6yKSXhU,view_count,2209919,2026-08-12T18:25:36.701383+07:00,youtube_public_v1,PUBLIC,gtUEpeKDZjqzoegXC
youtube,aPiz6yKSXhU,like_count,9300,2026-08-12T18:25:36.701383+07:00,youtube_public_v1,PUBLIC,gtUEpeKDZjqzoegXC
youtube,aPiz6yKSXhU,comment_count,293,2026-08-12T18:25:36.701383+07:00,youtube_public_v1,PUBLIC,gtUEpeKDZjqzoegXC
youtube,8_6MNYGpcyE,view_count,16226,,youtube_public_v1,PUBLIC,gtUEpeKDZjqzoegXC
youtube,8_6MNYGpcyE,like_count,136,,youtube_public_v1,PUBLIC,gtUEpeKDZjqzoegXC
youtube,8_6MNYGpcyE,comment_count,3,,youtube_public_v1,PUBLIC,gtUEpeKDZjqzoegXC
youtube,I3s-EhKodhE,view_count,7332104,,youtube_public_v1,PUBLIC,gtUEpeKDZjqzoegXC
youtube,I3s-EhKodhE,like_count,68000,,youtube_public_v1,PUBLIC,gtUEpeKDZjqzoegXC
youtube,I3s-EhKodhE,comment_count,5146,,youtube_public_v1,PUBLIC,gtUEpeKDZjqzoegXC
youtube,m5gSGenB6l0,view_count,5960399,,youtube_public_v1,PUBLIC,gtUEpeKDZjqzoegXC
youtube,m5gSGenB6l0,like_count,54000,,youtube_public_v1,PUBLIC,gtUEpeKDZjqzoegXC
youtube,m5gSGenB6l0,comment_count,1983,,youtube_public_v1,PUBLIC,gtUEpeKDZjqzoegXC
youtube,DA4C5IoIuyA,view_count,6367249,,youtube_public_v1,PUBLIC,gtUEpeKDZjqzoegXC
youtube,DA4C5IoIuyA,like_count,41000,,youtube_public_v1,PUBLIC,gtUEpeKDZjqzoegXC
youtube,DA4C5IoIuyA,comment_count,2222,,youtube_public_v1,PUBLIC,gtUEpeKDZjqzoegXC
youtube,fgMJLqu5sW4,view_count,52702,,youtube_public_v1,PUBLIC,gtUEpeKDZjqzoegXC
youtube,fgMJLqu5sW4,like_count,234,,youtube_public_v1,PUBLIC,gtUEpeKDZjqzoegXC
youtube,fgMJLqu5sW4,comment_count,4,,youtube_public_v1,PUBLIC,gtUEpeKDZjqzoegXC
youtube,idrv6dwKd2Y,view_count,38046,,youtube_public_v1,PUBLIC,gtUEpeKDZjqzoegXC
youtube,idrv6dwKd2Y,like_count,133,,youtube_public_v1,PUBLIC,gtUEpeKDZjqzoegXC
youtube,idrv6dwKd2Y,comment_count,3,,youtube_public_v1,PUBLIC,gtUEpeKDZjqzoegXC
youtube,sCas3ZRL1Mg,view_count,1114021,,youtube_public_v1,PUBLIC,gtUEpeKDZjqzoegXC
youtube,sCas3ZRL1Mg,like_count,5100,,youtube_public_v1,PUBLIC,gtUEpeKDZjqzoegXC
youtube,sCas3ZRL1Mg,comment_count,207,,youtube_public_v1,PUBLIC,gtUEpeKDZjqzoegXC
youtube,oapUFMQkqWc,view_count,26135,,youtube_public_v1,PUBLIC,gtUEpeKDZjqzoegXC
youtube,oapUFMQkqWc,like_count,62,,youtube_public_v1,PUBLIC,gtUEpeKDZjqzoegXC
youtube,oapUFMQkqWc,comment_count,3,,youtube_public_v1,PUBLIC,gtUEpeKDZjqzoegXC
youtube,iHPrvQvaGVM,view_count,174149,,youtube_public_v1,PUBLIC,gtUEpeKDZjqzoegXC
youtube,iHPrvQvaGVM,like_count,619,,youtube_public_v1,PUBLIC,gtUEpeKDZjqzoegXC
youtube,iHPrvQvaGVM,comment_count,17,,youtube_public_v1,PUBLIC,gtUEpeKDZjqzoegXC
youtube,7MVHqTMjIlM,view_count,91938,,youtube_public_v1,PUBLIC,gtUEpeKDZjqzoegXC
youtube,7MVHqTMjIlM,like_count,393,,youtube_public_v1,PUBLIC,gtUEpeKDZjqzoegXC
youtube,7MVHqTMjIlM,comment_count,6,,youtube_public_v1,PUBLIC,gtUEpeKDZjqzoegXC
youtube,t-0p4g5fwrs,view_count,158809,,youtube_public_v1,PUBLIC,gtUEpeKDZjqzoegXC
youtube,t-0p4g5fwrs,like_count,608,,youtube_public_v1,PUBLIC,gtUEpeKDZjqzoegXC
youtube,t-0p4g5fwrs,comment_count,17,,youtube_public_v1,PUBLIC,gtUEpeKDZjqzoegXC
youtube,ou2ocEnQTwI,view_count,10399,,youtube_public_v1,PUBLIC,gtUEpeKDZjqzoegXC
youtube,ou2ocEnQTwI,like_count,163,,youtube_public_v1,PUBLIC,gtUEpeKDZjqzoegXC
youtube,ou2ocEnQTwI,comment_count,5,,youtube_public_v1,PUBLIC,gtUEpeKDZjqzoegXC
youtube,1tBUvzYeIPo,view_count,1495753,,youtube_public_v1,PUBLIC,gtUEpeKDZjqzoegXC
youtube,1tBUvzYeIPo,like_count,22000,,youtube_public_v1,PUBLIC,gtUEpeKDZjqzoegXC
youtube,1tBUvzYeIPo,comment_count,205,,youtube_public_v1,PUBLIC,gtUEpeKDZjqzoegXC
youtube,zYn6lxaMYKA,view_count,932,,youtube_public_v1,PUBLIC,gtUEpeKDZjqzoegXC
youtube,zYn6lxaMYKA,like_count,30,,youtube_public_v1,PUBLIC,gtUEpeKDZjqzoegXC
youtube,zYn6lxaMYKA,comment_count,2,,youtube_public_v1,PUBLIC,gtUEpeKDZjqzoegXC
youtube,DX7KrltivYw,view_count,1337,,youtube_public_v1,PUBLIC,2k5dIB52mXKYEnNXd
youtube,DX7KrltivYw,like_count,46,,youtube_public_v1,PUBLIC,2k5dIB52mXKYEnNXd
youtube,DX7KrltivYw,comment_count,0,,youtube_public_v1,PUBLIC,2k5dIB52mXKYEnNXd
youtube,w_Sx_RWJ3CA,view_count,463054,,youtube_public_v1,PUBLIC,gtUEpeKDZjqzoegXC
youtube,w_Sx_RWJ3CA,like_count,8200,,youtube_public_v1,PUBLIC,gtUEpeKDZjqzoegXC
youtube,w_Sx_RWJ3CA,comment_count,34,,youtube_public_v1,PUBLIC,gtUEpeKDZjqzoegXC
youtube,l8KmZ56BSJs,view_count,69490,,youtube_public_v1,PUBLIC,gtUEpeKDZjqzoegXC
youtube,l8KmZ56BSJs,like_count,927,,youtube_public_v1,PUBLIC,gtUEpeKDZjqzoegXC
youtube,l8KmZ56BSJs,comment_count,10,,youtube_public_v1,PUBLIC,gtUEpeKDZjqzoegXC
youtube,QLnmk_FhmEU,view_count,793998,,youtube_public_v1,PUBLIC,gtUEpeKDZjqzoegXC
youtube,QLnmk_FhmEU,like_count,12000,,youtube_public_v1,PUBLIC,gtUEpeKDZjqzoegXC
youtube,QLnmk_FhmEU,comment_count,73,,youtube_public_v1,PUBLIC,gtUEpeKDZjqzoegXC
youtube,QTC5luNTVrQ,view_count,1993,,youtube_public_v1,PUBLIC,gtUEpeKDZjqzoegXC
youtube,QTC5luNTVrQ,like_count,57,,youtube_public_v1,PUBLIC,gtUEpeKDZjqzoegXC
youtube,QTC5luNTVrQ,comment_count,0,,youtube_public_v1,PUBLIC,gtUEpeKDZjqzoegXC
youtube,RwuV7P-unlg,view_count,46378,,youtube_public_v1,PUBLIC,gtUEpeKDZjqzoegXC
youtube,RwuV7P-unlg,like_count,687,,youtube_public_v1,PUBLIC,gtUEpeKDZjqzoegXC
youtube,RwuV7P-unlg,comment_count,1,,youtube_public_v1,PUBLIC,gtUEpeKDZjqzoegXC
youtube,F4IJtnAHWjM,view_count,1012,,youtube_public_v1,PUBLIC,gtUEpeKDZjqzoegXC
youtube,F4IJtnAHWjM,like_count,23,,youtube_public_v1,PUBLIC,gtUEpeKDZjqzoegXC
youtube,F4IJtnAHWjM,comment_count,1,,youtube_public_v1,PUBLIC,gtUEpeKDZjqzoegXC
youtube,Ho5xALumn5A,view_count,100707,,youtube_public_v1,PUBLIC,gtUEpeKDZjqzoegXC
youtube,Ho5xALumn5A,like_count,1100,,youtube_public_v1,PUBLIC,gtUEpeKDZjqzoegXC
youtube,Ho5xALumn5A,comment_count,16,,youtube_public_v1,PUBLIC,gtUEpeKDZjqzoegXC
youtube,nk_YbsLUr4M,view_count,588517,,youtube_public_v1,PUBLIC,gtUEpeKDZjqzoegXC
youtube,nk_YbsLUr4M,like_count,3800,,youtube_public_v1,PUBLIC,gtUEpeKDZjqzoegXC
youtube,nk_YbsLUr4M,comment_count,200,,youtube_public_v1,PUBLIC,gtUEpeKDZjqzoegXC
youtube,3kLGcx8Figo,view_count,200117,,youtube_public_v1,PUBLIC,gtUEpeKDZjqzoegXC
youtube,3kLGcx8Figo,like_count,3200,,youtube_public_v1,PUBLIC,gtUEpeKDZjqzoegXC
youtube,3kLGcx8Figo,comment_count,22,,youtube_public_v1,PUBLIC,gtUEpeKDZjqzoegXC
youtube,ITEmoyp6s7k,view_count,33008,,youtube_public_v1,PUBLIC,gtUEpeKDZjqzoegXC
youtube,ITEmoyp6s7k,like_count,668,,youtube_public_v1,PUBLIC,gtUEpeKDZjqzoegXC
youtube,ITEmoyp6s7k,comment_count,9,,youtube_public_v1,PUBLIC,gtUEpeKDZjqzoegXC
youtube,_qXh4UrpXz0,view_count,302317,,youtube_public_v1,PUBLIC,gtUEpeKDZjqzoegXC
youtube,_qXh4UrpXz0,like_count,9100,,youtube_public_v1,PUBLIC,gtUEpeKDZjqzoegXC
youtube,_qXh4UrpXz0,comment_count,23,,youtube_public_v1,PUBLIC,gtUEpeKDZjqzoegXC
youtube,_hAtuq8QJpk,view_count,24537,,youtube_public_v1,PUBLIC,gtUEpeKDZjqzoegXC
youtube,_hAtuq8QJpk,like_count,391,,youtube_public_v1,PUBLIC,gtUEpeKDZjqzoegXC
youtube,_hAtuq8QJpk,comment_count,0,,youtube_public_v1,PUBLIC,gtUEpeKDZjqzoegXC
youtube,GGFhiXyW8Nk,view_count,179858,,youtube_public_v1,PUBLIC,gtUEpeKDZjqzoegXC
youtube,GGFhiXyW8Nk,like_count,2800,,youtube_public_v1,PUBLIC,gtUEpeKDZjqzoegXC
youtube,GGFhiXyW8Nk,comment_count,52,,youtube_public_v1,PUBLIC,gtUEpeKDZjqzoegXC
youtube,b1xvZ7aQGxk,view_count,20223804,2026-08-12T14:06:31.995243+07:00,youtube_public_v1,PUBLIC,gtUEpeKDZjqzoegXC
youtube,b1xvZ7aQGxk,like_count,105000,2026-08-12T14:06:31.995243+07:00,youtube_public_v1,PUBLIC,gtUEpeKDZjqzoegXC
youtube,b1xvZ7aQGxk,comment_count,6339,2026-08-12T14:06:31.995243+07:00,youtube_public_v1,PUBLIC,gtUEpeKDZjqzoegXC
youtube,NzS7scLVNGU,view_count,247005,,youtube_public_v1,PUBLIC,gtUEpeKDZjqzoegXC
youtube,NzS7scLVNGU,like_count,2800,,youtube_public_v1,PUBLIC,gtUEpeKDZjqzoegXC
youtube,NzS7scLVNGU,comment_count,34,,youtube_public_v1,PUBLIC,gtUEpeKDZjqzoegXC
youtube,PPEwjx3R-vI,view_count,150109,,youtube_public_v1,PUBLIC,gtUEpeKDZjqzoegXC
youtube,PPEwjx3R-vI,like_count,518,,youtube_public_v1,PUBLIC,gtUEpeKDZjqzoegXC
youtube,PPEwjx3R-vI,comment_count,27,,youtube_public_v1,PUBLIC,gtUEpeKDZjqzoegXC
youtube,xtxCXeZkbVU,view_count,9181532,,youtube_public_v1,PUBLIC,gtUEpeKDZjqzoegXC
youtube,xtxCXeZkbVU,like_count,78000,,youtube_public_v1,PUBLIC,gtUEpeKDZjqzoegXC
youtube,xtxCXeZkbVU,comment_count,2836,,youtube_public_v1,PUBLIC,gtUEpeKDZjqzoegXC
youtube,02Z9pTYRafg,view_count,375488,,youtube_public_v1,PUBLIC,gtUEpeKDZjqzoegXC
youtube,02Z9pTYRafg,like_count,5200,,youtube_public_v1,PUBLIC,gtUEpeKDZjqzoegXC
youtube,02Z9pTYRafg,comment_count,23,,youtube_public_v1,PUBLIC,gtUEpeKDZjqzoegXC
youtube,KWTv7ewXUWs,view_count,514050,,youtube_public_v1,PUBLIC,gtUEpeKDZjqzoegXC
youtube,KWTv7ewXUWs,like_count,6500,,youtube_public_v1,PUBLIC,gtUEpeKDZjqzoegXC
youtube,KWTv7ewXUWs,comment_count,40,,youtube_public_v1,PUBLIC,gtUEpeKDZjqzoegXC
youtube,FIDaZhVmd64,view_count,323361,,youtube_public_v1,PUBLIC,gtUEpeKDZjqzoegXC
youtube,FIDaZhVmd64,like_count,7000,,youtube_public_v1,PUBLIC,gtUEpeKDZjqzoegXC
youtube,FIDaZhVmd64,comment_count,56,,youtube_public_v1,PUBLIC,gtUEpeKDZjqzoegXC
youtube,6vm17p42KOI,view_count,340791,,youtube_public_v1,PUBLIC,gtUEpeKDZjqzoegXC
youtube,6vm17p42KOI,like_count,2700,,youtube_public_v1,PUBLIC,gtUEpeKDZjqzoegXC
youtube,6vm17p42KOI,comment_count,24,,youtube_public_v1,PUBLIC,gtUEpeKDZjqzoegXC
youtube,qI4efQhuU0o,view_count,404943,,youtube_public_v1,PUBLIC,gtUEpeKDZjqzoegXC
youtube,qI4efQhuU0o,like_count,6000,,youtube_public_v1,PUBLIC,gtUEpeKDZjqzoegXC
youtube,qI4efQhuU0o,comment_count,129,,youtube_public_v1,PUBLIC,gtUEpeKDZjqzoegXC
youtube,Mm839ZLuBeI,view_count,1355,,youtube_public_v1,PUBLIC,gtUEpeKDZjqzoegXC
youtube,Mm839ZLuBeI,like_count,2,,youtube_public_v1,PUBLIC,gtUEpeKDZjqzoegXC
youtube,Mm839ZLuBeI,comment_count,0,,youtube_public_v1,PUBLIC,gtUEpeKDZjqzoegXC
youtube,AREmqyHyJVw,view_count,94856,,youtube_public_v1,PUBLIC,gtUEpeKDZjqzoegXC
youtube,AREmqyHyJVw,like_count,897,,youtube_public_v1,PUBLIC,gtUEpeKDZjqzoegXC
youtube,AREmqyHyJVw,comment_count,6,,youtube_public_v1,PUBLIC,gtUEpeKDZjqzoegXC
youtube,tJ3EZSJAAFk,view_count,92738,,youtube_public_v1,PUBLIC,gtUEpeKDZjqzoegXC
youtube,tJ3EZSJAAFk,like_count,1300,,youtube_public_v1,PUBLIC,gtUEpeKDZjqzoegXC
youtube,tJ3EZSJAAFk,comment_count,39,,youtube_public_v1,PUBLIC,gtUEpeKDZjqzoegXC
youtube,_vdaprs_Vns,view_count,449557,,youtube_public_v1,PUBLIC,gtUEpeKDZjqzoegXC
youtube,_vdaprs_Vns,like_count,5600,,youtube_public_v1,PUBLIC,gtUEpeKDZjqzoegXC
youtube,_vdaprs_Vns,comment_count,56,,youtube_public_v1,PUBLIC,gtUEpeKDZjqzoegXC
youtube,-px2LdtI9IE,view_count,29085,,youtube_public_v1,PUBLIC,gtUEpeKDZjqzoegXC
youtube,-px2LdtI9IE,like_count,412,,youtube_public_v1,PUBLIC,gtUEpeKDZjqzoegXC
youtube,-px2LdtI9IE,comment_count,5,,youtube_public_v1,PUBLIC,gtUEpeKDZjqzoegXC
youtube,OR0KpxLScUs,view_count,661336,,youtube_public_v1,PUBLIC,gtUEpeKDZjqzoegXC
youtube,OR0KpxLScUs,like_count,12000,,youtube_public_v1,PUBLIC,gtUEpeKDZjqzoegXC
youtube,OR0KpxLScUs,comment_count,62,,youtube_public_v1,PUBLIC,gtUEpeKDZjqzoegXC
youtube,Uhq7orTVPJ0,view_count,462841,,youtube_public_v1,PUBLIC,gtUEpeKDZjqzoegXC
youtube,Uhq7orTVPJ0,like_count,10000,,youtube_public_v1,PUBLIC,gtUEpeKDZjqzoegXC
youtube,Uhq7orTVPJ0,comment_count,67,,youtube_public_v1,PUBLIC,gtUEpeKDZjqzoegXC
youtube,tgr4dnXj8a4,view_count,39975,,youtube_public_v1,PUBLIC,gtUEpeKDZjqzoegXC
youtube,tgr4dnXj8a4,like_count,133,,youtube_public_v1,PUBLIC,gtUEpeKDZjqzoegXC
youtube,tgr4dnXj8a4,comment_count,2,,youtube_public_v1,PUBLIC,gtUEpeKDZjqzoegXC
youtube,mwp8ex1rP_E,view_count,664490,,youtube_public_v1,PUBLIC,gtUEpeKDZjqzoegXC
youtube,mwp8ex1rP_E,like_count,14000,,youtube_public_v1,PUBLIC,gtUEpeKDZjqzoegXC
youtube,mwp8ex1rP_E,comment_count,118,,youtube_public_v1,PUBLIC,gtUEpeKDZjqzoegXC
youtube,sgGl8zjXWlM,view_count,141717,,youtube_public_v1,PUBLIC,gtUEpeKDZjqzoegXC
youtube,sgGl8zjXWlM,like_count,532,,youtube_public_v1,PUBLIC,gtUEpeKDZjqzoegXC
youtube,sgGl8zjXWlM,comment_count,12,,youtube_public_v1,PUBLIC,gtUEpeKDZjqzoegXC
youtube,4j_h1RaVD6g,view_count,49481,,youtube_public_v1,PUBLIC,gtUEpeKDZjqzoegXC
youtube,4j_h1RaVD6g,like_count,1300,,youtube_public_v1,PUBLIC,gtUEpeKDZjqzoegXC
youtube,4j_h1RaVD6g,comment_count,24,,youtube_public_v1,PUBLIC,gtUEpeKDZjqzoegXC
youtube,j91aUtSEejo,view_count,34476,,youtube_public_v1,PUBLIC,gtUEpeKDZjqzoegXC
youtube,j91aUtSEejo,like_count,129,,youtube_public_v1,PUBLIC,gtUEpeKDZjqzoegXC
youtube,j91aUtSEejo,comment_count,4,,youtube_public_v1,PUBLIC,gtUEpeKDZjqzoegXC
youtube,wyg8DmxpVko,view_count,43161,,youtube_public_v1,PUBLIC,gtUEpeKDZjqzoegXC
youtube,wyg8DmxpVko,like_count,129,,youtube_public_v1,PUBLIC,gtUEpeKDZjqzoegXC
youtube,wyg8DmxpVko,comment_count,12,,youtube_public_v1,PUBLIC,gtUEpeKDZjqzoegXC
youtube,qoEaIQJ2xsw,view_count,137339,,youtube_public_v1,PUBLIC,gtUEpeKDZjqzoegXC
youtube,qoEaIQJ2xsw,like_count,531,,youtube_public_v1,PUBLIC,gtUEpeKDZjqzoegXC
youtube,qoEaIQJ2xsw,comment_count,11,,youtube_public_v1,PUBLIC,gtUEpeKDZjqzoegXC
youtube,u5ap3C664B8,view_count,3284390,2026-08-12T14:07:02.326255+07:00,youtube_public_v1,PUBLIC,gtUEpeKDZjqzoegXC
youtube,u5ap3C664B8,like_count,19000,2026-08-12T14:07:02.326255+07:00,youtube_public_v1,PUBLIC,gtUEpeKDZjqzoegXC
youtube,u5ap3C664B8,comment_count,773,2026-08-12T14:07:02.326255+07:00,youtube_public_v1,PUBLIC,gtUEpeKDZjqzoegXC
youtube,IvCPGbaPLXU,view_count,229751,,youtube_public_v1,PUBLIC,gtUEpeKDZjqzoegXC
youtube,IvCPGbaPLXU,like_count,956,,youtube_public_v1,PUBLIC,gtUEpeKDZjqzoegXC
youtube,IvCPGbaPLXU,comment_count,32,,youtube_public_v1,PUBLIC,gtUEpeKDZjqzoegXC
youtube,Ag25boVkK64,view_count,4142945,2026-08-12T14:07:45.529244+07:00,youtube_public_v1,PUBLIC,gtUEpeKDZjqzoegXC
youtube,Ag25boVkK64,like_count,21000,2026-08-12T14:07:45.529244+07:00,youtube_public_v1,PUBLIC,gtUEpeKDZjqzoegXC
youtube,Ag25boVkK64,comment_count,637,2026-08-12T14:07:45.529244+07:00,youtube_public_v1,PUBLIC,gtUEpeKDZjqzoegXC
youtube,-mgDrgTJibU,view_count,16653,,youtube_public_v1,PUBLIC,gtUEpeKDZjqzoegXC
youtube,-mgDrgTJibU,like_count,88,,youtube_public_v1,PUBLIC,gtUEpeKDZjqzoegXC
youtube,-mgDrgTJibU,comment_count,5,,youtube_public_v1,PUBLIC,gtUEpeKDZjqzoegXC
youtube,Xis_o4UNh2Q,view_count,51211,,youtube_public_v1,PUBLIC,gtUEpeKDZjqzoegXC
youtube,Xis_o4UNh2Q,like_count,135,,youtube_public_v1,PUBLIC,gtUEpeKDZjqzoegXC
youtube,Xis_o4UNh2Q,comment_count,0,,youtube_public_v1,PUBLIC,gtUEpeKDZjqzoegXC
youtube,Ngmv5HuiErw,view_count,134544,,youtube_public_v1,PUBLIC,gtUEpeKDZjqzoegXC
youtube,Ngmv5HuiErw,like_count,5300,,youtube_public_v1,PUBLIC,gtUEpeKDZjqzoegXC
youtube,Ngmv5HuiErw,comment_count,21,,youtube_public_v1,PUBLIC,gtUEpeKDZjqzoegXC
youtube,Fw7GP17gTIw,view_count,100386,,youtube_public_v1,PUBLIC,gtUEpeKDZjqzoegXC
youtube,Fw7GP17gTIw,like_count,1800,,youtube_public_v1,PUBLIC,gtUEpeKDZjqzoegXC
youtube,Fw7GP17gTIw,comment_count,13,,youtube_public_v1,PUBLIC,gtUEpeKDZjqzoegXC
youtube,Re7rOdn7u_c,view_count,418,,youtube_public_v1,PUBLIC,gtUEpeKDZjqzoegXC
youtube,Re7rOdn7u_c,like_count,29,,youtube_public_v1,PUBLIC,gtUEpeKDZjqzoegXC
youtube,Re7rOdn7u_c,comment_count,2,,youtube_public_v1,PUBLIC,gtUEpeKDZjqzoegXC
youtube,2tlLddSrwOc,view_count,6134,,youtube_public_v1,PUBLIC,gtUEpeKDZjqzoegXC
youtube,2tlLddSrwOc,like_count,152,,youtube_public_v1,PUBLIC,gtUEpeKDZjqzoegXC
youtube,2tlLddSrwOc,comment_count,0,,youtube_public_v1,PUBLIC,gtUEpeKDZjqzoegXC
youtube,xPXGMqIZ2VM,view_count,763760,,youtube_public_v1,PUBLIC,gtUEpeKDZjqzoegXC
youtube,xPXGMqIZ2VM,like_count,14000,,youtube_public_v1,PUBLIC,gtUEpeKDZjqzoegXC
youtube,xPXGMqIZ2VM,comment_count,41,,youtube_public_v1,PUBLIC,gtUEpeKDZjqzoegXC
youtube,GR3pcpekqV8,view_count,1575549,,youtube_public_v1,PUBLIC,26UrLRL8dy2ICDRO1
youtube,GR3pcpekqV8,like_count,5600,,youtube_public_v1,PUBLIC,26UrLRL8dy2ICDRO1
youtube,GR3pcpekqV8,comment_count,234,,youtube_public_v1,PUBLIC,26UrLRL8dy2ICDRO1
youtube,le50VmLbAWo,view_count,13522582,2026-08-12T18:13:18.566732+07:00,youtube_public_v1,PUBLIC,26UrLRL8dy2ICDRO1
youtube,le50VmLbAWo,like_count,81000,2026-08-12T18:13:18.566732+07:00,youtube_public_v1,PUBLIC,26UrLRL8dy2ICDRO1
youtube,le50VmLbAWo,comment_count,6110,2026-08-12T18:13:18.566732+07:00,youtube_public_v1,PUBLIC,26UrLRL8dy2ICDRO1
youtube,PpbqoPxDqGs,view_count,13768075,2026-08-12T18:13:18.566732+07:00,youtube_public_v1,PUBLIC,26UrLRL8dy2ICDRO1
youtube,PpbqoPxDqGs,like_count,89000,2026-08-12T18:13:18.566732+07:00,youtube_public_v1,PUBLIC,26UrLRL8dy2ICDRO1
youtube,PpbqoPxDqGs,comment_count,7452,2026-08-12T18:13:18.566732+07:00,youtube_public_v1,PUBLIC,26UrLRL8dy2ICDRO1
youtube,SYTJuvKJapk,view_count,482333,,youtube_public_v1,PUBLIC,26UrLRL8dy2ICDRO1
youtube,SYTJuvKJapk,like_count,1400,,youtube_public_v1,PUBLIC,26UrLRL8dy2ICDRO1
youtube,SYTJuvKJapk,comment_count,24,,youtube_public_v1,PUBLIC,26UrLRL8dy2ICDRO1
youtube,mMKDDQzF0xs,view_count,8639294,2026-08-12T18:13:18.566732+07:00,youtube_public_v1,PUBLIC,26UrLRL8dy2ICDRO1
youtube,mMKDDQzF0xs,like_count,79000,2026-08-12T18:13:18.566732+07:00,youtube_public_v1,PUBLIC,26UrLRL8dy2ICDRO1
youtube,mMKDDQzF0xs,comment_count,9982,2026-08-12T18:13:18.566732+07:00,youtube_public_v1,PUBLIC,26UrLRL8dy2ICDRO1
youtube,9u5GQWJuosg,view_count,12580562,2026-08-12T18:13:18.566732+07:00,youtube_public_v1,PUBLIC,26UrLRL8dy2ICDRO1
youtube,9u5GQWJuosg,like_count,84000,2026-08-12T18:13:18.566732+07:00,youtube_public_v1,PUBLIC,26UrLRL8dy2ICDRO1
youtube,9u5GQWJuosg,comment_count,6958,2026-08-12T18:13:18.566732+07:00,youtube_public_v1,PUBLIC,26UrLRL8dy2ICDRO1
youtube,5_ktCUWKhm0,view_count,12293128,2026-08-12T18:13:18.566732+07:00,youtube_public_v1,PUBLIC,26UrLRL8dy2ICDRO1
youtube,5_ktCUWKhm0,like_count,106000,2026-08-12T18:13:18.566732+07:00,youtube_public_v1,PUBLIC,26UrLRL8dy2ICDRO1
youtube,5_ktCUWKhm0,comment_count,6786,2026-08-12T18:13:18.566732+07:00,youtube_public_v1,PUBLIC,26UrLRL8dy2ICDRO1
youtube,EmiVdAgyWo4,view_count,14490169,,youtube_public_v1,PUBLIC,26UrLRL8dy2ICDRO1
youtube,EmiVdAgyWo4,like_count,220000,,youtube_public_v1,PUBLIC,26UrLRL8dy2ICDRO1
youtube,EmiVdAgyWo4,comment_count,39472,,youtube_public_v1,PUBLIC,26UrLRL8dy2ICDRO1
youtube,Fic6G1xIOWY,view_count,34841,,youtube_public_v1,PUBLIC,26UrLRL8dy2ICDRO1
youtube,Fic6G1xIOWY,like_count,777,,youtube_public_v1,PUBLIC,26UrLRL8dy2ICDRO1
youtube,Fic6G1xIOWY,comment_count,2,,youtube_public_v1,PUBLIC,26UrLRL8dy2ICDRO1
youtube,yaKuocmTChc,view_count,12083,,youtube_public_v1,PUBLIC,26UrLRL8dy2ICDRO1
youtube,yaKuocmTChc,like_count,211,,youtube_public_v1,PUBLIC,26UrLRL8dy2ICDRO1
youtube,yaKuocmTChc,comment_count,5,,youtube_public_v1,PUBLIC,26UrLRL8dy2ICDRO1
youtube,ltGl-SEY130,view_count,43775,,youtube_public_v1,PUBLIC,x0ptNCYMJyCqHtxym
youtube,ltGl-SEY130,like_count,930,,youtube_public_v1,PUBLIC,x0ptNCYMJyCqHtxym
youtube,ltGl-SEY130,comment_count,3,,youtube_public_v1,PUBLIC,x0ptNCYMJyCqHtxym
youtube,dZkke7N4K04,view_count,4632,,youtube_public_v1,PUBLIC,D4kksrNlXZSWb6f7S
youtube,dZkke7N4K04,like_count,104,,youtube_public_v1,PUBLIC,D4kksrNlXZSWb6f7S
youtube,dZkke7N4K04,comment_count,2,,youtube_public_v1,PUBLIC,D4kksrNlXZSWb6f7S
youtube,D20xHWYvUqA,view_count,5391,,youtube_public_v1,PUBLIC,26UrLRL8dy2ICDRO1
youtube,D20xHWYvUqA,like_count,185,,youtube_public_v1,PUBLIC,26UrLRL8dy2ICDRO1
youtube,D20xHWYvUqA,comment_count,3,,youtube_public_v1,PUBLIC,26UrLRL8dy2ICDRO1
youtube,EgLAnGLCpAM,view_count,11657,,youtube_public_v1,PUBLIC,26UrLRL8dy2ICDRO1
youtube,EgLAnGLCpAM,like_count,255,,youtube_public_v1,PUBLIC,26UrLRL8dy2ICDRO1
youtube,EgLAnGLCpAM,comment_count,4,,youtube_public_v1,PUBLIC,26UrLRL8dy2ICDRO1
youtube,xF6nXB4ydCs,view_count,16195094,2026-08-12T18:13:18.566732+07:00,youtube_public_v1,PUBLIC,26UrLRL8dy2ICDRO1
youtube,xF6nXB4ydCs,like_count,119000,2026-08-12T18:13:18.566732+07:00,youtube_public_v1,PUBLIC,26UrLRL8dy2ICDRO1
youtube,xF6nXB4ydCs,comment_count,9648,2026-08-12T18:13:18.566732+07:00,youtube_public_v1,PUBLIC,26UrLRL8dy2ICDRO1
youtube,MGLBtHKC7Ho,view_count,158647,,youtube_public_v1,PUBLIC,26UrLRL8dy2ICDRO1
youtube,MGLBtHKC7Ho,like_count,2000,,youtube_public_v1,PUBLIC,26UrLRL8dy2ICDRO1
youtube,MGLBtHKC7Ho,comment_count,19,,youtube_public_v1,PUBLIC,26UrLRL8dy2ICDRO1
youtube,311H3L8Sxes,view_count,1307,,youtube_public_v1,PUBLIC,26UrLRL8dy2ICDRO1
youtube,311H3L8Sxes,like_count,16,,youtube_public_v1,PUBLIC,26UrLRL8dy2ICDRO1
youtube,311H3L8Sxes,comment_count,0,,youtube_public_v1,PUBLIC,26UrLRL8dy2ICDRO1
youtube,MxfMpwyS3mQ,view_count,41831,,youtube_public_v1,PUBLIC,26UrLRL8dy2ICDRO1
youtube,MxfMpwyS3mQ,like_count,745,,youtube_public_v1,PUBLIC,26UrLRL8dy2ICDRO1
youtube,MxfMpwyS3mQ,comment_count,8,,youtube_public_v1,PUBLIC,26UrLRL8dy2ICDRO1
youtube,30rh8aPgprg,view_count,12414,,youtube_public_v1,PUBLIC,26UrLRL8dy2ICDRO1
youtube,30rh8aPgprg,like_count,280,,youtube_public_v1,PUBLIC,26UrLRL8dy2ICDRO1
youtube,30rh8aPgprg,comment_count,2,,youtube_public_v1,PUBLIC,26UrLRL8dy2ICDRO1
youtube,S1idNPG1nIM,view_count,12968,,youtube_public_v1,PUBLIC,26UrLRL8dy2ICDRO1
youtube,S1idNPG1nIM,like_count,391,,youtube_public_v1,PUBLIC,26UrLRL8dy2ICDRO1
youtube,S1idNPG1nIM,comment_count,2,,youtube_public_v1,PUBLIC,26UrLRL8dy2ICDRO1
youtube,YsTL3ZF37_I,view_count,13461441,2026-08-12T18:13:18.566732+07:00,youtube_public_v1,PUBLIC,26UrLRL8dy2ICDRO1
youtube,YsTL3ZF37_I,like_count,88000,2026-08-12T18:13:18.566732+07:00,youtube_public_v1,PUBLIC,26UrLRL8dy2ICDRO1
youtube,YsTL3ZF37_I,comment_count,6921,2026-08-12T18:13:18.566732+07:00,youtube_public_v1,PUBLIC,26UrLRL8dy2ICDRO1
youtube,W49PJzLo014,view_count,28976,,youtube_public_v1,PUBLIC,x0ptNCYMJyCqHtxym
youtube,W49PJzLo014,like_count,401,,youtube_public_v1,PUBLIC,x0ptNCYMJyCqHtxym
youtube,W49PJzLo014,comment_count,5,,youtube_public_v1,PUBLIC,x0ptNCYMJyCqHtxym
youtube,OhmPTx-Mu3Q,view_count,43926,,youtube_public_v1,PUBLIC,x0ptNCYMJyCqHtxym
youtube,OhmPTx-Mu3Q,like_count,642,,youtube_public_v1,PUBLIC,x0ptNCYMJyCqHtxym
youtube,OhmPTx-Mu3Q,comment_count,8,,youtube_public_v1,PUBLIC,x0ptNCYMJyCqHtxym
youtube,vJET2sNu4Cg,view_count,23448,,youtube_public_v1,PUBLIC,x0ptNCYMJyCqHtxym
youtube,vJET2sNu4Cg,like_count,470,,youtube_public_v1,PUBLIC,x0ptNCYMJyCqHtxym
youtube,vJET2sNu4Cg,comment_count,0,,youtube_public_v1,PUBLIC,x0ptNCYMJyCqHtxym
youtube,a4MXh68Ey5I,view_count,71756,,youtube_public_v1,PUBLIC,26UrLRL8dy2ICDRO1
youtube,a4MXh68Ey5I,like_count,1400,,youtube_public_v1,PUBLIC,26UrLRL8dy2ICDRO1
youtube,a4MXh68Ey5I,comment_count,20,,youtube_public_v1,PUBLIC,26UrLRL8dy2ICDRO1
youtube,wa9eMxqHtdk,view_count,1029271,,youtube_public_v1,PUBLIC,26UrLRL8dy2ICDRO1
youtube,wa9eMxqHtdk,like_count,2900,,youtube_public_v1,PUBLIC,26UrLRL8dy2ICDRO1
youtube,wa9eMxqHtdk,comment_count,118,,youtube_public_v1,PUBLIC,26UrLRL8dy2ICDRO1
youtube,auqRrkelXew,view_count,33898,,youtube_public_v1,PUBLIC,26UrLRL8dy2ICDRO1
youtube,auqRrkelXew,like_count,613,,youtube_public_v1,PUBLIC,26UrLRL8dy2ICDRO1
youtube,auqRrkelXew,comment_count,3,,youtube_public_v1,PUBLIC,26UrLRL8dy2ICDRO1
youtube,s6xIFLK5ASA,view_count,221584,,youtube_public_v1,PUBLIC,26UrLRL8dy2ICDRO1
youtube,s6xIFLK5ASA,like_count,6100,,youtube_public_v1,PUBLIC,26UrLRL8dy2ICDRO1
youtube,s6xIFLK5ASA,comment_count,17,,youtube_public_v1,PUBLIC,26UrLRL8dy2ICDRO1
youtube,Zce0sdRqheI,view_count,20935,,youtube_public_v1,PUBLIC,26UrLRL8dy2ICDRO1
youtube,Zce0sdRqheI,like_count,336,,youtube_public_v1,PUBLIC,26UrLRL8dy2ICDRO1
youtube,Zce0sdRqheI,comment_count,3,,youtube_public_v1,PUBLIC,26UrLRL8dy2ICDRO1
youtube,EzXHziIvwHY,view_count,227119,,youtube_public_v1,PUBLIC,26UrLRL8dy2ICDRO1
youtube,EzXHziIvwHY,like_count,653,,youtube_public_v1,PUBLIC,26UrLRL8dy2ICDRO1
youtube,EzXHziIvwHY,comment_count,6,,youtube_public_v1,PUBLIC,26UrLRL8dy2ICDRO1
youtube,13z7reG2LIU,view_count,25762,,youtube_public_v1,PUBLIC,26UrLRL8dy2ICDRO1
youtube,13z7reG2LIU,like_count,410,,youtube_public_v1,PUBLIC,26UrLRL8dy2ICDRO1
youtube,13z7reG2LIU,comment_count,8,,youtube_public_v1,PUBLIC,26UrLRL8dy2ICDRO1
youtube,-cITqIrVmBY,view_count,13446192,2026-08-12T18:13:18.566732+07:00,youtube_public_v1,PUBLIC,26UrLRL8dy2ICDRO1
youtube,-cITqIrVmBY,like_count,95000,2026-08-12T18:13:18.566732+07:00,youtube_public_v1,PUBLIC,26UrLRL8dy2ICDRO1
youtube,-cITqIrVmBY,comment_count,8886,2026-08-12T18:13:18.566732+07:00,youtube_public_v1,PUBLIC,26UrLRL8dy2ICDRO1
youtube,vTiaRDsTqjs,view_count,1081728,,youtube_public_v1,PUBLIC,26UrLRL8dy2ICDRO1
youtube,vTiaRDsTqjs,like_count,3900,,youtube_public_v1,PUBLIC,26UrLRL8dy2ICDRO1
youtube,vTiaRDsTqjs,comment_count,74,,youtube_public_v1,PUBLIC,26UrLRL8dy2ICDRO1
youtube,Zlw3jcHHTZc,view_count,47691,,youtube_public_v1,PUBLIC,26UrLRL8dy2ICDRO1
youtube,Zlw3jcHHTZc,like_count,943,,youtube_public_v1,PUBLIC,26UrLRL8dy2ICDRO1
youtube,Zlw3jcHHTZc,comment_count,9,,youtube_public_v1,PUBLIC,26UrLRL8dy2ICDRO1
youtube,B4m_Cbu2jdw,view_count,91053,,youtube_public_v1,PUBLIC,26UrLRL8dy2ICDRO1
youtube,B4m_Cbu2jdw,like_count,1500,,youtube_public_v1,PUBLIC,26UrLRL8dy2ICDRO1
youtube,B4m_Cbu2jdw,comment_count,12,,youtube_public_v1,PUBLIC,26UrLRL8dy2ICDRO1
youtube,ouF7D_jZyQU,view_count,12877565,2026-08-12T18:13:18.566732+07:00,youtube_public_v1,PUBLIC,26UrLRL8dy2ICDRO1
youtube,ouF7D_jZyQU,like_count,83000,2026-08-12T18:13:18.566732+07:00,youtube_public_v1,PUBLIC,26UrLRL8dy2ICDRO1
youtube,ouF7D_jZyQU,comment_count,5754,2026-08-12T18:13:18.566732+07:00,youtube_public_v1,PUBLIC,26UrLRL8dy2ICDRO1
youtube,5bq15F-Sueo,view_count,4463,,youtube_public_v1,PUBLIC,26UrLRL8dy2ICDRO1
youtube,5bq15F-Sueo,like_count,137,,youtube_public_v1,PUBLIC,26UrLRL8dy2ICDRO1
youtube,5bq15F-Sueo,comment_count,2,,youtube_public_v1,PUBLIC,26UrLRL8dy2ICDRO1
youtube,MFb4L4Mj9rg,view_count,253504,,youtube_public_v1,PUBLIC,26UrLRL8dy2ICDRO1
youtube,MFb4L4Mj9rg,like_count,2200,,youtube_public_v1,PUBLIC,26UrLRL8dy2ICDRO1
youtube,MFb4L4Mj9rg,comment_count,221,,youtube_public_v1,PUBLIC,26UrLRL8dy2ICDRO1
youtube,42c2bsDKOX0,view_count,11907758,2026-08-12T14:10:45.752604+07:00,youtube_public_v1,PUBLIC,26UrLRL8dy2ICDRO1
youtube,42c2bsDKOX0,like_count,78000,2026-08-12T14:10:45.752604+07:00,youtube_public_v1,PUBLIC,26UrLRL8dy2ICDRO1
youtube,42c2bsDKOX0,comment_count,7168,2026-08-12T14:10:45.752604+07:00,youtube_public_v1,PUBLIC,26UrLRL8dy2ICDRO1
youtube,BtleLdyOuyg,view_count,1032063,,youtube_public_v1,PUBLIC,26UrLRL8dy2ICDRO1
youtube,BtleLdyOuyg,like_count,2800,,youtube_public_v1,PUBLIC,26UrLRL8dy2ICDRO1
youtube,BtleLdyOuyg,comment_count,87,,youtube_public_v1,PUBLIC,26UrLRL8dy2ICDRO1
youtube,lwQYkwVCdbo,view_count,3619834,,youtube_public_v1,PUBLIC,x0ptNCYMJyCqHtxym
youtube,lwQYkwVCdbo,like_count,39000,,youtube_public_v1,PUBLIC,x0ptNCYMJyCqHtxym
youtube,lwQYkwVCdbo,comment_count,4737,,youtube_public_v1,PUBLIC,x0ptNCYMJyCqHtxym
youtube,3NMr0tF_l-0,view_count,12504158,2026-08-12T14:10:45.752604+07:00,youtube_public_v1,PUBLIC,26UrLRL8dy2ICDRO1
youtube,3NMr0tF_l-0,like_count,100000,2026-08-12T14:10:45.752604+07:00,youtube_public_v1,PUBLIC,26UrLRL8dy2ICDRO1
youtube,3NMr0tF_l-0,comment_count,7213,2026-08-12T14:10:45.752604+07:00,youtube_public_v1,PUBLIC,26UrLRL8dy2ICDRO1
youtube,5VzWESQw-as,view_count,12917228,2026-08-12T18:13:18.566732+07:00,youtube_public_v1,PUBLIC,26UrLRL8dy2ICDRO1
youtube,5VzWESQw-as,like_count,82000,2026-08-12T18:13:18.566732+07:00,youtube_public_v1,PUBLIC,26UrLRL8dy2ICDRO1
youtube,5VzWESQw-as,comment_count,5681,2026-08-12T18:13:18.566732+07:00,youtube_public_v1,PUBLIC,26UrLRL8dy2ICDRO1
youtube,1ktDyiyfgbM,view_count,222192,,youtube_public_v1,PUBLIC,j81VOvB4t2OqvzWsK
youtube,1ktDyiyfgbM,like_count,2600,,youtube_public_v1,PUBLIC,j81VOvB4t2OqvzWsK
youtube,1ktDyiyfgbM,comment_count,159,,youtube_public_v1,PUBLIC,j81VOvB4t2OqvzWsK
youtube,qh6uD_pmDDI,view_count,7305098,,youtube_public_v1,PUBLIC,D4kksrNlXZSWb6f7S
youtube,qh6uD_pmDDI,like_count,74000,,youtube_public_v1,PUBLIC,D4kksrNlXZSWb6f7S
youtube,qh6uD_pmDDI,comment_count,4212,,youtube_public_v1,PUBLIC,D4kksrNlXZSWb6f7S
youtube,i1KU8adicF0,view_count,13988892,2026-08-12T14:10:45.752604+07:00,youtube_public_v1,PUBLIC,26UrLRL8dy2ICDRO1
youtube,i1KU8adicF0,like_count,119000,2026-08-12T14:10:45.752604+07:00,youtube_public_v1,PUBLIC,26UrLRL8dy2ICDRO1
youtube,i1KU8adicF0,comment_count,10476,2026-08-12T14:10:45.752604+07:00,youtube_public_v1,PUBLIC,26UrLRL8dy2ICDRO1
youtube,bTa6ECwJyoE,view_count,13326096,2026-08-12T14:10:45.752604+07:00,youtube_public_v1,PUBLIC,26UrLRL8dy2ICDRO1
youtube,bTa6ECwJyoE,like_count,101000,2026-08-12T14:10:45.752604+07:00,youtube_public_v1,PUBLIC,26UrLRL8dy2ICDRO1
youtube,bTa6ECwJyoE,comment_count,8484,2026-08-12T14:10:45.752604+07:00,youtube_public_v1,PUBLIC,26UrLRL8dy2ICDRO1
youtube,QEEbFedo_AY,view_count,168924,,youtube_public_v1,PUBLIC,26UrLRL8dy2ICDRO1
youtube,QEEbFedo_AY,like_count,1100,,youtube_public_v1,PUBLIC,26UrLRL8dy2ICDRO1
youtube,QEEbFedo_AY,comment_count,38,,youtube_public_v1,PUBLIC,26UrLRL8dy2ICDRO1
youtube,w7tUGRlGow0,view_count,704489,,youtube_public_v1,PUBLIC,j81VOvB4t2OqvzWsK
youtube,w7tUGRlGow0,like_count,2100,,youtube_public_v1,PUBLIC,j81VOvB4t2OqvzWsK
youtube,w7tUGRlGow0,comment_count,89,,youtube_public_v1,PUBLIC,j81VOvB4t2OqvzWsK
youtube,f2uherXaYuk,view_count,33132,,youtube_public_v1,PUBLIC,j81VOvB4t2OqvzWsK
youtube,f2uherXaYuk,like_count,711,,youtube_public_v1,PUBLIC,j81VOvB4t2OqvzWsK
youtube,f2uherXaYuk,comment_count,4,,youtube_public_v1,PUBLIC,j81VOvB4t2OqvzWsK
youtube,b4TS3IpYqZ0,view_count,797796,,youtube_public_v1,PUBLIC,x0ptNCYMJyCqHtxym
youtube,b4TS3IpYqZ0,like_count,2300,,youtube_public_v1,PUBLIC,x0ptNCYMJyCqHtxym
youtube,b4TS3IpYqZ0,comment_count,60,,youtube_public_v1,PUBLIC,x0ptNCYMJyCqHtxym
youtube,Qt4cq0V6VLc,view_count,34096,,youtube_public_v1,PUBLIC,26UrLRL8dy2ICDRO1
youtube,Qt4cq0V6VLc,like_count,580,,youtube_public_v1,PUBLIC,26UrLRL8dy2ICDRO1
youtube,Qt4cq0V6VLc,comment_count,4,,youtube_public_v1,PUBLIC,26UrLRL8dy2ICDRO1
youtube,CaXtP54Oqs4,view_count,93910,,youtube_public_v1,PUBLIC,26UrLRL8dy2ICDRO1
youtube,CaXtP54Oqs4,like_count,1300,,youtube_public_v1,PUBLIC,26UrLRL8dy2ICDRO1
youtube,CaXtP54Oqs4,comment_count,13,,youtube_public_v1,PUBLIC,26UrLRL8dy2ICDRO1
youtube,IBNGFfte35I,view_count,13947,,youtube_public_v1,PUBLIC,x0ptNCYMJyCqHtxym
youtube,IBNGFfte35I,like_count,286,,youtube_public_v1,PUBLIC,x0ptNCYMJyCqHtxym
youtube,IBNGFfte35I,comment_count,1,,youtube_public_v1,PUBLIC,x0ptNCYMJyCqHtxym
youtube,4bZCJeYucGM,view_count,9841937,2026-08-12T18:25:06.380679+07:00,youtube_public_v1,PUBLIC,D4kksrNlXZSWb6f7S
youtube,4bZCJeYucGM,like_count,83000,2026-08-12T18:25:06.380679+07:00,youtube_public_v1,PUBLIC,D4kksrNlXZSWb6f7S
youtube,4bZCJeYucGM,comment_count,6314,2026-08-12T18:25:06.380679+07:00,youtube_public_v1,PUBLIC,D4kksrNlXZSWb6f7S
youtube,m7R-QiJ2eB8,view_count,5758693,,youtube_public_v1,PUBLIC,26UrLRL8dy2ICDRO1
youtube,m7R-QiJ2eB8,like_count,48000,,youtube_public_v1,PUBLIC,26UrLRL8dy2ICDRO1
youtube,m7R-QiJ2eB8,comment_count,3325,,youtube_public_v1,PUBLIC,26UrLRL8dy2ICDRO1
youtube,aJePrr0wR9E,view_count,142113,,youtube_public_v1,PUBLIC,x0ptNCYMJyCqHtxym
youtube,aJePrr0wR9E,like_count,6200,,youtube_public_v1,PUBLIC,x0ptNCYMJyCqHtxym
youtube,aJePrr0wR9E,comment_count,95,,youtube_public_v1,PUBLIC,x0ptNCYMJyCqHtxym
youtube,o0MsP5JGn7I,view_count,31290,,youtube_public_v1,PUBLIC,26UrLRL8dy2ICDRO1
youtube,o0MsP5JGn7I,like_count,340,,youtube_public_v1,PUBLIC,26UrLRL8dy2ICDRO1
youtube,o0MsP5JGn7I,comment_count,11,,youtube_public_v1,PUBLIC,26UrLRL8dy2ICDRO1
youtube,zZI9uySEIYI,view_count,11535558,,youtube_public_v1,PUBLIC,x0ptNCYMJyCqHtxym
youtube,zZI9uySEIYI,like_count,127000,,youtube_public_v1,PUBLIC,x0ptNCYMJyCqHtxym
youtube,zZI9uySEIYI,comment_count,18231,,youtube_public_v1,PUBLIC,x0ptNCYMJyCqHtxym
youtube,3gMEWBrl0dg,view_count,704632,,youtube_public_v1,PUBLIC,x0ptNCYMJyCqHtxym
youtube,3gMEWBrl0dg,like_count,1900,,youtube_public_v1,PUBLIC,x0ptNCYMJyCqHtxym
youtube,3gMEWBrl0dg,comment_count,29,,youtube_public_v1,PUBLIC,x0ptNCYMJyCqHtxym
youtube,c8yxzQ0MUmc,view_count,699534,,youtube_public_v1,PUBLIC,x0ptNCYMJyCqHtxym
youtube,c8yxzQ0MUmc,like_count,2100,,youtube_public_v1,PUBLIC,x0ptNCYMJyCqHtxym
youtube,c8yxzQ0MUmc,comment_count,70,,youtube_public_v1,PUBLIC,x0ptNCYMJyCqHtxym
youtube,7KT7fcaw5kM,view_count,418186,,youtube_public_v1,PUBLIC,26UrLRL8dy2ICDRO1
youtube,7KT7fcaw5kM,like_count,1000,,youtube_public_v1,PUBLIC,26UrLRL8dy2ICDRO1
youtube,7KT7fcaw5kM,comment_count,40,,youtube_public_v1,PUBLIC,26UrLRL8dy2ICDRO1
youtube,yA2an5Sd3QQ,view_count,23884,,youtube_public_v1,PUBLIC,x0ptNCYMJyCqHtxym
youtube,yA2an5Sd3QQ,like_count,485,,youtube_public_v1,PUBLIC,x0ptNCYMJyCqHtxym
youtube,yA2an5Sd3QQ,comment_count,3,,youtube_public_v1,PUBLIC,x0ptNCYMJyCqHtxym
youtube,nvgYyEMA_ro,view_count,27831,,youtube_public_v1,PUBLIC,j81VOvB4t2OqvzWsK
youtube,nvgYyEMA_ro,like_count,581,,youtube_public_v1,PUBLIC,j81VOvB4t2OqvzWsK
youtube,nvgYyEMA_ro,comment_count,1,,youtube_public_v1,PUBLIC,j81VOvB4t2OqvzWsK
youtube,bd8kw8kNEvI,view_count,51728,,youtube_public_v1,PUBLIC,x0ptNCYMJyCqHtxym
youtube,bd8kw8kNEvI,like_count,671,,youtube_public_v1,PUBLIC,x0ptNCYMJyCqHtxym
youtube,bd8kw8kNEvI,comment_count,4,,youtube_public_v1,PUBLIC,x0ptNCYMJyCqHtxym
youtube,kb4ax_CsnI0,view_count,30701,,youtube_public_v1,PUBLIC,x0ptNCYMJyCqHtxym
youtube,kb4ax_CsnI0,like_count,593,,youtube_public_v1,PUBLIC,x0ptNCYMJyCqHtxym
youtube,kb4ax_CsnI0,comment_count,3,,youtube_public_v1,PUBLIC,x0ptNCYMJyCqHtxym
youtube,r2o-dHhfjl8,view_count,1472596,,youtube_public_v1,PUBLIC,x0ptNCYMJyCqHtxym
youtube,r2o-dHhfjl8,like_count,16000,,youtube_public_v1,PUBLIC,x0ptNCYMJyCqHtxym
youtube,r2o-dHhfjl8,comment_count,223,,youtube_public_v1,PUBLIC,x0ptNCYMJyCqHtxym
youtube,HaLEoUWfEpM,view_count,22566,,youtube_public_v1,PUBLIC,j81VOvB4t2OqvzWsK
youtube,HaLEoUWfEpM,like_count,549,,youtube_public_v1,PUBLIC,j81VOvB4t2OqvzWsK
youtube,HaLEoUWfEpM,comment_count,3,,youtube_public_v1,PUBLIC,j81VOvB4t2OqvzWsK
youtube,hHsQ2RdOqoc,view_count,334,,youtube_public_v1,PUBLIC,D4kksrNlXZSWb6f7S
youtube,hHsQ2RdOqoc,like_count,13,,youtube_public_v1,PUBLIC,D4kksrNlXZSWb6f7S
youtube,hHsQ2RdOqoc,comment_count,0,,youtube_public_v1,PUBLIC,D4kksrNlXZSWb6f7S
youtube,GJ9g5QHU-D4,view_count,735,,youtube_public_v1,PUBLIC,26UrLRL8dy2ICDRO1
youtube,GJ9g5QHU-D4,like_count,5,,youtube_public_v1,PUBLIC,26UrLRL8dy2ICDRO1
youtube,GJ9g5QHU-D4,comment_count,0,,youtube_public_v1,PUBLIC,26UrLRL8dy2ICDRO1
youtube,jSCVuuaALBc,view_count,80267,,youtube_public_v1,PUBLIC,x0ptNCYMJyCqHtxym
youtube,jSCVuuaALBc,like_count,1300,,youtube_public_v1,PUBLIC,x0ptNCYMJyCqHtxym
youtube,jSCVuuaALBc,comment_count,10,,youtube_public_v1,PUBLIC,x0ptNCYMJyCqHtxym
youtube,fic-kF8LkkE,view_count,121953,,youtube_public_v1,PUBLIC,26UrLRL8dy2ICDRO1
youtube,fic-kF8LkkE,like_count,1400,,youtube_public_v1,PUBLIC,26UrLRL8dy2ICDRO1
youtube,fic-kF8LkkE,comment_count,13,,youtube_public_v1,PUBLIC,26UrLRL8dy2ICDRO1
youtube,Y0tpXolHzLI,view_count,61934,,youtube_public_v1,PUBLIC,26UrLRL8dy2ICDRO1
youtube,Y0tpXolHzLI,like_count,830,,youtube_public_v1,PUBLIC,26UrLRL8dy2ICDRO1
youtube,Y0tpXolHzLI,comment_count,5,,youtube_public_v1,PUBLIC,26UrLRL8dy2ICDRO1
youtube,VNsBKPN22XQ,view_count,24946,,youtube_public_v1,PUBLIC,26UrLRL8dy2ICDRO1
youtube,VNsBKPN22XQ,like_count,495,,youtube_public_v1,PUBLIC,26UrLRL8dy2ICDRO1
youtube,VNsBKPN22XQ,comment_count,1,,youtube_public_v1,PUBLIC,26UrLRL8dy2ICDRO1
youtube,XwjqICFdUzo,view_count,234,,youtube_public_v1,PUBLIC,j81VOvB4t2OqvzWsK
youtube,XwjqICFdUzo,like_count,1,,youtube_public_v1,PUBLIC,j81VOvB4t2OqvzWsK
youtube,XwjqICFdUzo,comment_count,0,,youtube_public_v1,PUBLIC,j81VOvB4t2OqvzWsK
youtube,1sl9Ko9Jalo,view_count,57992,,youtube_public_v1,PUBLIC,D4kksrNlXZSWb6f7S
youtube,1sl9Ko9Jalo,like_count,1300,,youtube_public_v1,PUBLIC,D4kksrNlXZSWb6f7S
youtube,1sl9Ko9Jalo,comment_count,12,,youtube_public_v1,PUBLIC,D4kksrNlXZSWb6f7S
youtube,pMp6dAlTXT0,view_count,17881973,2026-08-12T18:13:18.566732+07:00,youtube_public_v1,PUBLIC,26UrLRL8dy2ICDRO1
youtube,pMp6dAlTXT0,like_count,161000,2026-08-12T18:13:18.566732+07:00,youtube_public_v1,PUBLIC,26UrLRL8dy2ICDRO1
youtube,pMp6dAlTXT0,comment_count,12074,2026-08-12T18:13:18.566732+07:00,youtube_public_v1,PUBLIC,26UrLRL8dy2ICDRO1
youtube,SlcSOyrtvfo,view_count,11948738,2026-08-12T14:10:45.752604+07:00,youtube_public_v1,PUBLIC,26UrLRL8dy2ICDRO1
youtube,SlcSOyrtvfo,like_count,75000,2026-08-12T14:10:45.752604+07:00,youtube_public_v1,PUBLIC,26UrLRL8dy2ICDRO1
youtube,SlcSOyrtvfo,comment_count,5399,2026-08-12T14:10:45.752604+07:00,youtube_public_v1,PUBLIC,26UrLRL8dy2ICDRO1
youtube,WYY2C3p6dWU,view_count,18,,youtube_public_v1,PUBLIC,j81VOvB4t2OqvzWsK
youtube,WYY2C3p6dWU,like_count,1,,youtube_public_v1,PUBLIC,j81VOvB4t2OqvzWsK
youtube,WYY2C3p6dWU,comment_count,0,,youtube_public_v1,PUBLIC,j81VOvB4t2OqvzWsK
youtube,L5_WKB47zDY,view_count,20654,,youtube_public_v1,PUBLIC,26UrLRL8dy2ICDRO1
youtube,L5_WKB47zDY,like_count,500,,youtube_public_v1,PUBLIC,26UrLRL8dy2ICDRO1
youtube,L5_WKB47zDY,comment_count,4,,youtube_public_v1,PUBLIC,26UrLRL8dy2ICDRO1
youtube,6ogscPkfWXc,view_count,60,,youtube_public_v1,PUBLIC,j81VOvB4t2OqvzWsK
youtube,6ogscPkfWXc,like_count,1,,youtube_public_v1,PUBLIC,j81VOvB4t2OqvzWsK
youtube,6ogscPkfWXc,comment_count,0,,youtube_public_v1,PUBLIC,j81VOvB4t2OqvzWsK
youtube,uu4j1B2mapY,view_count,62822,,youtube_public_v1,PUBLIC,D4kksrNlXZSWb6f7S
youtube,uu4j1B2mapY,like_count,1000,,youtube_public_v1,PUBLIC,D4kksrNlXZSWb6f7S
youtube,uu4j1B2mapY,comment_count,10,,youtube_public_v1,PUBLIC,D4kksrNlXZSWb6f7S
youtube,ns_JulP3Kmg,view_count,63784,,youtube_public_v1,PUBLIC,26UrLRL8dy2ICDRO1
youtube,ns_JulP3Kmg,like_count,814,,youtube_public_v1,PUBLIC,26UrLRL8dy2ICDRO1
youtube,ns_JulP3Kmg,comment_count,3,,youtube_public_v1,PUBLIC,26UrLRL8dy2ICDRO1
youtube,RpHf0H9ciYU,view_count,196652,,youtube_public_v1,PUBLIC,D4kksrNlXZSWb6f7S
youtube,RpHf0H9ciYU,like_count,6800,,youtube_public_v1,PUBLIC,D4kksrNlXZSWb6f7S
youtube,RpHf0H9ciYU,comment_count,78,,youtube_public_v1,PUBLIC,D4kksrNlXZSWb6f7S
youtube,6Hm8I4EBCog,view_count,86924,,youtube_public_v1,PUBLIC,j81VOvB4t2OqvzWsK
youtube,6Hm8I4EBCog,like_count,3200,,youtube_public_v1,PUBLIC,j81VOvB4t2OqvzWsK
youtube,6Hm8I4EBCog,comment_count,19,,youtube_public_v1,PUBLIC,j81VOvB4t2OqvzWsK
youtube,5yA9nPzl90c,view_count,103763,,youtube_public_v1,PUBLIC,j81VOvB4t2OqvzWsK
youtube,5yA9nPzl90c,like_count,1300,,youtube_public_v1,PUBLIC,j81VOvB4t2OqvzWsK
youtube,5yA9nPzl90c,comment_count,9,,youtube_public_v1,PUBLIC,j81VOvB4t2OqvzWsK
youtube,j9gurENiHNE,view_count,42297,,youtube_public_v1,PUBLIC,j81VOvB4t2OqvzWsK
youtube,j9gurENiHNE,like_count,1500,,youtube_public_v1,PUBLIC,j81VOvB4t2OqvzWsK
youtube,j9gurENiHNE,comment_count,10,,youtube_public_v1,PUBLIC,j81VOvB4t2OqvzWsK
youtube,gvO4l50mKKc,view_count,14177756,2026-08-12T18:13:18.566732+07:00,youtube_public_v1,PUBLIC,26UrLRL8dy2ICDRO1
youtube,gvO4l50mKKc,like_count,101000,2026-08-12T18:13:18.566732+07:00,youtube_public_v1,PUBLIC,26UrLRL8dy2ICDRO1
youtube,gvO4l50mKKc,comment_count,9706,2026-08-12T18:13:18.566732+07:00,youtube_public_v1,PUBLIC,26UrLRL8dy2ICDRO1
youtube,p3GbaQXEnqE,view_count,147195,,youtube_public_v1,PUBLIC,26UrLRL8dy2ICDRO1
youtube,p3GbaQXEnqE,like_count,1400,,youtube_public_v1,PUBLIC,26UrLRL8dy2ICDRO1
youtube,p3GbaQXEnqE,comment_count,45,,youtube_public_v1,PUBLIC,26UrLRL8dy2ICDRO1
youtube,wd4VnpgoTrE,view_count,11211020,,youtube_public_v1,PUBLIC,j81VOvB4t2OqvzWsK
youtube,wd4VnpgoTrE,like_count,130000,,youtube_public_v1,PUBLIC,j81VOvB4t2OqvzWsK
youtube,wd4VnpgoTrE,comment_count,16910,,youtube_public_v1,PUBLIC,j81VOvB4t2OqvzWsK
youtube,eab4it3virI,view_count,1008,,youtube_public_v1,PUBLIC,26UrLRL8dy2ICDRO1
youtube,eab4it3virI,like_count,10,,youtube_public_v1,PUBLIC,26UrLRL8dy2ICDRO1
youtube,eab4it3virI,comment_count,1,,youtube_public_v1,PUBLIC,26UrLRL8dy2ICDRO1
youtube,NLi8v3T6YtA,view_count,42606,,youtube_public_v1,PUBLIC,j81VOvB4t2OqvzWsK
youtube,NLi8v3T6YtA,like_count,853,,youtube_public_v1,PUBLIC,j81VOvB4t2OqvzWsK
youtube,NLi8v3T6YtA,comment_count,48,,youtube_public_v1,PUBLIC,j81VOvB4t2OqvzWsK
youtube,oRDkZrRHVSQ,view_count,975406,,youtube_public_v1,PUBLIC,26UrLRL8dy2ICDRO1
youtube,oRDkZrRHVSQ,like_count,10000,,youtube_public_v1,PUBLIC,26UrLRL8dy2ICDRO1
youtube,oRDkZrRHVSQ,comment_count,338,,youtube_public_v1,PUBLIC,26UrLRL8dy2ICDRO1
youtube,epqVYZiOdKM,view_count,1,,youtube_public_v1,PUBLIC,j81VOvB4t2OqvzWsK
youtube,epqVYZiOdKM,like_count,0,,youtube_public_v1,PUBLIC,j81VOvB4t2OqvzWsK
youtube,epqVYZiOdKM,comment_count,0,,youtube_public_v1,PUBLIC,j81VOvB4t2OqvzWsK
youtube,HpZOBQ1XwYw,view_count,989068,,youtube_public_v1,PUBLIC,26UrLRL8dy2ICDRO1
youtube,HpZOBQ1XwYw,like_count,3100,,youtube_public_v1,PUBLIC,26UrLRL8dy2ICDRO1
youtube,HpZOBQ1XwYw,comment_count,133,,youtube_public_v1,PUBLIC,26UrLRL8dy2ICDRO1
youtube,4fhw6bG101w,view_count,674203,,youtube_public_v1,PUBLIC,26UrLRL8dy2ICDRO1
youtube,4fhw6bG101w,like_count,13000,,youtube_public_v1,PUBLIC,26UrLRL8dy2ICDRO1
youtube,4fhw6bG101w,comment_count,162,,youtube_public_v1,PUBLIC,26UrLRL8dy2ICDRO1
youtube,IbHCGeo7DGE,view_count,3551,,youtube_public_v1,PUBLIC,26UrLRL8dy2ICDRO1
youtube,IbHCGeo7DGE,like_count,106,,youtube_public_v1,PUBLIC,26UrLRL8dy2ICDRO1
youtube,IbHCGeo7DGE,comment_count,2,,youtube_public_v1,PUBLIC,26UrLRL8dy2ICDRO1
youtube,cCZNyQBV8M0,view_count,422049,,youtube_public_v1,PUBLIC,D4kksrNlXZSWb6f7S
youtube,cCZNyQBV8M0,like_count,7200,,youtube_public_v1,PUBLIC,D4kksrNlXZSWb6f7S
youtube,cCZNyQBV8M0,comment_count,83,,youtube_public_v1,PUBLIC,D4kksrNlXZSWb6f7S
youtube,T9J_4wWQXIE,view_count,5548640,,youtube_public_v1,PUBLIC,D4kksrNlXZSWb6f7S
youtube,T9J_4wWQXIE,like_count,50000,,youtube_public_v1,PUBLIC,D4kksrNlXZSWb6f7S
youtube,T9J_4wWQXIE,comment_count,3124,,youtube_public_v1,PUBLIC,D4kksrNlXZSWb6f7S
youtube,hqTJG9yzrUs,view_count,8643000,2026-08-12T18:25:06.380679+07:00,youtube_public_v1,PUBLIC,D4kksrNlXZSWb6f7S
youtube,hqTJG9yzrUs,like_count,204000,2026-08-12T18:25:06.380679+07:00,youtube_public_v1,PUBLIC,D4kksrNlXZSWb6f7S
youtube,hqTJG9yzrUs,comment_count,53804,2026-08-12T18:25:06.380679+07:00,youtube_public_v1,PUBLIC,D4kksrNlXZSWb6f7S
youtube,kTE9FDj87PY,view_count,6128364,,youtube_public_v1,PUBLIC,26UrLRL8dy2ICDRO1
youtube,kTE9FDj87PY,like_count,61000,,youtube_public_v1,PUBLIC,26UrLRL8dy2ICDRO1
youtube,kTE9FDj87PY,comment_count,7013,,youtube_public_v1,PUBLIC,26UrLRL8dy2ICDRO1
youtube,gv0o7wspYUI,view_count,352820,,youtube_public_v1,PUBLIC,D4kksrNlXZSWb6f7S
youtube,gv0o7wspYUI,like_count,3900,,youtube_public_v1,PUBLIC,D4kksrNlXZSWb6f7S
youtube,gv0o7wspYUI,comment_count,288,,youtube_public_v1,PUBLIC,D4kksrNlXZSWb6f7S
youtube,keHt4r9wnh8,view_count,69456,,youtube_public_v1,PUBLIC,D4kksrNlXZSWb6f7S
youtube,keHt4r9wnh8,like_count,723,,youtube_public_v1,PUBLIC,D4kksrNlXZSWb6f7S
youtube,keHt4r9wnh8,comment_count,21,,youtube_public_v1,PUBLIC,D4kksrNlXZSWb6f7S
youtube,W5-U-QSD_tU,view_count,223568,,youtube_public_v1,PUBLIC,D4kksrNlXZSWb6f7S
youtube,W5-U-QSD_tU,like_count,834,,youtube_public_v1,PUBLIC,D4kksrNlXZSWb6f7S
youtube,W5-U-QSD_tU,comment_count,36,,youtube_public_v1,PUBLIC,D4kksrNlXZSWb6f7S
youtube,cAHzbcLMChY,view_count,28911,,youtube_public_v1,PUBLIC,D4kksrNlXZSWb6f7S
youtube,cAHzbcLMChY,like_count,784,,youtube_public_v1,PUBLIC,D4kksrNlXZSWb6f7S
youtube,cAHzbcLMChY,comment_count,9,,youtube_public_v1,PUBLIC,D4kksrNlXZSWb6f7S
youtube,2cZcA54ykMw,view_count,29449,,youtube_public_v1,PUBLIC,D4kksrNlXZSWb6f7S
youtube,2cZcA54ykMw,like_count,299,,youtube_public_v1,PUBLIC,D4kksrNlXZSWb6f7S
youtube,2cZcA54ykMw,comment_count,1,,youtube_public_v1,PUBLIC,D4kksrNlXZSWb6f7S
youtube,7w3Wd0B9VPI,view_count,48193,,youtube_public_v1,PUBLIC,26UrLRL8dy2ICDRO1
youtube,7w3Wd0B9VPI,like_count,726,,youtube_public_v1,PUBLIC,26UrLRL8dy2ICDRO1
youtube,7w3Wd0B9VPI,comment_count,10,,youtube_public_v1,PUBLIC,26UrLRL8dy2ICDRO1
youtube,AcQ-uTJPe8o,view_count,366247,,youtube_public_v1,PUBLIC,D4kksrNlXZSWb6f7S
youtube,AcQ-uTJPe8o,like_count,4400,,youtube_public_v1,PUBLIC,D4kksrNlXZSWb6f7S
youtube,AcQ-uTJPe8o,comment_count,21,,youtube_public_v1,PUBLIC,D4kksrNlXZSWb6f7S
youtube,ijTRoSs7Mvs,view_count,411682,,youtube_public_v1,PUBLIC,D4kksrNlXZSWb6f7S
youtube,ijTRoSs7Mvs,like_count,1400,,youtube_public_v1,PUBLIC,D4kksrNlXZSWb6f7S
youtube,ijTRoSs7Mvs,comment_count,89,,youtube_public_v1,PUBLIC,D4kksrNlXZSWb6f7S
youtube,1YhjqSxZcg4,view_count,401324,,youtube_public_v1,PUBLIC,D4kksrNlXZSWb6f7S
youtube,1YhjqSxZcg4,like_count,7800,,youtube_public_v1,PUBLIC,D4kksrNlXZSWb6f7S
youtube,1YhjqSxZcg4,comment_count,28,,youtube_public_v1,PUBLIC,D4kksrNlXZSWb6f7S
youtube,ChbmVK27YpY,view_count,10993,,youtube_public_v1,PUBLIC,D4kksrNlXZSWb6f7S
youtube,ChbmVK27YpY,like_count,272,,youtube_public_v1,PUBLIC,D4kksrNlXZSWb6f7S
youtube,ChbmVK27YpY,comment_count,0,,youtube_public_v1,PUBLIC,D4kksrNlXZSWb6f7S
youtube,5kCop06gfhU,view_count,1002,,youtube_public_v1,PUBLIC,D4kksrNlXZSWb6f7S
youtube,5kCop06gfhU,like_count,25,,youtube_public_v1,PUBLIC,D4kksrNlXZSWb6f7S
youtube,5kCop06gfhU,comment_count,0,,youtube_public_v1,PUBLIC,D4kksrNlXZSWb6f7S
youtube,2L3uUzX86VE,view_count,77418,,youtube_public_v1,PUBLIC,D4kksrNlXZSWb6f7S
youtube,2L3uUzX86VE,like_count,910,,youtube_public_v1,PUBLIC,D4kksrNlXZSWb6f7S
youtube,2L3uUzX86VE,comment_count,3,,youtube_public_v1,PUBLIC,D4kksrNlXZSWb6f7S
youtube,HmQ7hJ_OIkM,view_count,45446,,youtube_public_v1,PUBLIC,D4kksrNlXZSWb6f7S
youtube,HmQ7hJ_OIkM,like_count,694,,youtube_public_v1,PUBLIC,D4kksrNlXZSWb6f7S
youtube,HmQ7hJ_OIkM,comment_count,11,,youtube_public_v1,PUBLIC,D4kksrNlXZSWb6f7S
youtube,qAL50AnWOW4,view_count,85468,,youtube_public_v1,PUBLIC,26UrLRL8dy2ICDRO1
youtube,qAL50AnWOW4,like_count,1600,,youtube_public_v1,PUBLIC,26UrLRL8dy2ICDRO1
youtube,qAL50AnWOW4,comment_count,10,,youtube_public_v1,PUBLIC,26UrLRL8dy2ICDRO1
youtube,ku7aHXpBL4Q,view_count,24196,,youtube_public_v1,PUBLIC,26UrLRL8dy2ICDRO1
youtube,ku7aHXpBL4Q,like_count,481,,youtube_public_v1,PUBLIC,26UrLRL8dy2ICDRO1
youtube,ku7aHXpBL4Q,comment_count,2,,youtube_public_v1,PUBLIC,26UrLRL8dy2ICDRO1
youtube,eFtJ3mCh_qk,view_count,1101,,youtube_public_v1,PUBLIC,26UrLRL8dy2ICDRO1
youtube,eFtJ3mCh_qk,like_count,9,,youtube_public_v1,PUBLIC,26UrLRL8dy2ICDRO1
youtube,eFtJ3mCh_qk,comment_count,3,,youtube_public_v1,PUBLIC,26UrLRL8dy2ICDRO1
youtube,mYIZhCVd86Q,view_count,6155,,youtube_public_v1,PUBLIC,26UrLRL8dy2ICDRO1
youtube,mYIZhCVd86Q,like_count,61,,youtube_public_v1,PUBLIC,26UrLRL8dy2ICDRO1
youtube,mYIZhCVd86Q,comment_count,0,,youtube_public_v1,PUBLIC,26UrLRL8dy2ICDRO1
youtube,Sq3mxoqDUzw,view_count,450498,,youtube_public_v1,PUBLIC,26UrLRL8dy2ICDRO1
youtube,Sq3mxoqDUzw,like_count,5100,,youtube_public_v1,PUBLIC,26UrLRL8dy2ICDRO1
youtube,Sq3mxoqDUzw,comment_count,44,,youtube_public_v1,PUBLIC,26UrLRL8dy2ICDRO1
youtube,TO2EXZH3FsQ,view_count,63633,,youtube_public_v1,PUBLIC,26UrLRL8dy2ICDRO1
youtube,TO2EXZH3FsQ,like_count,559,,youtube_public_v1,PUBLIC,26UrLRL8dy2ICDRO1
youtube,TO2EXZH3FsQ,comment_count,3,,youtube_public_v1,PUBLIC,26UrLRL8dy2ICDRO1
youtube,DlBPnzIyYOI,view_count,1299845,,youtube_public_v1,PUBLIC,26UrLRL8dy2ICDRO1
youtube,DlBPnzIyYOI,like_count,23000,,youtube_public_v1,PUBLIC,26UrLRL8dy2ICDRO1
youtube,DlBPnzIyYOI,comment_count,288,,youtube_public_v1,PUBLIC,26UrLRL8dy2ICDRO1
youtube,mz7viNNtcio,view_count,6003,,youtube_public_v1,PUBLIC,26UrLRL8dy2ICDRO1
youtube,mz7viNNtcio,like_count,45,,youtube_public_v1,PUBLIC,26UrLRL8dy2ICDRO1
youtube,mz7viNNtcio,comment_count,0,,youtube_public_v1,PUBLIC,26UrLRL8dy2ICDRO1
youtube,5V8S_yw0axg,view_count,2704,,youtube_public_v1,PUBLIC,KzY6WE2iVVBsx6fwq
youtube,5V8S_yw0axg,like_count,40,,youtube_public_v1,PUBLIC,KzY6WE2iVVBsx6fwq
youtube,5V8S_yw0axg,comment_count,0,,youtube_public_v1,PUBLIC,KzY6WE2iVVBsx6fwq
youtube,iImNYbnVZN4,view_count,3856423,2026-08-12T18:38:24.594334+07:00,youtube_public_v1,PUBLIC,KzY6WE2iVVBsx6fwq
youtube,iImNYbnVZN4,like_count,37000,2026-08-12T18:38:24.594334+07:00,youtube_public_v1,PUBLIC,KzY6WE2iVVBsx6fwq
youtube,iImNYbnVZN4,comment_count,1219,2026-08-12T18:38:24.594334+07:00,youtube_public_v1,PUBLIC,KzY6WE2iVVBsx6fwq
youtube,vM-Bi5edTaU,view_count,5359047,2026-08-12T18:38:24.594334+07:00,youtube_public_v1,PUBLIC,KzY6WE2iVVBsx6fwq
youtube,vM-Bi5edTaU,like_count,62000,2026-08-12T18:38:24.594334+07:00,youtube_public_v1,PUBLIC,KzY6WE2iVVBsx6fwq
youtube,vM-Bi5edTaU,comment_count,3668,2026-08-12T18:38:24.594334+07:00,youtube_public_v1,PUBLIC,KzY6WE2iVVBsx6fwq
youtube,YqJ1QAcu6cY,view_count,5810085,2026-08-12T18:38:24.594334+07:00,youtube_public_v1,PUBLIC,KzY6WE2iVVBsx6fwq
youtube,YqJ1QAcu6cY,like_count,57000,2026-08-12T18:38:24.594334+07:00,youtube_public_v1,PUBLIC,KzY6WE2iVVBsx6fwq
youtube,YqJ1QAcu6cY,comment_count,3056,2026-08-12T18:38:24.594334+07:00,youtube_public_v1,PUBLIC,KzY6WE2iVVBsx6fwq
youtube,OhA2xrjYLtE,view_count,82792,,youtube_public_v1,PUBLIC,KzY6WE2iVVBsx6fwq
youtube,OhA2xrjYLtE,like_count,587,,youtube_public_v1,PUBLIC,KzY6WE2iVVBsx6fwq
youtube,OhA2xrjYLtE,comment_count,23,,youtube_public_v1,PUBLIC,KzY6WE2iVVBsx6fwq
youtube,WXzDZPs8fqA,view_count,2684449,2026-08-12T18:38:24.594334+07:00,youtube_public_v1,PUBLIC,KzY6WE2iVVBsx6fwq
youtube,WXzDZPs8fqA,like_count,21000,2026-08-12T18:38:24.594334+07:00,youtube_public_v1,PUBLIC,KzY6WE2iVVBsx6fwq
youtube,WXzDZPs8fqA,comment_count,685,2026-08-12T18:38:24.594334+07:00,youtube_public_v1,PUBLIC,KzY6WE2iVVBsx6fwq
youtube,5lSgK1O2SSs,view_count,5114213,2026-08-12T18:38:24.594334+07:00,youtube_public_v1,PUBLIC,KzY6WE2iVVBsx6fwq
youtube,5lSgK1O2SSs,like_count,58000,2026-08-12T18:38:24.594334+07:00,youtube_public_v1,PUBLIC,KzY6WE2iVVBsx6fwq
youtube,5lSgK1O2SSs,comment_count,3093,2026-08-12T18:38:24.594334+07:00,youtube_public_v1,PUBLIC,KzY6WE2iVVBsx6fwq
youtube,XSkPIFUOzaw,view_count,127855,,youtube_public_v1,PUBLIC,KzY6WE2iVVBsx6fwq
youtube,XSkPIFUOzaw,like_count,1000,,youtube_public_v1,PUBLIC,KzY6WE2iVVBsx6fwq
youtube,XSkPIFUOzaw,comment_count,30,,youtube_public_v1,PUBLIC,KzY6WE2iVVBsx6fwq
youtube,0VR8nRxuEsw,view_count,81178,,youtube_public_v1,PUBLIC,KzY6WE2iVVBsx6fwq
youtube,0VR8nRxuEsw,like_count,453,,youtube_public_v1,PUBLIC,KzY6WE2iVVBsx6fwq
youtube,0VR8nRxuEsw,comment_count,15,,youtube_public_v1,PUBLIC,KzY6WE2iVVBsx6fwq
youtube,rTz3_9cZa5w,view_count,4137862,2026-08-12T18:38:24.594334+07:00,youtube_public_v1,PUBLIC,KzY6WE2iVVBsx6fwq
youtube,rTz3_9cZa5w,like_count,28000,2026-08-12T18:38:24.594334+07:00,youtube_public_v1,PUBLIC,KzY6WE2iVVBsx6fwq
youtube,rTz3_9cZa5w,comment_count,870,2026-08-12T18:38:24.594334+07:00,youtube_public_v1,PUBLIC,KzY6WE2iVVBsx6fwq
youtube,tstXFZ_EMEU,view_count,71925,,youtube_public_v1,PUBLIC,KzY6WE2iVVBsx6fwq
youtube,tstXFZ_EMEU,like_count,506,,youtube_public_v1,PUBLIC,KzY6WE2iVVBsx6fwq
youtube,tstXFZ_EMEU,comment_count,6,,youtube_public_v1,PUBLIC,KzY6WE2iVVBsx6fwq
youtube,C3IsbH9A750,view_count,8669839,2026-08-12T18:38:24.594334+07:00,youtube_public_v1,PUBLIC,KzY6WE2iVVBsx6fwq
youtube,C3IsbH9A750,like_count,105000,2026-08-12T18:38:24.594334+07:00,youtube_public_v1,PUBLIC,KzY6WE2iVVBsx6fwq
youtube,C3IsbH9A750,comment_count,8310,2026-08-12T18:38:24.594334+07:00,youtube_public_v1,PUBLIC,KzY6WE2iVVBsx6fwq
youtube,vDkjpTXeHQE,view_count,16219,,youtube_public_v1,PUBLIC,KzY6WE2iVVBsx6fwq
youtube,vDkjpTXeHQE,like_count,129,,youtube_public_v1,PUBLIC,KzY6WE2iVVBsx6fwq
youtube,vDkjpTXeHQE,comment_count,1,,youtube_public_v1,PUBLIC,KzY6WE2iVVBsx6fwq
youtube,2Mv3GJygGPw,view_count,5835955,2026-08-12T18:38:24.594334+07:00,youtube_public_v1,PUBLIC,KzY6WE2iVVBsx6fwq
youtube,2Mv3GJygGPw,like_count,74000,2026-08-12T18:38:24.594334+07:00,youtube_public_v1,PUBLIC,KzY6WE2iVVBsx6fwq
youtube,2Mv3GJygGPw,comment_count,5050,2026-08-12T18:38:24.594334+07:00,youtube_public_v1,PUBLIC,KzY6WE2iVVBsx6fwq
youtube,EfZzvC1mVsk,view_count,27761,,youtube_public_v1,PUBLIC,KzY6WE2iVVBsx6fwq
youtube,EfZzvC1mVsk,like_count,345,,youtube_public_v1,PUBLIC,KzY6WE2iVVBsx6fwq
youtube,EfZzvC1mVsk,comment_count,11,,youtube_public_v1,PUBLIC,KzY6WE2iVVBsx6fwq
youtube,Q9c8mEhh5_4,view_count,66214,,youtube_public_v1,PUBLIC,KzY6WE2iVVBsx6fwq
youtube,Q9c8mEhh5_4,like_count,349,,youtube_public_v1,PUBLIC,KzY6WE2iVVBsx6fwq
youtube,Q9c8mEhh5_4,comment_count,3,,youtube_public_v1,PUBLIC,KzY6WE2iVVBsx6fwq
youtube,EF677qpwYzo,view_count,27934,,youtube_public_v1,PUBLIC,KzY6WE2iVVBsx6fwq
youtube,EF677qpwYzo,like_count,188,,youtube_public_v1,PUBLIC,KzY6WE2iVVBsx6fwq
youtube,EF677qpwYzo,comment_count,7,,youtube_public_v1,PUBLIC,KzY6WE2iVVBsx6fwq
youtube,lhXA38Unr1c,view_count,644,,youtube_public_v1,PUBLIC,KzY6WE2iVVBsx6fwq
youtube,lhXA38Unr1c,like_count,20,,youtube_public_v1,PUBLIC,KzY6WE2iVVBsx6fwq
youtube,lhXA38Unr1c,comment_count,0,,youtube_public_v1,PUBLIC,KzY6WE2iVVBsx6fwq
youtube,By9G797bE2w,view_count,30337,,youtube_public_v1,PUBLIC,KzY6WE2iVVBsx6fwq
youtube,By9G797bE2w,like_count,220,,youtube_public_v1,PUBLIC,KzY6WE2iVVBsx6fwq
youtube,By9G797bE2w,comment_count,0,,youtube_public_v1,PUBLIC,KzY6WE2iVVBsx6fwq
youtube,2ll-y9DsjHI,view_count,3945,,youtube_public_v1,PUBLIC,KzY6WE2iVVBsx6fwq
youtube,2ll-y9DsjHI,like_count,80,,youtube_public_v1,PUBLIC,KzY6WE2iVVBsx6fwq
youtube,2ll-y9DsjHI,comment_count,1,,youtube_public_v1,PUBLIC,KzY6WE2iVVBsx6fwq
youtube,LwtRc0EVwno,view_count,94971,,youtube_public_v1,PUBLIC,KzY6WE2iVVBsx6fwq
youtube,LwtRc0EVwno,like_count,1100,,youtube_public_v1,PUBLIC,KzY6WE2iVVBsx6fwq
youtube,LwtRc0EVwno,comment_count,11,,youtube_public_v1,PUBLIC,KzY6WE2iVVBsx6fwq
youtube,AnQ-sujwJ00,view_count,25219,,youtube_public_v1,PUBLIC,KzY6WE2iVVBsx6fwq
youtube,AnQ-sujwJ00,like_count,307,,youtube_public_v1,PUBLIC,KzY6WE2iVVBsx6fwq
youtube,AnQ-sujwJ00,comment_count,3,,youtube_public_v1,PUBLIC,KzY6WE2iVVBsx6fwq
youtube,t1snLb4eiKM,view_count,60971,,youtube_public_v1,PUBLIC,KzY6WE2iVVBsx6fwq
youtube,t1snLb4eiKM,like_count,707,,youtube_public_v1,PUBLIC,KzY6WE2iVVBsx6fwq
youtube,t1snLb4eiKM,comment_count,26,,youtube_public_v1,PUBLIC,KzY6WE2iVVBsx6fwq
youtube,NSfMLfgCbs0,view_count,10475,,youtube_public_v1,PUBLIC,KzY6WE2iVVBsx6fwq
youtube,NSfMLfgCbs0,like_count,168,,youtube_public_v1,PUBLIC,KzY6WE2iVVBsx6fwq
youtube,NSfMLfgCbs0,comment_count,3,,youtube_public_v1,PUBLIC,KzY6WE2iVVBsx6fwq
youtube,l41Cv74V55k,view_count,109971,,youtube_public_v1,PUBLIC,KzY6WE2iVVBsx6fwq
youtube,l41Cv74V55k,like_count,1200,,youtube_public_v1,PUBLIC,KzY6WE2iVVBsx6fwq
youtube,l41Cv74V55k,comment_count,17,,youtube_public_v1,PUBLIC,KzY6WE2iVVBsx6fwq
youtube,9AGhdQs6enA,view_count,22939,,youtube_public_v1,PUBLIC,KzY6WE2iVVBsx6fwq
youtube,9AGhdQs6enA,like_count,466,,youtube_public_v1,PUBLIC,KzY6WE2iVVBsx6fwq
youtube,9AGhdQs6enA,comment_count,1,,youtube_public_v1,PUBLIC,KzY6WE2iVVBsx6fwq
youtube,y896BJf93gw,view_count,21038,,youtube_public_v1,PUBLIC,KzY6WE2iVVBsx6fwq
youtube,y896BJf93gw,like_count,184,,youtube_public_v1,PUBLIC,KzY6WE2iVVBsx6fwq
youtube,y896BJf93gw,comment_count,0,,youtube_public_v1,PUBLIC,KzY6WE2iVVBsx6fwq
youtube,fyH3sZ4Wxrg,view_count,130228,,youtube_public_v1,PUBLIC,KzY6WE2iVVBsx6fwq
youtube,fyH3sZ4Wxrg,like_count,1700,,youtube_public_v1,PUBLIC,KzY6WE2iVVBsx6fwq
youtube,fyH3sZ4Wxrg,comment_count,7,,youtube_public_v1,PUBLIC,KzY6WE2iVVBsx6fwq
youtube,8pMi7wAvtAQ,view_count,103438,,youtube_public_v1,PUBLIC,KzY6WE2iVVBsx6fwq
youtube,8pMi7wAvtAQ,like_count,1500,,youtube_public_v1,PUBLIC,KzY6WE2iVVBsx6fwq
youtube,8pMi7wAvtAQ,comment_count,7,,youtube_public_v1,PUBLIC,KzY6WE2iVVBsx6fwq
youtube,Nq-UjRRW7pc,view_count,166542,,youtube_public_v1,PUBLIC,KzY6WE2iVVBsx6fwq
youtube,Nq-UjRRW7pc,like_count,2200,,youtube_public_v1,PUBLIC,KzY6WE2iVVBsx6fwq
youtube,Nq-UjRRW7pc,comment_count,19,,youtube_public_v1,PUBLIC,KzY6WE2iVVBsx6fwq
youtube,L-ohJdosQTk,view_count,10411,,youtube_public_v1,PUBLIC,KzY6WE2iVVBsx6fwq
youtube,L-ohJdosQTk,like_count,24,,youtube_public_v1,PUBLIC,KzY6WE2iVVBsx6fwq
youtube,L-ohJdosQTk,comment_count,0,,youtube_public_v1,PUBLIC,KzY6WE2iVVBsx6fwq
youtube,AsSWg_p8i5g,view_count,45078,,youtube_public_v1,PUBLIC,KzY6WE2iVVBsx6fwq
youtube,AsSWg_p8i5g,like_count,479,,youtube_public_v1,PUBLIC,KzY6WE2iVVBsx6fwq
youtube,AsSWg_p8i5g,comment_count,4,,youtube_public_v1,PUBLIC,KzY6WE2iVVBsx6fwq
youtube,i-whbr3MqD0,view_count,22577,,youtube_public_v1,PUBLIC,KzY6WE2iVVBsx6fwq
youtube,i-whbr3MqD0,like_count,357,,youtube_public_v1,PUBLIC,KzY6WE2iVVBsx6fwq
youtube,i-whbr3MqD0,comment_count,1,,youtube_public_v1,PUBLIC,KzY6WE2iVVBsx6fwq
youtube,okF9U0Iq2KA,view_count,230386,,youtube_public_v1,PUBLIC,KzY6WE2iVVBsx6fwq
youtube,okF9U0Iq2KA,like_count,3800,,youtube_public_v1,PUBLIC,KzY6WE2iVVBsx6fwq
youtube,okF9U0Iq2KA,comment_count,33,,youtube_public_v1,PUBLIC,KzY6WE2iVVBsx6fwq
youtube,7v_jVj5VSEA,view_count,6907,,youtube_public_v1,PUBLIC,KzY6WE2iVVBsx6fwq
youtube,7v_jVj5VSEA,like_count,110,,youtube_public_v1,PUBLIC,KzY6WE2iVVBsx6fwq
youtube,7v_jVj5VSEA,comment_count,0,,youtube_public_v1,PUBLIC,KzY6WE2iVVBsx6fwq
youtube,ClEKcn8OU3g,view_count,91757,,youtube_public_v1,PUBLIC,KzY6WE2iVVBsx6fwq
youtube,ClEKcn8OU3g,like_count,432,,youtube_public_v1,PUBLIC,KzY6WE2iVVBsx6fwq
youtube,ClEKcn8OU3g,comment_count,14,,youtube_public_v1,PUBLIC,KzY6WE2iVVBsx6fwq
youtube,IDx-e5zBKXg,view_count,35908,,youtube_public_v1,PUBLIC,KzY6WE2iVVBsx6fwq
youtube,IDx-e5zBKXg,like_count,468,,youtube_public_v1,PUBLIC,KzY6WE2iVVBsx6fwq
youtube,IDx-e5zBKXg,comment_count,2,,youtube_public_v1,PUBLIC,KzY6WE2iVVBsx6fwq
youtube,Phc4SliUXwU,view_count,61168,,youtube_public_v1,PUBLIC,KzY6WE2iVVBsx6fwq
youtube,Phc4SliUXwU,like_count,942,,youtube_public_v1,PUBLIC,KzY6WE2iVVBsx6fwq
youtube,Phc4SliUXwU,comment_count,10,,youtube_public_v1,PUBLIC,KzY6WE2iVVBsx6fwq
youtube,0NvQDeBAQYg,view_count,59877,,youtube_public_v1,PUBLIC,KzY6WE2iVVBsx6fwq
youtube,0NvQDeBAQYg,like_count,682,,youtube_public_v1,PUBLIC,KzY6WE2iVVBsx6fwq
youtube,0NvQDeBAQYg,comment_count,1,,youtube_public_v1,PUBLIC,KzY6WE2iVVBsx6fwq
youtube,NA9r8Ij4PYI,view_count,89444,,youtube_public_v1,PUBLIC,KzY6WE2iVVBsx6fwq
youtube,NA9r8Ij4PYI,like_count,872,,youtube_public_v1,PUBLIC,KzY6WE2iVVBsx6fwq
youtube,NA9r8Ij4PYI,comment_count,11,,youtube_public_v1,PUBLIC,KzY6WE2iVVBsx6fwq
youtube,lEjQRBJ8-e4,view_count,4870,,youtube_public_v1,PUBLIC,KzY6WE2iVVBsx6fwq
youtube,lEjQRBJ8-e4,like_count,126,,youtube_public_v1,PUBLIC,KzY6WE2iVVBsx6fwq
youtube,lEjQRBJ8-e4,comment_count,0,,youtube_public_v1,PUBLIC,KzY6WE2iVVBsx6fwq
youtube,HAaf3HvCxs8,view_count,36077,,youtube_public_v1,PUBLIC,KzY6WE2iVVBsx6fwq
youtube,HAaf3HvCxs8,like_count,522,,youtube_public_v1,PUBLIC,KzY6WE2iVVBsx6fwq
youtube,HAaf3HvCxs8,comment_count,19,,youtube_public_v1,PUBLIC,KzY6WE2iVVBsx6fwq
youtube,toJjgQgBwx0,view_count,4973500,,youtube_public_v1,PUBLIC,KzY6WE2iVVBsx6fwq
youtube,toJjgQgBwx0,like_count,167000,,youtube_public_v1,PUBLIC,KzY6WE2iVVBsx6fwq
youtube,toJjgQgBwx0,comment_count,8309,,youtube_public_v1,PUBLIC,KzY6WE2iVVBsx6fwq
youtube,ZU3_M0OEPyw,view_count,21335,,youtube_public_v1,PUBLIC,KzY6WE2iVVBsx6fwq
youtube,ZU3_M0OEPyw,like_count,362,,youtube_public_v1,PUBLIC,KzY6WE2iVVBsx6fwq
youtube,ZU3_M0OEPyw,comment_count,1,,youtube_public_v1,PUBLIC,KzY6WE2iVVBsx6fwq
youtube,yDGV_Z4tUKw,view_count,99310,,youtube_public_v1,PUBLIC,KzY6WE2iVVBsx6fwq
youtube,yDGV_Z4tUKw,like_count,2800,,youtube_public_v1,PUBLIC,KzY6WE2iVVBsx6fwq
youtube,yDGV_Z4tUKw,comment_count,57,,youtube_public_v1,PUBLIC,KzY6WE2iVVBsx6fwq
youtube,mZNNhktrcis,view_count,184458,,youtube_public_v1,PUBLIC,KzY6WE2iVVBsx6fwq
youtube,mZNNhktrcis,like_count,3700,,youtube_public_v1,PUBLIC,KzY6WE2iVVBsx6fwq
youtube,mZNNhktrcis,comment_count,20,,youtube_public_v1,PUBLIC,KzY6WE2iVVBsx6fwq
youtube,Cjj_CopstZY,view_count,81820,,youtube_public_v1,PUBLIC,KzY6WE2iVVBsx6fwq
youtube,Cjj_CopstZY,like_count,1200,,youtube_public_v1,PUBLIC,KzY6WE2iVVBsx6fwq
youtube,Cjj_CopstZY,comment_count,14,,youtube_public_v1,PUBLIC,KzY6WE2iVVBsx6fwq
youtube,_qNNzmxwysk,view_count,47563,,youtube_public_v1,PUBLIC,KzY6WE2iVVBsx6fwq
youtube,_qNNzmxwysk,like_count,807,,youtube_public_v1,PUBLIC,KzY6WE2iVVBsx6fwq
youtube,_qNNzmxwysk,comment_count,11,,youtube_public_v1,PUBLIC,KzY6WE2iVVBsx6fwq
youtube,Skn9fgRCXXM,view_count,12462,,youtube_public_v1,PUBLIC,KzY6WE2iVVBsx6fwq
youtube,Skn9fgRCXXM,like_count,184,,youtube_public_v1,PUBLIC,KzY6WE2iVVBsx6fwq
youtube,Skn9fgRCXXM,comment_count,2,,youtube_public_v1,PUBLIC,KzY6WE2iVVBsx6fwq
youtube,mIfdpV8iSbY,view_count,36361,,youtube_public_v1,PUBLIC,KzY6WE2iVVBsx6fwq
youtube,mIfdpV8iSbY,like_count,535,,youtube_public_v1,PUBLIC,KzY6WE2iVVBsx6fwq
youtube,mIfdpV8iSbY,comment_count,8,,youtube_public_v1,PUBLIC,KzY6WE2iVVBsx6fwq
youtube,Xc_IKQ7e2Lw,view_count,39656,,youtube_public_v1,PUBLIC,KzY6WE2iVVBsx6fwq
youtube,Xc_IKQ7e2Lw,like_count,627,,youtube_public_v1,PUBLIC,KzY6WE2iVVBsx6fwq
youtube,Xc_IKQ7e2Lw,comment_count,1,,youtube_public_v1,PUBLIC,KzY6WE2iVVBsx6fwq
youtube,C3cbZoylmdg,view_count,6253095,2026-08-12T18:38:24.594334+07:00,youtube_public_v1,PUBLIC,KzY6WE2iVVBsx6fwq
youtube,C3cbZoylmdg,like_count,62000,2026-08-12T18:38:24.594334+07:00,youtube_public_v1,PUBLIC,KzY6WE2iVVBsx6fwq
youtube,C3cbZoylmdg,comment_count,3292,2026-08-12T18:38:24.594334+07:00,youtube_public_v1,PUBLIC,KzY6WE2iVVBsx6fwq
youtube,juxCx19YlJg,view_count,4603,,youtube_public_v1,PUBLIC,KzY6WE2iVVBsx6fwq
youtube,juxCx19YlJg,like_count,46,,youtube_public_v1,PUBLIC,KzY6WE2iVVBsx6fwq
youtube,juxCx19YlJg,comment_count,0,,youtube_public_v1,PUBLIC,KzY6WE2iVVBsx6fwq
youtube,aSE39tXs1Pk,view_count,3293717,2026-08-12T14:26:46.940202+07:00,youtube_public_v1,PUBLIC,EayQWJWx9JTcOG5Xe
youtube,aSE39tXs1Pk,like_count,26000,2026-08-12T14:26:46.940202+07:00,youtube_public_v1,PUBLIC,EayQWJWx9JTcOG5Xe
youtube,aSE39tXs1Pk,comment_count,2595,2026-08-12T14:26:46.940202+07:00,youtube_public_v1,PUBLIC,EayQWJWx9JTcOG5Xe
youtube,viUuGlq91eo,view_count,94321,,youtube_public_v1,PUBLIC,EayQWJWx9JTcOG5Xe
youtube,viUuGlq91eo,like_count,637,,youtube_public_v1,PUBLIC,EayQWJWx9JTcOG5Xe
youtube,viUuGlq91eo,comment_count,27,,youtube_public_v1,PUBLIC,EayQWJWx9JTcOG5Xe
youtube,Vran9iR20_E,view_count,17175989,2026-08-12T18:43:33.891475+07:00,youtube_public_v1,PUBLIC,EayQWJWx9JTcOG5Xe
youtube,Vran9iR20_E,like_count,252000,2026-08-12T18:43:33.891475+07:00,youtube_public_v1,PUBLIC,EayQWJWx9JTcOG5Xe
youtube,Vran9iR20_E,comment_count,16017,2026-08-12T18:43:33.891475+07:00,youtube_public_v1,PUBLIC,EayQWJWx9JTcOG5Xe
youtube,UcT0jwqXJxs,view_count,6815281,2026-08-12T14:25:47.403885+07:00,youtube_public_v1,PUBLIC,EayQWJWx9JTcOG5Xe
youtube,UcT0jwqXJxs,like_count,102000,2026-08-12T14:25:47.403885+07:00,youtube_public_v1,PUBLIC,EayQWJWx9JTcOG5Xe
youtube,UcT0jwqXJxs,comment_count,5800,2026-08-12T14:25:47.403885+07:00,youtube_public_v1,PUBLIC,EayQWJWx9JTcOG5Xe
youtube,LPtW0RY7ot4,view_count,6916701,,youtube_public_v1,PUBLIC,EayQWJWx9JTcOG5Xe
youtube,LPtW0RY7ot4,like_count,36000,,youtube_public_v1,PUBLIC,EayQWJWx9JTcOG5Xe
youtube,LPtW0RY7ot4,comment_count,886,,youtube_public_v1,PUBLIC,EayQWJWx9JTcOG5Xe
youtube,UN38sNelsWs,view_count,15027,,youtube_public_v1,PUBLIC,EayQWJWx9JTcOG5Xe
youtube,UN38sNelsWs,like_count,575,,youtube_public_v1,PUBLIC,EayQWJWx9JTcOG5Xe
youtube,UN38sNelsWs,comment_count,416,,youtube_public_v1,PUBLIC,EayQWJWx9JTcOG5Xe
youtube,JsYG9d63oKA,view_count,3529100,,youtube_public_v1,PUBLIC,EayQWJWx9JTcOG5Xe
youtube,JsYG9d63oKA,like_count,25000,,youtube_public_v1,PUBLIC,EayQWJWx9JTcOG5Xe
youtube,JsYG9d63oKA,comment_count,1092,,youtube_public_v1,PUBLIC,EayQWJWx9JTcOG5Xe
youtube,rBDinocbnbc,view_count,7164752,2026-08-12T14:26:46.940202+07:00,youtube_public_v1,PUBLIC,EayQWJWx9JTcOG5Xe
youtube,rBDinocbnbc,like_count,61000,2026-08-12T14:26:46.940202+07:00,youtube_public_v1,PUBLIC,EayQWJWx9JTcOG5Xe
youtube,rBDinocbnbc,comment_count,4047,2026-08-12T14:26:46.940202+07:00,youtube_public_v1,PUBLIC,EayQWJWx9JTcOG5Xe
youtube,JOGxUdI72l8,view_count,932708,2026-08-12T14:25:13.530496+07:00,youtube_public_v1,PUBLIC,EayQWJWx9JTcOG5Xe
youtube,JOGxUdI72l8,like_count,6400,2026-08-12T14:25:13.530496+07:00,youtube_public_v1,PUBLIC,EayQWJWx9JTcOG5Xe
youtube,JOGxUdI72l8,comment_count,431,2026-08-12T14:25:13.530496+07:00,youtube_public_v1,PUBLIC,EayQWJWx9JTcOG5Xe
youtube,nljUX634Ans,view_count,155065,,youtube_public_v1,PUBLIC,EayQWJWx9JTcOG5Xe
youtube,nljUX634Ans,like_count,248,,youtube_public_v1,PUBLIC,EayQWJWx9JTcOG5Xe
youtube,nljUX634Ans,comment_count,18,,youtube_public_v1,PUBLIC,EayQWJWx9JTcOG5Xe
youtube,FnrMWIHfEsA,view_count,807668,,youtube_public_v1,PUBLIC,EayQWJWx9JTcOG5Xe
youtube,FnrMWIHfEsA,like_count,6100,,youtube_public_v1,PUBLIC,EayQWJWx9JTcOG5Xe
youtube,FnrMWIHfEsA,comment_count,291,,youtube_public_v1,PUBLIC,EayQWJWx9JTcOG5Xe
youtube,1Ay1sOi57xI,view_count,545360,,youtube_public_v1,PUBLIC,EayQWJWx9JTcOG5Xe
youtube,1Ay1sOi57xI,like_count,3200,,youtube_public_v1,PUBLIC,EayQWJWx9JTcOG5Xe
youtube,1Ay1sOi57xI,comment_count,246,,youtube_public_v1,PUBLIC,EayQWJWx9JTcOG5Xe
youtube,lgShFLJqa10,view_count,6568240,,youtube_public_v1,PUBLIC,EayQWJWx9JTcOG5Xe
youtube,lgShFLJqa10,like_count,47000,,youtube_public_v1,PUBLIC,EayQWJWx9JTcOG5Xe
youtube,lgShFLJqa10,comment_count,2880,,youtube_public_v1,PUBLIC,EayQWJWx9JTcOG5Xe
youtube,N6LoUQTsFCU,view_count,402,,youtube_public_v1,PUBLIC,EayQWJWx9JTcOG5Xe
youtube,N6LoUQTsFCU,like_count,16,,youtube_public_v1,PUBLIC,EayQWJWx9JTcOG5Xe
youtube,N6LoUQTsFCU,comment_count,0,,youtube_public_v1,PUBLIC,EayQWJWx9JTcOG5Xe
youtube,qV_k4E_Vc-c,view_count,551,,youtube_public_v1,PUBLIC,EayQWJWx9JTcOG5Xe
youtube,qV_k4E_Vc-c,like_count,18,,youtube_public_v1,PUBLIC,EayQWJWx9JTcOG5Xe
youtube,qV_k4E_Vc-c,comment_count,2,,youtube_public_v1,PUBLIC,EayQWJWx9JTcOG5Xe
youtube,CGzuOPCbQZg,view_count,1693,,youtube_public_v1,PUBLIC,EayQWJWx9JTcOG5Xe
youtube,CGzuOPCbQZg,like_count,62,,youtube_public_v1,PUBLIC,EayQWJWx9JTcOG5Xe
youtube,CGzuOPCbQZg,comment_count,3,,youtube_public_v1,PUBLIC,EayQWJWx9JTcOG5Xe
youtube,lJJ_2aGgne0,view_count,5961,,youtube_public_v1,PUBLIC,EayQWJWx9JTcOG5Xe
youtube,lJJ_2aGgne0,like_count,71,,youtube_public_v1,PUBLIC,EayQWJWx9JTcOG5Xe
youtube,lJJ_2aGgne0,comment_count,2,,youtube_public_v1,PUBLIC,EayQWJWx9JTcOG5Xe
youtube,EuyzjtUJIs4,view_count,1843,,youtube_public_v1,PUBLIC,EayQWJWx9JTcOG5Xe
youtube,EuyzjtUJIs4,like_count,64,,youtube_public_v1,PUBLIC,EayQWJWx9JTcOG5Xe
youtube,EuyzjtUJIs4,comment_count,3,,youtube_public_v1,PUBLIC,EayQWJWx9JTcOG5Xe
youtube,avcShq5OZPY,view_count,24376,,youtube_public_v1,PUBLIC,EayQWJWx9JTcOG5Xe
youtube,avcShq5OZPY,like_count,499,,youtube_public_v1,PUBLIC,EayQWJWx9JTcOG5Xe
youtube,avcShq5OZPY,comment_count,17,,youtube_public_v1,PUBLIC,EayQWJWx9JTcOG5Xe
youtube,pR2A8E7vAHg,view_count,17293,,youtube_public_v1,PUBLIC,EayQWJWx9JTcOG5Xe
youtube,pR2A8E7vAHg,like_count,263,,youtube_public_v1,PUBLIC,EayQWJWx9JTcOG5Xe
youtube,pR2A8E7vAHg,comment_count,3,,youtube_public_v1,PUBLIC,EayQWJWx9JTcOG5Xe
youtube,QeJE9N_k50Q,view_count,2734,,youtube_public_v1,PUBLIC,EayQWJWx9JTcOG5Xe
youtube,QeJE9N_k50Q,like_count,33,,youtube_public_v1,PUBLIC,EayQWJWx9JTcOG5Xe
youtube,QeJE9N_k50Q,comment_count,0,,youtube_public_v1,PUBLIC,EayQWJWx9JTcOG5Xe
youtube,pw5qY_CQ1a8,view_count,11141,,youtube_public_v1,PUBLIC,EayQWJWx9JTcOG5Xe
youtube,pw5qY_CQ1a8,like_count,154,,youtube_public_v1,PUBLIC,EayQWJWx9JTcOG5Xe
youtube,pw5qY_CQ1a8,comment_count,3,,youtube_public_v1,PUBLIC,EayQWJWx9JTcOG5Xe
youtube,AfrAWrA4CHk,view_count,832409,,youtube_public_v1,PUBLIC,EayQWJWx9JTcOG5Xe
youtube,AfrAWrA4CHk,like_count,7500,,youtube_public_v1,PUBLIC,EayQWJWx9JTcOG5Xe
youtube,AfrAWrA4CHk,comment_count,104,,youtube_public_v1,PUBLIC,EayQWJWx9JTcOG5Xe
youtube,PXZFLAMJBG4,view_count,90597,,youtube_public_v1,PUBLIC,EayQWJWx9JTcOG5Xe
youtube,PXZFLAMJBG4,like_count,1000,,youtube_public_v1,PUBLIC,EayQWJWx9JTcOG5Xe
youtube,PXZFLAMJBG4,comment_count,17,,youtube_public_v1,PUBLIC,EayQWJWx9JTcOG5Xe
youtube,Su5rqevc2jI,view_count,32552,,youtube_public_v1,PUBLIC,EayQWJWx9JTcOG5Xe
youtube,Su5rqevc2jI,like_count,641,,youtube_public_v1,PUBLIC,EayQWJWx9JTcOG5Xe
youtube,Su5rqevc2jI,comment_count,8,,youtube_public_v1,PUBLIC,EayQWJWx9JTcOG5Xe
youtube,oWfPrxZLJZY,view_count,4394,,youtube_public_v1,PUBLIC,EayQWJWx9JTcOG5Xe
youtube,oWfPrxZLJZY,like_count,35,,youtube_public_v1,PUBLIC,EayQWJWx9JTcOG5Xe
youtube,oWfPrxZLJZY,comment_count,0,,youtube_public_v1,PUBLIC,EayQWJWx9JTcOG5Xe
youtube,7iWigGFiXcw,view_count,5065,,youtube_public_v1,PUBLIC,EayQWJWx9JTcOG5Xe
youtube,7iWigGFiXcw,like_count,36,,youtube_public_v1,PUBLIC,EayQWJWx9JTcOG5Xe
youtube,7iWigGFiXcw,comment_count,1,,youtube_public_v1,PUBLIC,EayQWJWx9JTcOG5Xe
youtube,ggR0atchj_c,view_count,28620,,youtube_public_v1,PUBLIC,EayQWJWx9JTcOG5Xe
youtube,ggR0atchj_c,like_count,625,,youtube_public_v1,PUBLIC,EayQWJWx9JTcOG5Xe
youtube,ggR0atchj_c,comment_count,3,,youtube_public_v1,PUBLIC,EayQWJWx9JTcOG5Xe
youtube,VvmpjfZeQqU,view_count,15037,,youtube_public_v1,PUBLIC,EayQWJWx9JTcOG5Xe
youtube,VvmpjfZeQqU,like_count,163,,youtube_public_v1,PUBLIC,EayQWJWx9JTcOG5Xe
youtube,VvmpjfZeQqU,comment_count,1,,youtube_public_v1,PUBLIC,EayQWJWx9JTcOG5Xe
youtube,lUbc97BUWIY,view_count,12328893,2026-08-12T18:42:16.381726+07:00,youtube_public_v1,PUBLIC,EayQWJWx9JTcOG5Xe
youtube,lUbc97BUWIY,like_count,119000,2026-08-12T18:42:16.381726+07:00,youtube_public_v1,PUBLIC,EayQWJWx9JTcOG5Xe
youtube,lUbc97BUWIY,comment_count,8434,2026-08-12T18:42:16.381726+07:00,youtube_public_v1,PUBLIC,EayQWJWx9JTcOG5Xe
youtube,riqQucFv6kI,view_count,4409044,,youtube_public_v1,PUBLIC,EayQWJWx9JTcOG5Xe
youtube,riqQucFv6kI,like_count,33000,,youtube_public_v1,PUBLIC,EayQWJWx9JTcOG5Xe
youtube,riqQucFv6kI,comment_count,1908,,youtube_public_v1,PUBLIC,EayQWJWx9JTcOG5Xe
youtube,pnGNRLcgS8o,view_count,1709394,2026-08-12T14:18:59.730784+07:00,youtube_public_v1,PUBLIC,EayQWJWx9JTcOG5Xe
youtube,pnGNRLcgS8o,like_count,8900,2026-08-12T14:18:59.730784+07:00,youtube_public_v1,PUBLIC,EayQWJWx9JTcOG5Xe
youtube,pnGNRLcgS8o,comment_count,1289,2026-08-12T14:18:59.730784+07:00,youtube_public_v1,PUBLIC,EayQWJWx9JTcOG5Xe
youtube,3GQe2KflBQw,view_count,1095111,2026-08-12T14:25:47.403885+07:00,youtube_public_v1,PUBLIC,EayQWJWx9JTcOG5Xe
youtube,3GQe2KflBQw,like_count,10000,2026-08-12T14:25:47.403885+07:00,youtube_public_v1,PUBLIC,EayQWJWx9JTcOG5Xe
youtube,3GQe2KflBQw,comment_count,704,2026-08-12T14:25:47.403885+07:00,youtube_public_v1,PUBLIC,EayQWJWx9JTcOG5Xe
youtube,uTGqZJb8FYg,view_count,4288923,2026-08-12T14:26:46.940202+07:00,youtube_public_v1,PUBLIC,EayQWJWx9JTcOG5Xe
youtube,uTGqZJb8FYg,like_count,31000,2026-08-12T14:26:46.940202+07:00,youtube_public_v1,PUBLIC,EayQWJWx9JTcOG5Xe
youtube,uTGqZJb8FYg,comment_count,3209,2026-08-12T14:26:46.940202+07:00,youtube_public_v1,PUBLIC,EayQWJWx9JTcOG5Xe
youtube,jQKFC5uIir0,view_count,2592975,2026-08-12T14:26:46.940202+07:00,youtube_public_v1,PUBLIC,EayQWJWx9JTcOG5Xe
youtube,jQKFC5uIir0,like_count,3500,2026-08-12T14:26:46.940202+07:00,youtube_public_v1,PUBLIC,EayQWJWx9JTcOG5Xe
youtube,jQKFC5uIir0,comment_count,1724,2026-08-12T14:26:46.940202+07:00,youtube_public_v1,PUBLIC,EayQWJWx9JTcOG5Xe
youtube,VQkBSqXIsBQ,view_count,2444668,2026-08-12T14:26:46.940202+07:00,youtube_public_v1,PUBLIC,EayQWJWx9JTcOG5Xe
youtube,VQkBSqXIsBQ,like_count,5400,2026-08-12T14:26:46.940202+07:00,youtube_public_v1,PUBLIC,EayQWJWx9JTcOG5Xe
youtube,VQkBSqXIsBQ,comment_count,741,2026-08-12T14:26:46.940202+07:00,youtube_public_v1,PUBLIC,EayQWJWx9JTcOG5Xe
youtube,yoxoN2htv3I,view_count,185,,youtube_public_v1,PUBLIC,EayQWJWx9JTcOG5Xe
youtube,yoxoN2htv3I,like_count,9,,youtube_public_v1,PUBLIC,EayQWJWx9JTcOG5Xe
youtube,yoxoN2htv3I,comment_count,2,,youtube_public_v1,PUBLIC,EayQWJWx9JTcOG5Xe
youtube,9saJfuedhOs,view_count,10231,,youtube_public_v1,PUBLIC,uXuO4aSfuBb0SdcF9
youtube,9saJfuedhOs,like_count,164,,youtube_public_v1,PUBLIC,uXuO4aSfuBb0SdcF9
youtube,9saJfuedhOs,comment_count,1,,youtube_public_v1,PUBLIC,uXuO4aSfuBb0SdcF9
youtube,St3GvvAxfbA,view_count,5498,,youtube_public_v1,PUBLIC,uXuO4aSfuBb0SdcF9
youtube,St3GvvAxfbA,like_count,42,,youtube_public_v1,PUBLIC,uXuO4aSfuBb0SdcF9
youtube,St3GvvAxfbA,comment_count,0,,youtube_public_v1,PUBLIC,uXuO4aSfuBb0SdcF9
youtube,VJvJINK64KU,view_count,2983,,youtube_public_v1,PUBLIC,uXuO4aSfuBb0SdcF9
youtube,VJvJINK64KU,like_count,29,,youtube_public_v1,PUBLIC,uXuO4aSfuBb0SdcF9
youtube,VJvJINK64KU,comment_count,0,,youtube_public_v1,PUBLIC,uXuO4aSfuBb0SdcF9
youtube,ChaXY1q5XFM,view_count,305664,,youtube_public_v1,PUBLIC,uXuO4aSfuBb0SdcF9
youtube,ChaXY1q5XFM,like_count,1800,,youtube_public_v1,PUBLIC,uXuO4aSfuBb0SdcF9
youtube,ChaXY1q5XFM,comment_count,6,,youtube_public_v1,PUBLIC,uXuO4aSfuBb0SdcF9
youtube,gaKmV2goUiQ,view_count,24563,,youtube_public_v1,PUBLIC,uXuO4aSfuBb0SdcF9
youtube,gaKmV2goUiQ,like_count,257,,youtube_public_v1,PUBLIC,uXuO4aSfuBb0SdcF9
youtube,gaKmV2goUiQ,comment_count,6,,youtube_public_v1,PUBLIC,uXuO4aSfuBb0SdcF9
youtube,eDdCvmE5bhU,view_count,66774,,youtube_public_v1,PUBLIC,uXuO4aSfuBb0SdcF9
youtube,eDdCvmE5bhU,like_count,888,,youtube_public_v1,PUBLIC,uXuO4aSfuBb0SdcF9
youtube,eDdCvmE5bhU,comment_count,17,,youtube_public_v1,PUBLIC,uXuO4aSfuBb0SdcF9
youtube,MjWEtXizBjs,view_count,2350,,youtube_public_v1,PUBLIC,uXuO4aSfuBb0SdcF9
youtube,MjWEtXizBjs,like_count,16,,youtube_public_v1,PUBLIC,uXuO4aSfuBb0SdcF9
youtube,MjWEtXizBjs,comment_count,0,,youtube_public_v1,PUBLIC,uXuO4aSfuBb0SdcF9
youtube,4KcSyNwSaqk,view_count,4932,,youtube_public_v1,PUBLIC,uXuO4aSfuBb0SdcF9
youtube,4KcSyNwSaqk,like_count,37,,youtube_public_v1,PUBLIC,uXuO4aSfuBb0SdcF9
youtube,4KcSyNwSaqk,comment_count,0,,youtube_public_v1,PUBLIC,uXuO4aSfuBb0SdcF9
youtube,klEuFlzxdZY,view_count,10036,,youtube_public_v1,PUBLIC,uXuO4aSfuBb0SdcF9
youtube,klEuFlzxdZY,like_count,86,,youtube_public_v1,PUBLIC,uXuO4aSfuBb0SdcF9
youtube,klEuFlzxdZY,comment_count,5,,youtube_public_v1,PUBLIC,uXuO4aSfuBb0SdcF9
youtube,JUaqRHl_800,view_count,22936,,youtube_public_v1,PUBLIC,uXuO4aSfuBb0SdcF9
youtube,JUaqRHl_800,like_count,224,,youtube_public_v1,PUBLIC,uXuO4aSfuBb0SdcF9
youtube,JUaqRHl_800,comment_count,1,,youtube_public_v1,PUBLIC,uXuO4aSfuBb0SdcF9
youtube,MBTAQgX2IAA,view_count,1560,,youtube_public_v1,PUBLIC,uXuO4aSfuBb0SdcF9
youtube,MBTAQgX2IAA,like_count,10,,youtube_public_v1,PUBLIC,uXuO4aSfuBb0SdcF9
youtube,MBTAQgX2IAA,comment_count,0,,youtube_public_v1,PUBLIC,uXuO4aSfuBb0SdcF9
youtube,6g6fH-4yvPo,view_count,1688,,youtube_public_v1,PUBLIC,uXuO4aSfuBb0SdcF9
youtube,6g6fH-4yvPo,like_count,18,,youtube_public_v1,PUBLIC,uXuO4aSfuBb0SdcF9
youtube,6g6fH-4yvPo,comment_count,0,,youtube_public_v1,PUBLIC,uXuO4aSfuBb0SdcF9
youtube,IhkbA3236JI,view_count,151939,,youtube_public_v1,PUBLIC,uXuO4aSfuBb0SdcF9
youtube,IhkbA3236JI,like_count,1000,,youtube_public_v1,PUBLIC,uXuO4aSfuBb0SdcF9
youtube,IhkbA3236JI,comment_count,31,,youtube_public_v1,PUBLIC,uXuO4aSfuBb0SdcF9
youtube,oQB4mbyAF2s,view_count,3644919,,youtube_public_v1,PUBLIC,uXuO4aSfuBb0SdcF9
youtube,oQB4mbyAF2s,like_count,55000,,youtube_public_v1,PUBLIC,uXuO4aSfuBb0SdcF9
youtube,oQB4mbyAF2s,comment_count,267,,youtube_public_v1,PUBLIC,uXuO4aSfuBb0SdcF9
youtube,fCNSwAuBHLk,view_count,33540,,youtube_public_v1,PUBLIC,uXuO4aSfuBb0SdcF9
youtube,fCNSwAuBHLk,like_count,448,,youtube_public_v1,PUBLIC,uXuO4aSfuBb0SdcF9
youtube,fCNSwAuBHLk,comment_count,1,,youtube_public_v1,PUBLIC,uXuO4aSfuBb0SdcF9
youtube,GkwGtmhJ3I4,view_count,41496,,youtube_public_v1,PUBLIC,uXuO4aSfuBb0SdcF9
youtube,GkwGtmhJ3I4,like_count,545,,youtube_public_v1,PUBLIC,uXuO4aSfuBb0SdcF9
youtube,GkwGtmhJ3I4,comment_count,1,,youtube_public_v1,PUBLIC,uXuO4aSfuBb0SdcF9
youtube,T7SWpaJ3u1E,view_count,4008768,2026-08-12T18:39:04.110834+07:00,youtube_public_v1,PUBLIC,uXuO4aSfuBb0SdcF9
youtube,T7SWpaJ3u1E,like_count,63000,2026-08-12T18:39:04.110834+07:00,youtube_public_v1,PUBLIC,uXuO4aSfuBb0SdcF9
youtube,T7SWpaJ3u1E,comment_count,2422,2026-08-12T18:39:04.110834+07:00,youtube_public_v1,PUBLIC,uXuO4aSfuBb0SdcF9
youtube,e4p1-Z2igoU,view_count,3382972,2026-08-12T18:39:04.110834+07:00,youtube_public_v1,PUBLIC,uXuO4aSfuBb0SdcF9
youtube,e4p1-Z2igoU,like_count,45000,2026-08-12T18:39:04.110834+07:00,youtube_public_v1,PUBLIC,uXuO4aSfuBb0SdcF9
youtube,e4p1-Z2igoU,comment_count,1824,2026-08-12T18:39:04.110834+07:00,youtube_public_v1,PUBLIC,uXuO4aSfuBb0SdcF9
youtube,NMOiEFqC1is,view_count,1423,,youtube_public_v1,PUBLIC,uXuO4aSfuBb0SdcF9
youtube,NMOiEFqC1is,like_count,6,,youtube_public_v1,PUBLIC,uXuO4aSfuBb0SdcF9
youtube,NMOiEFqC1is,comment_count,0,,youtube_public_v1,PUBLIC,uXuO4aSfuBb0SdcF9
youtube,9mawj8YhiMc,view_count,78917,,youtube_public_v1,PUBLIC,uXuO4aSfuBb0SdcF9
youtube,9mawj8YhiMc,like_count,1600,,youtube_public_v1,PUBLIC,uXuO4aSfuBb0SdcF9
youtube,9mawj8YhiMc,comment_count,39,,youtube_public_v1,PUBLIC,uXuO4aSfuBb0SdcF9
youtube,6-GHNMCiHwk,view_count,847,,youtube_public_v1,PUBLIC,uXuO4aSfuBb0SdcF9
youtube,6-GHNMCiHwk,like_count,6,,youtube_public_v1,PUBLIC,uXuO4aSfuBb0SdcF9
youtube,6-GHNMCiHwk,comment_count,1,,youtube_public_v1,PUBLIC,uXuO4aSfuBb0SdcF9
youtube,a_GpUMgDFFU,view_count,3820557,2026-08-12T18:39:04.110834+07:00,youtube_public_v1,PUBLIC,uXuO4aSfuBb0SdcF9
youtube,a_GpUMgDFFU,like_count,44000,2026-08-12T18:39:04.110834+07:00,youtube_public_v1,PUBLIC,uXuO4aSfuBb0SdcF9
youtube,a_GpUMgDFFU,comment_count,2050,2026-08-12T18:39:04.110834+07:00,youtube_public_v1,PUBLIC,uXuO4aSfuBb0SdcF9
youtube,ULT3FbPW_MM,view_count,7971573,2026-08-12T18:39:04.110834+07:00,youtube_public_v1,PUBLIC,uXuO4aSfuBb0SdcF9
youtube,ULT3FbPW_MM,like_count,107000,2026-08-12T18:39:04.110834+07:00,youtube_public_v1,PUBLIC,uXuO4aSfuBb0SdcF9
youtube,ULT3FbPW_MM,comment_count,7679,2026-08-12T18:39:04.110834+07:00,youtube_public_v1,PUBLIC,uXuO4aSfuBb0SdcF9
youtube,b0bdkSGN5R8,view_count,11783,,youtube_public_v1,PUBLIC,uXuO4aSfuBb0SdcF9
youtube,b0bdkSGN5R8,like_count,106,,youtube_public_v1,PUBLIC,uXuO4aSfuBb0SdcF9
youtube,b0bdkSGN5R8,comment_count,1,,youtube_public_v1,PUBLIC,uXuO4aSfuBb0SdcF9
youtube,8uRaoWl7X8w,view_count,26879,,youtube_public_v1,PUBLIC,uXuO4aSfuBb0SdcF9
youtube,8uRaoWl7X8w,like_count,220,,youtube_public_v1,PUBLIC,uXuO4aSfuBb0SdcF9
youtube,8uRaoWl7X8w,comment_count,9,,youtube_public_v1,PUBLIC,uXuO4aSfuBb0SdcF9
youtube,AHlZ4a5viTo,view_count,114033,,youtube_public_v1,PUBLIC,uXuO4aSfuBb0SdcF9
youtube,AHlZ4a5viTo,like_count,1800,,youtube_public_v1,PUBLIC,uXuO4aSfuBb0SdcF9
youtube,AHlZ4a5viTo,comment_count,21,,youtube_public_v1,PUBLIC,uXuO4aSfuBb0SdcF9
youtube,aJA_0feFKww,view_count,537,,youtube_public_v1,PUBLIC,uXuO4aSfuBb0SdcF9
youtube,aJA_0feFKww,like_count,11,,youtube_public_v1,PUBLIC,uXuO4aSfuBb0SdcF9
youtube,aJA_0feFKww,comment_count,0,,youtube_public_v1,PUBLIC,uXuO4aSfuBb0SdcF9
youtube,fMBzPEo62OE,view_count,1057,,youtube_public_v1,PUBLIC,uXuO4aSfuBb0SdcF9
youtube,fMBzPEo62OE,like_count,28,,youtube_public_v1,PUBLIC,uXuO4aSfuBb0SdcF9
youtube,fMBzPEo62OE,comment_count,0,,youtube_public_v1,PUBLIC,uXuO4aSfuBb0SdcF9
youtube,SeKzv1RZkEE,view_count,3036,,youtube_public_v1,PUBLIC,uXuO4aSfuBb0SdcF9
youtube,SeKzv1RZkEE,like_count,31,,youtube_public_v1,PUBLIC,uXuO4aSfuBb0SdcF9
youtube,SeKzv1RZkEE,comment_count,0,,youtube_public_v1,PUBLIC,uXuO4aSfuBb0SdcF9
youtube,Hv-HNFrQB-c,view_count,1371,,youtube_public_v1,PUBLIC,uXuO4aSfuBb0SdcF9
youtube,Hv-HNFrQB-c,like_count,8,,youtube_public_v1,PUBLIC,uXuO4aSfuBb0SdcF9
youtube,Hv-HNFrQB-c,comment_count,0,,youtube_public_v1,PUBLIC,uXuO4aSfuBb0SdcF9
youtube,vA1yK1cqI64,view_count,1550,,youtube_public_v1,PUBLIC,uXuO4aSfuBb0SdcF9
youtube,vA1yK1cqI64,like_count,33,,youtube_public_v1,PUBLIC,uXuO4aSfuBb0SdcF9
youtube,vA1yK1cqI64,comment_count,0,,youtube_public_v1,PUBLIC,uXuO4aSfuBb0SdcF9
youtube,vYQrNpp0zcs,view_count,12826,,youtube_public_v1,PUBLIC,uXuO4aSfuBb0SdcF9
youtube,vYQrNpp0zcs,like_count,183,,youtube_public_v1,PUBLIC,uXuO4aSfuBb0SdcF9
youtube,vYQrNpp0zcs,comment_count,5,,youtube_public_v1,PUBLIC,uXuO4aSfuBb0SdcF9
youtube,WiXXRPJMapo,view_count,425975,,youtube_public_v1,PUBLIC,uXuO4aSfuBb0SdcF9
youtube,WiXXRPJMapo,like_count,6400,,youtube_public_v1,PUBLIC,uXuO4aSfuBb0SdcF9
youtube,WiXXRPJMapo,comment_count,102,,youtube_public_v1,PUBLIC,uXuO4aSfuBb0SdcF9
youtube,tmdtYjJILTg,view_count,3648,,youtube_public_v1,PUBLIC,uXuO4aSfuBb0SdcF9
youtube,tmdtYjJILTg,like_count,66,,youtube_public_v1,PUBLIC,uXuO4aSfuBb0SdcF9
youtube,tmdtYjJILTg,comment_count,0,,youtube_public_v1,PUBLIC,uXuO4aSfuBb0SdcF9
youtube,-d7aFJd_xiE,view_count,183895,,youtube_public_v1,PUBLIC,uXuO4aSfuBb0SdcF9
youtube,-d7aFJd_xiE,like_count,1800,,youtube_public_v1,PUBLIC,uXuO4aSfuBb0SdcF9
youtube,-d7aFJd_xiE,comment_count,23,,youtube_public_v1,PUBLIC,uXuO4aSfuBb0SdcF9
youtube,xD2fIEA-Nyk,view_count,321,,youtube_public_v1,PUBLIC,uXuO4aSfuBb0SdcF9
youtube,xD2fIEA-Nyk,like_count,12,,youtube_public_v1,PUBLIC,uXuO4aSfuBb0SdcF9
youtube,xD2fIEA-Nyk,comment_count,0,,youtube_public_v1,PUBLIC,uXuO4aSfuBb0SdcF9
youtube,HmlAJ2KncUA,view_count,3588483,2026-08-12T18:39:04.110834+07:00,youtube_public_v1,PUBLIC,uXuO4aSfuBb0SdcF9
youtube,HmlAJ2KncUA,like_count,64000,2026-08-12T18:39:04.110834+07:00,youtube_public_v1,PUBLIC,uXuO4aSfuBb0SdcF9
youtube,HmlAJ2KncUA,comment_count,3579,2026-08-12T18:39:04.110834+07:00,youtube_public_v1,PUBLIC,uXuO4aSfuBb0SdcF9
youtube,oEA4LQ1jpmU,view_count,2568358,2026-08-12T18:39:04.110834+07:00,youtube_public_v1,PUBLIC,uXuO4aSfuBb0SdcF9
youtube,oEA4LQ1jpmU,like_count,55000,2026-08-12T18:39:04.110834+07:00,youtube_public_v1,PUBLIC,uXuO4aSfuBb0SdcF9
youtube,oEA4LQ1jpmU,comment_count,2129,2026-08-12T18:39:04.110834+07:00,youtube_public_v1,PUBLIC,uXuO4aSfuBb0SdcF9
youtube,06reF0fTXTg,view_count,128101,,youtube_public_v1,PUBLIC,uXuO4aSfuBb0SdcF9
youtube,06reF0fTXTg,like_count,845,,youtube_public_v1,PUBLIC,uXuO4aSfuBb0SdcF9
youtube,06reF0fTXTg,comment_count,37,,youtube_public_v1,PUBLIC,uXuO4aSfuBb0SdcF9
youtube,psYgJ7RxB_8,view_count,3516891,2026-08-12T18:39:04.110834+07:00,youtube_public_v1,PUBLIC,uXuO4aSfuBb0SdcF9
youtube,psYgJ7RxB_8,like_count,67000,2026-08-12T18:39:04.110834+07:00,youtube_public_v1,PUBLIC,uXuO4aSfuBb0SdcF9
youtube,psYgJ7RxB_8,comment_count,3102,2026-08-12T18:39:04.110834+07:00,youtube_public_v1,PUBLIC,uXuO4aSfuBb0SdcF9
youtube,erm2i198E44,view_count,3443625,2026-08-12T18:39:04.110834+07:00,youtube_public_v1,PUBLIC,uXuO4aSfuBb0SdcF9
youtube,erm2i198E44,like_count,59000,2026-08-12T18:39:04.110834+07:00,youtube_public_v1,PUBLIC,uXuO4aSfuBb0SdcF9
youtube,erm2i198E44,comment_count,3541,2026-08-12T18:39:04.110834+07:00,youtube_public_v1,PUBLIC,uXuO4aSfuBb0SdcF9
youtube,gUXjNJBj8_A,view_count,95318,,youtube_public_v1,PUBLIC,uXuO4aSfuBb0SdcF9
youtube,gUXjNJBj8_A,like_count,824,,youtube_public_v1,PUBLIC,uXuO4aSfuBb0SdcF9
youtube,gUXjNJBj8_A,comment_count,12,,youtube_public_v1,PUBLIC,uXuO4aSfuBb0SdcF9
youtube,z6XD4fEAGmA,view_count,4864057,2026-08-12T18:39:04.110834+07:00,youtube_public_v1,PUBLIC,uXuO4aSfuBb0SdcF9
youtube,z6XD4fEAGmA,like_count,62000,2026-08-12T18:39:04.110834+07:00,youtube_public_v1,PUBLIC,uXuO4aSfuBb0SdcF9
youtube,z6XD4fEAGmA,comment_count,3493,2026-08-12T18:39:04.110834+07:00,youtube_public_v1,PUBLIC,uXuO4aSfuBb0SdcF9
youtube,nUopTUzudpU,view_count,2236,,youtube_public_v1,PUBLIC,uXuO4aSfuBb0SdcF9
youtube,nUopTUzudpU,like_count,37,,youtube_public_v1,PUBLIC,uXuO4aSfuBb0SdcF9
youtube,nUopTUzudpU,comment_count,0,,youtube_public_v1,PUBLIC,uXuO4aSfuBb0SdcF9
youtube,sfBJZB-7cFU,view_count,17963,,youtube_public_v1,PUBLIC,uXuO4aSfuBb0SdcF9
youtube,sfBJZB-7cFU,like_count,119,,youtube_public_v1,PUBLIC,uXuO4aSfuBb0SdcF9
youtube,sfBJZB-7cFU,comment_count,7,,youtube_public_v1,PUBLIC,uXuO4aSfuBb0SdcF9
youtube,tgq2zA4WUEo,view_count,200187,,youtube_public_v1,PUBLIC,uXuO4aSfuBb0SdcF9
youtube,tgq2zA4WUEo,like_count,667,,youtube_public_v1,PUBLIC,uXuO4aSfuBb0SdcF9
youtube,tgq2zA4WUEo,comment_count,52,,youtube_public_v1,PUBLIC,uXuO4aSfuBb0SdcF9
youtube,JemTrmH3fjs,view_count,761,,youtube_public_v1,PUBLIC,uXuO4aSfuBb0SdcF9
youtube,JemTrmH3fjs,like_count,7,,youtube_public_v1,PUBLIC,uXuO4aSfuBb0SdcF9
youtube,JemTrmH3fjs,comment_count,1,,youtube_public_v1,PUBLIC,uXuO4aSfuBb0SdcF9
youtube,_29nwFISUws,view_count,11057,,youtube_public_v1,PUBLIC,uXuO4aSfuBb0SdcF9
youtube,_29nwFISUws,like_count,136,,youtube_public_v1,PUBLIC,uXuO4aSfuBb0SdcF9
youtube,_29nwFISUws,comment_count,0,,youtube_public_v1,PUBLIC,uXuO4aSfuBb0SdcF9
youtube,2fwIOn7XqP4,view_count,3284258,,youtube_public_v1,PUBLIC,uXuO4aSfuBb0SdcF9
youtube,2fwIOn7XqP4,like_count,35000,,youtube_public_v1,PUBLIC,uXuO4aSfuBb0SdcF9
youtube,2fwIOn7XqP4,comment_count,460,,youtube_public_v1,PUBLIC,uXuO4aSfuBb0SdcF9
youtube,Lic94xTU7SU,view_count,48453,,youtube_public_v1,PUBLIC,uXuO4aSfuBb0SdcF9
youtube,Lic94xTU7SU,like_count,505,,youtube_public_v1,PUBLIC,uXuO4aSfuBb0SdcF9
youtube,Lic94xTU7SU,comment_count,5,,youtube_public_v1,PUBLIC,uXuO4aSfuBb0SdcF9
youtube,Ixme5nXfD7A,view_count,40357,,youtube_public_v1,PUBLIC,uXuO4aSfuBb0SdcF9
youtube,Ixme5nXfD7A,like_count,409,,youtube_public_v1,PUBLIC,uXuO4aSfuBb0SdcF9
youtube,Ixme5nXfD7A,comment_count,7,,youtube_public_v1,PUBLIC,uXuO4aSfuBb0SdcF9
youtube,-WAD83tAFLM,view_count,3385188,2026-08-12T18:26:40.410244+07:00,youtube_public_v1,PUBLIC,pf2wqsAymqCr1zVLK
youtube,-WAD83tAFLM,like_count,27000,2026-08-12T18:26:40.410244+07:00,youtube_public_v1,PUBLIC,pf2wqsAymqCr1zVLK
youtube,-WAD83tAFLM,comment_count,3988,2026-08-12T18:26:40.410244+07:00,youtube_public_v1,PUBLIC,pf2wqsAymqCr1zVLK
youtube,5a1oq9x5Ea4,view_count,3316354,2026-08-12T18:26:40.410244+07:00,youtube_public_v1,PUBLIC,pf2wqsAymqCr1zVLK
youtube,5a1oq9x5Ea4,like_count,29000,2026-08-12T18:26:40.410244+07:00,youtube_public_v1,PUBLIC,pf2wqsAymqCr1zVLK
youtube,5a1oq9x5Ea4,comment_count,4793,2026-08-12T18:26:40.410244+07:00,youtube_public_v1,PUBLIC,pf2wqsAymqCr1zVLK
youtube,5PfxTVqhu90,view_count,85093,,youtube_public_v1,PUBLIC,pf2wqsAymqCr1zVLK
youtube,5PfxTVqhu90,like_count,662,,youtube_public_v1,PUBLIC,pf2wqsAymqCr1zVLK
youtube,5PfxTVqhu90,comment_count,169,,youtube_public_v1,PUBLIC,pf2wqsAymqCr1zVLK
youtube,BxLIDfQdOeQ,view_count,73310,,youtube_public_v1,PUBLIC,pf2wqsAymqCr1zVLK
youtube,BxLIDfQdOeQ,like_count,795,,youtube_public_v1,PUBLIC,pf2wqsAymqCr1zVLK
youtube,BxLIDfQdOeQ,comment_count,84,,youtube_public_v1,PUBLIC,pf2wqsAymqCr1zVLK
youtube,xOTwnm7R3lo,view_count,173264,,youtube_public_v1,PUBLIC,pf2wqsAymqCr1zVLK
youtube,xOTwnm7R3lo,like_count,2800,,youtube_public_v1,PUBLIC,pf2wqsAymqCr1zVLK
youtube,xOTwnm7R3lo,comment_count,156,,youtube_public_v1,PUBLIC,pf2wqsAymqCr1zVLK
youtube,Yfyy7BEj9P0,view_count,603895,2026-08-12T18:26:40.410244+07:00,youtube_public_v1,PUBLIC,pf2wqsAymqCr1zVLK
youtube,Yfyy7BEj9P0,like_count,3600,2026-08-12T18:26:40.410244+07:00,youtube_public_v1,PUBLIC,pf2wqsAymqCr1zVLK
youtube,Yfyy7BEj9P0,comment_count,295,2026-08-12T18:26:40.410244+07:00,youtube_public_v1,PUBLIC,pf2wqsAymqCr1zVLK
youtube,iz76RZfj2v8,view_count,5141943,2026-08-12T18:26:40.410244+07:00,youtube_public_v1,PUBLIC,pf2wqsAymqCr1zVLK
youtube,iz76RZfj2v8,like_count,51000,2026-08-12T18:26:40.410244+07:00,youtube_public_v1,PUBLIC,pf2wqsAymqCr1zVLK
youtube,iz76RZfj2v8,comment_count,4762,2026-08-12T18:26:40.410244+07:00,youtube_public_v1,PUBLIC,pf2wqsAymqCr1zVLK
youtube,m8FNNeyjfdE,view_count,673101,,youtube_public_v1,PUBLIC,pf2wqsAymqCr1zVLK
youtube,m8FNNeyjfdE,like_count,14000,,youtube_public_v1,PUBLIC,pf2wqsAymqCr1zVLK
youtube,m8FNNeyjfdE,comment_count,444,,youtube_public_v1,PUBLIC,pf2wqsAymqCr1zVLK
youtube,ere9HYhlgzs,view_count,99214,,youtube_public_v1,PUBLIC,pf2wqsAymqCr1zVLK
youtube,ere9HYhlgzs,like_count,791,,youtube_public_v1,PUBLIC,pf2wqsAymqCr1zVLK
youtube,ere9HYhlgzs,comment_count,151,,youtube_public_v1,PUBLIC,pf2wqsAymqCr1zVLK
youtube,Ja6f0Szv49M,view_count,55007,,youtube_public_v1,PUBLIC,pf2wqsAymqCr1zVLK
youtube,Ja6f0Szv49M,like_count,376,,youtube_public_v1,PUBLIC,pf2wqsAymqCr1zVLK
youtube,Ja6f0Szv49M,comment_count,1,,youtube_public_v1,PUBLIC,pf2wqsAymqCr1zVLK
youtube,gyVc6rU58ss,view_count,1005493,,youtube_public_v1,PUBLIC,pf2wqsAymqCr1zVLK
youtube,gyVc6rU58ss,like_count,18000,,youtube_public_v1,PUBLIC,pf2wqsAymqCr1zVLK
youtube,gyVc6rU58ss,comment_count,290,,youtube_public_v1,PUBLIC,pf2wqsAymqCr1zVLK
youtube,EKXLl1oirqY,view_count,467534,,youtube_public_v1,PUBLIC,pf2wqsAymqCr1zVLK
youtube,EKXLl1oirqY,like_count,2800,,youtube_public_v1,PUBLIC,pf2wqsAymqCr1zVLK
youtube,EKXLl1oirqY,comment_count,187,,youtube_public_v1,PUBLIC,pf2wqsAymqCr1zVLK
youtube,J2KLfma2Pvc,view_count,508296,,youtube_public_v1,PUBLIC,pf2wqsAymqCr1zVLK
youtube,J2KLfma2Pvc,like_count,13000,,youtube_public_v1,PUBLIC,pf2wqsAymqCr1zVLK
youtube,J2KLfma2Pvc,comment_count,738,,youtube_public_v1,PUBLIC,pf2wqsAymqCr1zVLK
youtube,HbTqOA5gXWk,view_count,3609824,2026-08-12T18:26:40.410244+07:00,youtube_public_v1,PUBLIC,pf2wqsAymqCr1zVLK
youtube,HbTqOA5gXWk,like_count,34000,2026-08-12T18:26:40.410244+07:00,youtube_public_v1,PUBLIC,pf2wqsAymqCr1zVLK
youtube,HbTqOA5gXWk,comment_count,3985,2026-08-12T18:26:40.410244+07:00,youtube_public_v1,PUBLIC,pf2wqsAymqCr1zVLK
youtube,aoFK5TDEScA,view_count,472475,,youtube_public_v1,PUBLIC,pf2wqsAymqCr1zVLK
youtube,aoFK5TDEScA,like_count,8900,,youtube_public_v1,PUBLIC,pf2wqsAymqCr1zVLK
youtube,aoFK5TDEScA,comment_count,709,,youtube_public_v1,PUBLIC,pf2wqsAymqCr1zVLK
youtube,8vShlfJv_lI,view_count,3490111,2026-08-12T18:26:40.410244+07:00,youtube_public_v1,PUBLIC,pf2wqsAymqCr1zVLK
youtube,8vShlfJv_lI,like_count,35000,2026-08-12T18:26:40.410244+07:00,youtube_public_v1,PUBLIC,pf2wqsAymqCr1zVLK
youtube,8vShlfJv_lI,comment_count,4966,2026-08-12T18:26:40.410244+07:00,youtube_public_v1,PUBLIC,pf2wqsAymqCr1zVLK
youtube,WhgFW6y98A0,view_count,993445,,youtube_public_v1,PUBLIC,pf2wqsAymqCr1zVLK
youtube,WhgFW6y98A0,like_count,6200,,youtube_public_v1,PUBLIC,pf2wqsAymqCr1zVLK
youtube,WhgFW6y98A0,comment_count,540,,youtube_public_v1,PUBLIC,pf2wqsAymqCr1zVLK
youtube,ycH-DrBanJE,view_count,3130988,2026-08-12T18:26:40.410244+07:00,youtube_public_v1,PUBLIC,pf2wqsAymqCr1zVLK
youtube,ycH-DrBanJE,like_count,34000,2026-08-12T18:26:40.410244+07:00,youtube_public_v1,PUBLIC,pf2wqsAymqCr1zVLK
youtube,ycH-DrBanJE,comment_count,4121,2026-08-12T18:26:40.410244+07:00,youtube_public_v1,PUBLIC,pf2wqsAymqCr1zVLK
youtube,Mi_6HQqq714,view_count,171444,,youtube_public_v1,PUBLIC,pf2wqsAymqCr1zVLK
youtube,Mi_6HQqq714,like_count,1700,,youtube_public_v1,PUBLIC,pf2wqsAymqCr1zVLK
youtube,Mi_6HQqq714,comment_count,110,,youtube_public_v1,PUBLIC,pf2wqsAymqCr1zVLK
youtube,DkLHbWnsWLU,view_count,200150,,youtube_public_v1,PUBLIC,pf2wqsAymqCr1zVLK
youtube,DkLHbWnsWLU,like_count,2300,,youtube_public_v1,PUBLIC,pf2wqsAymqCr1zVLK
youtube,DkLHbWnsWLU,comment_count,84,,youtube_public_v1,PUBLIC,pf2wqsAymqCr1zVLK
youtube,pMFSJT0DwAQ,view_count,27227,,youtube_public_v1,PUBLIC,pf2wqsAymqCr1zVLK
youtube,pMFSJT0DwAQ,like_count,299,,youtube_public_v1,PUBLIC,pf2wqsAymqCr1zVLK
youtube,pMFSJT0DwAQ,comment_count,59,,youtube_public_v1,PUBLIC,pf2wqsAymqCr1zVLK
youtube,GcWge0nNRjE,view_count,130484,,youtube_public_v1,PUBLIC,pf2wqsAymqCr1zVLK
youtube,GcWge0nNRjE,like_count,0,,youtube_public_v1,PUBLIC,pf2wqsAymqCr1zVLK
youtube,GcWge0nNRjE,comment_count,0,,youtube_public_v1,PUBLIC,pf2wqsAymqCr1zVLK
youtube,oq8CaxpWzpk,view_count,14379,,youtube_public_v1,PUBLIC,pf2wqsAymqCr1zVLK
youtube,oq8CaxpWzpk,like_count,170,,youtube_public_v1,PUBLIC,pf2wqsAymqCr1zVLK
youtube,oq8CaxpWzpk,comment_count,53,,youtube_public_v1,PUBLIC,pf2wqsAymqCr1zVLK
youtube,AUMv1Ke1rbM,view_count,26463,,youtube_public_v1,PUBLIC,pf2wqsAymqCr1zVLK
youtube,AUMv1Ke1rbM,like_count,277,,youtube_public_v1,PUBLIC,pf2wqsAymqCr1zVLK
youtube,AUMv1Ke1rbM,comment_count,3,,youtube_public_v1,PUBLIC,pf2wqsAymqCr1zVLK
youtube,n5kIZytQJ6o,view_count,7039,,youtube_public_v1,PUBLIC,pf2wqsAymqCr1zVLK
youtube,n5kIZytQJ6o,like_count,214,,youtube_public_v1,PUBLIC,pf2wqsAymqCr1zVLK
youtube,n5kIZytQJ6o,comment_count,7,,youtube_public_v1,PUBLIC,pf2wqsAymqCr1zVLK
youtube,-1XaUODb8kc,view_count,8326,,youtube_public_v1,PUBLIC,pf2wqsAymqCr1zVLK
youtube,-1XaUODb8kc,like_count,197,,youtube_public_v1,PUBLIC,pf2wqsAymqCr1zVLK
youtube,-1XaUODb8kc,comment_count,1,,youtube_public_v1,PUBLIC,pf2wqsAymqCr1zVLK
youtube,1yKH8Ezdwa4,view_count,7209,,youtube_public_v1,PUBLIC,pf2wqsAymqCr1zVLK
youtube,1yKH8Ezdwa4,like_count,157,,youtube_public_v1,PUBLIC,pf2wqsAymqCr1zVLK
youtube,1yKH8Ezdwa4,comment_count,2,,youtube_public_v1,PUBLIC,pf2wqsAymqCr1zVLK
youtube,1Y9OtzBk1ck,view_count,51502,,youtube_public_v1,PUBLIC,pf2wqsAymqCr1zVLK
youtube,1Y9OtzBk1ck,like_count,1600,,youtube_public_v1,PUBLIC,pf2wqsAymqCr1zVLK
youtube,1Y9OtzBk1ck,comment_count,53,,youtube_public_v1,PUBLIC,pf2wqsAymqCr1zVLK
youtube,9Eyt2zdgpcs,view_count,36289,,youtube_public_v1,PUBLIC,pf2wqsAymqCr1zVLK
youtube,9Eyt2zdgpcs,like_count,733,,youtube_public_v1,PUBLIC,pf2wqsAymqCr1zVLK
youtube,9Eyt2zdgpcs,comment_count,67,,youtube_public_v1,PUBLIC,pf2wqsAymqCr1zVLK
youtube,c8HUpsiYqOg,view_count,102591,,youtube_public_v1,PUBLIC,pf2wqsAymqCr1zVLK
youtube,c8HUpsiYqOg,like_count,1600,,youtube_public_v1,PUBLIC,pf2wqsAymqCr1zVLK
youtube,c8HUpsiYqOg,comment_count,4,,youtube_public_v1,PUBLIC,pf2wqsAymqCr1zVLK
youtube,OviQJ9kgSUM,view_count,595848,,youtube_public_v1,PUBLIC,pf2wqsAymqCr1zVLK
youtube,OviQJ9kgSUM,like_count,6000,,youtube_public_v1,PUBLIC,pf2wqsAymqCr1zVLK
youtube,OviQJ9kgSUM,comment_count,69,,youtube_public_v1,PUBLIC,pf2wqsAymqCr1zVLK
youtube,zQVZMSjvrpY,view_count,96321,,youtube_public_v1,PUBLIC,pf2wqsAymqCr1zVLK
youtube,zQVZMSjvrpY,like_count,808,,youtube_public_v1,PUBLIC,pf2wqsAymqCr1zVLK
youtube,zQVZMSjvrpY,comment_count,6,,youtube_public_v1,PUBLIC,pf2wqsAymqCr1zVLK
youtube,X3OZFsdtbH4,view_count,21516,,youtube_public_v1,PUBLIC,pf2wqsAymqCr1zVLK
youtube,X3OZFsdtbH4,like_count,761,,youtube_public_v1,PUBLIC,pf2wqsAymqCr1zVLK
youtube,X3OZFsdtbH4,comment_count,5,,youtube_public_v1,PUBLIC,pf2wqsAymqCr1zVLK
youtube,7iSTJ9P_BK4,view_count,138743,,youtube_public_v1,PUBLIC,pf2wqsAymqCr1zVLK
youtube,7iSTJ9P_BK4,like_count,0,,youtube_public_v1,PUBLIC,pf2wqsAymqCr1zVLK
youtube,7iSTJ9P_BK4,comment_count,13,,youtube_public_v1,PUBLIC,pf2wqsAymqCr1zVLK
youtube,UcQIr1cmL44,view_count,24469,,youtube_public_v1,PUBLIC,pf2wqsAymqCr1zVLK
youtube,UcQIr1cmL44,like_count,372,,youtube_public_v1,PUBLIC,pf2wqsAymqCr1zVLK
youtube,UcQIr1cmL44,comment_count,6,,youtube_public_v1,PUBLIC,pf2wqsAymqCr1zVLK
youtube,o70tdHgzUAI,view_count,221063,,youtube_public_v1,PUBLIC,pf2wqsAymqCr1zVLK
youtube,o70tdHgzUAI,like_count,6400,,youtube_public_v1,PUBLIC,pf2wqsAymqCr1zVLK
youtube,o70tdHgzUAI,comment_count,46,,youtube_public_v1,PUBLIC,pf2wqsAymqCr1zVLK
youtube,fBE4edJxgMg,view_count,2662,,youtube_public_v1,PUBLIC,pf2wqsAymqCr1zVLK
youtube,fBE4edJxgMg,like_count,73,,youtube_public_v1,PUBLIC,pf2wqsAymqCr1zVLK
youtube,fBE4edJxgMg,comment_count,0,,youtube_public_v1,PUBLIC,pf2wqsAymqCr1zVLK
youtube,YBQNhUSeU6c,view_count,4005,,youtube_public_v1,PUBLIC,pf2wqsAymqCr1zVLK
youtube,YBQNhUSeU6c,like_count,85,,youtube_public_v1,PUBLIC,pf2wqsAymqCr1zVLK
youtube,YBQNhUSeU6c,comment_count,4,,youtube_public_v1,PUBLIC,pf2wqsAymqCr1zVLK
youtube,CsIAXd-Pg5E,view_count,40003,,youtube_public_v1,PUBLIC,pf2wqsAymqCr1zVLK
youtube,CsIAXd-Pg5E,like_count,1600,,youtube_public_v1,PUBLIC,pf2wqsAymqCr1zVLK
youtube,CsIAXd-Pg5E,comment_count,4,,youtube_public_v1,PUBLIC,pf2wqsAymqCr1zVLK
youtube,30Xbo8Wkx4I,view_count,29072,,youtube_public_v1,PUBLIC,pf2wqsAymqCr1zVLK
youtube,30Xbo8Wkx4I,like_count,1200,,youtube_public_v1,PUBLIC,pf2wqsAymqCr1zVLK
youtube,30Xbo8Wkx4I,comment_count,4,,youtube_public_v1,PUBLIC,pf2wqsAymqCr1zVLK
youtube,5UgBuzgsUMI,view_count,4183,,youtube_public_v1,PUBLIC,pf2wqsAymqCr1zVLK
youtube,5UgBuzgsUMI,like_count,33,,youtube_public_v1,PUBLIC,pf2wqsAymqCr1zVLK
youtube,5UgBuzgsUMI,comment_count,0,,youtube_public_v1,PUBLIC,pf2wqsAymqCr1zVLK
youtube,dRG2FTRiDFA,view_count,4581,,youtube_public_v1,PUBLIC,pf2wqsAymqCr1zVLK
youtube,dRG2FTRiDFA,like_count,183,,youtube_public_v1,PUBLIC,pf2wqsAymqCr1zVLK
youtube,dRG2FTRiDFA,comment_count,23,,youtube_public_v1,PUBLIC,pf2wqsAymqCr1zVLK
youtube,WwGvp4nce1k,view_count,20791,,youtube_public_v1,PUBLIC,pf2wqsAymqCr1zVLK
youtube,WwGvp4nce1k,like_count,178,,youtube_public_v1,PUBLIC,pf2wqsAymqCr1zVLK
youtube,WwGvp4nce1k,comment_count,20,,youtube_public_v1,PUBLIC,pf2wqsAymqCr1zVLK
youtube,9mDnCzWED4c,view_count,88005,,youtube_public_v1,PUBLIC,pf2wqsAymqCr1zVLK
youtube,9mDnCzWED4c,like_count,3200,,youtube_public_v1,PUBLIC,pf2wqsAymqCr1zVLK
youtube,9mDnCzWED4c,comment_count,202,,youtube_public_v1,PUBLIC,pf2wqsAymqCr1zVLK
youtube,iEhEQNnnk04,view_count,92486,,youtube_public_v1,PUBLIC,pf2wqsAymqCr1zVLK
youtube,iEhEQNnnk04,like_count,2300,,youtube_public_v1,PUBLIC,pf2wqsAymqCr1zVLK
youtube,iEhEQNnnk04,comment_count,313,,youtube_public_v1,PUBLIC,pf2wqsAymqCr1zVLK
youtube,EEF6-yfxF94,view_count,132742,,youtube_public_v1,PUBLIC,pf2wqsAymqCr1zVLK
youtube,EEF6-yfxF94,like_count,1700,,youtube_public_v1,PUBLIC,pf2wqsAymqCr1zVLK
youtube,EEF6-yfxF94,comment_count,311,,youtube_public_v1,PUBLIC,pf2wqsAymqCr1zVLK
youtube,k2Z3GgQZMIc,view_count,3639,,youtube_public_v1,PUBLIC,pf2wqsAymqCr1zVLK
youtube,k2Z3GgQZMIc,like_count,335,,youtube_public_v1,PUBLIC,pf2wqsAymqCr1zVLK
youtube,k2Z3GgQZMIc,comment_count,1,,youtube_public_v1,PUBLIC,pf2wqsAymqCr1zVLK
youtube,oSM-vbjFQrg,view_count,15390,,youtube_public_v1,PUBLIC,pf2wqsAymqCr1zVLK
youtube,oSM-vbjFQrg,like_count,440,,youtube_public_v1,PUBLIC,pf2wqsAymqCr1zVLK
youtube,oSM-vbjFQrg,comment_count,0,,youtube_public_v1,PUBLIC,pf2wqsAymqCr1zVLK
youtube,9deNR89bhr8,view_count,18733,,youtube_public_v1,PUBLIC,pf2wqsAymqCr1zVLK
youtube,9deNR89bhr8,like_count,93,,youtube_public_v1,PUBLIC,pf2wqsAymqCr1zVLK
youtube,9deNR89bhr8,comment_count,3,,youtube_public_v1,PUBLIC,pf2wqsAymqCr1zVLK
youtube,Xu8NBjxHt3g,view_count,11845,,youtube_public_v1,PUBLIC,pf2wqsAymqCr1zVLK
youtube,Xu8NBjxHt3g,like_count,230,,youtube_public_v1,PUBLIC,pf2wqsAymqCr1zVLK
youtube,Xu8NBjxHt3g,comment_count,3,,youtube_public_v1,PUBLIC,pf2wqsAymqCr1zVLK
youtube,2ulbDjlGLDU,view_count,9825,,youtube_public_v1,PUBLIC,pf2wqsAymqCr1zVLK
youtube,2ulbDjlGLDU,like_count,78,,youtube_public_v1,PUBLIC,pf2wqsAymqCr1zVLK
youtube,2ulbDjlGLDU,comment_count,2,,youtube_public_v1,PUBLIC,pf2wqsAymqCr1zVLK
youtube,sShs9EWoi30,view_count,6228,,youtube_public_v1,PUBLIC,pf2wqsAymqCr1zVLK
youtube,sShs9EWoi30,like_count,77,,youtube_public_v1,PUBLIC,pf2wqsAymqCr1zVLK
youtube,sShs9EWoi30,comment_count,0,,youtube_public_v1,PUBLIC,pf2wqsAymqCr1zVLK
youtube,8-zwXfjMkJU,view_count,25087,,youtube_public_v1,PUBLIC,pf2wqsAymqCr1zVLK
youtube,8-zwXfjMkJU,like_count,434,,youtube_public_v1,PUBLIC,pf2wqsAymqCr1zVLK
youtube,8-zwXfjMkJU,comment_count,38,,youtube_public_v1,PUBLIC,pf2wqsAymqCr1zVLK
youtube,kGhkyIrIUA0,view_count,5186,,youtube_public_v1,PUBLIC,pf2wqsAymqCr1zVLK
youtube,kGhkyIrIUA0,like_count,120,,youtube_public_v1,PUBLIC,pf2wqsAymqCr1zVLK
youtube,kGhkyIrIUA0,comment_count,2,,youtube_public_v1,PUBLIC,pf2wqsAymqCr1zVLK
youtube,-u3o_V1-tL0,view_count,6606,,youtube_public_v1,PUBLIC,pf2wqsAymqCr1zVLK
youtube,-u3o_V1-tL0,like_count,130,,youtube_public_v1,PUBLIC,pf2wqsAymqCr1zVLK
youtube,-u3o_V1-tL0,comment_count,2,,youtube_public_v1,PUBLIC,pf2wqsAymqCr1zVLK
youtube,xd2bhPnmu8w,view_count,141084,,youtube_public_v1,PUBLIC,pf2wqsAymqCr1zVLK
youtube,xd2bhPnmu8w,like_count,2000,,youtube_public_v1,PUBLIC,pf2wqsAymqCr1zVLK
youtube,xd2bhPnmu8w,comment_count,12,,youtube_public_v1,PUBLIC,pf2wqsAymqCr1zVLK
youtube,Yvzml0_5u44,view_count,57909,,youtube_public_v1,PUBLIC,pf2wqsAymqCr1zVLK
youtube,Yvzml0_5u44,like_count,542,,youtube_public_v1,PUBLIC,pf2wqsAymqCr1zVLK
youtube,Yvzml0_5u44,comment_count,3,,youtube_public_v1,PUBLIC,pf2wqsAymqCr1zVLK
youtube,CG1vncZXT4Y,view_count,34885,,youtube_public_v1,PUBLIC,pf2wqsAymqCr1zVLK
youtube,CG1vncZXT4Y,like_count,390,,youtube_public_v1,PUBLIC,pf2wqsAymqCr1zVLK
youtube,CG1vncZXT4Y,comment_count,17,,youtube_public_v1,PUBLIC,pf2wqsAymqCr1zVLK
youtube,Xwq5O3iFgcA,view_count,75535,,youtube_public_v1,PUBLIC,pf2wqsAymqCr1zVLK
youtube,Xwq5O3iFgcA,like_count,1200,,youtube_public_v1,PUBLIC,pf2wqsAymqCr1zVLK
youtube,Xwq5O3iFgcA,comment_count,21,,youtube_public_v1,PUBLIC,pf2wqsAymqCr1zVLK
youtube,wdXRbyZJXGs,view_count,49807,,youtube_public_v1,PUBLIC,pf2wqsAymqCr1zVLK
youtube,wdXRbyZJXGs,like_count,691,,youtube_public_v1,PUBLIC,pf2wqsAymqCr1zVLK
youtube,wdXRbyZJXGs,comment_count,1,,youtube_public_v1,PUBLIC,pf2wqsAymqCr1zVLK
youtube,MST5Vo88opU,view_count,3815,,youtube_public_v1,PUBLIC,pf2wqsAymqCr1zVLK
youtube,MST5Vo88opU,like_count,108,,youtube_public_v1,PUBLIC,pf2wqsAymqCr1zVLK
youtube,MST5Vo88opU,comment_count,3,,youtube_public_v1,PUBLIC,pf2wqsAymqCr1zVLK
youtube,jvzBCu5M_-c,view_count,2375,,youtube_public_v1,PUBLIC,pf2wqsAymqCr1zVLK
youtube,jvzBCu5M_-c,like_count,48,,youtube_public_v1,PUBLIC,pf2wqsAymqCr1zVLK
youtube,jvzBCu5M_-c,comment_count,0,,youtube_public_v1,PUBLIC,pf2wqsAymqCr1zVLK
youtube,pDXUKkHJfEU,view_count,609545,2026-08-12T18:26:40.410244+07:00,youtube_public_v1,PUBLIC,pf2wqsAymqCr1zVLK
youtube,pDXUKkHJfEU,like_count,3600,2026-08-12T18:26:40.410244+07:00,youtube_public_v1,PUBLIC,pf2wqsAymqCr1zVLK
youtube,pDXUKkHJfEU,comment_count,233,2026-08-12T18:26:40.410244+07:00,youtube_public_v1,PUBLIC,pf2wqsAymqCr1zVLK
youtube,JAOiZijIx28,view_count,721534,,youtube_public_v1,PUBLIC,pf2wqsAymqCr1zVLK
youtube,JAOiZijIx28,like_count,12000,,youtube_public_v1,PUBLIC,pf2wqsAymqCr1zVLK
youtube,JAOiZijIx28,comment_count,562,,youtube_public_v1,PUBLIC,pf2wqsAymqCr1zVLK
youtube,XyihyySeID4,view_count,50675,,youtube_public_v1,PUBLIC,pf2wqsAymqCr1zVLK
youtube,XyihyySeID4,like_count,797,,youtube_public_v1,PUBLIC,pf2wqsAymqCr1zVLK
youtube,XyihyySeID4,comment_count,4,,youtube_public_v1,PUBLIC,pf2wqsAymqCr1zVLK
youtube,w69oADk5SgA,view_count,73556,,youtube_public_v1,PUBLIC,pf2wqsAymqCr1zVLK
youtube,w69oADk5SgA,like_count,498,,youtube_public_v1,PUBLIC,pf2wqsAymqCr1zVLK
youtube,w69oADk5SgA,comment_count,93,,youtube_public_v1,PUBLIC,pf2wqsAymqCr1zVLK
youtube,Tf9DVcSakH4,view_count,3336812,2026-08-12T18:26:40.410244+07:00,youtube_public_v1,PUBLIC,pf2wqsAymqCr1zVLK
youtube,Tf9DVcSakH4,like_count,29000,2026-08-12T18:26:40.410244+07:00,youtube_public_v1,PUBLIC,pf2wqsAymqCr1zVLK
youtube,Tf9DVcSakH4,comment_count,6136,2026-08-12T18:26:40.410244+07:00,youtube_public_v1,PUBLIC,pf2wqsAymqCr1zVLK
youtube,AM0I89tjavQ,view_count,26988,,youtube_public_v1,PUBLIC,pf2wqsAymqCr1zVLK
youtube,AM0I89tjavQ,like_count,279,,youtube_public_v1,PUBLIC,pf2wqsAymqCr1zVLK
youtube,AM0I89tjavQ,comment_count,3,,youtube_public_v1,PUBLIC,pf2wqsAymqCr1zVLK
youtube,fb09XTldjH0,view_count,77560,,youtube_public_v1,PUBLIC,pf2wqsAymqCr1zVLK
youtube,fb09XTldjH0,like_count,846,,youtube_public_v1,PUBLIC,pf2wqsAymqCr1zVLK
youtube,fb09XTldjH0,comment_count,67,,youtube_public_v1,PUBLIC,pf2wqsAymqCr1zVLK
youtube,QMUnbaWGh_s,view_count,42072,,youtube_public_v1,PUBLIC,pf2wqsAymqCr1zVLK
youtube,QMUnbaWGh_s,like_count,1400,,youtube_public_v1,PUBLIC,pf2wqsAymqCr1zVLK
youtube,QMUnbaWGh_s,comment_count,356,,youtube_public_v1,PUBLIC,pf2wqsAymqCr1zVLK
youtube,otJACtNz6Ew,view_count,38120,,youtube_public_v1,PUBLIC,pf2wqsAymqCr1zVLK
youtube,otJACtNz6Ew,like_count,926,,youtube_public_v1,PUBLIC,pf2wqsAymqCr1zVLK
youtube,otJACtNz6Ew,comment_count,0,,youtube_public_v1,PUBLIC,pf2wqsAymqCr1zVLK
youtube,FCelPnlftQ8,view_count,75945,,youtube_public_v1,PUBLIC,pf2wqsAymqCr1zVLK
youtube,FCelPnlftQ8,like_count,1200,,youtube_public_v1,PUBLIC,pf2wqsAymqCr1zVLK
youtube,FCelPnlftQ8,comment_count,164,,youtube_public_v1,PUBLIC,pf2wqsAymqCr1zVLK
youtube,3RoDa_lYuNQ,view_count,29244,,youtube_public_v1,PUBLIC,pf2wqsAymqCr1zVLK
youtube,3RoDa_lYuNQ,like_count,218,,youtube_public_v1,PUBLIC,pf2wqsAymqCr1zVLK
youtube,3RoDa_lYuNQ,comment_count,0,,youtube_public_v1,PUBLIC,pf2wqsAymqCr1zVLK
youtube,-IVSQohKjF0,view_count,35695,,youtube_public_v1,PUBLIC,pf2wqsAymqCr1zVLK
youtube,-IVSQohKjF0,like_count,406,,youtube_public_v1,PUBLIC,pf2wqsAymqCr1zVLK
youtube,-IVSQohKjF0,comment_count,24,,youtube_public_v1,PUBLIC,pf2wqsAymqCr1zVLK
youtube,D1QNCrsnDtU,view_count,32709,,youtube_public_v1,PUBLIC,pf2wqsAymqCr1zVLK
youtube,D1QNCrsnDtU,like_count,477,,youtube_public_v1,PUBLIC,pf2wqsAymqCr1zVLK
youtube,D1QNCrsnDtU,comment_count,2,,youtube_public_v1,PUBLIC,pf2wqsAymqCr1zVLK
youtube,QaZhZ6Cgnq0,view_count,98535,,youtube_public_v1,PUBLIC,pf2wqsAymqCr1zVLK
youtube,QaZhZ6Cgnq0,like_count,2600,,youtube_public_v1,PUBLIC,pf2wqsAymqCr1zVLK
youtube,QaZhZ6Cgnq0,comment_count,56,,youtube_public_v1,PUBLIC,pf2wqsAymqCr1zVLK
youtube,9vVDja0b1YQ,view_count,100504,,youtube_public_v1,PUBLIC,pf2wqsAymqCr1zVLK
youtube,9vVDja0b1YQ,like_count,2700,,youtube_public_v1,PUBLIC,pf2wqsAymqCr1zVLK
youtube,9vVDja0b1YQ,comment_count,8,,youtube_public_v1,PUBLIC,pf2wqsAymqCr1zVLK
youtube,I9Fib3oCXGk,view_count,30894,,youtube_public_v1,PUBLIC,pf2wqsAymqCr1zVLK
youtube,I9Fib3oCXGk,like_count,741,,youtube_public_v1,PUBLIC,pf2wqsAymqCr1zVLK
youtube,I9Fib3oCXGk,comment_count,4,,youtube_public_v1,PUBLIC,pf2wqsAymqCr1zVLK
youtube,2d7PKIGvKLE,view_count,9275,,youtube_public_v1,PUBLIC,hxKleHCiym9inB0pT
youtube,2d7PKIGvKLE,like_count,172,,youtube_public_v1,PUBLIC,hxKleHCiym9inB0pT
youtube,2d7PKIGvKLE,comment_count,7,,youtube_public_v1,PUBLIC,hxKleHCiym9inB0pT
youtube,YyMnA74ma44,view_count,81909,,youtube_public_v1,PUBLIC,hxKleHCiym9inB0pT
youtube,YyMnA74ma44,like_count,2700,,youtube_public_v1,PUBLIC,hxKleHCiym9inB0pT
youtube,YyMnA74ma44,comment_count,14,,youtube_public_v1,PUBLIC,hxKleHCiym9inB0pT
youtube,jsO1FQPOfv8,view_count,116150,,youtube_public_v1,PUBLIC,hxKleHCiym9inB0pT
youtube,jsO1FQPOfv8,like_count,1800,,youtube_public_v1,PUBLIC,hxKleHCiym9inB0pT
youtube,jsO1FQPOfv8,comment_count,33,,youtube_public_v1,PUBLIC,hxKleHCiym9inB0pT
youtube,MIas73UL97Y,view_count,1895,,youtube_public_v1,PUBLIC,hxKleHCiym9inB0pT
youtube,MIas73UL97Y,like_count,23,,youtube_public_v1,PUBLIC,hxKleHCiym9inB0pT
youtube,MIas73UL97Y,comment_count,0,,youtube_public_v1,PUBLIC,hxKleHCiym9inB0pT
youtube,gT3IqHZA1pM,view_count,437489,,youtube_public_v1,PUBLIC,hxKleHCiym9inB0pT
youtube,gT3IqHZA1pM,like_count,6800,,youtube_public_v1,PUBLIC,hxKleHCiym9inB0pT
youtube,gT3IqHZA1pM,comment_count,127,,youtube_public_v1,PUBLIC,hxKleHCiym9inB0pT
youtube,0FL-HwLOMmg,view_count,86237,,youtube_public_v1,PUBLIC,hxKleHCiym9inB0pT
youtube,0FL-HwLOMmg,like_count,1300,,youtube_public_v1,PUBLIC,hxKleHCiym9inB0pT
youtube,0FL-HwLOMmg,comment_count,11,,youtube_public_v1,PUBLIC,hxKleHCiym9inB0pT
youtube,gpo_jrRvABc,view_count,7413,,youtube_public_v1,PUBLIC,hxKleHCiym9inB0pT
youtube,gpo_jrRvABc,like_count,143,,youtube_public_v1,PUBLIC,hxKleHCiym9inB0pT
youtube,gpo_jrRvABc,comment_count,2,,youtube_public_v1,PUBLIC,hxKleHCiym9inB0pT
youtube,K9_R2S2-Wb4,view_count,23053,,youtube_public_v1,PUBLIC,hxKleHCiym9inB0pT
youtube,K9_R2S2-Wb4,like_count,665,,youtube_public_v1,PUBLIC,hxKleHCiym9inB0pT
youtube,K9_R2S2-Wb4,comment_count,5,,youtube_public_v1,PUBLIC,hxKleHCiym9inB0pT
youtube,Fq6ONRW5LIk,view_count,57315,,youtube_public_v1,PUBLIC,hxKleHCiym9inB0pT
youtube,Fq6ONRW5LIk,like_count,1000,,youtube_public_v1,PUBLIC,hxKleHCiym9inB0pT
youtube,Fq6ONRW5LIk,comment_count,5,,youtube_public_v1,PUBLIC,hxKleHCiym9inB0pT
youtube,zXHiGXFpoFs,view_count,1262,,youtube_public_v1,PUBLIC,hxKleHCiym9inB0pT
youtube,zXHiGXFpoFs,like_count,6,,youtube_public_v1,PUBLIC,hxKleHCiym9inB0pT
youtube,zXHiGXFpoFs,comment_count,0,,youtube_public_v1,PUBLIC,hxKleHCiym9inB0pT
youtube,uCknzRg0agQ,view_count,11469,,youtube_public_v1,PUBLIC,hxKleHCiym9inB0pT
youtube,uCknzRg0agQ,like_count,285,,youtube_public_v1,PUBLIC,hxKleHCiym9inB0pT
youtube,uCknzRg0agQ,comment_count,14,,youtube_public_v1,PUBLIC,hxKleHCiym9inB0pT
youtube,EdaC_Xay04s,view_count,27360,,youtube_public_v1,PUBLIC,hxKleHCiym9inB0pT
youtube,EdaC_Xay04s,like_count,518,,youtube_public_v1,PUBLIC,hxKleHCiym9inB0pT
youtube,EdaC_Xay04s,comment_count,17,,youtube_public_v1,PUBLIC,hxKleHCiym9inB0pT
youtube,MPtUD4QhhKM,view_count,1050,,youtube_public_v1,PUBLIC,hxKleHCiym9inB0pT
youtube,MPtUD4QhhKM,like_count,26,,youtube_public_v1,PUBLIC,hxKleHCiym9inB0pT
youtube,MPtUD4QhhKM,comment_count,0,,youtube_public_v1,PUBLIC,hxKleHCiym9inB0pT
youtube,m-Q8wg1Od-E,view_count,42401,,youtube_public_v1,PUBLIC,hxKleHCiym9inB0pT
youtube,m-Q8wg1Od-E,like_count,1000,,youtube_public_v1,PUBLIC,hxKleHCiym9inB0pT
youtube,m-Q8wg1Od-E,comment_count,16,,youtube_public_v1,PUBLIC,hxKleHCiym9inB0pT
youtube,hJuRDiomOcw,view_count,99671,,youtube_public_v1,PUBLIC,hxKleHCiym9inB0pT
youtube,hJuRDiomOcw,like_count,1400,,youtube_public_v1,PUBLIC,hxKleHCiym9inB0pT
youtube,hJuRDiomOcw,comment_count,15,,youtube_public_v1,PUBLIC,hxKleHCiym9inB0pT
youtube,Khv1zDP08xI,view_count,54,,youtube_public_v1,PUBLIC,hxKleHCiym9inB0pT
youtube,Khv1zDP08xI,like_count,1,,youtube_public_v1,PUBLIC,hxKleHCiym9inB0pT
youtube,Khv1zDP08xI,comment_count,0,,youtube_public_v1,PUBLIC,hxKleHCiym9inB0pT
youtube,Xvtq_tOVQWw,view_count,333958,,youtube_public_v1,PUBLIC,hxKleHCiym9inB0pT
youtube,Xvtq_tOVQWw,like_count,4900,,youtube_public_v1,PUBLIC,hxKleHCiym9inB0pT
youtube,Xvtq_tOVQWw,comment_count,92,,youtube_public_v1,PUBLIC,hxKleHCiym9inB0pT
youtube,WYBk6Z3V6Kk,view_count,6079,,youtube_public_v1,PUBLIC,hxKleHCiym9inB0pT
youtube,WYBk6Z3V6Kk,like_count,148,,youtube_public_v1,PUBLIC,hxKleHCiym9inB0pT
youtube,WYBk6Z3V6Kk,comment_count,2,,youtube_public_v1,PUBLIC,hxKleHCiym9inB0pT
youtube,Ir_IQUiR4xM,view_count,5329,,youtube_public_v1,PUBLIC,hxKleHCiym9inB0pT
youtube,Ir_IQUiR4xM,like_count,68,,youtube_public_v1,PUBLIC,hxKleHCiym9inB0pT
youtube,Ir_IQUiR4xM,comment_count,1,,youtube_public_v1,PUBLIC,hxKleHCiym9inB0pT
youtube,k54RnTS8y4Y,view_count,36665,,youtube_public_v1,PUBLIC,hxKleHCiym9inB0pT
youtube,k54RnTS8y4Y,like_count,1000,,youtube_public_v1,PUBLIC,hxKleHCiym9inB0pT
youtube,k54RnTS8y4Y,comment_count,11,,youtube_public_v1,PUBLIC,hxKleHCiym9inB0pT
youtube,3PDf0UYmaAI,view_count,193289,,youtube_public_v1,PUBLIC,hxKleHCiym9inB0pT
youtube,3PDf0UYmaAI,like_count,4300,,youtube_public_v1,PUBLIC,hxKleHCiym9inB0pT
youtube,3PDf0UYmaAI,comment_count,31,,youtube_public_v1,PUBLIC,hxKleHCiym9inB0pT
youtube,it_P582Xgzs,view_count,24663,,youtube_public_v1,PUBLIC,hxKleHCiym9inB0pT
youtube,it_P582Xgzs,like_count,619,,youtube_public_v1,PUBLIC,hxKleHCiym9inB0pT
youtube,it_P582Xgzs,comment_count,1,,youtube_public_v1,PUBLIC,hxKleHCiym9inB0pT
youtube,lhTW2wPECeQ,view_count,2217,,youtube_public_v1,PUBLIC,hxKleHCiym9inB0pT
youtube,lhTW2wPECeQ,like_count,49,,youtube_public_v1,PUBLIC,hxKleHCiym9inB0pT
youtube,lhTW2wPECeQ,comment_count,0,,youtube_public_v1,PUBLIC,hxKleHCiym9inB0pT
youtube,Mjw_Ughlkr8,view_count,1357,,youtube_public_v1,PUBLIC,hxKleHCiym9inB0pT
youtube,Mjw_Ughlkr8,like_count,25,,youtube_public_v1,PUBLIC,hxKleHCiym9inB0pT
youtube,Mjw_Ughlkr8,comment_count,0,,youtube_public_v1,PUBLIC,hxKleHCiym9inB0pT
youtube,1G3aQbr9AtQ,view_count,11517,,youtube_public_v1,PUBLIC,hxKleHCiym9inB0pT
youtube,1G3aQbr9AtQ,like_count,90,,youtube_public_v1,PUBLIC,hxKleHCiym9inB0pT
youtube,1G3aQbr9AtQ,comment_count,0,,youtube_public_v1,PUBLIC,hxKleHCiym9inB0pT
youtube,uScTHivHIbI,view_count,21008,,youtube_public_v1,PUBLIC,hxKleHCiym9inB0pT
youtube,uScTHivHIbI,like_count,661,,youtube_public_v1,PUBLIC,hxKleHCiym9inB0pT
youtube,uScTHivHIbI,comment_count,14,,youtube_public_v1,PUBLIC,hxKleHCiym9inB0pT
youtube,C3mDJ9T5z34,view_count,3371774,,youtube_public_v1,PUBLIC,hxKleHCiym9inB0pT
youtube,C3mDJ9T5z34,like_count,32000,,youtube_public_v1,PUBLIC,hxKleHCiym9inB0pT
youtube,C3mDJ9T5z34,comment_count,250,,youtube_public_v1,PUBLIC,hxKleHCiym9inB0pT
youtube,GcF3cpvtmw4,view_count,3704,,youtube_public_v1,PUBLIC,hxKleHCiym9inB0pT
youtube,GcF3cpvtmw4,like_count,72,,youtube_public_v1,PUBLIC,hxKleHCiym9inB0pT
youtube,GcF3cpvtmw4,comment_count,0,,youtube_public_v1,PUBLIC,hxKleHCiym9inB0pT
youtube,_zymlmF_oho,view_count,36393,,youtube_public_v1,PUBLIC,hxKleHCiym9inB0pT
youtube,_zymlmF_oho,like_count,1600,,youtube_public_v1,PUBLIC,hxKleHCiym9inB0pT
youtube,_zymlmF_oho,comment_count,43,,youtube_public_v1,PUBLIC,hxKleHCiym9inB0pT
youtube,-ieITeUsuOA,view_count,2032,,youtube_public_v1,PUBLIC,hxKleHCiym9inB0pT
youtube,-ieITeUsuOA,like_count,8,,youtube_public_v1,PUBLIC,hxKleHCiym9inB0pT
youtube,-ieITeUsuOA,comment_count,0,,youtube_public_v1,PUBLIC,hxKleHCiym9inB0pT
youtube,1wig5hS60MA,view_count,80128,,youtube_public_v1,PUBLIC,hxKleHCiym9inB0pT
youtube,1wig5hS60MA,like_count,864,,youtube_public_v1,PUBLIC,hxKleHCiym9inB0pT
youtube,1wig5hS60MA,comment_count,14,,youtube_public_v1,PUBLIC,hxKleHCiym9inB0pT
youtube,pJ2RDpCxC_4,view_count,17506,,youtube_public_v1,PUBLIC,hxKleHCiym9inB0pT
youtube,pJ2RDpCxC_4,like_count,302,,youtube_public_v1,PUBLIC,hxKleHCiym9inB0pT
youtube,pJ2RDpCxC_4,comment_count,8,,youtube_public_v1,PUBLIC,hxKleHCiym9inB0pT
youtube,IoclAGi55-c,view_count,70221,,youtube_public_v1,PUBLIC,hxKleHCiym9inB0pT
youtube,IoclAGi55-c,like_count,944,,youtube_public_v1,PUBLIC,hxKleHCiym9inB0pT
youtube,IoclAGi55-c,comment_count,5,,youtube_public_v1,PUBLIC,hxKleHCiym9inB0pT
youtube,LPcJz5RpX6o,view_count,169,,youtube_public_v1,PUBLIC,hxKleHCiym9inB0pT
youtube,LPcJz5RpX6o,like_count,5,,youtube_public_v1,PUBLIC,hxKleHCiym9inB0pT
youtube,LPcJz5RpX6o,comment_count,0,,youtube_public_v1,PUBLIC,hxKleHCiym9inB0pT
youtube,NtK79u_4NT8,view_count,449,,youtube_public_v1,PUBLIC,hxKleHCiym9inB0pT
youtube,NtK79u_4NT8,like_count,20,,youtube_public_v1,PUBLIC,hxKleHCiym9inB0pT
youtube,NtK79u_4NT8,comment_count,0,,youtube_public_v1,PUBLIC,hxKleHCiym9inB0pT
youtube,_7DygDmrWbU,view_count,8612436,2026-08-12T14:30:40.743835+07:00,youtube_public_v1,PUBLIC,hxKleHCiym9inB0pT
youtube,_7DygDmrWbU,like_count,183000,2026-08-12T14:30:40.743835+07:00,youtube_public_v1,PUBLIC,hxKleHCiym9inB0pT
youtube,_7DygDmrWbU,comment_count,5543,2026-08-12T14:30:40.743835+07:00,youtube_public_v1,PUBLIC,hxKleHCiym9inB0pT
youtube,bBzRlolOezQ,view_count,6410216,2026-08-12T14:30:40.743835+07:00,youtube_public_v1,PUBLIC,hxKleHCiym9inB0pT
youtube,bBzRlolOezQ,like_count,51000,2026-08-12T14:30:40.743835+07:00,youtube_public_v1,PUBLIC,hxKleHCiym9inB0pT
youtube,bBzRlolOezQ,comment_count,4034,2026-08-12T14:30:40.743835+07:00,youtube_public_v1,PUBLIC,hxKleHCiym9inB0pT
youtube,xvEaG_rjsRI,view_count,470523,,youtube_public_v1,PUBLIC,hxKleHCiym9inB0pT
youtube,xvEaG_rjsRI,like_count,10000,,youtube_public_v1,PUBLIC,hxKleHCiym9inB0pT
youtube,xvEaG_rjsRI,comment_count,83,,youtube_public_v1,PUBLIC,hxKleHCiym9inB0pT
youtube,D1mLh72bcOw,view_count,5868002,2026-08-12T14:30:40.743835+07:00,youtube_public_v1,PUBLIC,hxKleHCiym9inB0pT
youtube,D1mLh72bcOw,like_count,62000,2026-08-12T14:30:40.743835+07:00,youtube_public_v1,PUBLIC,hxKleHCiym9inB0pT
youtube,D1mLh72bcOw,comment_count,4302,2026-08-12T14:30:40.743835+07:00,youtube_public_v1,PUBLIC,hxKleHCiym9inB0pT
youtube,x2Ma68wy5pY,view_count,1125749,,youtube_public_v1,PUBLIC,hxKleHCiym9inB0pT
youtube,x2Ma68wy5pY,like_count,16000,,youtube_public_v1,PUBLIC,hxKleHCiym9inB0pT
youtube,x2Ma68wy5pY,comment_count,77,,youtube_public_v1,PUBLIC,hxKleHCiym9inB0pT
youtube,8Adf5rJJJvw,view_count,5121689,2026-08-12T14:30:40.743835+07:00,youtube_public_v1,PUBLIC,hxKleHCiym9inB0pT
youtube,8Adf5rJJJvw,like_count,126000,2026-08-12T14:30:40.743835+07:00,youtube_public_v1,PUBLIC,hxKleHCiym9inB0pT
youtube,8Adf5rJJJvw,comment_count,4468,2026-08-12T14:30:40.743835+07:00,youtube_public_v1,PUBLIC,hxKleHCiym9inB0pT
youtube,0X_QhnJTb1U,view_count,16040,,youtube_public_v1,PUBLIC,hxKleHCiym9inB0pT
youtube,0X_QhnJTb1U,like_count,420,,youtube_public_v1,PUBLIC,hxKleHCiym9inB0pT
youtube,0X_QhnJTb1U,comment_count,2,,youtube_public_v1,PUBLIC,hxKleHCiym9inB0pT
youtube,VbNqZF-juf4,view_count,1607,,youtube_public_v1,PUBLIC,hxKleHCiym9inB0pT
youtube,VbNqZF-juf4,like_count,42,,youtube_public_v1,PUBLIC,hxKleHCiym9inB0pT
youtube,VbNqZF-juf4,comment_count,0,,youtube_public_v1,PUBLIC,hxKleHCiym9inB0pT
youtube,mj4SgCl4V0I,view_count,18624,,youtube_public_v1,PUBLIC,hxKleHCiym9inB0pT
youtube,mj4SgCl4V0I,like_count,200,,youtube_public_v1,PUBLIC,hxKleHCiym9inB0pT
youtube,mj4SgCl4V0I,comment_count,0,,youtube_public_v1,PUBLIC,hxKleHCiym9inB0pT
youtube,r7su79_WvA8,view_count,29744,,youtube_public_v1,PUBLIC,hxKleHCiym9inB0pT
youtube,r7su79_WvA8,like_count,92,,youtube_public_v1,PUBLIC,hxKleHCiym9inB0pT
youtube,r7su79_WvA8,comment_count,7,,youtube_public_v1,PUBLIC,hxKleHCiym9inB0pT
youtube,fqUiXhsD2HM,view_count,106228,,youtube_public_v1,PUBLIC,hxKleHCiym9inB0pT
youtube,fqUiXhsD2HM,like_count,566,,youtube_public_v1,PUBLIC,hxKleHCiym9inB0pT
youtube,fqUiXhsD2HM,comment_count,32,,youtube_public_v1,PUBLIC,hxKleHCiym9inB0pT
youtube,b6dsG7oVl2I,view_count,3198943,2026-08-12T14:30:40.743835+07:00,youtube_public_v1,PUBLIC,hxKleHCiym9inB0pT
youtube,b6dsG7oVl2I,like_count,23000,2026-08-12T14:30:40.743835+07:00,youtube_public_v1,PUBLIC,hxKleHCiym9inB0pT
youtube,b6dsG7oVl2I,comment_count,1537,2026-08-12T14:30:40.743835+07:00,youtube_public_v1,PUBLIC,hxKleHCiym9inB0pT
youtube,7zRM_OUZYAw,view_count,159923,,youtube_public_v1,PUBLIC,hxKleHCiym9inB0pT
youtube,7zRM_OUZYAw,like_count,706,,youtube_public_v1,PUBLIC,hxKleHCiym9inB0pT
youtube,7zRM_OUZYAw,comment_count,32,,youtube_public_v1,PUBLIC,hxKleHCiym9inB0pT
youtube,_0Rv7SH-AnM,view_count,455,,youtube_public_v1,PUBLIC,hxKleHCiym9inB0pT
youtube,_0Rv7SH-AnM,like_count,19,,youtube_public_v1,PUBLIC,hxKleHCiym9inB0pT
youtube,_0Rv7SH-AnM,comment_count,1,,youtube_public_v1,PUBLIC,hxKleHCiym9inB0pT
youtube,S5aVMO5klbE,view_count,4265056,2026-08-12T14:30:40.743835+07:00,youtube_public_v1,PUBLIC,hxKleHCiym9inB0pT
youtube,S5aVMO5klbE,like_count,36000,2026-08-12T14:30:40.743835+07:00,youtube_public_v1,PUBLIC,hxKleHCiym9inB0pT
youtube,S5aVMO5klbE,comment_count,3681,2026-08-12T14:30:40.743835+07:00,youtube_public_v1,PUBLIC,hxKleHCiym9inB0pT
youtube,_92s_PLvm4Q,view_count,719059,,youtube_public_v1,PUBLIC,hxKleHCiym9inB0pT
youtube,_92s_PLvm4Q,like_count,6100,,youtube_public_v1,PUBLIC,hxKleHCiym9inB0pT
youtube,_92s_PLvm4Q,comment_count,426,,youtube_public_v1,PUBLIC,hxKleHCiym9inB0pT
youtube,WBE7iNSkA10,view_count,4301443,2026-08-12T14:30:40.743835+07:00,youtube_public_v1,PUBLIC,hxKleHCiym9inB0pT
youtube,WBE7iNSkA10,like_count,36000,2026-08-12T14:30:40.743835+07:00,youtube_public_v1,PUBLIC,hxKleHCiym9inB0pT
youtube,WBE7iNSkA10,comment_count,2834,2026-08-12T14:30:40.743835+07:00,youtube_public_v1,PUBLIC,hxKleHCiym9inB0pT
youtube,5m5D1kT7hyk,view_count,52125,,youtube_public_v1,PUBLIC,hxKleHCiym9inB0pT
youtube,5m5D1kT7hyk,like_count,254,,youtube_public_v1,PUBLIC,hxKleHCiym9inB0pT
youtube,5m5D1kT7hyk,comment_count,9,,youtube_public_v1,PUBLIC,hxKleHCiym9inB0pT
youtube,mcSyir9PebE,view_count,33864,,youtube_public_v1,PUBLIC,hxKleHCiym9inB0pT
youtube,mcSyir9PebE,like_count,239,,youtube_public_v1,PUBLIC,hxKleHCiym9inB0pT
youtube,mcSyir9PebE,comment_count,6,,youtube_public_v1,PUBLIC,hxKleHCiym9inB0pT
youtube,5OPjYon32ik,view_count,91847,,youtube_public_v1,PUBLIC,hxKleHCiym9inB0pT
youtube,5OPjYon32ik,like_count,446,,youtube_public_v1,PUBLIC,hxKleHCiym9inB0pT
youtube,5OPjYon32ik,comment_count,21,,youtube_public_v1,PUBLIC,hxKleHCiym9inB0pT
youtube,4xeIFPwMNJY,view_count,2590554,,youtube_public_v1,PUBLIC,hxKleHCiym9inB0pT
youtube,4xeIFPwMNJY,like_count,10000,,youtube_public_v1,PUBLIC,hxKleHCiym9inB0pT
youtube,4xeIFPwMNJY,comment_count,757,,youtube_public_v1,PUBLIC,hxKleHCiym9inB0pT
youtube,ukEgXTYao5M,view_count,201262,,youtube_public_v1,PUBLIC,hxKleHCiym9inB0pT
youtube,ukEgXTYao5M,like_count,1300,,youtube_public_v1,PUBLIC,hxKleHCiym9inB0pT
youtube,ukEgXTYao5M,comment_count,85,,youtube_public_v1,PUBLIC,hxKleHCiym9inB0pT
youtube,EVb3T_x1t3Y,view_count,216933,,youtube_public_v1,PUBLIC,hxKleHCiym9inB0pT
youtube,EVb3T_x1t3Y,like_count,815,,youtube_public_v1,PUBLIC,hxKleHCiym9inB0pT
youtube,EVb3T_x1t3Y,comment_count,32,,youtube_public_v1,PUBLIC,hxKleHCiym9inB0pT
youtube,x00ajru3y7w,view_count,142006,,youtube_public_v1,PUBLIC,hxKleHCiym9inB0pT
youtube,x00ajru3y7w,like_count,2300,,youtube_public_v1,PUBLIC,hxKleHCiym9inB0pT
youtube,x00ajru3y7w,comment_count,81,,youtube_public_v1,PUBLIC,hxKleHCiym9inB0pT
youtube,Prkd3xUPtfA,view_count,40427,,youtube_public_v1,PUBLIC,hxKleHCiym9inB0pT
youtube,Prkd3xUPtfA,like_count,347,,youtube_public_v1,PUBLIC,hxKleHCiym9inB0pT
youtube,Prkd3xUPtfA,comment_count,14,,youtube_public_v1,PUBLIC,hxKleHCiym9inB0pT
youtube,rG1opBAslik,view_count,97318,,youtube_public_v1,PUBLIC,hxKleHCiym9inB0pT
youtube,rG1opBAslik,like_count,1000,,youtube_public_v1,PUBLIC,hxKleHCiym9inB0pT
youtube,rG1opBAslik,comment_count,29,,youtube_public_v1,PUBLIC,hxKleHCiym9inB0pT
youtube,-KY7vRa0VFc,view_count,89476,,youtube_public_v1,PUBLIC,hxKleHCiym9inB0pT
youtube,-KY7vRa0VFc,like_count,339,,youtube_public_v1,PUBLIC,hxKleHCiym9inB0pT
youtube,-KY7vRa0VFc,comment_count,17,,youtube_public_v1,PUBLIC,hxKleHCiym9inB0pT
youtube,ut9vjEhStjA,view_count,691528,,youtube_public_v1,PUBLIC,hxKleHCiym9inB0pT
youtube,ut9vjEhStjA,like_count,2200,,youtube_public_v1,PUBLIC,hxKleHCiym9inB0pT
youtube,ut9vjEhStjA,comment_count,119,,youtube_public_v1,PUBLIC,hxKleHCiym9inB0pT
youtube,ho8pf_cYjC4,view_count,37069,,youtube_public_v1,PUBLIC,hxKleHCiym9inB0pT
youtube,ho8pf_cYjC4,like_count,284,,youtube_public_v1,PUBLIC,hxKleHCiym9inB0pT
youtube,ho8pf_cYjC4,comment_count,8,,youtube_public_v1,PUBLIC,hxKleHCiym9inB0pT
youtube,e9gKx1wIhqA,view_count,40713,,youtube_public_v1,PUBLIC,hxKleHCiym9inB0pT
youtube,e9gKx1wIhqA,like_count,334,,youtube_public_v1,PUBLIC,hxKleHCiym9inB0pT
youtube,e9gKx1wIhqA,comment_count,11,,youtube_public_v1,PUBLIC,hxKleHCiym9inB0pT
youtube,7O4jwYjW_E8,view_count,105742,,youtube_public_v1,PUBLIC,hxKleHCiym9inB0pT
youtube,7O4jwYjW_E8,like_count,560,,youtube_public_v1,PUBLIC,hxKleHCiym9inB0pT
youtube,7O4jwYjW_E8,comment_count,26,,youtube_public_v1,PUBLIC,hxKleHCiym9inB0pT
youtube,0b_4BpcFvxU,view_count,7051,,youtube_public_v1,PUBLIC,hxKleHCiym9inB0pT
youtube,0b_4BpcFvxU,like_count,86,,youtube_public_v1,PUBLIC,hxKleHCiym9inB0pT
youtube,0b_4BpcFvxU,comment_count,5,,youtube_public_v1,PUBLIC,hxKleHCiym9inB0pT
youtube,5vaUhJlFM3o,view_count,264510,,youtube_public_v1,PUBLIC,hxKleHCiym9inB0pT
youtube,5vaUhJlFM3o,like_count,1100,,youtube_public_v1,PUBLIC,hxKleHCiym9inB0pT
youtube,5vaUhJlFM3o,comment_count,50,,youtube_public_v1,PUBLIC,hxKleHCiym9inB0pT
youtube,N6JEs1cq4B4,view_count,19241,,youtube_public_v1,PUBLIC,hxKleHCiym9inB0pT
youtube,N6JEs1cq4B4,like_count,122,,youtube_public_v1,PUBLIC,hxKleHCiym9inB0pT
youtube,N6JEs1cq4B4,comment_count,5,,youtube_public_v1,PUBLIC,hxKleHCiym9inB0pT
youtube,MmD8sPsgZGk,view_count,13395,,youtube_public_v1,PUBLIC,hxKleHCiym9inB0pT
youtube,MmD8sPsgZGk,like_count,113,,youtube_public_v1,PUBLIC,hxKleHCiym9inB0pT
youtube,MmD8sPsgZGk,comment_count,6,,youtube_public_v1,PUBLIC,hxKleHCiym9inB0pT
youtube,WjRxPAW7LG0,view_count,65135,,youtube_public_v1,PUBLIC,hxKleHCiym9inB0pT
youtube,WjRxPAW7LG0,like_count,587,,youtube_public_v1,PUBLIC,hxKleHCiym9inB0pT
youtube,WjRxPAW7LG0,comment_count,32,,youtube_public_v1,PUBLIC,hxKleHCiym9inB0pT
youtube,r5ljjgwThro,view_count,185568,,youtube_public_v1,PUBLIC,hxKleHCiym9inB0pT
youtube,r5ljjgwThro,like_count,2000,,youtube_public_v1,PUBLIC,hxKleHCiym9inB0pT
youtube,r5ljjgwThro,comment_count,80,,youtube_public_v1,PUBLIC,hxKleHCiym9inB0pT
youtube,HKfxPKy2zq0,view_count,596852,,youtube_public_v1,PUBLIC,hxKleHCiym9inB0pT
youtube,HKfxPKy2zq0,like_count,7400,,youtube_public_v1,PUBLIC,hxKleHCiym9inB0pT
youtube,HKfxPKy2zq0,comment_count,117,,youtube_public_v1,PUBLIC,hxKleHCiym9inB0pT
youtube,e5GHVgTNCGc,view_count,79034,,youtube_public_v1,PUBLIC,hxKleHCiym9inB0pT
youtube,e5GHVgTNCGc,like_count,1900,,youtube_public_v1,PUBLIC,hxKleHCiym9inB0pT
youtube,e5GHVgTNCGc,comment_count,5,,youtube_public_v1,PUBLIC,hxKleHCiym9inB0pT
youtube,L61adESIS6A,view_count,22111,,youtube_public_v1,PUBLIC,hxKleHCiym9inB0pT
youtube,L61adESIS6A,like_count,754,,youtube_public_v1,PUBLIC,hxKleHCiym9inB0pT
youtube,L61adESIS6A,comment_count,20,,youtube_public_v1,PUBLIC,hxKleHCiym9inB0pT
youtube,f2fmod992AI,view_count,179200,,youtube_public_v1,PUBLIC,hxKleHCiym9inB0pT
youtube,f2fmod992AI,like_count,3200,,youtube_public_v1,PUBLIC,hxKleHCiym9inB0pT
youtube,f2fmod992AI,comment_count,36,,youtube_public_v1,PUBLIC,hxKleHCiym9inB0pT
youtube,WbibncxF_5k,view_count,36652,,youtube_public_v1,PUBLIC,hxKleHCiym9inB0pT
youtube,WbibncxF_5k,like_count,931,,youtube_public_v1,PUBLIC,hxKleHCiym9inB0pT
youtube,WbibncxF_5k,comment_count,9,,youtube_public_v1,PUBLIC,hxKleHCiym9inB0pT
youtube,1O8ok0Z0Klo,view_count,323574,,youtube_public_v1,PUBLIC,SzhXbALYfYXsu7Qg0
youtube,1O8ok0Z0Klo,like_count,2100,,youtube_public_v1,PUBLIC,SzhXbALYfYXsu7Qg0
youtube,1O8ok0Z0Klo,comment_count,175,,youtube_public_v1,PUBLIC,SzhXbALYfYXsu7Qg0
youtube,N_EuhyO3q4M,view_count,227112,,youtube_public_v1,PUBLIC,SzhXbALYfYXsu7Qg0
youtube,N_EuhyO3q4M,like_count,1400,,youtube_public_v1,PUBLIC,SzhXbALYfYXsu7Qg0
youtube,N_EuhyO3q4M,comment_count,170,,youtube_public_v1,PUBLIC,SzhXbALYfYXsu7Qg0
youtube,uRapGCdKxAo,view_count,654845,,youtube_public_v1,PUBLIC,SzhXbALYfYXsu7Qg0
youtube,uRapGCdKxAo,like_count,4900,,youtube_public_v1,PUBLIC,SzhXbALYfYXsu7Qg0
youtube,uRapGCdKxAo,comment_count,592,,youtube_public_v1,PUBLIC,SzhXbALYfYXsu7Qg0
youtube,WZ9vHETvWa8,view_count,412561,,youtube_public_v1,PUBLIC,SzhXbALYfYXsu7Qg0
youtube,WZ9vHETvWa8,like_count,2400,,youtube_public_v1,PUBLIC,SzhXbALYfYXsu7Qg0
youtube,WZ9vHETvWa8,comment_count,295,,youtube_public_v1,PUBLIC,SzhXbALYfYXsu7Qg0
youtube,G6pXKaPpTDE,view_count,357855,,youtube_public_v1,PUBLIC,SzhXbALYfYXsu7Qg0
youtube,G6pXKaPpTDE,like_count,2300,,youtube_public_v1,PUBLIC,SzhXbALYfYXsu7Qg0
youtube,G6pXKaPpTDE,comment_count,674,,youtube_public_v1,PUBLIC,SzhXbALYfYXsu7Qg0
youtube,TxAxM1m83Ko,view_count,370047,,youtube_public_v1,PUBLIC,SzhXbALYfYXsu7Qg0
youtube,TxAxM1m83Ko,like_count,1900,,youtube_public_v1,PUBLIC,SzhXbALYfYXsu7Qg0
youtube,TxAxM1m83Ko,comment_count,254,,youtube_public_v1,PUBLIC,SzhXbALYfYXsu7Qg0
youtube,8jvUYS6Zq-M,view_count,329330,,youtube_public_v1,PUBLIC,SzhXbALYfYXsu7Qg0
youtube,8jvUYS6Zq-M,like_count,1700,,youtube_public_v1,PUBLIC,SzhXbALYfYXsu7Qg0
youtube,8jvUYS6Zq-M,comment_count,27,,youtube_public_v1,PUBLIC,SzhXbALYfYXsu7Qg0
youtube,zZBYSjgGnec,view_count,1744612,,youtube_public_v1,PUBLIC,SzhXbALYfYXsu7Qg0
youtube,zZBYSjgGnec,like_count,7400,,youtube_public_v1,PUBLIC,SzhXbALYfYXsu7Qg0
youtube,zZBYSjgGnec,comment_count,1028,,youtube_public_v1,PUBLIC,SzhXbALYfYXsu7Qg0
youtube,MO9OcvTOi1Q,view_count,456290,,youtube_public_v1,PUBLIC,SzhXbALYfYXsu7Qg0
youtube,MO9OcvTOi1Q,like_count,2600,,youtube_public_v1,PUBLIC,SzhXbALYfYXsu7Qg0
youtube,MO9OcvTOi1Q,comment_count,403,,youtube_public_v1,PUBLIC,SzhXbALYfYXsu7Qg0
youtube,MfrI_tV_uWc,view_count,231815,,youtube_public_v1,PUBLIC,SzhXbALYfYXsu7Qg0
youtube,MfrI_tV_uWc,like_count,1600,,youtube_public_v1,PUBLIC,SzhXbALYfYXsu7Qg0
youtube,MfrI_tV_uWc,comment_count,164,,youtube_public_v1,PUBLIC,SzhXbALYfYXsu7Qg0
youtube,iicFjjXgkRs,view_count,421651,,youtube_public_v1,PUBLIC,SzhXbALYfYXsu7Qg0
youtube,iicFjjXgkRs,like_count,2300,,youtube_public_v1,PUBLIC,SzhXbALYfYXsu7Qg0
youtube,iicFjjXgkRs,comment_count,116,,youtube_public_v1,PUBLIC,SzhXbALYfYXsu7Qg0
youtube,dcAcWCC7bvU,view_count,2273,,youtube_public_v1,PUBLIC,SzhXbALYfYXsu7Qg0
youtube,dcAcWCC7bvU,like_count,42,,youtube_public_v1,PUBLIC,SzhXbALYfYXsu7Qg0
youtube,dcAcWCC7bvU,comment_count,0,,youtube_public_v1,PUBLIC,SzhXbALYfYXsu7Qg0
youtube,G1KERzaiUBE,view_count,6429,,youtube_public_v1,PUBLIC,SzhXbALYfYXsu7Qg0
youtube,G1KERzaiUBE,like_count,79,,youtube_public_v1,PUBLIC,SzhXbALYfYXsu7Qg0
youtube,G1KERzaiUBE,comment_count,2,,youtube_public_v1,PUBLIC,SzhXbALYfYXsu7Qg0
youtube,SUknprTdvWI,view_count,748750,,youtube_public_v1,PUBLIC,SzhXbALYfYXsu7Qg0
youtube,SUknprTdvWI,like_count,4800,,youtube_public_v1,PUBLIC,SzhXbALYfYXsu7Qg0
youtube,SUknprTdvWI,comment_count,227,,youtube_public_v1,PUBLIC,SzhXbALYfYXsu7Qg0
youtube,gogn5iPkQy8,view_count,11634,,youtube_public_v1,PUBLIC,SzhXbALYfYXsu7Qg0
youtube,gogn5iPkQy8,like_count,378,,youtube_public_v1,PUBLIC,SzhXbALYfYXsu7Qg0
youtube,gogn5iPkQy8,comment_count,3,,youtube_public_v1,PUBLIC,SzhXbALYfYXsu7Qg0
youtube,BmE3CnS_0oA,view_count,2334,,youtube_public_v1,PUBLIC,SzhXbALYfYXsu7Qg0
youtube,BmE3CnS_0oA,like_count,42,,youtube_public_v1,PUBLIC,SzhXbALYfYXsu7Qg0
youtube,BmE3CnS_0oA,comment_count,1,,youtube_public_v1,PUBLIC,SzhXbALYfYXsu7Qg0
youtube,BSqIZfMbS60,view_count,1311,,youtube_public_v1,PUBLIC,SzhXbALYfYXsu7Qg0
youtube,BSqIZfMbS60,like_count,10,,youtube_public_v1,PUBLIC,SzhXbALYfYXsu7Qg0
youtube,BSqIZfMbS60,comment_count,0,,youtube_public_v1,PUBLIC,SzhXbALYfYXsu7Qg0
youtube,-LZDjWkC7Dw,view_count,119842,,youtube_public_v1,PUBLIC,SzhXbALYfYXsu7Qg0
youtube,-LZDjWkC7Dw,like_count,1100,,youtube_public_v1,PUBLIC,SzhXbALYfYXsu7Qg0
youtube,-LZDjWkC7Dw,comment_count,84,,youtube_public_v1,PUBLIC,SzhXbALYfYXsu7Qg0
youtube,cBoxNQkfnps,view_count,432945,,youtube_public_v1,PUBLIC,SzhXbALYfYXsu7Qg0
youtube,cBoxNQkfnps,like_count,2000,,youtube_public_v1,PUBLIC,SzhXbALYfYXsu7Qg0
youtube,cBoxNQkfnps,comment_count,158,,youtube_public_v1,PUBLIC,SzhXbALYfYXsu7Qg0
youtube,jDYMwFlcxKU,view_count,13249,,youtube_public_v1,PUBLIC,SzhXbALYfYXsu7Qg0
youtube,jDYMwFlcxKU,like_count,162,,youtube_public_v1,PUBLIC,SzhXbALYfYXsu7Qg0
youtube,jDYMwFlcxKU,comment_count,0,,youtube_public_v1,PUBLIC,SzhXbALYfYXsu7Qg0
youtube,Oym0KEtlD28,view_count,2956,,youtube_public_v1,PUBLIC,SzhXbALYfYXsu7Qg0
youtube,Oym0KEtlD28,like_count,39,,youtube_public_v1,PUBLIC,SzhXbALYfYXsu7Qg0
youtube,Oym0KEtlD28,comment_count,0,,youtube_public_v1,PUBLIC,SzhXbALYfYXsu7Qg0
youtube,N0qd4CExtgs,view_count,228796,,youtube_public_v1,PUBLIC,SzhXbALYfYXsu7Qg0
youtube,N0qd4CExtgs,like_count,1800,,youtube_public_v1,PUBLIC,SzhXbALYfYXsu7Qg0
youtube,N0qd4CExtgs,comment_count,236,,youtube_public_v1,PUBLIC,SzhXbALYfYXsu7Qg0
youtube,ErPk9zWgsIg,view_count,4253,,youtube_public_v1,PUBLIC,SzhXbALYfYXsu7Qg0
youtube,ErPk9zWgsIg,like_count,70,,youtube_public_v1,PUBLIC,SzhXbALYfYXsu7Qg0
youtube,ErPk9zWgsIg,comment_count,1,,youtube_public_v1,PUBLIC,SzhXbALYfYXsu7Qg0
youtube,BPj9oHDSFBM,view_count,238705,,youtube_public_v1,PUBLIC,SzhXbALYfYXsu7Qg0
youtube,BPj9oHDSFBM,like_count,1600,,youtube_public_v1,PUBLIC,SzhXbALYfYXsu7Qg0
youtube,BPj9oHDSFBM,comment_count,140,,youtube_public_v1,PUBLIC,SzhXbALYfYXsu7Qg0
youtube,Mnx3AS9WNhc,view_count,562352,,youtube_public_v1,PUBLIC,SzhXbALYfYXsu7Qg0
youtube,Mnx3AS9WNhc,like_count,3500,,youtube_public_v1,PUBLIC,SzhXbALYfYXsu7Qg0
youtube,Mnx3AS9WNhc,comment_count,194,,youtube_public_v1,PUBLIC,SzhXbALYfYXsu7Qg0
youtube,1L2VliblqOE,view_count,113308,,youtube_public_v1,PUBLIC,SzhXbALYfYXsu7Qg0
youtube,1L2VliblqOE,like_count,736,,youtube_public_v1,PUBLIC,SzhXbALYfYXsu7Qg0
youtube,1L2VliblqOE,comment_count,70,,youtube_public_v1,PUBLIC,SzhXbALYfYXsu7Qg0
youtube,YpA3VFkl2RQ,view_count,2658,,youtube_public_v1,PUBLIC,SzhXbALYfYXsu7Qg0
youtube,YpA3VFkl2RQ,like_count,34,,youtube_public_v1,PUBLIC,SzhXbALYfYXsu7Qg0
youtube,YpA3VFkl2RQ,comment_count,0,,youtube_public_v1,PUBLIC,SzhXbALYfYXsu7Qg0
youtube,HkiCFUEkZxg,view_count,655,,youtube_public_v1,PUBLIC,SzhXbALYfYXsu7Qg0
youtube,HkiCFUEkZxg,like_count,2,,youtube_public_v1,PUBLIC,SzhXbALYfYXsu7Qg0
youtube,HkiCFUEkZxg,comment_count,0,,youtube_public_v1,PUBLIC,SzhXbALYfYXsu7Qg0
youtube,WobZS2ReGBQ,view_count,659,,youtube_public_v1,PUBLIC,SzhXbALYfYXsu7Qg0
youtube,WobZS2ReGBQ,like_count,4,,youtube_public_v1,PUBLIC,SzhXbALYfYXsu7Qg0
youtube,WobZS2ReGBQ,comment_count,0,,youtube_public_v1,PUBLIC,SzhXbALYfYXsu7Qg0
youtube,00RkcRBuGR0,view_count,8314,,youtube_public_v1,PUBLIC,SzhXbALYfYXsu7Qg0
youtube,00RkcRBuGR0,like_count,69,,youtube_public_v1,PUBLIC,SzhXbALYfYXsu7Qg0
youtube,00RkcRBuGR0,comment_count,0,,youtube_public_v1,PUBLIC,SzhXbALYfYXsu7Qg0
youtube,PvLBhV-pKY4,view_count,778,,youtube_public_v1,PUBLIC,SzhXbALYfYXsu7Qg0
youtube,PvLBhV-pKY4,like_count,10,,youtube_public_v1,PUBLIC,SzhXbALYfYXsu7Qg0
youtube,PvLBhV-pKY4,comment_count,0,,youtube_public_v1,PUBLIC,SzhXbALYfYXsu7Qg0
youtube,aBjn9Jupf7I,view_count,15920,,youtube_public_v1,PUBLIC,SzhXbALYfYXsu7Qg0
youtube,aBjn9Jupf7I,like_count,147,,youtube_public_v1,PUBLIC,SzhXbALYfYXsu7Qg0
youtube,aBjn9Jupf7I,comment_count,4,,youtube_public_v1,PUBLIC,SzhXbALYfYXsu7Qg0
youtube,ZcQut0vEFMQ,view_count,5705,,youtube_public_v1,PUBLIC,SzhXbALYfYXsu7Qg0
youtube,ZcQut0vEFMQ,like_count,91,,youtube_public_v1,PUBLIC,SzhXbALYfYXsu7Qg0
youtube,ZcQut0vEFMQ,comment_count,2,,youtube_public_v1,PUBLIC,SzhXbALYfYXsu7Qg0
youtube,YfkfFBuStZI,view_count,733,,youtube_public_v1,PUBLIC,SzhXbALYfYXsu7Qg0
youtube,YfkfFBuStZI,like_count,9,,youtube_public_v1,PUBLIC,SzhXbALYfYXsu7Qg0
youtube,YfkfFBuStZI,comment_count,1,,youtube_public_v1,PUBLIC,SzhXbALYfYXsu7Qg0
youtube,LNw1hjDgf2Y,view_count,640,,youtube_public_v1,PUBLIC,SzhXbALYfYXsu7Qg0
youtube,LNw1hjDgf2Y,like_count,9,,youtube_public_v1,PUBLIC,SzhXbALYfYXsu7Qg0
youtube,LNw1hjDgf2Y,comment_count,1,,youtube_public_v1,PUBLIC,SzhXbALYfYXsu7Qg0
youtube,JMHQQ7xHXPE,view_count,13727,,youtube_public_v1,PUBLIC,SzhXbALYfYXsu7Qg0
youtube,JMHQQ7xHXPE,like_count,107,,youtube_public_v1,PUBLIC,SzhXbALYfYXsu7Qg0
youtube,JMHQQ7xHXPE,comment_count,0,,youtube_public_v1,PUBLIC,SzhXbALYfYXsu7Qg0
youtube,moA9Ke6KT4s,view_count,265228,,youtube_public_v1,PUBLIC,SzhXbALYfYXsu7Qg0
youtube,moA9Ke6KT4s,like_count,1600,,youtube_public_v1,PUBLIC,SzhXbALYfYXsu7Qg0
youtube,moA9Ke6KT4s,comment_count,92,,youtube_public_v1,PUBLIC,SzhXbALYfYXsu7Qg0
youtube,oxOKyxNPXxo,view_count,613,,youtube_public_v1,PUBLIC,SzhXbALYfYXsu7Qg0
youtube,oxOKyxNPXxo,like_count,11,,youtube_public_v1,PUBLIC,SzhXbALYfYXsu7Qg0
youtube,oxOKyxNPXxo,comment_count,0,,youtube_public_v1,PUBLIC,SzhXbALYfYXsu7Qg0
youtube,KFb_IjCq9jU,view_count,10311,,youtube_public_v1,PUBLIC,SzhXbALYfYXsu7Qg0
youtube,KFb_IjCq9jU,like_count,343,,youtube_public_v1,PUBLIC,SzhXbALYfYXsu7Qg0
youtube,KFb_IjCq9jU,comment_count,5,,youtube_public_v1,PUBLIC,SzhXbALYfYXsu7Qg0
youtube,Vsojbg8iPGU,view_count,14605,,youtube_public_v1,PUBLIC,SzhXbALYfYXsu7Qg0
youtube,Vsojbg8iPGU,like_count,239,,youtube_public_v1,PUBLIC,SzhXbALYfYXsu7Qg0
youtube,Vsojbg8iPGU,comment_count,4,,youtube_public_v1,PUBLIC,SzhXbALYfYXsu7Qg0
youtube,W1hieP1b78k,view_count,1149,,youtube_public_v1,PUBLIC,SzhXbALYfYXsu7Qg0
youtube,W1hieP1b78k,like_count,31,,youtube_public_v1,PUBLIC,SzhXbALYfYXsu7Qg0
youtube,W1hieP1b78k,comment_count,0,,youtube_public_v1,PUBLIC,SzhXbALYfYXsu7Qg0
youtube,Oj_H9QHJGfw,view_count,2974,,youtube_public_v1,PUBLIC,SzhXbALYfYXsu7Qg0
youtube,Oj_H9QHJGfw,like_count,80,,youtube_public_v1,PUBLIC,SzhXbALYfYXsu7Qg0
youtube,Oj_H9QHJGfw,comment_count,4,,youtube_public_v1,PUBLIC,SzhXbALYfYXsu7Qg0
youtube,hli9q-hCseM,view_count,1176,,youtube_public_v1,PUBLIC,SzhXbALYfYXsu7Qg0
youtube,hli9q-hCseM,like_count,31,,youtube_public_v1,PUBLIC,SzhXbALYfYXsu7Qg0
youtube,hli9q-hCseM,comment_count,1,,youtube_public_v1,PUBLIC,SzhXbALYfYXsu7Qg0
youtube,O8rgvz0PS88,view_count,1104,,youtube_public_v1,PUBLIC,SzhXbALYfYXsu7Qg0
youtube,O8rgvz0PS88,like_count,16,,youtube_public_v1,PUBLIC,SzhXbALYfYXsu7Qg0
youtube,O8rgvz0PS88,comment_count,1,,youtube_public_v1,PUBLIC,SzhXbALYfYXsu7Qg0
youtube,dYxmiyT2S9A,view_count,984,,youtube_public_v1,PUBLIC,SzhXbALYfYXsu7Qg0
youtube,dYxmiyT2S9A,like_count,13,,youtube_public_v1,PUBLIC,SzhXbALYfYXsu7Qg0
youtube,dYxmiyT2S9A,comment_count,1,,youtube_public_v1,PUBLIC,SzhXbALYfYXsu7Qg0
youtube,E4Tg5qERxT8,view_count,707,,youtube_public_v1,PUBLIC,SzhXbALYfYXsu7Qg0
youtube,E4Tg5qERxT8,like_count,8,,youtube_public_v1,PUBLIC,SzhXbALYfYXsu7Qg0
youtube,E4Tg5qERxT8,comment_count,1,,youtube_public_v1,PUBLIC,SzhXbALYfYXsu7Qg0
youtube,geJU8cWjJNk,view_count,8195,,youtube_public_v1,PUBLIC,SzhXbALYfYXsu7Qg0
youtube,geJU8cWjJNk,like_count,91,,youtube_public_v1,PUBLIC,SzhXbALYfYXsu7Qg0
youtube,geJU8cWjJNk,comment_count,2,,youtube_public_v1,PUBLIC,SzhXbALYfYXsu7Qg0
youtube,tC-OYdn_fm0,view_count,3142,,youtube_public_v1,PUBLIC,SzhXbALYfYXsu7Qg0
youtube,tC-OYdn_fm0,like_count,43,,youtube_public_v1,PUBLIC,SzhXbALYfYXsu7Qg0
youtube,tC-OYdn_fm0,comment_count,0,,youtube_public_v1,PUBLIC,SzhXbALYfYXsu7Qg0
youtube,r1g2wO0cw5U,view_count,1238,,youtube_public_v1,PUBLIC,SzhXbALYfYXsu7Qg0
youtube,r1g2wO0cw5U,like_count,19,,youtube_public_v1,PUBLIC,SzhXbALYfYXsu7Qg0
youtube,r1g2wO0cw5U,comment_count,0,,youtube_public_v1,PUBLIC,SzhXbALYfYXsu7Qg0
youtube,Aoedkod19H8,view_count,29790,,youtube_public_v1,PUBLIC,SzhXbALYfYXsu7Qg0
youtube,Aoedkod19H8,like_count,161,,youtube_public_v1,PUBLIC,SzhXbALYfYXsu7Qg0
youtube,Aoedkod19H8,comment_count,9,,youtube_public_v1,PUBLIC,SzhXbALYfYXsu7Qg0
youtube,4hwa_FwWhGA,view_count,12731,,youtube_public_v1,PUBLIC,SzhXbALYfYXsu7Qg0
youtube,4hwa_FwWhGA,like_count,111,,youtube_public_v1,PUBLIC,SzhXbALYfYXsu7Qg0
youtube,4hwa_FwWhGA,comment_count,2,,youtube_public_v1,PUBLIC,SzhXbALYfYXsu7Qg0
youtube,ekjXmr0acuc,view_count,105820,,youtube_public_v1,PUBLIC,SzhXbALYfYXsu7Qg0
youtube,ekjXmr0acuc,like_count,891,,youtube_public_v1,PUBLIC,SzhXbALYfYXsu7Qg0
youtube,ekjXmr0acuc,comment_count,80,,youtube_public_v1,PUBLIC,SzhXbALYfYXsu7Qg0
youtube,h48ofNyEfH4,view_count,688,,youtube_public_v1,PUBLIC,SzhXbALYfYXsu7Qg0
youtube,h48ofNyEfH4,like_count,66,,youtube_public_v1,PUBLIC,SzhXbALYfYXsu7Qg0
youtube,h48ofNyEfH4,comment_count,0,,youtube_public_v1,PUBLIC,SzhXbALYfYXsu7Qg0
youtube,B1lDFxrp3sI,view_count,10502,,youtube_public_v1,PUBLIC,SzhXbALYfYXsu7Qg0
youtube,B1lDFxrp3sI,like_count,167,,youtube_public_v1,PUBLIC,SzhXbALYfYXsu7Qg0
youtube,B1lDFxrp3sI,comment_count,17,,youtube_public_v1,PUBLIC,SzhXbALYfYXsu7Qg0
youtube,46jCM0zToo4,view_count,19417,,youtube_public_v1,PUBLIC,SzhXbALYfYXsu7Qg0
youtube,46jCM0zToo4,like_count,94,,youtube_public_v1,PUBLIC,SzhXbALYfYXsu7Qg0
youtube,46jCM0zToo4,comment_count,2,,youtube_public_v1,PUBLIC,SzhXbALYfYXsu7Qg0
youtube,1PGjtPTDLY4,view_count,75809,,youtube_public_v1,PUBLIC,SzhXbALYfYXsu7Qg0
youtube,1PGjtPTDLY4,like_count,325,,youtube_public_v1,PUBLIC,SzhXbALYfYXsu7Qg0
youtube,1PGjtPTDLY4,comment_count,21,,youtube_public_v1,PUBLIC,SzhXbALYfYXsu7Qg0
youtube,bOthCTyp7VY,view_count,1706,,youtube_public_v1,PUBLIC,SzhXbALYfYXsu7Qg0
youtube,bOthCTyp7VY,like_count,22,,youtube_public_v1,PUBLIC,SzhXbALYfYXsu7Qg0
youtube,bOthCTyp7VY,comment_count,0,,youtube_public_v1,PUBLIC,SzhXbALYfYXsu7Qg0
youtube,pSElUP-6jdA,view_count,1527,,youtube_public_v1,PUBLIC,SzhXbALYfYXsu7Qg0
youtube,pSElUP-6jdA,like_count,19,,youtube_public_v1,PUBLIC,SzhXbALYfYXsu7Qg0
youtube,pSElUP-6jdA,comment_count,1,,youtube_public_v1,PUBLIC,SzhXbALYfYXsu7Qg0
youtube,J_x4l5BRWxo,view_count,19531,,youtube_public_v1,PUBLIC,SzhXbALYfYXsu7Qg0
youtube,J_x4l5BRWxo,like_count,0,,youtube_public_v1,PUBLIC,SzhXbALYfYXsu7Qg0
youtube,J_x4l5BRWxo,comment_count,0,,youtube_public_v1,PUBLIC,SzhXbALYfYXsu7Qg0
youtube,V5zDFXg00uc,view_count,2445,,youtube_public_v1,PUBLIC,SzhXbALYfYXsu7Qg0
youtube,V5zDFXg00uc,like_count,36,,youtube_public_v1,PUBLIC,SzhXbALYfYXsu7Qg0
youtube,V5zDFXg00uc,comment_count,0,,youtube_public_v1,PUBLIC,SzhXbALYfYXsu7Qg0
youtube,etKikILPjD4,view_count,251,,youtube_public_v1,PUBLIC,SzhXbALYfYXsu7Qg0
youtube,etKikILPjD4,like_count,5,,youtube_public_v1,PUBLIC,SzhXbALYfYXsu7Qg0
youtube,etKikILPjD4,comment_count,4,,youtube_public_v1,PUBLIC,SzhXbALYfYXsu7Qg0
youtube,Vlc6H8A_77Y,view_count,16577,,youtube_public_v1,PUBLIC,SzhXbALYfYXsu7Qg0
youtube,Vlc6H8A_77Y,like_count,94,,youtube_public_v1,PUBLIC,SzhXbALYfYXsu7Qg0
youtube,Vlc6H8A_77Y,comment_count,5,,youtube_public_v1,PUBLIC,SzhXbALYfYXsu7Qg0
youtube,ndagc2igfuQ,view_count,1090,,youtube_public_v1,PUBLIC,SzhXbALYfYXsu7Qg0
youtube,ndagc2igfuQ,like_count,22,,youtube_public_v1,PUBLIC,SzhXbALYfYXsu7Qg0
youtube,ndagc2igfuQ,comment_count,1,,youtube_public_v1,PUBLIC,SzhXbALYfYXsu7Qg0
youtube,YiVESVvUsV8,view_count,2266,,youtube_public_v1,PUBLIC,SzhXbALYfYXsu7Qg0
youtube,YiVESVvUsV8,like_count,21,,youtube_public_v1,PUBLIC,SzhXbALYfYXsu7Qg0
youtube,YiVESVvUsV8,comment_count,2,,youtube_public_v1,PUBLIC,SzhXbALYfYXsu7Qg0
youtube,x2Pd3Znbn18,view_count,1405,,youtube_public_v1,PUBLIC,SzhXbALYfYXsu7Qg0
youtube,x2Pd3Znbn18,like_count,9,,youtube_public_v1,PUBLIC,SzhXbALYfYXsu7Qg0
youtube,x2Pd3Znbn18,comment_count,2,,youtube_public_v1,PUBLIC,SzhXbALYfYXsu7Qg0
youtube,9QKoGaZxhCM,view_count,25183,,youtube_public_v1,PUBLIC,SzhXbALYfYXsu7Qg0
youtube,9QKoGaZxhCM,like_count,146,,youtube_public_v1,PUBLIC,SzhXbALYfYXsu7Qg0
youtube,9QKoGaZxhCM,comment_count,2,,youtube_public_v1,PUBLIC,SzhXbALYfYXsu7Qg0
youtube,RGJS5x8srhA,view_count,1557,,youtube_public_v1,PUBLIC,SzhXbALYfYXsu7Qg0
youtube,RGJS5x8srhA,like_count,45,,youtube_public_v1,PUBLIC,SzhXbALYfYXsu7Qg0
youtube,RGJS5x8srhA,comment_count,0,,youtube_public_v1,PUBLIC,SzhXbALYfYXsu7Qg0
youtube,VUE1VbUHPw8,view_count,18751,,youtube_public_v1,PUBLIC,SzhXbALYfYXsu7Qg0
youtube,VUE1VbUHPw8,like_count,98,,youtube_public_v1,PUBLIC,SzhXbALYfYXsu7Qg0
youtube,VUE1VbUHPw8,comment_count,7,,youtube_public_v1,PUBLIC,SzhXbALYfYXsu7Qg0
youtube,8wieuuTuDoU,view_count,4409,,youtube_public_v1,PUBLIC,SzhXbALYfYXsu7Qg0
youtube,8wieuuTuDoU,like_count,49,,youtube_public_v1,PUBLIC,SzhXbALYfYXsu7Qg0
youtube,8wieuuTuDoU,comment_count,2,,youtube_public_v1,PUBLIC,SzhXbALYfYXsu7Qg0
youtube,erad6H5I38k,view_count,2105,,youtube_public_v1,PUBLIC,SzhXbALYfYXsu7Qg0
youtube,erad6H5I38k,like_count,68,,youtube_public_v1,PUBLIC,SzhXbALYfYXsu7Qg0
youtube,erad6H5I38k,comment_count,0,,youtube_public_v1,PUBLIC,SzhXbALYfYXsu7Qg0
youtube,vEeWuyZqZvo,view_count,11647,,youtube_public_v1,PUBLIC,SzhXbALYfYXsu7Qg0
youtube,vEeWuyZqZvo,like_count,185,,youtube_public_v1,PUBLIC,SzhXbALYfYXsu7Qg0
youtube,vEeWuyZqZvo,comment_count,2,,youtube_public_v1,PUBLIC,SzhXbALYfYXsu7Qg0
youtube,CzWQim9fB5E,view_count,2717,,youtube_public_v1,PUBLIC,SzhXbALYfYXsu7Qg0
youtube,CzWQim9fB5E,like_count,66,,youtube_public_v1,PUBLIC,SzhXbALYfYXsu7Qg0
youtube,CzWQim9fB5E,comment_count,1,,youtube_public_v1,PUBLIC,SzhXbALYfYXsu7Qg0
youtube,Da97_6j1B8E,view_count,9567,,youtube_public_v1,PUBLIC,SzhXbALYfYXsu7Qg0
youtube,Da97_6j1B8E,like_count,73,,youtube_public_v1,PUBLIC,SzhXbALYfYXsu7Qg0
youtube,Da97_6j1B8E,comment_count,0,,youtube_public_v1,PUBLIC,SzhXbALYfYXsu7Qg0
youtube,t-SrsDO2Kh8,view_count,701,,youtube_public_v1,PUBLIC,SzhXbALYfYXsu7Qg0
youtube,t-SrsDO2Kh8,like_count,7,,youtube_public_v1,PUBLIC,SzhXbALYfYXsu7Qg0
youtube,t-SrsDO2Kh8,comment_count,0,,youtube_public_v1,PUBLIC,SzhXbALYfYXsu7Qg0
youtube,LxFO6Cb0aK0,view_count,1232005,,youtube_public_v1,PUBLIC,cPEN2QFFLoM4y6buf
youtube,LxFO6Cb0aK0,like_count,5400,,youtube_public_v1,PUBLIC,cPEN2QFFLoM4y6buf
youtube,LxFO6Cb0aK0,comment_count,271,,youtube_public_v1,PUBLIC,cPEN2QFFLoM4y6buf
youtube,HdqNbkwF5mQ,view_count,50509,,youtube_public_v1,PUBLIC,cPEN2QFFLoM4y6buf
youtube,HdqNbkwF5mQ,like_count,312,,youtube_public_v1,PUBLIC,cPEN2QFFLoM4y6buf
youtube,HdqNbkwF5mQ,comment_count,8,,youtube_public_v1,PUBLIC,cPEN2QFFLoM4y6buf
youtube,nBtZ2lLQgSU,view_count,9038816,2026-08-12T14:33:16.956174+07:00,youtube_public_v1,PUBLIC,cPEN2QFFLoM4y6buf
youtube,nBtZ2lLQgSU,like_count,66000,2026-08-12T14:33:16.956174+07:00,youtube_public_v1,PUBLIC,cPEN2QFFLoM4y6buf
youtube,nBtZ2lLQgSU,comment_count,5208,2026-08-12T14:33:16.956174+07:00,youtube_public_v1,PUBLIC,cPEN2QFFLoM4y6buf
youtube,BWfy-5MsToM,view_count,355088,,youtube_public_v1,PUBLIC,cPEN2QFFLoM4y6buf
youtube,BWfy-5MsToM,like_count,1500,,youtube_public_v1,PUBLIC,cPEN2QFFLoM4y6buf
youtube,BWfy-5MsToM,comment_count,172,,youtube_public_v1,PUBLIC,cPEN2QFFLoM4y6buf
youtube,vUpv40XG_HM,view_count,943244,,youtube_public_v1,PUBLIC,cPEN2QFFLoM4y6buf
youtube,vUpv40XG_HM,like_count,2800,,youtube_public_v1,PUBLIC,cPEN2QFFLoM4y6buf
youtube,vUpv40XG_HM,comment_count,81,,youtube_public_v1,PUBLIC,cPEN2QFFLoM4y6buf
youtube,37SNH7uFzNs,view_count,281569,,youtube_public_v1,PUBLIC,cPEN2QFFLoM4y6buf
youtube,37SNH7uFzNs,like_count,1200,,youtube_public_v1,PUBLIC,cPEN2QFFLoM4y6buf
youtube,37SNH7uFzNs,comment_count,33,,youtube_public_v1,PUBLIC,cPEN2QFFLoM4y6buf
youtube,R4hwUMvV0j8,view_count,151177,,youtube_public_v1,PUBLIC,cPEN2QFFLoM4y6buf
youtube,R4hwUMvV0j8,like_count,697,,youtube_public_v1,PUBLIC,cPEN2QFFLoM4y6buf
youtube,R4hwUMvV0j8,comment_count,23,,youtube_public_v1,PUBLIC,cPEN2QFFLoM4y6buf
youtube,JfgrBLTT5oc,view_count,102164,,youtube_public_v1,PUBLIC,cPEN2QFFLoM4y6buf
youtube,JfgrBLTT5oc,like_count,436,,youtube_public_v1,PUBLIC,cPEN2QFFLoM4y6buf
youtube,JfgrBLTT5oc,comment_count,7,,youtube_public_v1,PUBLIC,cPEN2QFFLoM4y6buf
youtube,yL2DoBT5MnI,view_count,242382,,youtube_public_v1,PUBLIC,cPEN2QFFLoM4y6buf
youtube,yL2DoBT5MnI,like_count,951,,youtube_public_v1,PUBLIC,cPEN2QFFLoM4y6buf
youtube,yL2DoBT5MnI,comment_count,24,,youtube_public_v1,PUBLIC,cPEN2QFFLoM4y6buf
youtube,Kfz7pMPvJz4,view_count,3764411,,youtube_public_v1,PUBLIC,cPEN2QFFLoM4y6buf
youtube,Kfz7pMPvJz4,like_count,41000,,youtube_public_v1,PUBLIC,cPEN2QFFLoM4y6buf
youtube,Kfz7pMPvJz4,comment_count,4345,,youtube_public_v1,PUBLIC,cPEN2QFFLoM4y6buf
youtube,9vjdgGbTlbQ,view_count,106895,,youtube_public_v1,PUBLIC,cPEN2QFFLoM4y6buf
youtube,9vjdgGbTlbQ,like_count,2000,,youtube_public_v1,PUBLIC,cPEN2QFFLoM4y6buf
youtube,9vjdgGbTlbQ,comment_count,0,,youtube_public_v1,PUBLIC,cPEN2QFFLoM4y6buf
youtube,gS_74Z40eBo,view_count,6332,,youtube_public_v1,PUBLIC,cPEN2QFFLoM4y6buf
youtube,gS_74Z40eBo,like_count,188,,youtube_public_v1,PUBLIC,cPEN2QFFLoM4y6buf
youtube,gS_74Z40eBo,comment_count,2,,youtube_public_v1,PUBLIC,cPEN2QFFLoM4y6buf
youtube,aMHPMKXQQE4,view_count,19540,,youtube_public_v1,PUBLIC,cPEN2QFFLoM4y6buf
youtube,aMHPMKXQQE4,like_count,280,,youtube_public_v1,PUBLIC,cPEN2QFFLoM4y6buf
youtube,aMHPMKXQQE4,comment_count,6,,youtube_public_v1,PUBLIC,cPEN2QFFLoM4y6buf
youtube,mN_3OumnhNo,view_count,15473,,youtube_public_v1,PUBLIC,cPEN2QFFLoM4y6buf
youtube,mN_3OumnhNo,like_count,194,,youtube_public_v1,PUBLIC,cPEN2QFFLoM4y6buf
youtube,mN_3OumnhNo,comment_count,0,,youtube_public_v1,PUBLIC,cPEN2QFFLoM4y6buf
youtube,POPlHErWomk,view_count,7728092,2026-08-12T14:33:16.956174+07:00,youtube_public_v1,PUBLIC,cPEN2QFFLoM4y6buf
youtube,POPlHErWomk,like_count,47000,2026-08-12T14:33:16.956174+07:00,youtube_public_v1,PUBLIC,cPEN2QFFLoM4y6buf
youtube,POPlHErWomk,comment_count,4778,2026-08-12T14:33:16.956174+07:00,youtube_public_v1,PUBLIC,cPEN2QFFLoM4y6buf
youtube,vlJA5jC2FoY,view_count,167503,,youtube_public_v1,PUBLIC,cPEN2QFFLoM4y6buf
youtube,vlJA5jC2FoY,like_count,4100,,youtube_public_v1,PUBLIC,cPEN2QFFLoM4y6buf
youtube,vlJA5jC2FoY,comment_count,49,,youtube_public_v1,PUBLIC,cPEN2QFFLoM4y6buf
youtube,j5W2nZd5JK4,view_count,12714,,youtube_public_v1,PUBLIC,cPEN2QFFLoM4y6buf
youtube,j5W2nZd5JK4,like_count,149,,youtube_public_v1,PUBLIC,cPEN2QFFLoM4y6buf
youtube,j5W2nZd5JK4,comment_count,0,,youtube_public_v1,PUBLIC,cPEN2QFFLoM4y6buf
youtube,RKxeWukCyNs,view_count,51582,,youtube_public_v1,PUBLIC,cPEN2QFFLoM4y6buf
youtube,RKxeWukCyNs,like_count,537,,youtube_public_v1,PUBLIC,cPEN2QFFLoM4y6buf
youtube,RKxeWukCyNs,comment_count,7,,youtube_public_v1,PUBLIC,cPEN2QFFLoM4y6buf
youtube,_zGrXoE5twk,view_count,262110,,youtube_public_v1,PUBLIC,cPEN2QFFLoM4y6buf
youtube,_zGrXoE5twk,like_count,4300,,youtube_public_v1,PUBLIC,cPEN2QFFLoM4y6buf
youtube,_zGrXoE5twk,comment_count,32,,youtube_public_v1,PUBLIC,cPEN2QFFLoM4y6buf
youtube,LFxOrvRxKoc,view_count,185057,,youtube_public_v1,PUBLIC,cPEN2QFFLoM4y6buf
youtube,LFxOrvRxKoc,like_count,4200,,youtube_public_v1,PUBLIC,cPEN2QFFLoM4y6buf
youtube,LFxOrvRxKoc,comment_count,33,,youtube_public_v1,PUBLIC,cPEN2QFFLoM4y6buf
youtube,DIQWfG_RjK0,view_count,498307,,youtube_public_v1,PUBLIC,cPEN2QFFLoM4y6buf
youtube,DIQWfG_RjK0,like_count,1900,,youtube_public_v1,PUBLIC,cPEN2QFFLoM4y6buf
youtube,DIQWfG_RjK0,comment_count,67,,youtube_public_v1,PUBLIC,cPEN2QFFLoM4y6buf
youtube,yrHKPKbnnR8,view_count,119187,,youtube_public_v1,PUBLIC,cPEN2QFFLoM4y6buf
youtube,yrHKPKbnnR8,like_count,2900,,youtube_public_v1,PUBLIC,cPEN2QFFLoM4y6buf
youtube,yrHKPKbnnR8,comment_count,14,,youtube_public_v1,PUBLIC,cPEN2QFFLoM4y6buf
youtube,ZWhLYoD5dSQ,view_count,40523,,youtube_public_v1,PUBLIC,cPEN2QFFLoM4y6buf
youtube,ZWhLYoD5dSQ,like_count,1300,,youtube_public_v1,PUBLIC,cPEN2QFFLoM4y6buf
youtube,ZWhLYoD5dSQ,comment_count,110,,youtube_public_v1,PUBLIC,cPEN2QFFLoM4y6buf
youtube,EP9J5Ysx1rw,view_count,2901389,,youtube_public_v1,PUBLIC,cPEN2QFFLoM4y6buf
youtube,EP9J5Ysx1rw,like_count,18000,,youtube_public_v1,PUBLIC,cPEN2QFFLoM4y6buf
youtube,EP9J5Ysx1rw,comment_count,589,,youtube_public_v1,PUBLIC,cPEN2QFFLoM4y6buf
youtube,ey2keuVS8MQ,view_count,466315,,youtube_public_v1,PUBLIC,cPEN2QFFLoM4y6buf
youtube,ey2keuVS8MQ,like_count,8200,,youtube_public_v1,PUBLIC,cPEN2QFFLoM4y6buf
youtube,ey2keuVS8MQ,comment_count,70,,youtube_public_v1,PUBLIC,cPEN2QFFLoM4y6buf
youtube,5HhRMM9xzms,view_count,267030,,youtube_public_v1,PUBLIC,cPEN2QFFLoM4y6buf
youtube,5HhRMM9xzms,like_count,891,,youtube_public_v1,PUBLIC,cPEN2QFFLoM4y6buf
youtube,5HhRMM9xzms,comment_count,59,,youtube_public_v1,PUBLIC,cPEN2QFFLoM4y6buf
youtube,9hm6CVOQaLk,view_count,13781,,youtube_public_v1,PUBLIC,cPEN2QFFLoM4y6buf
youtube,9hm6CVOQaLk,like_count,444,,youtube_public_v1,PUBLIC,cPEN2QFFLoM4y6buf
youtube,9hm6CVOQaLk,comment_count,8,,youtube_public_v1,PUBLIC,cPEN2QFFLoM4y6buf
youtube,JEK-RQzmz5Q,view_count,15634,,youtube_public_v1,PUBLIC,cPEN2QFFLoM4y6buf
youtube,JEK-RQzmz5Q,like_count,317,,youtube_public_v1,PUBLIC,cPEN2QFFLoM4y6buf
youtube,JEK-RQzmz5Q,comment_count,4,,youtube_public_v1,PUBLIC,cPEN2QFFLoM4y6buf
youtube,omlxsUe2TrY,view_count,512177,,youtube_public_v1,PUBLIC,cPEN2QFFLoM4y6buf
youtube,omlxsUe2TrY,like_count,1700,,youtube_public_v1,PUBLIC,cPEN2QFFLoM4y6buf
youtube,omlxsUe2TrY,comment_count,55,,youtube_public_v1,PUBLIC,cPEN2QFFLoM4y6buf
youtube,gZgxwXd2pms,view_count,14739,,youtube_public_v1,PUBLIC,cPEN2QFFLoM4y6buf
youtube,gZgxwXd2pms,like_count,53,,youtube_public_v1,PUBLIC,cPEN2QFFLoM4y6buf
youtube,gZgxwXd2pms,comment_count,1,,youtube_public_v1,PUBLIC,cPEN2QFFLoM4y6buf
youtube,1gevgm1SsbY,view_count,241376,,youtube_public_v1,PUBLIC,cPEN2QFFLoM4y6buf
youtube,1gevgm1SsbY,like_count,1600,,youtube_public_v1,PUBLIC,cPEN2QFFLoM4y6buf
youtube,1gevgm1SsbY,comment_count,53,,youtube_public_v1,PUBLIC,cPEN2QFFLoM4y6buf
youtube,_G-CiL916BI,view_count,463,,youtube_public_v1,PUBLIC,cPEN2QFFLoM4y6buf
youtube,_G-CiL916BI,like_count,7,,youtube_public_v1,PUBLIC,cPEN2QFFLoM4y6buf
youtube,_G-CiL916BI,comment_count,0,,youtube_public_v1,PUBLIC,cPEN2QFFLoM4y6buf
youtube,9Sj6qKrQaWs,view_count,2641,,youtube_public_v1,PUBLIC,cPEN2QFFLoM4y6buf
youtube,9Sj6qKrQaWs,like_count,28,,youtube_public_v1,PUBLIC,cPEN2QFFLoM4y6buf
youtube,9Sj6qKrQaWs,comment_count,1,,youtube_public_v1,PUBLIC,cPEN2QFFLoM4y6buf
youtube,6IKI4-aCYHI,view_count,5047,,youtube_public_v1,PUBLIC,cPEN2QFFLoM4y6buf
youtube,6IKI4-aCYHI,like_count,83,,youtube_public_v1,PUBLIC,cPEN2QFFLoM4y6buf
youtube,6IKI4-aCYHI,comment_count,0,,youtube_public_v1,PUBLIC,cPEN2QFFLoM4y6buf
youtube,zE3yW5av1pE,view_count,16975,,youtube_public_v1,PUBLIC,cPEN2QFFLoM4y6buf
youtube,zE3yW5av1pE,like_count,279,,youtube_public_v1,PUBLIC,cPEN2QFFLoM4y6buf
youtube,zE3yW5av1pE,comment_count,0,,youtube_public_v1,PUBLIC,cPEN2QFFLoM4y6buf
youtube,fZqxRl-57J4,view_count,13891,,youtube_public_v1,PUBLIC,cPEN2QFFLoM4y6buf
youtube,fZqxRl-57J4,like_count,156,,youtube_public_v1,PUBLIC,cPEN2QFFLoM4y6buf
youtube,fZqxRl-57J4,comment_count,0,,youtube_public_v1,PUBLIC,cPEN2QFFLoM4y6buf
youtube,OA-e_zlNtag,view_count,15998,,youtube_public_v1,PUBLIC,cPEN2QFFLoM4y6buf
youtube,OA-e_zlNtag,like_count,405,,youtube_public_v1,PUBLIC,cPEN2QFFLoM4y6buf
youtube,OA-e_zlNtag,comment_count,5,,youtube_public_v1,PUBLIC,cPEN2QFFLoM4y6buf
youtube,wY1ohTSrYAw,view_count,6593,,youtube_public_v1,PUBLIC,cPEN2QFFLoM4y6buf
youtube,wY1ohTSrYAw,like_count,193,,youtube_public_v1,PUBLIC,cPEN2QFFLoM4y6buf
youtube,wY1ohTSrYAw,comment_count,8,,youtube_public_v1,PUBLIC,cPEN2QFFLoM4y6buf
youtube,K3JHQZDMkLo,view_count,50369,,youtube_public_v1,PUBLIC,cPEN2QFFLoM4y6buf
youtube,K3JHQZDMkLo,like_count,986,,youtube_public_v1,PUBLIC,cPEN2QFFLoM4y6buf
youtube,K3JHQZDMkLo,comment_count,5,,youtube_public_v1,PUBLIC,cPEN2QFFLoM4y6buf
youtube,_MxkCGeqfsE,view_count,32502,,youtube_public_v1,PUBLIC,cPEN2QFFLoM4y6buf
youtube,_MxkCGeqfsE,like_count,502,,youtube_public_v1,PUBLIC,cPEN2QFFLoM4y6buf
youtube,_MxkCGeqfsE,comment_count,1,,youtube_public_v1,PUBLIC,cPEN2QFFLoM4y6buf
youtube,NcJX80mINo4,view_count,65173,,youtube_public_v1,PUBLIC,cPEN2QFFLoM4y6buf
youtube,NcJX80mINo4,like_count,311,,youtube_public_v1,PUBLIC,cPEN2QFFLoM4y6buf
youtube,NcJX80mINo4,comment_count,19,,youtube_public_v1,PUBLIC,cPEN2QFFLoM4y6buf
youtube,y_a6SfI-LM0,view_count,91,,youtube_public_v1,PUBLIC,cPEN2QFFLoM4y6buf
youtube,y_a6SfI-LM0,like_count,1,,youtube_public_v1,PUBLIC,cPEN2QFFLoM4y6buf
youtube,y_a6SfI-LM0,comment_count,2,,youtube_public_v1,PUBLIC,cPEN2QFFLoM4y6buf
youtube,NMvts6_XyxE,view_count,433336,,youtube_public_v1,PUBLIC,cPEN2QFFLoM4y6buf
youtube,NMvts6_XyxE,like_count,5900,,youtube_public_v1,PUBLIC,cPEN2QFFLoM4y6buf
youtube,NMvts6_XyxE,comment_count,42,,youtube_public_v1,PUBLIC,cPEN2QFFLoM4y6buf
youtube,020XuwiY1bw,view_count,205464,,youtube_public_v1,PUBLIC,cPEN2QFFLoM4y6buf
youtube,020XuwiY1bw,like_count,1000,,youtube_public_v1,PUBLIC,cPEN2QFFLoM4y6buf
youtube,020XuwiY1bw,comment_count,30,,youtube_public_v1,PUBLIC,cPEN2QFFLoM4y6buf
youtube,ahvz8DcQvKQ,view_count,104567,,youtube_public_v1,PUBLIC,cPEN2QFFLoM4y6buf
youtube,ahvz8DcQvKQ,like_count,1200,,youtube_public_v1,PUBLIC,cPEN2QFFLoM4y6buf
youtube,ahvz8DcQvKQ,comment_count,224,,youtube_public_v1,PUBLIC,cPEN2QFFLoM4y6buf
youtube,QUxRAyhqlnE,view_count,168975,,youtube_public_v1,PUBLIC,cPEN2QFFLoM4y6buf
youtube,QUxRAyhqlnE,like_count,480,,youtube_public_v1,PUBLIC,cPEN2QFFLoM4y6buf
youtube,QUxRAyhqlnE,comment_count,12,,youtube_public_v1,PUBLIC,cPEN2QFFLoM4y6buf
youtube,By6F2eZsvoY,view_count,221843,,youtube_public_v1,PUBLIC,cPEN2QFFLoM4y6buf
youtube,By6F2eZsvoY,like_count,1600,,youtube_public_v1,PUBLIC,cPEN2QFFLoM4y6buf
youtube,By6F2eZsvoY,comment_count,49,,youtube_public_v1,PUBLIC,cPEN2QFFLoM4y6buf
youtube,V6IG7uReTXM,view_count,153350,,youtube_public_v1,PUBLIC,cPEN2QFFLoM4y6buf
youtube,V6IG7uReTXM,like_count,734,,youtube_public_v1,PUBLIC,cPEN2QFFLoM4y6buf
youtube,V6IG7uReTXM,comment_count,37,,youtube_public_v1,PUBLIC,cPEN2QFFLoM4y6buf
youtube,vYKLj7ReiUQ,view_count,408246,,youtube_public_v1,PUBLIC,cPEN2QFFLoM4y6buf
youtube,vYKLj7ReiUQ,like_count,1200,,youtube_public_v1,PUBLIC,cPEN2QFFLoM4y6buf
youtube,vYKLj7ReiUQ,comment_count,33,,youtube_public_v1,PUBLIC,cPEN2QFFLoM4y6buf
youtube,YYypM1X8p-Q,view_count,379,,youtube_public_v1,PUBLIC,cPEN2QFFLoM4y6buf
youtube,YYypM1X8p-Q,like_count,5,,youtube_public_v1,PUBLIC,cPEN2QFFLoM4y6buf
youtube,YYypM1X8p-Q,comment_count,0,,youtube_public_v1,PUBLIC,cPEN2QFFLoM4y6buf
youtube,JzYaYvHgNig,view_count,335875,,youtube_public_v1,PUBLIC,cPEN2QFFLoM4y6buf
youtube,JzYaYvHgNig,like_count,4200,,youtube_public_v1,PUBLIC,cPEN2QFFLoM4y6buf
youtube,JzYaYvHgNig,comment_count,364,,youtube_public_v1,PUBLIC,cPEN2QFFLoM4y6buf
youtube,iGxpbBkUZHM,view_count,1183142,,youtube_public_v1,PUBLIC,cPEN2QFFLoM4y6buf
youtube,iGxpbBkUZHM,like_count,7800,,youtube_public_v1,PUBLIC,cPEN2QFFLoM4y6buf
youtube,iGxpbBkUZHM,comment_count,397,,youtube_public_v1,PUBLIC,cPEN2QFFLoM4y6buf
youtube,0RgXuLQoUeo,view_count,108080,,youtube_public_v1,PUBLIC,cPEN2QFFLoM4y6buf
youtube,0RgXuLQoUeo,like_count,1000,,youtube_public_v1,PUBLIC,cPEN2QFFLoM4y6buf
youtube,0RgXuLQoUeo,comment_count,56,,youtube_public_v1,PUBLIC,cPEN2QFFLoM4y6buf
youtube,yIwqz3Iiy_M,view_count,1403,,youtube_public_v1,PUBLIC,cPEN2QFFLoM4y6buf
youtube,yIwqz3Iiy_M,like_count,9,,youtube_public_v1,PUBLIC,cPEN2QFFLoM4y6buf
youtube,yIwqz3Iiy_M,comment_count,0,,youtube_public_v1,PUBLIC,cPEN2QFFLoM4y6buf
youtube,0vUY2uF8000,view_count,54388,,youtube_public_v1,PUBLIC,cPEN2QFFLoM4y6buf
youtube,0vUY2uF8000,like_count,787,,youtube_public_v1,PUBLIC,cPEN2QFFLoM4y6buf
youtube,0vUY2uF8000,comment_count,16,,youtube_public_v1,PUBLIC,cPEN2QFFLoM4y6buf
youtube,PT5DIgLymNQ,view_count,15249,,youtube_public_v1,PUBLIC,cPEN2QFFLoM4y6buf
youtube,PT5DIgLymNQ,like_count,387,,youtube_public_v1,PUBLIC,cPEN2QFFLoM4y6buf
youtube,PT5DIgLymNQ,comment_count,6,,youtube_public_v1,PUBLIC,cPEN2QFFLoM4y6buf
youtube,-QwyHlzZrX8,view_count,791,,youtube_public_v1,PUBLIC,cPEN2QFFLoM4y6buf
youtube,-QwyHlzZrX8,like_count,62,,youtube_public_v1,PUBLIC,cPEN2QFFLoM4y6buf
youtube,-QwyHlzZrX8,comment_count,5,,youtube_public_v1,PUBLIC,cPEN2QFFLoM4y6buf
youtube,oa_Yt2a8948,view_count,126,,youtube_public_v1,PUBLIC,cPEN2QFFLoM4y6buf
youtube,oa_Yt2a8948,like_count,2,,youtube_public_v1,PUBLIC,cPEN2QFFLoM4y6buf
youtube,oa_Yt2a8948,comment_count,0,,youtube_public_v1,PUBLIC,cPEN2QFFLoM4y6buf
youtube,NFZCTmO6Iv0,view_count,947,,youtube_public_v1,PUBLIC,cPEN2QFFLoM4y6buf
youtube,NFZCTmO6Iv0,like_count,7,,youtube_public_v1,PUBLIC,cPEN2QFFLoM4y6buf
youtube,NFZCTmO6Iv0,comment_count,1,,youtube_public_v1,PUBLIC,cPEN2QFFLoM4y6buf
youtube,qTkzxSbfqg8,view_count,139,,youtube_public_v1,PUBLIC,cPEN2QFFLoM4y6buf
youtube,qTkzxSbfqg8,like_count,2,,youtube_public_v1,PUBLIC,cPEN2QFFLoM4y6buf
youtube,qTkzxSbfqg8,comment_count,0,,youtube_public_v1,PUBLIC,cPEN2QFFLoM4y6buf
youtube,jo2s-qp6cm0,view_count,26032,,youtube_public_v1,PUBLIC,cPEN2QFFLoM4y6buf
youtube,jo2s-qp6cm0,like_count,0,,youtube_public_v1,PUBLIC,cPEN2QFFLoM4y6buf
youtube,jo2s-qp6cm0,comment_count,13,,youtube_public_v1,PUBLIC,cPEN2QFFLoM4y6buf
youtube,HEr0tk925sQ,view_count,10714,,youtube_public_v1,PUBLIC,cPEN2QFFLoM4y6buf
youtube,HEr0tk925sQ,like_count,179,,youtube_public_v1,PUBLIC,cPEN2QFFLoM4y6buf
youtube,HEr0tk925sQ,comment_count,0,,youtube_public_v1,PUBLIC,cPEN2QFFLoM4y6buf
youtube,q6J_fD-cfpY,view_count,24228,,youtube_public_v1,PUBLIC,cPEN2QFFLoM4y6buf
youtube,q6J_fD-cfpY,like_count,384,,youtube_public_v1,PUBLIC,cPEN2QFFLoM4y6buf
youtube,q6J_fD-cfpY,comment_count,6,,youtube_public_v1,PUBLIC,cPEN2QFFLoM4y6buf
youtube,mPzf4n8vwwM,view_count,5037,,youtube_public_v1,PUBLIC,cPEN2QFFLoM4y6buf
youtube,mPzf4n8vwwM,like_count,44,,youtube_public_v1,PUBLIC,cPEN2QFFLoM4y6buf
youtube,mPzf4n8vwwM,comment_count,2,,youtube_public_v1,PUBLIC,cPEN2QFFLoM4y6buf
youtube,SWMYwDel-ag,view_count,30844,,youtube_public_v1,PUBLIC,cPEN2QFFLoM4y6buf
youtube,SWMYwDel-ag,like_count,0,,youtube_public_v1,PUBLIC,cPEN2QFFLoM4y6buf
youtube,SWMYwDel-ag,comment_count,4,,youtube_public_v1,PUBLIC,cPEN2QFFLoM4y6buf
youtube,OmoyTYCDnjg,view_count,38852287,,youtube_public_v1,PUBLIC,cPEN2QFFLoM4y6buf
youtube,OmoyTYCDnjg,like_count,833000,,youtube_public_v1,PUBLIC,cPEN2QFFLoM4y6buf
youtube,OmoyTYCDnjg,comment_count,265236,,youtube_public_v1,PUBLIC,cPEN2QFFLoM4y6buf
youtube,RdvWGdFGSmI,view_count,60857,,youtube_public_v1,PUBLIC,cPEN2QFFLoM4y6buf
youtube,RdvWGdFGSmI,like_count,176,,youtube_public_v1,PUBLIC,cPEN2QFFLoM4y6buf
youtube,RdvWGdFGSmI,comment_count,6,,youtube_public_v1,PUBLIC,cPEN2QFFLoM4y6buf
youtube,07UvXNsV1R8,view_count,6236111,2026-08-12T14:33:16.956174+07:00,youtube_public_v1,PUBLIC,cPEN2QFFLoM4y6buf
youtube,07UvXNsV1R8,like_count,41000,2026-08-12T14:33:16.956174+07:00,youtube_public_v1,PUBLIC,cPEN2QFFLoM4y6buf
youtube,07UvXNsV1R8,comment_count,3566,2026-08-12T14:33:16.956174+07:00,youtube_public_v1,PUBLIC,cPEN2QFFLoM4y6buf
youtube,IcOCg_iaU7k,view_count,185067,,youtube_public_v1,PUBLIC,cPEN2QFFLoM4y6buf
youtube,IcOCg_iaU7k,like_count,764,,youtube_public_v1,PUBLIC,cPEN2QFFLoM4y6buf
youtube,IcOCg_iaU7k,comment_count,9,,youtube_public_v1,PUBLIC,cPEN2QFFLoM4y6buf
youtube,2iBdq38Mw9M,view_count,55363,,youtube_public_v1,PUBLIC,cPEN2QFFLoM4y6buf
youtube,2iBdq38Mw9M,like_count,414,,youtube_public_v1,PUBLIC,cPEN2QFFLoM4y6buf
youtube,2iBdq38Mw9M,comment_count,32,,youtube_public_v1,PUBLIC,cPEN2QFFLoM4y6buf
youtube,xtbHzpyTr7U,view_count,154,,youtube_public_v1,PUBLIC,AejMIMb2LO5Y7Ofwe
youtube,xtbHzpyTr7U,like_count,2,,youtube_public_v1,PUBLIC,AejMIMb2LO5Y7Ofwe
youtube,xtbHzpyTr7U,comment_count,0,,youtube_public_v1,PUBLIC,AejMIMb2LO5Y7Ofwe
youtube,5ELvcOQEnyI,view_count,35911,,youtube_public_v1,PUBLIC,AejMIMb2LO5Y7Ofwe
youtube,5ELvcOQEnyI,like_count,568,,youtube_public_v1,PUBLIC,AejMIMb2LO5Y7Ofwe
youtube,5ELvcOQEnyI,comment_count,14,,youtube_public_v1,PUBLIC,AejMIMb2LO5Y7Ofwe
youtube,ygm2jxgf9-Q,view_count,19706,,youtube_public_v1,PUBLIC,AejMIMb2LO5Y7Ofwe
youtube,ygm2jxgf9-Q,like_count,483,,youtube_public_v1,PUBLIC,AejMIMb2LO5Y7Ofwe
youtube,ygm2jxgf9-Q,comment_count,32,,youtube_public_v1,PUBLIC,AejMIMb2LO5Y7Ofwe
youtube,A_CExzildDo,view_count,22285,,youtube_public_v1,PUBLIC,AejMIMb2LO5Y7Ofwe
youtube,A_CExzildDo,like_count,415,,youtube_public_v1,PUBLIC,AejMIMb2LO5Y7Ofwe
youtube,A_CExzildDo,comment_count,8,,youtube_public_v1,PUBLIC,AejMIMb2LO5Y7Ofwe
youtube,xK157RQnnOg,view_count,70536,,youtube_public_v1,PUBLIC,AejMIMb2LO5Y7Ofwe
youtube,xK157RQnnOg,like_count,1500,,youtube_public_v1,PUBLIC,AejMIMb2LO5Y7Ofwe
youtube,xK157RQnnOg,comment_count,56,,youtube_public_v1,PUBLIC,AejMIMb2LO5Y7Ofwe
youtube,mBYagzyQlcs,view_count,29581,,youtube_public_v1,PUBLIC,AejMIMb2LO5Y7Ofwe
youtube,mBYagzyQlcs,like_count,533,,youtube_public_v1,PUBLIC,AejMIMb2LO5Y7Ofwe
youtube,mBYagzyQlcs,comment_count,17,,youtube_public_v1,PUBLIC,AejMIMb2LO5Y7Ofwe
youtube,b9r8OsOzQrc,view_count,2008,,youtube_public_v1,PUBLIC,AejMIMb2LO5Y7Ofwe
youtube,b9r8OsOzQrc,like_count,10,,youtube_public_v1,PUBLIC,AejMIMb2LO5Y7Ofwe
youtube,b9r8OsOzQrc,comment_count,0,,youtube_public_v1,PUBLIC,AejMIMb2LO5Y7Ofwe
youtube,0XCN0Qe4nBE,view_count,508,,youtube_public_v1,PUBLIC,AejMIMb2LO5Y7Ofwe
youtube,0XCN0Qe4nBE,like_count,8,,youtube_public_v1,PUBLIC,AejMIMb2LO5Y7Ofwe
youtube,0XCN0Qe4nBE,comment_count,0,,youtube_public_v1,PUBLIC,AejMIMb2LO5Y7Ofwe
youtube,nNgN_ob4pSk,view_count,1841,,youtube_public_v1,PUBLIC,AejMIMb2LO5Y7Ofwe
youtube,nNgN_ob4pSk,like_count,74,,youtube_public_v1,PUBLIC,AejMIMb2LO5Y7Ofwe
youtube,nNgN_ob4pSk,comment_count,1,,youtube_public_v1,PUBLIC,AejMIMb2LO5Y7Ofwe
youtube,Wqp2DFJuglo,view_count,12287,,youtube_public_v1,PUBLIC,AejMIMb2LO5Y7Ofwe
youtube,Wqp2DFJuglo,like_count,98,,youtube_public_v1,PUBLIC,AejMIMb2LO5Y7Ofwe
youtube,Wqp2DFJuglo,comment_count,2,,youtube_public_v1,PUBLIC,AejMIMb2LO5Y7Ofwe
youtube,Hbc9RJ8kZuc,view_count,1343,,youtube_public_v1,PUBLIC,AejMIMb2LO5Y7Ofwe
youtube,Hbc9RJ8kZuc,like_count,8,,youtube_public_v1,PUBLIC,AejMIMb2LO5Y7Ofwe
youtube,Hbc9RJ8kZuc,comment_count,0,,youtube_public_v1,PUBLIC,AejMIMb2LO5Y7Ofwe
youtube,vl8w6Qk2f2E,view_count,1086,,youtube_public_v1,PUBLIC,AejMIMb2LO5Y7Ofwe
youtube,vl8w6Qk2f2E,like_count,10,,youtube_public_v1,PUBLIC,AejMIMb2LO5Y7Ofwe
youtube,vl8w6Qk2f2E,comment_count,1,,youtube_public_v1,PUBLIC,AejMIMb2LO5Y7Ofwe
youtube,Dz1NsuDqg3Q,view_count,37369,,youtube_public_v1,PUBLIC,AejMIMb2LO5Y7Ofwe
youtube,Dz1NsuDqg3Q,like_count,764,,youtube_public_v1,PUBLIC,AejMIMb2LO5Y7Ofwe
youtube,Dz1NsuDqg3Q,comment_count,18,,youtube_public_v1,PUBLIC,AejMIMb2LO5Y7Ofwe
youtube,FTmUmBC_62I,view_count,13571,,youtube_public_v1,PUBLIC,AejMIMb2LO5Y7Ofwe
youtube,FTmUmBC_62I,like_count,588,,youtube_public_v1,PUBLIC,AejMIMb2LO5Y7Ofwe
youtube,FTmUmBC_62I,comment_count,53,,youtube_public_v1,PUBLIC,AejMIMb2LO5Y7Ofwe
youtube,6aFzLOnE-YA,view_count,883,,youtube_public_v1,PUBLIC,AejMIMb2LO5Y7Ofwe
youtube,6aFzLOnE-YA,like_count,9,,youtube_public_v1,PUBLIC,AejMIMb2LO5Y7Ofwe
youtube,6aFzLOnE-YA,comment_count,1,,youtube_public_v1,PUBLIC,AejMIMb2LO5Y7Ofwe
youtube,ohEViyBbX5M,view_count,2093,,youtube_public_v1,PUBLIC,AejMIMb2LO5Y7Ofwe
youtube,ohEViyBbX5M,like_count,37,,youtube_public_v1,PUBLIC,AejMIMb2LO5Y7Ofwe
youtube,ohEViyBbX5M,comment_count,0,,youtube_public_v1,PUBLIC,AejMIMb2LO5Y7Ofwe
youtube,LeuwIgbhn2s,view_count,3,,youtube_public_v1,PUBLIC,AejMIMb2LO5Y7Ofwe
youtube,LeuwIgbhn2s,like_count,0,,youtube_public_v1,PUBLIC,AejMIMb2LO5Y7Ofwe
youtube,LeuwIgbhn2s,comment_count,0,,youtube_public_v1,PUBLIC,AejMIMb2LO5Y7Ofwe
youtube,7YLvHRKbgDE,view_count,8460,,youtube_public_v1,PUBLIC,AejMIMb2LO5Y7Ofwe
youtube,7YLvHRKbgDE,like_count,145,,youtube_public_v1,PUBLIC,AejMIMb2LO5Y7Ofwe
youtube,7YLvHRKbgDE,comment_count,16,,youtube_public_v1,PUBLIC,AejMIMb2LO5Y7Ofwe
youtube,2E5EjzHkIn0,view_count,980764,2026-08-12T14:35:38.140344+07:00,youtube_public_v1,PUBLIC,AejMIMb2LO5Y7Ofwe
youtube,2E5EjzHkIn0,like_count,2000,2026-08-12T14:35:38.140344+07:00,youtube_public_v1,PUBLIC,AejMIMb2LO5Y7Ofwe
youtube,2E5EjzHkIn0,comment_count,128,2026-08-12T14:35:38.140344+07:00,youtube_public_v1,PUBLIC,AejMIMb2LO5Y7Ofwe
youtube,B7AcNdPPIZg,view_count,1776,,youtube_public_v1,PUBLIC,AejMIMb2LO5Y7Ofwe
youtube,B7AcNdPPIZg,like_count,6,,youtube_public_v1,PUBLIC,AejMIMb2LO5Y7Ofwe
youtube,B7AcNdPPIZg,comment_count,0,,youtube_public_v1,PUBLIC,AejMIMb2LO5Y7Ofwe
youtube,a8Llz5DJ8aU,view_count,1856,,youtube_public_v1,PUBLIC,AejMIMb2LO5Y7Ofwe
youtube,a8Llz5DJ8aU,like_count,12,,youtube_public_v1,PUBLIC,AejMIMb2LO5Y7Ofwe
youtube,a8Llz5DJ8aU,comment_count,0,,youtube_public_v1,PUBLIC,AejMIMb2LO5Y7Ofwe
youtube,BajdzeAss1Y,view_count,12593,,youtube_public_v1,PUBLIC,AejMIMb2LO5Y7Ofwe
youtube,BajdzeAss1Y,like_count,140,,youtube_public_v1,PUBLIC,AejMIMb2LO5Y7Ofwe
youtube,BajdzeAss1Y,comment_count,0,,youtube_public_v1,PUBLIC,AejMIMb2LO5Y7Ofwe
youtube,iR8gvuDa7Lo,view_count,150,,youtube_public_v1,PUBLIC,AejMIMb2LO5Y7Ofwe
youtube,iR8gvuDa7Lo,like_count,1,,youtube_public_v1,PUBLIC,AejMIMb2LO5Y7Ofwe
youtube,iR8gvuDa7Lo,comment_count,0,,youtube_public_v1,PUBLIC,AejMIMb2LO5Y7Ofwe
youtube,r8fStQL4qzo,view_count,4710,,youtube_public_v1,PUBLIC,AejMIMb2LO5Y7Ofwe
youtube,r8fStQL4qzo,like_count,63,,youtube_public_v1,PUBLIC,AejMIMb2LO5Y7Ofwe
youtube,r8fStQL4qzo,comment_count,10,,youtube_public_v1,PUBLIC,AejMIMb2LO5Y7Ofwe
youtube,E7Ef0ZkRdkg,view_count,1068,,youtube_public_v1,PUBLIC,AejMIMb2LO5Y7Ofwe
youtube,E7Ef0ZkRdkg,like_count,12,,youtube_public_v1,PUBLIC,AejMIMb2LO5Y7Ofwe
youtube,E7Ef0ZkRdkg,comment_count,0,,youtube_public_v1,PUBLIC,AejMIMb2LO5Y7Ofwe
youtube,YpH3y6HM18U,view_count,1460,,youtube_public_v1,PUBLIC,AejMIMb2LO5Y7Ofwe
youtube,YpH3y6HM18U,like_count,107,,youtube_public_v1,PUBLIC,AejMIMb2LO5Y7Ofwe
youtube,YpH3y6HM18U,comment_count,0,,youtube_public_v1,PUBLIC,AejMIMb2LO5Y7Ofwe
youtube,Z11M5Fc-HAo,view_count,176891,,youtube_public_v1,PUBLIC,AejMIMb2LO5Y7Ofwe
youtube,Z11M5Fc-HAo,like_count,2800,,youtube_public_v1,PUBLIC,AejMIMb2LO5Y7Ofwe
youtube,Z11M5Fc-HAo,comment_count,92,,youtube_public_v1,PUBLIC,AejMIMb2LO5Y7Ofwe
youtube,ZKbdNhSXDLU,view_count,681,,youtube_public_v1,PUBLIC,AejMIMb2LO5Y7Ofwe
youtube,ZKbdNhSXDLU,like_count,5,,youtube_public_v1,PUBLIC,AejMIMb2LO5Y7Ofwe
youtube,ZKbdNhSXDLU,comment_count,0,,youtube_public_v1,PUBLIC,AejMIMb2LO5Y7Ofwe
youtube,5B7lvS2ifeQ,view_count,605,,youtube_public_v1,PUBLIC,AejMIMb2LO5Y7Ofwe
youtube,5B7lvS2ifeQ,like_count,3,,youtube_public_v1,PUBLIC,AejMIMb2LO5Y7Ofwe
youtube,5B7lvS2ifeQ,comment_count,0,,youtube_public_v1,PUBLIC,AejMIMb2LO5Y7Ofwe
youtube,v-o-xTBC_js,view_count,2006,,youtube_public_v1,PUBLIC,AejMIMb2LO5Y7Ofwe
youtube,v-o-xTBC_js,like_count,21,,youtube_public_v1,PUBLIC,AejMIMb2LO5Y7Ofwe
youtube,v-o-xTBC_js,comment_count,0,,youtube_public_v1,PUBLIC,AejMIMb2LO5Y7Ofwe
youtube,h2sVcUigq_Q,view_count,44437,,youtube_public_v1,PUBLIC,AejMIMb2LO5Y7Ofwe
youtube,h2sVcUigq_Q,like_count,1600,,youtube_public_v1,PUBLIC,AejMIMb2LO5Y7Ofwe
youtube,h2sVcUigq_Q,comment_count,243,,youtube_public_v1,PUBLIC,AejMIMb2LO5Y7Ofwe
youtube,9okS90iSENY,view_count,887,,youtube_public_v1,PUBLIC,AejMIMb2LO5Y7Ofwe
youtube,9okS90iSENY,like_count,52,,youtube_public_v1,PUBLIC,AejMIMb2LO5Y7Ofwe
youtube,9okS90iSENY,comment_count,0,,youtube_public_v1,PUBLIC,AejMIMb2LO5Y7Ofwe
youtube,UD0vjPGUeks,view_count,3340,,youtube_public_v1,PUBLIC,AejMIMb2LO5Y7Ofwe
youtube,UD0vjPGUeks,like_count,23,,youtube_public_v1,PUBLIC,AejMIMb2LO5Y7Ofwe
youtube,UD0vjPGUeks,comment_count,0,,youtube_public_v1,PUBLIC,AejMIMb2LO5Y7Ofwe
youtube,3UpC8m5WtTM,view_count,820414,,youtube_public_v1,PUBLIC,AejMIMb2LO5Y7Ofwe
youtube,3UpC8m5WtTM,like_count,7100,,youtube_public_v1,PUBLIC,AejMIMb2LO5Y7Ofwe
youtube,3UpC8m5WtTM,comment_count,335,,youtube_public_v1,PUBLIC,AejMIMb2LO5Y7Ofwe
youtube,YC1vi-YCZnE,view_count,124,,youtube_public_v1,PUBLIC,AejMIMb2LO5Y7Ofwe
youtube,YC1vi-YCZnE,like_count,2,,youtube_public_v1,PUBLIC,AejMIMb2LO5Y7Ofwe
youtube,YC1vi-YCZnE,comment_count,0,,youtube_public_v1,PUBLIC,AejMIMb2LO5Y7Ofwe
youtube,5Iy8GPC9bzM,view_count,2694,,youtube_public_v1,PUBLIC,AejMIMb2LO5Y7Ofwe
youtube,5Iy8GPC9bzM,like_count,13,,youtube_public_v1,PUBLIC,AejMIMb2LO5Y7Ofwe
youtube,5Iy8GPC9bzM,comment_count,0,,youtube_public_v1,PUBLIC,AejMIMb2LO5Y7Ofwe
youtube,gCTjERzZ748,view_count,1036,,youtube_public_v1,PUBLIC,AejMIMb2LO5Y7Ofwe
youtube,gCTjERzZ748,like_count,5,,youtube_public_v1,PUBLIC,AejMIMb2LO5Y7Ofwe
youtube,gCTjERzZ748,comment_count,0,,youtube_public_v1,PUBLIC,AejMIMb2LO5Y7Ofwe
youtube,qTUVYBdVEcA,view_count,404656,2026-08-12T14:35:38.140344+07:00,youtube_public_v1,PUBLIC,AejMIMb2LO5Y7Ofwe
youtube,qTUVYBdVEcA,like_count,1400,2026-08-12T14:35:38.140344+07:00,youtube_public_v1,PUBLIC,AejMIMb2LO5Y7Ofwe
youtube,qTUVYBdVEcA,comment_count,34,2026-08-12T14:35:38.140344+07:00,youtube_public_v1,PUBLIC,AejMIMb2LO5Y7Ofwe
youtube,xYXuoMO48PA,view_count,2154,,youtube_public_v1,PUBLIC,AejMIMb2LO5Y7Ofwe
youtube,xYXuoMO48PA,like_count,11,,youtube_public_v1,PUBLIC,AejMIMb2LO5Y7Ofwe
youtube,xYXuoMO48PA,comment_count,1,,youtube_public_v1,PUBLIC,AejMIMb2LO5Y7Ofwe
youtube,VufVyjlmGmQ,view_count,1466,,youtube_public_v1,PUBLIC,AejMIMb2LO5Y7Ofwe
youtube,VufVyjlmGmQ,like_count,7,,youtube_public_v1,PUBLIC,AejMIMb2LO5Y7Ofwe
youtube,VufVyjlmGmQ,comment_count,0,,youtube_public_v1,PUBLIC,AejMIMb2LO5Y7Ofwe
youtube,zTVep1nV7iY,view_count,856,,youtube_public_v1,PUBLIC,AejMIMb2LO5Y7Ofwe
youtube,zTVep1nV7iY,like_count,6,,youtube_public_v1,PUBLIC,AejMIMb2LO5Y7Ofwe
youtube,zTVep1nV7iY,comment_count,0,,youtube_public_v1,PUBLIC,AejMIMb2LO5Y7Ofwe
youtube,letIwQpUwN0,view_count,15795,,youtube_public_v1,PUBLIC,AejMIMb2LO5Y7Ofwe
youtube,letIwQpUwN0,like_count,172,,youtube_public_v1,PUBLIC,AejMIMb2LO5Y7Ofwe
youtube,letIwQpUwN0,comment_count,31,,youtube_public_v1,PUBLIC,AejMIMb2LO5Y7Ofwe
youtube,xw0lr8H8E7E,view_count,1897,,youtube_public_v1,PUBLIC,AejMIMb2LO5Y7Ofwe
youtube,xw0lr8H8E7E,like_count,56,,youtube_public_v1,PUBLIC,AejMIMb2LO5Y7Ofwe
youtube,xw0lr8H8E7E,comment_count,3,,youtube_public_v1,PUBLIC,AejMIMb2LO5Y7Ofwe
youtube,9TZkR5_IONo,view_count,6507,,youtube_public_v1,PUBLIC,AejMIMb2LO5Y7Ofwe
youtube,9TZkR5_IONo,like_count,66,,youtube_public_v1,PUBLIC,AejMIMb2LO5Y7Ofwe
youtube,9TZkR5_IONo,comment_count,68,,youtube_public_v1,PUBLIC,AejMIMb2LO5Y7Ofwe
youtube,R9qwzscDEIg,view_count,1053,,youtube_public_v1,PUBLIC,AejMIMb2LO5Y7Ofwe
youtube,R9qwzscDEIg,like_count,90,,youtube_public_v1,PUBLIC,AejMIMb2LO5Y7Ofwe
youtube,R9qwzscDEIg,comment_count,0,,youtube_public_v1,PUBLIC,AejMIMb2LO5Y7Ofwe
youtube,roKlccxfalM,view_count,5009,,youtube_public_v1,PUBLIC,AejMIMb2LO5Y7Ofwe
youtube,roKlccxfalM,like_count,33,,youtube_public_v1,PUBLIC,AejMIMb2LO5Y7Ofwe
youtube,roKlccxfalM,comment_count,0,,youtube_public_v1,PUBLIC,AejMIMb2LO5Y7Ofwe
youtube,CUNFe67wH3g,view_count,2923,,youtube_public_v1,PUBLIC,AejMIMb2LO5Y7Ofwe
youtube,CUNFe67wH3g,like_count,85,,youtube_public_v1,PUBLIC,AejMIMb2LO5Y7Ofwe
youtube,CUNFe67wH3g,comment_count,14,,youtube_public_v1,PUBLIC,AejMIMb2LO5Y7Ofwe
youtube,ZVW6DPa3Gvs,view_count,248,,youtube_public_v1,PUBLIC,AejMIMb2LO5Y7Ofwe
youtube,ZVW6DPa3Gvs,like_count,2,,youtube_public_v1,PUBLIC,AejMIMb2LO5Y7Ofwe
youtube,ZVW6DPa3Gvs,comment_count,1,,youtube_public_v1,PUBLIC,AejMIMb2LO5Y7Ofwe
youtube,Qeang6L07sU,view_count,13734,,youtube_public_v1,PUBLIC,AejMIMb2LO5Y7Ofwe
youtube,Qeang6L07sU,like_count,136,,youtube_public_v1,PUBLIC,AejMIMb2LO5Y7Ofwe
youtube,Qeang6L07sU,comment_count,1,,youtube_public_v1,PUBLIC,AejMIMb2LO5Y7Ofwe
youtube,m6hUNepwkuM,view_count,5341,,youtube_public_v1,PUBLIC,AejMIMb2LO5Y7Ofwe
youtube,m6hUNepwkuM,like_count,91,,youtube_public_v1,PUBLIC,AejMIMb2LO5Y7Ofwe
youtube,m6hUNepwkuM,comment_count,6,,youtube_public_v1,PUBLIC,AejMIMb2LO5Y7Ofwe
youtube,EWERgbmYZz0,view_count,93885,2026-08-12T14:35:38.140344+07:00,youtube_public_v1,PUBLIC,AejMIMb2LO5Y7Ofwe
youtube,EWERgbmYZz0,like_count,798,2026-08-12T14:35:38.140344+07:00,youtube_public_v1,PUBLIC,AejMIMb2LO5Y7Ofwe
youtube,EWERgbmYZz0,comment_count,94,2026-08-12T14:35:38.140344+07:00,youtube_public_v1,PUBLIC,AejMIMb2LO5Y7Ofwe
youtube,bX6fBKzb-e4,view_count,7216,,youtube_public_v1,PUBLIC,AejMIMb2LO5Y7Ofwe
youtube,bX6fBKzb-e4,like_count,115,,youtube_public_v1,PUBLIC,AejMIMb2LO5Y7Ofwe
youtube,bX6fBKzb-e4,comment_count,3,,youtube_public_v1,PUBLIC,AejMIMb2LO5Y7Ofwe
youtube,k68AY-_5J3I,view_count,2815,,youtube_public_v1,PUBLIC,AejMIMb2LO5Y7Ofwe
youtube,k68AY-_5J3I,like_count,39,,youtube_public_v1,PUBLIC,AejMIMb2LO5Y7Ofwe
youtube,k68AY-_5J3I,comment_count,6,,youtube_public_v1,PUBLIC,AejMIMb2LO5Y7Ofwe
youtube,Z2hrF5t1kQs,view_count,1003862,,youtube_public_v1,PUBLIC,AejMIMb2LO5Y7Ofwe
youtube,Z2hrF5t1kQs,like_count,4100,,youtube_public_v1,PUBLIC,AejMIMb2LO5Y7Ofwe
youtube,Z2hrF5t1kQs,comment_count,107,,youtube_public_v1,PUBLIC,AejMIMb2LO5Y7Ofwe
youtube,JRcEuHfPPlY,view_count,1068455,2026-08-12T14:35:38.140344+07:00,youtube_public_v1,PUBLIC,AejMIMb2LO5Y7Ofwe
youtube,JRcEuHfPPlY,like_count,2800,2026-08-12T14:35:38.140344+07:00,youtube_public_v1,PUBLIC,AejMIMb2LO5Y7Ofwe
youtube,JRcEuHfPPlY,comment_count,183,2026-08-12T14:35:38.140344+07:00,youtube_public_v1,PUBLIC,AejMIMb2LO5Y7Ofwe
youtube,waPy6Cnssr0,view_count,584785,2026-08-12T14:35:38.140344+07:00,youtube_public_v1,PUBLIC,AejMIMb2LO5Y7Ofwe
youtube,waPy6Cnssr0,like_count,2400,2026-08-12T14:35:38.140344+07:00,youtube_public_v1,PUBLIC,AejMIMb2LO5Y7Ofwe
youtube,waPy6Cnssr0,comment_count,142,2026-08-12T14:35:38.140344+07:00,youtube_public_v1,PUBLIC,AejMIMb2LO5Y7Ofwe
youtube,gKC4VP_LLCw,view_count,1285,,youtube_public_v1,PUBLIC,AejMIMb2LO5Y7Ofwe
youtube,gKC4VP_LLCw,like_count,14,,youtube_public_v1,PUBLIC,AejMIMb2LO5Y7Ofwe
youtube,gKC4VP_LLCw,comment_count,42,,youtube_public_v1,PUBLIC,AejMIMb2LO5Y7Ofwe
youtube,qrALmZp7XYU,view_count,10276,,youtube_public_v1,PUBLIC,AejMIMb2LO5Y7Ofwe
youtube,qrALmZp7XYU,like_count,75,,youtube_public_v1,PUBLIC,AejMIMb2LO5Y7Ofwe
youtube,qrALmZp7XYU,comment_count,7,,youtube_public_v1,PUBLIC,AejMIMb2LO5Y7Ofwe
youtube,K_GyuawzFc4,view_count,4219,,youtube_public_v1,PUBLIC,gCdtlLdsPe79vcGcN
youtube,K_GyuawzFc4,like_count,23,,youtube_public_v1,PUBLIC,gCdtlLdsPe79vcGcN
youtube,K_GyuawzFc4,comment_count,0,,youtube_public_v1,PUBLIC,gCdtlLdsPe79vcGcN
youtube,7u4UeFi8Ro8,view_count,58186,,youtube_public_v1,PUBLIC,gCdtlLdsPe79vcGcN
youtube,7u4UeFi8Ro8,like_count,46,,youtube_public_v1,PUBLIC,gCdtlLdsPe79vcGcN
youtube,7u4UeFi8Ro8,comment_count,0,,youtube_public_v1,PUBLIC,gCdtlLdsPe79vcGcN
youtube,4kyg37xuiOk,view_count,4040642,,youtube_public_v1,PUBLIC,gCdtlLdsPe79vcGcN
youtube,4kyg37xuiOk,like_count,26000,,youtube_public_v1,PUBLIC,gCdtlLdsPe79vcGcN
youtube,4kyg37xuiOk,comment_count,763,,youtube_public_v1,PUBLIC,gCdtlLdsPe79vcGcN
youtube,4H7lvDC-Sw4,view_count,14751,,youtube_public_v1,PUBLIC,gCdtlLdsPe79vcGcN
youtube,4H7lvDC-Sw4,like_count,61,,youtube_public_v1,PUBLIC,gCdtlLdsPe79vcGcN
youtube,4H7lvDC-Sw4,comment_count,0,,youtube_public_v1,PUBLIC,gCdtlLdsPe79vcGcN
youtube,nRZH6XyUK0k,view_count,4529,,youtube_public_v1,PUBLIC,gCdtlLdsPe79vcGcN
youtube,nRZH6XyUK0k,like_count,21,,youtube_public_v1,PUBLIC,gCdtlLdsPe79vcGcN
youtube,nRZH6XyUK0k,comment_count,0,,youtube_public_v1,PUBLIC,gCdtlLdsPe79vcGcN
youtube,cC11CqSurJE,view_count,17211,,youtube_public_v1,PUBLIC,gCdtlLdsPe79vcGcN
youtube,cC11CqSurJE,like_count,46,,youtube_public_v1,PUBLIC,gCdtlLdsPe79vcGcN
youtube,cC11CqSurJE,comment_count,0,,youtube_public_v1,PUBLIC,gCdtlLdsPe79vcGcN
youtube,x1YgevrYL_c,view_count,815543,2026-08-12T14:35:58.521860+07:00,youtube_public_v1,PUBLIC,gCdtlLdsPe79vcGcN
youtube,x1YgevrYL_c,like_count,1600,2026-08-12T14:35:58.521860+07:00,youtube_public_v1,PUBLIC,gCdtlLdsPe79vcGcN
youtube,x1YgevrYL_c,comment_count,96,2026-08-12T14:35:58.521860+07:00,youtube_public_v1,PUBLIC,gCdtlLdsPe79vcGcN
youtube,n7g0vrYtZ0E,view_count,6427,,youtube_public_v1,PUBLIC,gCdtlLdsPe79vcGcN
youtube,n7g0vrYtZ0E,like_count,29,,youtube_public_v1,PUBLIC,gCdtlLdsPe79vcGcN
youtube,n7g0vrYtZ0E,comment_count,0,,youtube_public_v1,PUBLIC,gCdtlLdsPe79vcGcN
youtube,mge2uRKtAN4,view_count,550759,2026-08-12T14:35:58.521860+07:00,youtube_public_v1,PUBLIC,gCdtlLdsPe79vcGcN
youtube,mge2uRKtAN4,like_count,5100,2026-08-12T14:35:58.521860+07:00,youtube_public_v1,PUBLIC,gCdtlLdsPe79vcGcN
youtube,mge2uRKtAN4,comment_count,346,2026-08-12T14:35:58.521860+07:00,youtube_public_v1,PUBLIC,gCdtlLdsPe79vcGcN
youtube,_dIFJjC2z9c,view_count,5191,,youtube_public_v1,PUBLIC,gCdtlLdsPe79vcGcN
youtube,_dIFJjC2z9c,like_count,29,,youtube_public_v1,PUBLIC,gCdtlLdsPe79vcGcN
youtube,_dIFJjC2z9c,comment_count,0,,youtube_public_v1,PUBLIC,gCdtlLdsPe79vcGcN
youtube,pKfFq9l2BBY,view_count,1054481,2026-08-12T14:35:58.521860+07:00,youtube_public_v1,PUBLIC,gCdtlLdsPe79vcGcN
youtube,pKfFq9l2BBY,like_count,6200,2026-08-12T14:35:58.521860+07:00,youtube_public_v1,PUBLIC,gCdtlLdsPe79vcGcN
youtube,pKfFq9l2BBY,comment_count,452,2026-08-12T14:35:58.521860+07:00,youtube_public_v1,PUBLIC,gCdtlLdsPe79vcGcN
youtube,m7ZWEyFuTpg,view_count,3942,,youtube_public_v1,PUBLIC,gCdtlLdsPe79vcGcN
youtube,m7ZWEyFuTpg,like_count,25,,youtube_public_v1,PUBLIC,gCdtlLdsPe79vcGcN
youtube,m7ZWEyFuTpg,comment_count,0,,youtube_public_v1,PUBLIC,gCdtlLdsPe79vcGcN
youtube,ioxlWfkXBLs,view_count,342073,,youtube_public_v1,PUBLIC,gCdtlLdsPe79vcGcN
youtube,ioxlWfkXBLs,like_count,1300,,youtube_public_v1,PUBLIC,gCdtlLdsPe79vcGcN
youtube,ioxlWfkXBLs,comment_count,0,,youtube_public_v1,PUBLIC,gCdtlLdsPe79vcGcN
youtube,EBOkKGhk6n4,view_count,72462,,youtube_public_v1,PUBLIC,gCdtlLdsPe79vcGcN
youtube,EBOkKGhk6n4,like_count,751,,youtube_public_v1,PUBLIC,gCdtlLdsPe79vcGcN
youtube,EBOkKGhk6n4,comment_count,1,,youtube_public_v1,PUBLIC,gCdtlLdsPe79vcGcN
youtube,Uhe7UTfPxm8,view_count,820156,2026-08-12T14:35:58.521860+07:00,youtube_public_v1,PUBLIC,gCdtlLdsPe79vcGcN
youtube,Uhe7UTfPxm8,like_count,1700,2026-08-12T14:35:58.521860+07:00,youtube_public_v1,PUBLIC,gCdtlLdsPe79vcGcN
youtube,Uhe7UTfPxm8,comment_count,92,2026-08-12T14:35:58.521860+07:00,youtube_public_v1,PUBLIC,gCdtlLdsPe79vcGcN
youtube,d7Lg8guVzWE,view_count,70070,,youtube_public_v1,PUBLIC,gCdtlLdsPe79vcGcN
youtube,d7Lg8guVzWE,like_count,708,,youtube_public_v1,PUBLIC,gCdtlLdsPe79vcGcN
youtube,d7Lg8guVzWE,comment_count,0,,youtube_public_v1,PUBLIC,gCdtlLdsPe79vcGcN
youtube,ZtcEl04IUy8,view_count,1750299,,youtube_public_v1,PUBLIC,gCdtlLdsPe79vcGcN
youtube,ZtcEl04IUy8,like_count,5500,,youtube_public_v1,PUBLIC,gCdtlLdsPe79vcGcN
youtube,ZtcEl04IUy8,comment_count,0,,youtube_public_v1,PUBLIC,gCdtlLdsPe79vcGcN
youtube,TJTjTO0Ieuk,view_count,16034,,youtube_public_v1,PUBLIC,gCdtlLdsPe79vcGcN
youtube,TJTjTO0Ieuk,like_count,81,,youtube_public_v1,PUBLIC,gCdtlLdsPe79vcGcN
youtube,TJTjTO0Ieuk,comment_count,2,,youtube_public_v1,PUBLIC,gCdtlLdsPe79vcGcN
youtube,gPv2ph-qQiE,view_count,1479399,2026-08-12T14:35:58.521860+07:00,youtube_public_v1,PUBLIC,gCdtlLdsPe79vcGcN
youtube,gPv2ph-qQiE,like_count,14000,2026-08-12T14:35:58.521860+07:00,youtube_public_v1,PUBLIC,gCdtlLdsPe79vcGcN
youtube,gPv2ph-qQiE,comment_count,736,2026-08-12T14:35:58.521860+07:00,youtube_public_v1,PUBLIC,gCdtlLdsPe79vcGcN
youtube,MrdrtEtLeyM,view_count,167,,youtube_public_v1,PUBLIC,gCdtlLdsPe79vcGcN
youtube,MrdrtEtLeyM,like_count,3,,youtube_public_v1,PUBLIC,gCdtlLdsPe79vcGcN
youtube,MrdrtEtLeyM,comment_count,0,,youtube_public_v1,PUBLIC,gCdtlLdsPe79vcGcN
youtube,sJMNwmNex2g,view_count,507562,2026-08-12T14:35:58.521860+07:00,youtube_public_v1,PUBLIC,gCdtlLdsPe79vcGcN
youtube,sJMNwmNex2g,like_count,2300,2026-08-12T14:35:58.521860+07:00,youtube_public_v1,PUBLIC,gCdtlLdsPe79vcGcN
youtube,sJMNwmNex2g,comment_count,115,2026-08-12T14:35:58.521860+07:00,youtube_public_v1,PUBLIC,gCdtlLdsPe79vcGcN
youtube,RHScVHsGnGY,view_count,1634,,youtube_public_v1,PUBLIC,gCdtlLdsPe79vcGcN
youtube,RHScVHsGnGY,like_count,22,,youtube_public_v1,PUBLIC,gCdtlLdsPe79vcGcN
youtube,RHScVHsGnGY,comment_count,4,,youtube_public_v1,PUBLIC,gCdtlLdsPe79vcGcN
youtube,Fvli_D_EoCw,view_count,700123,2026-08-12T14:35:58.521860+07:00,youtube_public_v1,PUBLIC,gCdtlLdsPe79vcGcN
youtube,Fvli_D_EoCw,like_count,3800,2026-08-12T14:35:58.521860+07:00,youtube_public_v1,PUBLIC,gCdtlLdsPe79vcGcN
youtube,Fvli_D_EoCw,comment_count,194,2026-08-12T14:35:58.521860+07:00,youtube_public_v1,PUBLIC,gCdtlLdsPe79vcGcN
youtube,LbSWo8TeCD4,view_count,28518,,youtube_public_v1,PUBLIC,gCdtlLdsPe79vcGcN
youtube,LbSWo8TeCD4,like_count,235,,youtube_public_v1,PUBLIC,gCdtlLdsPe79vcGcN
youtube,LbSWo8TeCD4,comment_count,8,,youtube_public_v1,PUBLIC,gCdtlLdsPe79vcGcN
youtube,OqP9eF7-zaM,view_count,2989,,youtube_public_v1,PUBLIC,gCdtlLdsPe79vcGcN
youtube,OqP9eF7-zaM,like_count,29,,youtube_public_v1,PUBLIC,gCdtlLdsPe79vcGcN
youtube,OqP9eF7-zaM,comment_count,0,,youtube_public_v1,PUBLIC,gCdtlLdsPe79vcGcN
youtube,wyzEQ4jzahE,view_count,1150,,youtube_public_v1,PUBLIC,gCdtlLdsPe79vcGcN
youtube,wyzEQ4jzahE,like_count,9,,youtube_public_v1,PUBLIC,gCdtlLdsPe79vcGcN
youtube,wyzEQ4jzahE,comment_count,1,,youtube_public_v1,PUBLIC,gCdtlLdsPe79vcGcN
youtube,XGKkVDPAq_s,view_count,18839,,youtube_public_v1,PUBLIC,gCdtlLdsPe79vcGcN
youtube,XGKkVDPAq_s,like_count,48,,youtube_public_v1,PUBLIC,gCdtlLdsPe79vcGcN
youtube,XGKkVDPAq_s,comment_count,0,,youtube_public_v1,PUBLIC,gCdtlLdsPe79vcGcN
youtube,Tei6OJfgZtY,view_count,5100,,youtube_public_v1,PUBLIC,gCdtlLdsPe79vcGcN
youtube,Tei6OJfgZtY,like_count,32,,youtube_public_v1,PUBLIC,gCdtlLdsPe79vcGcN
youtube,Tei6OJfgZtY,comment_count,0,,youtube_public_v1,PUBLIC,gCdtlLdsPe79vcGcN
youtube,wifJ4iRO1qg,view_count,14744,,youtube_public_v1,PUBLIC,gCdtlLdsPe79vcGcN
youtube,wifJ4iRO1qg,like_count,116,,youtube_public_v1,PUBLIC,gCdtlLdsPe79vcGcN
youtube,wifJ4iRO1qg,comment_count,13,,youtube_public_v1,PUBLIC,gCdtlLdsPe79vcGcN
youtube,TiCrQYnYjUg,view_count,18971,,youtube_public_v1,PUBLIC,gCdtlLdsPe79vcGcN
youtube,TiCrQYnYjUg,like_count,46,,youtube_public_v1,PUBLIC,gCdtlLdsPe79vcGcN
youtube,TiCrQYnYjUg,comment_count,0,,youtube_public_v1,PUBLIC,gCdtlLdsPe79vcGcN
youtube,Q8vTsVoXHKg,view_count,13361,,youtube_public_v1,PUBLIC,gCdtlLdsPe79vcGcN
youtube,Q8vTsVoXHKg,like_count,239,,youtube_public_v1,PUBLIC,gCdtlLdsPe79vcGcN
youtube,Q8vTsVoXHKg,comment_count,1,,youtube_public_v1,PUBLIC,gCdtlLdsPe79vcGcN
youtube,NQMWgpaFUhI,view_count,56717,,youtube_public_v1,PUBLIC,gCdtlLdsPe79vcGcN
youtube,NQMWgpaFUhI,like_count,0,,youtube_public_v1,PUBLIC,gCdtlLdsPe79vcGcN
youtube,NQMWgpaFUhI,comment_count,19,,youtube_public_v1,PUBLIC,gCdtlLdsPe79vcGcN
youtube,qa9vWrIpHkw,view_count,17818,,youtube_public_v1,PUBLIC,gCdtlLdsPe79vcGcN
youtube,qa9vWrIpHkw,like_count,137,,youtube_public_v1,PUBLIC,gCdtlLdsPe79vcGcN
youtube,qa9vWrIpHkw,comment_count,0,,youtube_public_v1,PUBLIC,gCdtlLdsPe79vcGcN
youtube,aFpgvhtE-Ag,view_count,11770,,youtube_public_v1,PUBLIC,gCdtlLdsPe79vcGcN
youtube,aFpgvhtE-Ag,like_count,125,,youtube_public_v1,PUBLIC,gCdtlLdsPe79vcGcN
youtube,aFpgvhtE-Ag,comment_count,1,,youtube_public_v1,PUBLIC,gCdtlLdsPe79vcGcN
youtube,TXzzGkGsxsg,view_count,68757,,youtube_public_v1,PUBLIC,gCdtlLdsPe79vcGcN
youtube,TXzzGkGsxsg,like_count,864,,youtube_public_v1,PUBLIC,gCdtlLdsPe79vcGcN
youtube,TXzzGkGsxsg,comment_count,14,,youtube_public_v1,PUBLIC,gCdtlLdsPe79vcGcN
youtube,sfMpy9cdi8s,view_count,1577645,,youtube_public_v1,PUBLIC,gCdtlLdsPe79vcGcN
youtube,sfMpy9cdi8s,like_count,12000,,youtube_public_v1,PUBLIC,gCdtlLdsPe79vcGcN
youtube,sfMpy9cdi8s,comment_count,68,,youtube_public_v1,PUBLIC,gCdtlLdsPe79vcGcN
youtube,guSkv-jcxEc,view_count,21056,,youtube_public_v1,PUBLIC,gCdtlLdsPe79vcGcN
youtube,guSkv-jcxEc,like_count,164,,youtube_public_v1,PUBLIC,gCdtlLdsPe79vcGcN
youtube,guSkv-jcxEc,comment_count,3,,youtube_public_v1,PUBLIC,gCdtlLdsPe79vcGcN
youtube,A2pnNHveRVw,view_count,5249,,youtube_public_v1,PUBLIC,gCdtlLdsPe79vcGcN
youtube,A2pnNHveRVw,like_count,28,,youtube_public_v1,PUBLIC,gCdtlLdsPe79vcGcN
youtube,A2pnNHveRVw,comment_count,0,,youtube_public_v1,PUBLIC,gCdtlLdsPe79vcGcN
youtube,wPCFGosqBo8,view_count,4202,,youtube_public_v1,PUBLIC,gCdtlLdsPe79vcGcN
youtube,wPCFGosqBo8,like_count,13,,youtube_public_v1,PUBLIC,gCdtlLdsPe79vcGcN
youtube,wPCFGosqBo8,comment_count,0,,youtube_public_v1,PUBLIC,gCdtlLdsPe79vcGcN
youtube,buu513T5d5Y,view_count,13399,,youtube_public_v1,PUBLIC,gCdtlLdsPe79vcGcN
youtube,buu513T5d5Y,like_count,63,,youtube_public_v1,PUBLIC,gCdtlLdsPe79vcGcN
youtube,buu513T5d5Y,comment_count,0,,youtube_public_v1,PUBLIC,gCdtlLdsPe79vcGcN
youtube,bz9OpgGFqTQ,view_count,4523,,youtube_public_v1,PUBLIC,gCdtlLdsPe79vcGcN
youtube,bz9OpgGFqTQ,like_count,19,,youtube_public_v1,PUBLIC,gCdtlLdsPe79vcGcN
youtube,bz9OpgGFqTQ,comment_count,0,,youtube_public_v1,PUBLIC,gCdtlLdsPe79vcGcN
youtube,u2jjPxmhJ1Y,view_count,471,,youtube_public_v1,PUBLIC,gCdtlLdsPe79vcGcN
youtube,u2jjPxmhJ1Y,like_count,6,,youtube_public_v1,PUBLIC,gCdtlLdsPe79vcGcN
youtube,u2jjPxmhJ1Y,comment_count,0,,youtube_public_v1,PUBLIC,gCdtlLdsPe79vcGcN
youtube,4ru6kesrGF0,view_count,16839,,youtube_public_v1,PUBLIC,gCdtlLdsPe79vcGcN
youtube,4ru6kesrGF0,like_count,223,,youtube_public_v1,PUBLIC,gCdtlLdsPe79vcGcN
youtube,4ru6kesrGF0,comment_count,4,,youtube_public_v1,PUBLIC,gCdtlLdsPe79vcGcN
youtube,Z2pXuH6kDc8,view_count,40735,,youtube_public_v1,PUBLIC,gCdtlLdsPe79vcGcN
youtube,Z2pXuH6kDc8,like_count,106,,youtube_public_v1,PUBLIC,gCdtlLdsPe79vcGcN
youtube,Z2pXuH6kDc8,comment_count,10,,youtube_public_v1,PUBLIC,gCdtlLdsPe79vcGcN
youtube,DXXdSc1rNwc,view_count,557879,2026-08-12T14:35:58.521860+07:00,youtube_public_v1,PUBLIC,gCdtlLdsPe79vcGcN
youtube,DXXdSc1rNwc,like_count,4700,2026-08-12T14:35:58.521860+07:00,youtube_public_v1,PUBLIC,gCdtlLdsPe79vcGcN
youtube,DXXdSc1rNwc,comment_count,239,2026-08-12T14:35:58.521860+07:00,youtube_public_v1,PUBLIC,gCdtlLdsPe79vcGcN
youtube,0AaN18FJ33k,view_count,672504,2026-08-12T14:35:58.521860+07:00,youtube_public_v1,PUBLIC,gCdtlLdsPe79vcGcN
youtube,0AaN18FJ33k,like_count,3100,2026-08-12T14:35:58.521860+07:00,youtube_public_v1,PUBLIC,gCdtlLdsPe79vcGcN
youtube,0AaN18FJ33k,comment_count,146,2026-08-12T14:35:58.521860+07:00,youtube_public_v1,PUBLIC,gCdtlLdsPe79vcGcN
youtube,r0NGop1MPQg,view_count,5089,,youtube_public_v1,PUBLIC,gCdtlLdsPe79vcGcN
youtube,r0NGop1MPQg,like_count,17,,youtube_public_v1,PUBLIC,gCdtlLdsPe79vcGcN
youtube,r0NGop1MPQg,comment_count,3,,youtube_public_v1,PUBLIC,gCdtlLdsPe79vcGcN
youtube,2HOGI8ELt5c,view_count,953,,youtube_public_v1,PUBLIC,gCdtlLdsPe79vcGcN
youtube,2HOGI8ELt5c,like_count,6,,youtube_public_v1,PUBLIC,gCdtlLdsPe79vcGcN
youtube,2HOGI8ELt5c,comment_count,0,,youtube_public_v1,PUBLIC,gCdtlLdsPe79vcGcN
youtube,ZLQpPafxT1w,view_count,8197,,youtube_public_v1,PUBLIC,gCdtlLdsPe79vcGcN
youtube,ZLQpPafxT1w,like_count,92,,youtube_public_v1,PUBLIC,gCdtlLdsPe79vcGcN
youtube,ZLQpPafxT1w,comment_count,0,,youtube_public_v1,PUBLIC,gCdtlLdsPe79vcGcN
youtube,3WwiP57IM3w,view_count,22676,,youtube_public_v1,PUBLIC,gCdtlLdsPe79vcGcN
youtube,3WwiP57IM3w,like_count,215,,youtube_public_v1,PUBLIC,gCdtlLdsPe79vcGcN
youtube,3WwiP57IM3w,comment_count,2,,youtube_public_v1,PUBLIC,gCdtlLdsPe79vcGcN
youtube,ssGg5mMidhs,view_count,568,,youtube_public_v1,PUBLIC,gCdtlLdsPe79vcGcN
youtube,ssGg5mMidhs,like_count,9,,youtube_public_v1,PUBLIC,gCdtlLdsPe79vcGcN
youtube,ssGg5mMidhs,comment_count,0,,youtube_public_v1,PUBLIC,gCdtlLdsPe79vcGcN
youtube,BDxwxqrmFXA,view_count,8455,,youtube_public_v1,PUBLIC,gCdtlLdsPe79vcGcN
youtube,BDxwxqrmFXA,like_count,202,,youtube_public_v1,PUBLIC,gCdtlLdsPe79vcGcN
youtube,BDxwxqrmFXA,comment_count,2,,youtube_public_v1,PUBLIC,gCdtlLdsPe79vcGcN
youtube,6upIjgWydwk,view_count,13094,,youtube_public_v1,PUBLIC,gCdtlLdsPe79vcGcN
youtube,6upIjgWydwk,like_count,103,,youtube_public_v1,PUBLIC,gCdtlLdsPe79vcGcN
youtube,6upIjgWydwk,comment_count,2,,youtube_public_v1,PUBLIC,gCdtlLdsPe79vcGcN
youtube,e0h4_TQbUnU,view_count,4777,,youtube_public_v1,PUBLIC,gCdtlLdsPe79vcGcN
youtube,e0h4_TQbUnU,like_count,56,,youtube_public_v1,PUBLIC,gCdtlLdsPe79vcGcN
youtube,e0h4_TQbUnU,comment_count,1,,youtube_public_v1,PUBLIC,gCdtlLdsPe79vcGcN
youtube,9MpUBC12h58,view_count,1060,,youtube_public_v1,PUBLIC,gCdtlLdsPe79vcGcN
youtube,9MpUBC12h58,like_count,30,,youtube_public_v1,PUBLIC,gCdtlLdsPe79vcGcN
youtube,9MpUBC12h58,comment_count,0,,youtube_public_v1,PUBLIC,gCdtlLdsPe79vcGcN
youtube,iO9AVIrMMq4,view_count,1343,,youtube_public_v1,PUBLIC,gCdtlLdsPe79vcGcN
youtube,iO9AVIrMMq4,like_count,20,,youtube_public_v1,PUBLIC,gCdtlLdsPe79vcGcN
youtube,iO9AVIrMMq4,comment_count,1,,youtube_public_v1,PUBLIC,gCdtlLdsPe79vcGcN
youtube,yEWrAXKwZKY,view_count,13398,,youtube_public_v1,PUBLIC,gCdtlLdsPe79vcGcN
youtube,yEWrAXKwZKY,like_count,121,,youtube_public_v1,PUBLIC,gCdtlLdsPe79vcGcN
youtube,yEWrAXKwZKY,comment_count,0,,youtube_public_v1,PUBLIC,gCdtlLdsPe79vcGcN
youtube,jSCpKIMJ00c,view_count,3240,,youtube_public_v1,PUBLIC,gCdtlLdsPe79vcGcN
youtube,jSCpKIMJ00c,like_count,57,,youtube_public_v1,PUBLIC,gCdtlLdsPe79vcGcN
youtube,jSCpKIMJ00c,comment_count,1,,youtube_public_v1,PUBLIC,gCdtlLdsPe79vcGcN
youtube,OgGJORgyiFY,view_count,2258,,youtube_public_v1,PUBLIC,gCdtlLdsPe79vcGcN
youtube,OgGJORgyiFY,like_count,15,,youtube_public_v1,PUBLIC,gCdtlLdsPe79vcGcN
youtube,OgGJORgyiFY,comment_count,0,,youtube_public_v1,PUBLIC,gCdtlLdsPe79vcGcN
youtube,Ztod5g5WZGI,view_count,5903,,youtube_public_v1,PUBLIC,gCdtlLdsPe79vcGcN
youtube,Ztod5g5WZGI,like_count,25,,youtube_public_v1,PUBLIC,gCdtlLdsPe79vcGcN
youtube,Ztod5g5WZGI,comment_count,0,,youtube_public_v1,PUBLIC,gCdtlLdsPe79vcGcN
youtube,eCamGkd4cL0,view_count,6904,,youtube_public_v1,PUBLIC,gCdtlLdsPe79vcGcN
youtube,eCamGkd4cL0,like_count,20,,youtube_public_v1,PUBLIC,gCdtlLdsPe79vcGcN
youtube,eCamGkd4cL0,comment_count,0,,youtube_public_v1,PUBLIC,gCdtlLdsPe79vcGcN
youtube,jIhQobKDhvQ,view_count,7171,,youtube_public_v1,PUBLIC,gCdtlLdsPe79vcGcN
youtube,jIhQobKDhvQ,like_count,105,,youtube_public_v1,PUBLIC,gCdtlLdsPe79vcGcN
youtube,jIhQobKDhvQ,comment_count,1,,youtube_public_v1,PUBLIC,gCdtlLdsPe79vcGcN
youtube,qQQMXBYJnYg,view_count,4979,,youtube_public_v1,PUBLIC,gCdtlLdsPe79vcGcN
youtube,qQQMXBYJnYg,like_count,22,,youtube_public_v1,PUBLIC,gCdtlLdsPe79vcGcN
youtube,qQQMXBYJnYg,comment_count,0,,youtube_public_v1,PUBLIC,gCdtlLdsPe79vcGcN
youtube,LI_POgljc7M,view_count,551953,2026-08-12T14:35:58.521860+07:00,youtube_public_v1,PUBLIC,gCdtlLdsPe79vcGcN
youtube,LI_POgljc7M,like_count,2500,2026-08-12T14:35:58.521860+07:00,youtube_public_v1,PUBLIC,gCdtlLdsPe79vcGcN
youtube,LI_POgljc7M,comment_count,190,2026-08-12T14:35:58.521860+07:00,youtube_public_v1,PUBLIC,gCdtlLdsPe79vcGcN
youtube,437ej_fecKw,view_count,1280047,,youtube_public_v1,PUBLIC,gCdtlLdsPe79vcGcN
youtube,437ej_fecKw,like_count,11000,,youtube_public_v1,PUBLIC,gCdtlLdsPe79vcGcN
youtube,437ej_fecKw,comment_count,8,,youtube_public_v1,PUBLIC,gCdtlLdsPe79vcGcN
youtube,wRSwDvKPxjA,view_count,8525,,youtube_public_v1,PUBLIC,gCdtlLdsPe79vcGcN
youtube,wRSwDvKPxjA,like_count,124,,youtube_public_v1,PUBLIC,gCdtlLdsPe79vcGcN
youtube,wRSwDvKPxjA,comment_count,0,,youtube_public_v1,PUBLIC,gCdtlLdsPe79vcGcN
youtube,IyIpy7LiY4E,view_count,3260,,youtube_public_v1,PUBLIC,gCdtlLdsPe79vcGcN
youtube,IyIpy7LiY4E,like_count,18,,youtube_public_v1,PUBLIC,gCdtlLdsPe79vcGcN
youtube,IyIpy7LiY4E,comment_count,0,,youtube_public_v1,PUBLIC,gCdtlLdsPe79vcGcN
youtube,mdWolk9LkWY,view_count,5804,,youtube_public_v1,PUBLIC,gCdtlLdsPe79vcGcN
youtube,mdWolk9LkWY,like_count,98,,youtube_public_v1,PUBLIC,gCdtlLdsPe79vcGcN
youtube,mdWolk9LkWY,comment_count,2,,youtube_public_v1,PUBLIC,gCdtlLdsPe79vcGcN
youtube,RJPgS7RIRzs,view_count,16926,,youtube_public_v1,PUBLIC,gCdtlLdsPe79vcGcN
youtube,RJPgS7RIRzs,like_count,424,,youtube_public_v1,PUBLIC,gCdtlLdsPe79vcGcN
youtube,RJPgS7RIRzs,comment_count,8,,youtube_public_v1,PUBLIC,gCdtlLdsPe79vcGcN
youtube,rXuj2LMDDsE,view_count,5799,,youtube_public_v1,PUBLIC,gCdtlLdsPe79vcGcN
youtube,rXuj2LMDDsE,like_count,20,,youtube_public_v1,PUBLIC,gCdtlLdsPe79vcGcN
youtube,rXuj2LMDDsE,comment_count,0,,youtube_public_v1,PUBLIC,gCdtlLdsPe79vcGcN
youtube,3HGPFdesDRQ,view_count,1270398,,youtube_public_v1,PUBLIC,CGnxcqvRaMjjF7zTt
youtube,3HGPFdesDRQ,like_count,8300,,youtube_public_v1,PUBLIC,CGnxcqvRaMjjF7zTt
youtube,3HGPFdesDRQ,comment_count,411,,youtube_public_v1,PUBLIC,CGnxcqvRaMjjF7zTt
youtube,66OcDUlhLLU,view_count,5149,,youtube_public_v1,PUBLIC,CGnxcqvRaMjjF7zTt
youtube,66OcDUlhLLU,like_count,39,,youtube_public_v1,PUBLIC,CGnxcqvRaMjjF7zTt
youtube,66OcDUlhLLU,comment_count,1,,youtube_public_v1,PUBLIC,CGnxcqvRaMjjF7zTt
youtube,A99jSAt5s5g,view_count,1359356,,youtube_public_v1,PUBLIC,CGnxcqvRaMjjF7zTt
youtube,A99jSAt5s5g,like_count,7800,,youtube_public_v1,PUBLIC,CGnxcqvRaMjjF7zTt
youtube,A99jSAt5s5g,comment_count,561,,youtube_public_v1,PUBLIC,CGnxcqvRaMjjF7zTt
youtube,8K2j-3ja9I8,view_count,1975219,,youtube_public_v1,PUBLIC,CGnxcqvRaMjjF7zTt
youtube,8K2j-3ja9I8,like_count,15000,,youtube_public_v1,PUBLIC,CGnxcqvRaMjjF7zTt
youtube,8K2j-3ja9I8,comment_count,1418,,youtube_public_v1,PUBLIC,CGnxcqvRaMjjF7zTt
youtube,aCmhYpXz_uM,view_count,157,,youtube_public_v1,PUBLIC,CGnxcqvRaMjjF7zTt
youtube,aCmhYpXz_uM,like_count,2,,youtube_public_v1,PUBLIC,CGnxcqvRaMjjF7zTt
youtube,aCmhYpXz_uM,comment_count,0,,youtube_public_v1,PUBLIC,CGnxcqvRaMjjF7zTt
youtube,m-zKi-wJnts,view_count,1481133,,youtube_public_v1,PUBLIC,CGnxcqvRaMjjF7zTt
youtube,m-zKi-wJnts,like_count,8100,,youtube_public_v1,PUBLIC,CGnxcqvRaMjjF7zTt
youtube,m-zKi-wJnts,comment_count,786,,youtube_public_v1,PUBLIC,CGnxcqvRaMjjF7zTt
youtube,NPAoSnesQbk,view_count,1071106,,youtube_public_v1,PUBLIC,CGnxcqvRaMjjF7zTt
youtube,NPAoSnesQbk,like_count,7300,,youtube_public_v1,PUBLIC,CGnxcqvRaMjjF7zTt
youtube,NPAoSnesQbk,comment_count,380,,youtube_public_v1,PUBLIC,CGnxcqvRaMjjF7zTt
youtube,x3QzUpw8Vc4,view_count,412890,2026-08-12T18:26:08.395060+07:00,youtube_public_v1,PUBLIC,CGnxcqvRaMjjF7zTt
youtube,x3QzUpw8Vc4,like_count,3900,2026-08-12T18:26:08.395060+07:00,youtube_public_v1,PUBLIC,CGnxcqvRaMjjF7zTt
youtube,x3QzUpw8Vc4,comment_count,255,2026-08-12T18:26:08.395060+07:00,youtube_public_v1,PUBLIC,CGnxcqvRaMjjF7zTt
youtube,pHsU5_bMaR8,view_count,1127867,,youtube_public_v1,PUBLIC,CGnxcqvRaMjjF7zTt
youtube,pHsU5_bMaR8,like_count,7300,,youtube_public_v1,PUBLIC,CGnxcqvRaMjjF7zTt
youtube,pHsU5_bMaR8,comment_count,426,,youtube_public_v1,PUBLIC,CGnxcqvRaMjjF7zTt
youtube,sVmvRv353zY,view_count,56491,2026-08-12T18:26:08.395060+07:00,youtube_public_v1,PUBLIC,CGnxcqvRaMjjF7zTt
youtube,sVmvRv353zY,like_count,292,2026-08-12T18:26:08.395060+07:00,youtube_public_v1,PUBLIC,CGnxcqvRaMjjF7zTt
youtube,sVmvRv353zY,comment_count,11,2026-08-12T18:26:08.395060+07:00,youtube_public_v1,PUBLIC,CGnxcqvRaMjjF7zTt
youtube,WUx1PtE19_U,view_count,124831,,youtube_public_v1,PUBLIC,CGnxcqvRaMjjF7zTt
youtube,WUx1PtE19_U,like_count,530,,youtube_public_v1,PUBLIC,CGnxcqvRaMjjF7zTt
youtube,WUx1PtE19_U,comment_count,22,,youtube_public_v1,PUBLIC,CGnxcqvRaMjjF7zTt
youtube,nFuQsjbEbGA,view_count,1399301,,youtube_public_v1,PUBLIC,CGnxcqvRaMjjF7zTt
youtube,nFuQsjbEbGA,like_count,9600,,youtube_public_v1,PUBLIC,CGnxcqvRaMjjF7zTt
youtube,nFuQsjbEbGA,comment_count,703,,youtube_public_v1,PUBLIC,CGnxcqvRaMjjF7zTt
youtube,hGTJRUjqP6c,view_count,1203300,,youtube_public_v1,PUBLIC,CGnxcqvRaMjjF7zTt
youtube,hGTJRUjqP6c,like_count,10000,,youtube_public_v1,PUBLIC,CGnxcqvRaMjjF7zTt
youtube,hGTJRUjqP6c,comment_count,661,,youtube_public_v1,PUBLIC,CGnxcqvRaMjjF7zTt
youtube,gNoXsbSDAM4,view_count,119485,2026-08-12T18:26:08.395060+07:00,youtube_public_v1,PUBLIC,CGnxcqvRaMjjF7zTt
youtube,gNoXsbSDAM4,like_count,834,2026-08-12T18:26:08.395060+07:00,youtube_public_v1,PUBLIC,CGnxcqvRaMjjF7zTt
youtube,gNoXsbSDAM4,comment_count,36,2026-08-12T18:26:08.395060+07:00,youtube_public_v1,PUBLIC,CGnxcqvRaMjjF7zTt
youtube,vhnSWNzjIVU,view_count,1034694,,youtube_public_v1,PUBLIC,CGnxcqvRaMjjF7zTt
youtube,vhnSWNzjIVU,like_count,5700,,youtube_public_v1,PUBLIC,CGnxcqvRaMjjF7zTt
youtube,vhnSWNzjIVU,comment_count,449,,youtube_public_v1,PUBLIC,CGnxcqvRaMjjF7zTt
youtube,gsPQ1xU8Ngo,view_count,57152,,youtube_public_v1,PUBLIC,CGnxcqvRaMjjF7zTt
youtube,gsPQ1xU8Ngo,like_count,1100,,youtube_public_v1,PUBLIC,CGnxcqvRaMjjF7zTt
youtube,gsPQ1xU8Ngo,comment_count,14,,youtube_public_v1,PUBLIC,CGnxcqvRaMjjF7zTt
youtube,5xj3qsoMnc0,view_count,15379,,youtube_public_v1,PUBLIC,CGnxcqvRaMjjF7zTt
youtube,5xj3qsoMnc0,like_count,325,,youtube_public_v1,PUBLIC,CGnxcqvRaMjjF7zTt
youtube,5xj3qsoMnc0,comment_count,0,,youtube_public_v1,PUBLIC,CGnxcqvRaMjjF7zTt
youtube,VgkQgPzYUjs,view_count,39307,,youtube_public_v1,PUBLIC,CGnxcqvRaMjjF7zTt
youtube,VgkQgPzYUjs,like_count,605,,youtube_public_v1,PUBLIC,CGnxcqvRaMjjF7zTt
youtube,VgkQgPzYUjs,comment_count,3,,youtube_public_v1,PUBLIC,CGnxcqvRaMjjF7zTt
youtube,5Zl81da2qW8,view_count,1652,,youtube_public_v1,PUBLIC,CGnxcqvRaMjjF7zTt
youtube,5Zl81da2qW8,like_count,21,,youtube_public_v1,PUBLIC,CGnxcqvRaMjjF7zTt
youtube,5Zl81da2qW8,comment_count,0,,youtube_public_v1,PUBLIC,CGnxcqvRaMjjF7zTt
youtube,0FhR0KEy4rU,view_count,34756,,youtube_public_v1,PUBLIC,CGnxcqvRaMjjF7zTt
youtube,0FhR0KEy4rU,like_count,755,,youtube_public_v1,PUBLIC,CGnxcqvRaMjjF7zTt
youtube,0FhR0KEy4rU,comment_count,1,,youtube_public_v1,PUBLIC,CGnxcqvRaMjjF7zTt
youtube,XVk6mHVn6Pw,view_count,51063,,youtube_public_v1,PUBLIC,CGnxcqvRaMjjF7zTt
youtube,XVk6mHVn6Pw,like_count,1100,,youtube_public_v1,PUBLIC,CGnxcqvRaMjjF7zTt
youtube,XVk6mHVn6Pw,comment_count,22,,youtube_public_v1,PUBLIC,CGnxcqvRaMjjF7zTt
youtube,gLTYpt5likY,view_count,9394,,youtube_public_v1,PUBLIC,CGnxcqvRaMjjF7zTt
youtube,gLTYpt5likY,like_count,121,,youtube_public_v1,PUBLIC,CGnxcqvRaMjjF7zTt
youtube,gLTYpt5likY,comment_count,2,,youtube_public_v1,PUBLIC,CGnxcqvRaMjjF7zTt
youtube,_B_RUKi0Vmc,view_count,32333,,youtube_public_v1,PUBLIC,CGnxcqvRaMjjF7zTt
youtube,_B_RUKi0Vmc,like_count,509,,youtube_public_v1,PUBLIC,CGnxcqvRaMjjF7zTt
youtube,_B_RUKi0Vmc,comment_count,3,,youtube_public_v1,PUBLIC,CGnxcqvRaMjjF7zTt
youtube,fkml8L_P-WU,view_count,65967,,youtube_public_v1,PUBLIC,CGnxcqvRaMjjF7zTt
youtube,fkml8L_P-WU,like_count,845,,youtube_public_v1,PUBLIC,CGnxcqvRaMjjF7zTt
youtube,fkml8L_P-WU,comment_count,1,,youtube_public_v1,PUBLIC,CGnxcqvRaMjjF7zTt
youtube,jnXqWVvDtwk,view_count,15558,,youtube_public_v1,PUBLIC,CGnxcqvRaMjjF7zTt
youtube,jnXqWVvDtwk,like_count,316,,youtube_public_v1,PUBLIC,CGnxcqvRaMjjF7zTt
youtube,jnXqWVvDtwk,comment_count,3,,youtube_public_v1,PUBLIC,CGnxcqvRaMjjF7zTt
youtube,dM1I9LByLno,view_count,34453,,youtube_public_v1,PUBLIC,CGnxcqvRaMjjF7zTt
youtube,dM1I9LByLno,like_count,334,,youtube_public_v1,PUBLIC,CGnxcqvRaMjjF7zTt
youtube,dM1I9LByLno,comment_count,3,,youtube_public_v1,PUBLIC,CGnxcqvRaMjjF7zTt
youtube,XX5x5hvCJUY,view_count,23833,,youtube_public_v1,PUBLIC,CGnxcqvRaMjjF7zTt
youtube,XX5x5hvCJUY,like_count,670,,youtube_public_v1,PUBLIC,CGnxcqvRaMjjF7zTt
youtube,XX5x5hvCJUY,comment_count,7,,youtube_public_v1,PUBLIC,CGnxcqvRaMjjF7zTt
youtube,9GGtJMbC78M,view_count,15738,,youtube_public_v1,PUBLIC,CGnxcqvRaMjjF7zTt
youtube,9GGtJMbC78M,like_count,171,,youtube_public_v1,PUBLIC,CGnxcqvRaMjjF7zTt
youtube,9GGtJMbC78M,comment_count,0,,youtube_public_v1,PUBLIC,CGnxcqvRaMjjF7zTt
youtube,5MqF9RGHK_0,view_count,2270,,youtube_public_v1,PUBLIC,CGnxcqvRaMjjF7zTt
youtube,5MqF9RGHK_0,like_count,8,,youtube_public_v1,PUBLIC,CGnxcqvRaMjjF7zTt
youtube,5MqF9RGHK_0,comment_count,0,,youtube_public_v1,PUBLIC,CGnxcqvRaMjjF7zTt
youtube,qg8D8e6YmL8,view_count,5290,,youtube_public_v1,PUBLIC,CGnxcqvRaMjjF7zTt
youtube,qg8D8e6YmL8,like_count,133,,youtube_public_v1,PUBLIC,CGnxcqvRaMjjF7zTt
youtube,qg8D8e6YmL8,comment_count,2,,youtube_public_v1,PUBLIC,CGnxcqvRaMjjF7zTt
youtube,kgUQENBljII,view_count,1956,,youtube_public_v1,PUBLIC,CGnxcqvRaMjjF7zTt
youtube,kgUQENBljII,like_count,18,,youtube_public_v1,PUBLIC,CGnxcqvRaMjjF7zTt
youtube,kgUQENBljII,comment_count,0,,youtube_public_v1,PUBLIC,CGnxcqvRaMjjF7zTt
youtube,cE-AfKFAJiY,view_count,14680,,youtube_public_v1,PUBLIC,CGnxcqvRaMjjF7zTt
youtube,cE-AfKFAJiY,like_count,251,,youtube_public_v1,PUBLIC,CGnxcqvRaMjjF7zTt
youtube,cE-AfKFAJiY,comment_count,3,,youtube_public_v1,PUBLIC,CGnxcqvRaMjjF7zTt
youtube,sgDn9MObkyQ,view_count,246990,2026-08-12T18:26:08.395060+07:00,youtube_public_v1,PUBLIC,CGnxcqvRaMjjF7zTt
youtube,sgDn9MObkyQ,like_count,1600,2026-08-12T18:26:08.395060+07:00,youtube_public_v1,PUBLIC,CGnxcqvRaMjjF7zTt
youtube,sgDn9MObkyQ,comment_count,113,2026-08-12T18:26:08.395060+07:00,youtube_public_v1,PUBLIC,CGnxcqvRaMjjF7zTt
youtube,M16zRZB7Lig,view_count,39071,,youtube_public_v1,PUBLIC,CGnxcqvRaMjjF7zTt
youtube,M16zRZB7Lig,like_count,406,,youtube_public_v1,PUBLIC,CGnxcqvRaMjjF7zTt
youtube,M16zRZB7Lig,comment_count,74,,youtube_public_v1,PUBLIC,CGnxcqvRaMjjF7zTt
youtube,Hn83UpIShq4,view_count,2863272,,youtube_public_v1,PUBLIC,CGnxcqvRaMjjF7zTt
youtube,Hn83UpIShq4,like_count,21000,,youtube_public_v1,PUBLIC,CGnxcqvRaMjjF7zTt
youtube,Hn83UpIShq4,comment_count,1727,,youtube_public_v1,PUBLIC,CGnxcqvRaMjjF7zTt
youtube,E4PhJpIaDpk,view_count,70044,,youtube_public_v1,PUBLIC,CGnxcqvRaMjjF7zTt
youtube,E4PhJpIaDpk,like_count,890,,youtube_public_v1,PUBLIC,CGnxcqvRaMjjF7zTt
youtube,E4PhJpIaDpk,comment_count,8,,youtube_public_v1,PUBLIC,CGnxcqvRaMjjF7zTt
youtube,E7iGElYK_fY,view_count,1987642,,youtube_public_v1,PUBLIC,CGnxcqvRaMjjF7zTt
youtube,E7iGElYK_fY,like_count,11000,,youtube_public_v1,PUBLIC,CGnxcqvRaMjjF7zTt
youtube,E7iGElYK_fY,comment_count,777,,youtube_public_v1,PUBLIC,CGnxcqvRaMjjF7zTt
youtube,g237LkeSv9o,view_count,1677,,youtube_public_v1,PUBLIC,CGnxcqvRaMjjF7zTt
youtube,g237LkeSv9o,like_count,10,,youtube_public_v1,PUBLIC,CGnxcqvRaMjjF7zTt
youtube,g237LkeSv9o,comment_count,1,,youtube_public_v1,PUBLIC,CGnxcqvRaMjjF7zTt
youtube,NwQiRp6cvUA,view_count,2794,,youtube_public_v1,PUBLIC,CGnxcqvRaMjjF7zTt
youtube,NwQiRp6cvUA,like_count,35,,youtube_public_v1,PUBLIC,CGnxcqvRaMjjF7zTt
youtube,NwQiRp6cvUA,comment_count,0,,youtube_public_v1,PUBLIC,CGnxcqvRaMjjF7zTt
youtube,OepBgXs3HvM,view_count,1137,,youtube_public_v1,PUBLIC,CGnxcqvRaMjjF7zTt
youtube,OepBgXs3HvM,like_count,16,,youtube_public_v1,PUBLIC,CGnxcqvRaMjjF7zTt
youtube,OepBgXs3HvM,comment_count,1,,youtube_public_v1,PUBLIC,CGnxcqvRaMjjF7zTt
youtube,6NzKyzgGb3U,view_count,125,,youtube_public_v1,PUBLIC,CGnxcqvRaMjjF7zTt
youtube,6NzKyzgGb3U,like_count,1,,youtube_public_v1,PUBLIC,CGnxcqvRaMjjF7zTt
youtube,6NzKyzgGb3U,comment_count,0,,youtube_public_v1,PUBLIC,CGnxcqvRaMjjF7zTt
youtube,0TrJnf1LMLc,view_count,17654166,,youtube_public_v1,PUBLIC,CGnxcqvRaMjjF7zTt
youtube,0TrJnf1LMLc,like_count,155000,,youtube_public_v1,PUBLIC,CGnxcqvRaMjjF7zTt
youtube,0TrJnf1LMLc,comment_count,190,,youtube_public_v1,PUBLIC,CGnxcqvRaMjjF7zTt
youtube,7pf_vqZXW5w,view_count,1147,,youtube_public_v1,PUBLIC,CGnxcqvRaMjjF7zTt
youtube,7pf_vqZXW5w,like_count,10,,youtube_public_v1,PUBLIC,CGnxcqvRaMjjF7zTt
youtube,7pf_vqZXW5w,comment_count,0,,youtube_public_v1,PUBLIC,CGnxcqvRaMjjF7zTt
youtube,j-zghnK9nYw,view_count,5439002,,youtube_public_v1,PUBLIC,CGnxcqvRaMjjF7zTt
youtube,j-zghnK9nYw,like_count,80000,,youtube_public_v1,PUBLIC,CGnxcqvRaMjjF7zTt
youtube,j-zghnK9nYw,comment_count,95,,youtube_public_v1,PUBLIC,CGnxcqvRaMjjF7zTt
youtube,mNoWv3yPSts,view_count,215305,,youtube_public_v1,PUBLIC,CGnxcqvRaMjjF7zTt
youtube,mNoWv3yPSts,like_count,3900,,youtube_public_v1,PUBLIC,CGnxcqvRaMjjF7zTt
youtube,mNoWv3yPSts,comment_count,21,,youtube_public_v1,PUBLIC,CGnxcqvRaMjjF7zTt
youtube,tFFKVTfM5zQ,view_count,29,,youtube_public_v1,PUBLIC,CGnxcqvRaMjjF7zTt
youtube,tFFKVTfM5zQ,like_count,1,,youtube_public_v1,PUBLIC,CGnxcqvRaMjjF7zTt
youtube,tFFKVTfM5zQ,comment_count,0,,youtube_public_v1,PUBLIC,CGnxcqvRaMjjF7zTt
youtube,OtJk-NDjLW4,view_count,932,,youtube_public_v1,PUBLIC,CGnxcqvRaMjjF7zTt
youtube,OtJk-NDjLW4,like_count,14,,youtube_public_v1,PUBLIC,CGnxcqvRaMjjF7zTt
youtube,OtJk-NDjLW4,comment_count,0,,youtube_public_v1,PUBLIC,CGnxcqvRaMjjF7zTt
youtube,XlCiIilvnAw,view_count,70198,2026-08-12T18:26:08.395060+07:00,youtube_public_v1,PUBLIC,CGnxcqvRaMjjF7zTt
youtube,XlCiIilvnAw,like_count,500,2026-08-12T18:26:08.395060+07:00,youtube_public_v1,PUBLIC,CGnxcqvRaMjjF7zTt
youtube,XlCiIilvnAw,comment_count,29,2026-08-12T18:26:08.395060+07:00,youtube_public_v1,PUBLIC,CGnxcqvRaMjjF7zTt
youtube,xTRToRyeAhk,view_count,141,,youtube_public_v1,PUBLIC,CGnxcqvRaMjjF7zTt
youtube,xTRToRyeAhk,like_count,7,,youtube_public_v1,PUBLIC,CGnxcqvRaMjjF7zTt
youtube,xTRToRyeAhk,comment_count,0,,youtube_public_v1,PUBLIC,CGnxcqvRaMjjF7zTt
youtube,grA8z28KVjQ,view_count,49684,,youtube_public_v1,PUBLIC,CGnxcqvRaMjjF7zTt
youtube,grA8z28KVjQ,like_count,282,,youtube_public_v1,PUBLIC,CGnxcqvRaMjjF7zTt
youtube,grA8z28KVjQ,comment_count,24,,youtube_public_v1,PUBLIC,CGnxcqvRaMjjF7zTt
youtube,tQjw3fCGt5U,view_count,14991,,youtube_public_v1,PUBLIC,CGnxcqvRaMjjF7zTt
youtube,tQjw3fCGt5U,like_count,59,,youtube_public_v1,PUBLIC,CGnxcqvRaMjjF7zTt
youtube,tQjw3fCGt5U,comment_count,16,,youtube_public_v1,PUBLIC,CGnxcqvRaMjjF7zTt
youtube,-J9tEMGJszs,view_count,27529782,,youtube_public_v1,PUBLIC,CGnxcqvRaMjjF7zTt
youtube,-J9tEMGJszs,like_count,81000,,youtube_public_v1,PUBLIC,CGnxcqvRaMjjF7zTt
youtube,-J9tEMGJszs,comment_count,2793,,youtube_public_v1,PUBLIC,CGnxcqvRaMjjF7zTt
youtube,BhPj_a6Wd7A,view_count,3345,,youtube_public_v1,PUBLIC,CGnxcqvRaMjjF7zTt
youtube,BhPj_a6Wd7A,like_count,24,,youtube_public_v1,PUBLIC,CGnxcqvRaMjjF7zTt
youtube,BhPj_a6Wd7A,comment_count,0,,youtube_public_v1,PUBLIC,CGnxcqvRaMjjF7zTt
youtube,gVS4HD65mis,view_count,56156,,youtube_public_v1,PUBLIC,CGnxcqvRaMjjF7zTt
youtube,gVS4HD65mis,like_count,211,,youtube_public_v1,PUBLIC,CGnxcqvRaMjjF7zTt
youtube,gVS4HD65mis,comment_count,11,,youtube_public_v1,PUBLIC,CGnxcqvRaMjjF7zTt
youtube,k--r3DtTtTY,view_count,4586,,youtube_public_v1,PUBLIC,CGnxcqvRaMjjF7zTt
youtube,k--r3DtTtTY,like_count,110,,youtube_public_v1,PUBLIC,CGnxcqvRaMjjF7zTt
youtube,k--r3DtTtTY,comment_count,4,,youtube_public_v1,PUBLIC,CGnxcqvRaMjjF7zTt
youtube,s1I6utWxBx4,view_count,4013594,,youtube_public_v1,PUBLIC,CGnxcqvRaMjjF7zTt
youtube,s1I6utWxBx4,like_count,46000,,youtube_public_v1,PUBLIC,CGnxcqvRaMjjF7zTt
youtube,s1I6utWxBx4,comment_count,124,,youtube_public_v1,PUBLIC,CGnxcqvRaMjjF7zTt
youtube,aeEmeecKRMU,view_count,572,,youtube_public_v1,PUBLIC,CGnxcqvRaMjjF7zTt
youtube,aeEmeecKRMU,like_count,8,,youtube_public_v1,PUBLIC,CGnxcqvRaMjjF7zTt
youtube,aeEmeecKRMU,comment_count,0,,youtube_public_v1,PUBLIC,CGnxcqvRaMjjF7zTt
youtube,uXZh07Ey4a8,view_count,4639,,youtube_public_v1,PUBLIC,CGnxcqvRaMjjF7zTt
youtube,uXZh07Ey4a8,like_count,112,,youtube_public_v1,PUBLIC,CGnxcqvRaMjjF7zTt
youtube,uXZh07Ey4a8,comment_count,1,,youtube_public_v1,PUBLIC,CGnxcqvRaMjjF7zTt
youtube,ptDbOYBTy1k,view_count,2201,,youtube_public_v1,PUBLIC,CGnxcqvRaMjjF7zTt
youtube,ptDbOYBTy1k,like_count,50,,youtube_public_v1,PUBLIC,CGnxcqvRaMjjF7zTt
youtube,ptDbOYBTy1k,comment_count,0,,youtube_public_v1,PUBLIC,CGnxcqvRaMjjF7zTt
youtube,JcSbWbhjFeo,view_count,3342,,youtube_public_v1,PUBLIC,CGnxcqvRaMjjF7zTt
youtube,JcSbWbhjFeo,like_count,61,,youtube_public_v1,PUBLIC,CGnxcqvRaMjjF7zTt
youtube,JcSbWbhjFeo,comment_count,1,,youtube_public_v1,PUBLIC,CGnxcqvRaMjjF7zTt
youtube,UWyrdjNEdGw,view_count,104964,,youtube_public_v1,PUBLIC,CGnxcqvRaMjjF7zTt
youtube,UWyrdjNEdGw,like_count,1500,,youtube_public_v1,PUBLIC,CGnxcqvRaMjjF7zTt
youtube,UWyrdjNEdGw,comment_count,7,,youtube_public_v1,PUBLIC,CGnxcqvRaMjjF7zTt
youtube,4KAvUBMrVrU,view_count,24933,,youtube_public_v1,PUBLIC,CGnxcqvRaMjjF7zTt
youtube,4KAvUBMrVrU,like_count,431,,youtube_public_v1,PUBLIC,CGnxcqvRaMjjF7zTt
youtube,4KAvUBMrVrU,comment_count,0,,youtube_public_v1,PUBLIC,CGnxcqvRaMjjF7zTt
youtube,uXNwLlKcmQg,view_count,288569,,youtube_public_v1,PUBLIC,CGnxcqvRaMjjF7zTt
youtube,uXNwLlKcmQg,like_count,279,,youtube_public_v1,PUBLIC,CGnxcqvRaMjjF7zTt
youtube,uXNwLlKcmQg,comment_count,0,,youtube_public_v1,PUBLIC,CGnxcqvRaMjjF7zTt
youtube,MIyG-xmj5lY,view_count,14446,,youtube_public_v1,PUBLIC,eId5poTamujBF8cvU
youtube,MIyG-xmj5lY,like_count,185,,youtube_public_v1,PUBLIC,eId5poTamujBF8cvU
youtube,MIyG-xmj5lY,comment_count,0,,youtube_public_v1,PUBLIC,eId5poTamujBF8cvU
youtube,RONAr7PVcVE,view_count,2724,,youtube_public_v1,PUBLIC,eId5poTamujBF8cvU
youtube,RONAr7PVcVE,like_count,37,,youtube_public_v1,PUBLIC,eId5poTamujBF8cvU
youtube,RONAr7PVcVE,comment_count,0,,youtube_public_v1,PUBLIC,eId5poTamujBF8cvU
youtube,OGoUOFLv_bk,view_count,18774,,youtube_public_v1,PUBLIC,eId5poTamujBF8cvU
youtube,OGoUOFLv_bk,like_count,358,,youtube_public_v1,PUBLIC,eId5poTamujBF8cvU
youtube,OGoUOFLv_bk,comment_count,4,,youtube_public_v1,PUBLIC,eId5poTamujBF8cvU
youtube,ZuLmz8jK434,view_count,1093,,youtube_public_v1,PUBLIC,eId5poTamujBF8cvU
youtube,ZuLmz8jK434,like_count,15,,youtube_public_v1,PUBLIC,eId5poTamujBF8cvU
youtube,ZuLmz8jK434,comment_count,0,,youtube_public_v1,PUBLIC,eId5poTamujBF8cvU
youtube,aeVB7SdLvV4,view_count,60500,,youtube_public_v1,PUBLIC,eId5poTamujBF8cvU
youtube,aeVB7SdLvV4,like_count,1600,,youtube_public_v1,PUBLIC,eId5poTamujBF8cvU
youtube,aeVB7SdLvV4,comment_count,26,,youtube_public_v1,PUBLIC,eId5poTamujBF8cvU
youtube,BUNBjAt1u_M,view_count,708,,youtube_public_v1,PUBLIC,eId5poTamujBF8cvU
youtube,BUNBjAt1u_M,like_count,12,,youtube_public_v1,PUBLIC,eId5poTamujBF8cvU
youtube,BUNBjAt1u_M,comment_count,2,,youtube_public_v1,PUBLIC,eId5poTamujBF8cvU
youtube,uC1SltNesoA,view_count,37292,,youtube_public_v1,PUBLIC,eId5poTamujBF8cvU
youtube,uC1SltNesoA,like_count,1000,,youtube_public_v1,PUBLIC,eId5poTamujBF8cvU
youtube,uC1SltNesoA,comment_count,32,,youtube_public_v1,PUBLIC,eId5poTamujBF8cvU
youtube,ML8B8c9xhYg,view_count,11220,,youtube_public_v1,PUBLIC,eId5poTamujBF8cvU
youtube,ML8B8c9xhYg,like_count,165,,youtube_public_v1,PUBLIC,eId5poTamujBF8cvU
youtube,ML8B8c9xhYg,comment_count,0,,youtube_public_v1,PUBLIC,eId5poTamujBF8cvU
youtube,wdRhXGYiD30,view_count,21739,,youtube_public_v1,PUBLIC,eId5poTamujBF8cvU
youtube,wdRhXGYiD30,like_count,0,,youtube_public_v1,PUBLIC,eId5poTamujBF8cvU
youtube,wdRhXGYiD30,comment_count,13,,youtube_public_v1,PUBLIC,eId5poTamujBF8cvU
youtube,NEUq6tLvo5c,view_count,1384,,youtube_public_v1,PUBLIC,eId5poTamujBF8cvU
youtube,NEUq6tLvo5c,like_count,33,,youtube_public_v1,PUBLIC,eId5poTamujBF8cvU
youtube,NEUq6tLvo5c,comment_count,0,,youtube_public_v1,PUBLIC,eId5poTamujBF8cvU
youtube,-7h_r9IC9sI,view_count,294491,,youtube_public_v1,PUBLIC,eId5poTamujBF8cvU
youtube,-7h_r9IC9sI,like_count,4300,,youtube_public_v1,PUBLIC,eId5poTamujBF8cvU
youtube,-7h_r9IC9sI,comment_count,65,,youtube_public_v1,PUBLIC,eId5poTamujBF8cvU
youtube,UxQti1aRuA8,view_count,26,,youtube_public_v1,PUBLIC,eId5poTamujBF8cvU
youtube,UxQti1aRuA8,like_count,0,,youtube_public_v1,PUBLIC,eId5poTamujBF8cvU
youtube,UxQti1aRuA8,comment_count,0,,youtube_public_v1,PUBLIC,eId5poTamujBF8cvU
youtube,JYNf3r0ErOg,view_count,2146,,youtube_public_v1,PUBLIC,eId5poTamujBF8cvU
youtube,JYNf3r0ErOg,like_count,48,,youtube_public_v1,PUBLIC,eId5poTamujBF8cvU
youtube,JYNf3r0ErOg,comment_count,0,,youtube_public_v1,PUBLIC,eId5poTamujBF8cvU
youtube,LLvKAuBBC18,view_count,7453,,youtube_public_v1,PUBLIC,eId5poTamujBF8cvU
youtube,LLvKAuBBC18,like_count,114,,youtube_public_v1,PUBLIC,eId5poTamujBF8cvU
youtube,LLvKAuBBC18,comment_count,0,,youtube_public_v1,PUBLIC,eId5poTamujBF8cvU
youtube,Y9f8JutiBgc,view_count,84935,2026-08-12T18:27:46.461648+07:00,youtube_public_v1,PUBLIC,eId5poTamujBF8cvU
youtube,Y9f8JutiBgc,like_count,1200,2026-08-12T18:27:46.461648+07:00,youtube_public_v1,PUBLIC,eId5poTamujBF8cvU
youtube,Y9f8JutiBgc,comment_count,60,2026-08-12T18:27:46.461648+07:00,youtube_public_v1,PUBLIC,eId5poTamujBF8cvU
youtube,RbwoSYUAcXQ,view_count,68,,youtube_public_v1,PUBLIC,eId5poTamujBF8cvU
youtube,RbwoSYUAcXQ,like_count,0,,youtube_public_v1,PUBLIC,eId5poTamujBF8cvU
youtube,RbwoSYUAcXQ,comment_count,0,,youtube_public_v1,PUBLIC,eId5poTamujBF8cvU
youtube,Vy8hcTDZZaU,view_count,2459,,youtube_public_v1,PUBLIC,eId5poTamujBF8cvU
youtube,Vy8hcTDZZaU,like_count,102,,youtube_public_v1,PUBLIC,eId5poTamujBF8cvU
youtube,Vy8hcTDZZaU,comment_count,0,,youtube_public_v1,PUBLIC,eId5poTamujBF8cvU
youtube,2KUAQFiopiw,view_count,6976,,youtube_public_v1,PUBLIC,eId5poTamujBF8cvU
youtube,2KUAQFiopiw,like_count,139,,youtube_public_v1,PUBLIC,eId5poTamujBF8cvU
youtube,2KUAQFiopiw,comment_count,2,,youtube_public_v1,PUBLIC,eId5poTamujBF8cvU
youtube,cEQK4UCC6pI,view_count,121490,,youtube_public_v1,PUBLIC,eId5poTamujBF8cvU
youtube,cEQK4UCC6pI,like_count,1100,,youtube_public_v1,PUBLIC,eId5poTamujBF8cvU
youtube,cEQK4UCC6pI,comment_count,80,,youtube_public_v1,PUBLIC,eId5poTamujBF8cvU
youtube,LTNgeHV4B-Y,view_count,1932,,youtube_public_v1,PUBLIC,eId5poTamujBF8cvU
youtube,LTNgeHV4B-Y,like_count,15,,youtube_public_v1,PUBLIC,eId5poTamujBF8cvU
youtube,LTNgeHV4B-Y,comment_count,0,,youtube_public_v1,PUBLIC,eId5poTamujBF8cvU
youtube,KDjswp8h2Bg,view_count,192124,,youtube_public_v1,PUBLIC,eId5poTamujBF8cvU
youtube,KDjswp8h2Bg,like_count,637,,youtube_public_v1,PUBLIC,eId5poTamujBF8cvU
youtube,KDjswp8h2Bg,comment_count,30,,youtube_public_v1,PUBLIC,eId5poTamujBF8cvU
youtube,jJqtEnkTUuw,view_count,22500,,youtube_public_v1,PUBLIC,eId5poTamujBF8cvU
youtube,jJqtEnkTUuw,like_count,154,,youtube_public_v1,PUBLIC,eId5poTamujBF8cvU
youtube,jJqtEnkTUuw,comment_count,6,,youtube_public_v1,PUBLIC,eId5poTamujBF8cvU
youtube,kldTtB2O6mI,view_count,74637,2026-08-12T18:27:46.461648+07:00,youtube_public_v1,PUBLIC,eId5poTamujBF8cvU
youtube,kldTtB2O6mI,like_count,704,2026-08-12T18:27:46.461648+07:00,youtube_public_v1,PUBLIC,eId5poTamujBF8cvU
youtube,kldTtB2O6mI,comment_count,117,2026-08-12T18:27:46.461648+07:00,youtube_public_v1,PUBLIC,eId5poTamujBF8cvU
youtube,oxGQOkreiTg,view_count,23483,,youtube_public_v1,PUBLIC,eId5poTamujBF8cvU
youtube,oxGQOkreiTg,like_count,152,,youtube_public_v1,PUBLIC,eId5poTamujBF8cvU
youtube,oxGQOkreiTg,comment_count,14,,youtube_public_v1,PUBLIC,eId5poTamujBF8cvU
youtube,CdY7trxkhjY,view_count,62269,,youtube_public_v1,PUBLIC,eId5poTamujBF8cvU
youtube,CdY7trxkhjY,like_count,660,,youtube_public_v1,PUBLIC,eId5poTamujBF8cvU
youtube,CdY7trxkhjY,comment_count,40,,youtube_public_v1,PUBLIC,eId5poTamujBF8cvU
youtube,bV2fbv3geIY,view_count,45164,,youtube_public_v1,PUBLIC,eId5poTamujBF8cvU
youtube,bV2fbv3geIY,like_count,371,,youtube_public_v1,PUBLIC,eId5poTamujBF8cvU
youtube,bV2fbv3geIY,comment_count,22,,youtube_public_v1,PUBLIC,eId5poTamujBF8cvU
youtube,IOPcQgWdIsw,view_count,53113,,youtube_public_v1,PUBLIC,eId5poTamujBF8cvU
youtube,IOPcQgWdIsw,like_count,330,,youtube_public_v1,PUBLIC,eId5poTamujBF8cvU
youtube,IOPcQgWdIsw,comment_count,15,,youtube_public_v1,PUBLIC,eId5poTamujBF8cvU
youtube,8poLNRFOrI0,view_count,52809,2026-08-12T18:27:46.461648+07:00,youtube_public_v1,PUBLIC,eId5poTamujBF8cvU
youtube,8poLNRFOrI0,like_count,1300,2026-08-12T18:27:46.461648+07:00,youtube_public_v1,PUBLIC,eId5poTamujBF8cvU
youtube,8poLNRFOrI0,comment_count,29,2026-08-12T18:27:46.461648+07:00,youtube_public_v1,PUBLIC,eId5poTamujBF8cvU
youtube,hukqAhIbaAo,view_count,5113,,youtube_public_v1,PUBLIC,eId5poTamujBF8cvU
youtube,hukqAhIbaAo,like_count,41,,youtube_public_v1,PUBLIC,eId5poTamujBF8cvU
youtube,hukqAhIbaAo,comment_count,5,,youtube_public_v1,PUBLIC,eId5poTamujBF8cvU
youtube,uq34lyY4Kg8,view_count,2358,,youtube_public_v1,PUBLIC,eId5poTamujBF8cvU
youtube,uq34lyY4Kg8,like_count,35,,youtube_public_v1,PUBLIC,eId5poTamujBF8cvU
youtube,uq34lyY4Kg8,comment_count,2,,youtube_public_v1,PUBLIC,eId5poTamujBF8cvU
youtube,Qu8NuwHXt38,view_count,1035,,youtube_public_v1,PUBLIC,eId5poTamujBF8cvU
youtube,Qu8NuwHXt38,like_count,5,,youtube_public_v1,PUBLIC,eId5poTamujBF8cvU
youtube,Qu8NuwHXt38,comment_count,0,,youtube_public_v1,PUBLIC,eId5poTamujBF8cvU
youtube,uSGn0ij4YmI,view_count,67147,2026-08-12T18:27:46.461648+07:00,youtube_public_v1,PUBLIC,eId5poTamujBF8cvU
youtube,uSGn0ij4YmI,like_count,417,2026-08-12T18:27:46.461648+07:00,youtube_public_v1,PUBLIC,eId5poTamujBF8cvU
youtube,uSGn0ij4YmI,comment_count,19,2026-08-12T18:27:46.461648+07:00,youtube_public_v1,PUBLIC,eId5poTamujBF8cvU
youtube,mQM9Y9oNWOw,view_count,276067,,youtube_public_v1,PUBLIC,eId5poTamujBF8cvU
youtube,mQM9Y9oNWOw,like_count,983,,youtube_public_v1,PUBLIC,eId5poTamujBF8cvU
youtube,mQM9Y9oNWOw,comment_count,31,,youtube_public_v1,PUBLIC,eId5poTamujBF8cvU
youtube,KFRQbt-kklg,view_count,3155,,youtube_public_v1,PUBLIC,eId5poTamujBF8cvU
youtube,KFRQbt-kklg,like_count,39,,youtube_public_v1,PUBLIC,eId5poTamujBF8cvU
youtube,KFRQbt-kklg,comment_count,0,,youtube_public_v1,PUBLIC,eId5poTamujBF8cvU
youtube,rHSzO7f0yl8,view_count,913,,youtube_public_v1,PUBLIC,eId5poTamujBF8cvU
youtube,rHSzO7f0yl8,like_count,9,,youtube_public_v1,PUBLIC,eId5poTamujBF8cvU
youtube,rHSzO7f0yl8,comment_count,0,,youtube_public_v1,PUBLIC,eId5poTamujBF8cvU
youtube,n7yTfEjch_g,view_count,12860,,youtube_public_v1,PUBLIC,eId5poTamujBF8cvU
youtube,n7yTfEjch_g,like_count,67,,youtube_public_v1,PUBLIC,eId5poTamujBF8cvU
youtube,n7yTfEjch_g,comment_count,2,,youtube_public_v1,PUBLIC,eId5poTamujBF8cvU
youtube,Ob3h5M4o5YY,view_count,2405,,youtube_public_v1,PUBLIC,eId5poTamujBF8cvU
youtube,Ob3h5M4o5YY,like_count,15,,youtube_public_v1,PUBLIC,eId5poTamujBF8cvU
youtube,Ob3h5M4o5YY,comment_count,0,,youtube_public_v1,PUBLIC,eId5poTamujBF8cvU
youtube,76v_QBoevUA,view_count,2674,,youtube_public_v1,PUBLIC,eId5poTamujBF8cvU
youtube,76v_QBoevUA,like_count,35,,youtube_public_v1,PUBLIC,eId5poTamujBF8cvU
youtube,76v_QBoevUA,comment_count,1,,youtube_public_v1,PUBLIC,eId5poTamujBF8cvU
youtube,743OPgajvCE,view_count,3101,,youtube_public_v1,PUBLIC,eId5poTamujBF8cvU
youtube,743OPgajvCE,like_count,27,,youtube_public_v1,PUBLIC,eId5poTamujBF8cvU
youtube,743OPgajvCE,comment_count,0,,youtube_public_v1,PUBLIC,eId5poTamujBF8cvU
youtube,KCXFpCC_Ayc,view_count,386,,youtube_public_v1,PUBLIC,eId5poTamujBF8cvU
youtube,KCXFpCC_Ayc,like_count,3,,youtube_public_v1,PUBLIC,eId5poTamujBF8cvU
youtube,KCXFpCC_Ayc,comment_count,0,,youtube_public_v1,PUBLIC,eId5poTamujBF8cvU
youtube,55G72ic3he8,view_count,6365,,youtube_public_v1,PUBLIC,eId5poTamujBF8cvU
youtube,55G72ic3he8,like_count,39,,youtube_public_v1,PUBLIC,eId5poTamujBF8cvU
youtube,55G72ic3he8,comment_count,1,,youtube_public_v1,PUBLIC,eId5poTamujBF8cvU
youtube,Y5gJTcw-jK0,view_count,773,,youtube_public_v1,PUBLIC,eId5poTamujBF8cvU
youtube,Y5gJTcw-jK0,like_count,33,,youtube_public_v1,PUBLIC,eId5poTamujBF8cvU
youtube,Y5gJTcw-jK0,comment_count,0,,youtube_public_v1,PUBLIC,eId5poTamujBF8cvU
youtube,Y45W0zUlzSY,view_count,1013,,youtube_public_v1,PUBLIC,eId5poTamujBF8cvU
youtube,Y45W0zUlzSY,like_count,9,,youtube_public_v1,PUBLIC,eId5poTamujBF8cvU
youtube,Y45W0zUlzSY,comment_count,1,,youtube_public_v1,PUBLIC,eId5poTamujBF8cvU
youtube,IcJ6wWh-1FE,view_count,46638,,youtube_public_v1,PUBLIC,eId5poTamujBF8cvU
youtube,IcJ6wWh-1FE,like_count,0,,youtube_public_v1,PUBLIC,eId5poTamujBF8cvU
youtube,IcJ6wWh-1FE,comment_count,11,,youtube_public_v1,PUBLIC,eId5poTamujBF8cvU
youtube,g7FwIW3iWi0,view_count,124,,youtube_public_v1,PUBLIC,eId5poTamujBF8cvU
youtube,g7FwIW3iWi0,like_count,0,,youtube_public_v1,PUBLIC,eId5poTamujBF8cvU
youtube,g7FwIW3iWi0,comment_count,0,,youtube_public_v1,PUBLIC,eId5poTamujBF8cvU
youtube,PUQ2K0K710k,view_count,16012,,youtube_public_v1,PUBLIC,eId5poTamujBF8cvU
youtube,PUQ2K0K710k,like_count,299,,youtube_public_v1,PUBLIC,eId5poTamujBF8cvU
youtube,PUQ2K0K710k,comment_count,4,,youtube_public_v1,PUBLIC,eId5poTamujBF8cvU
youtube,qHp1c4QAJUA,view_count,346837,,youtube_public_v1,PUBLIC,eId5poTamujBF8cvU
youtube,qHp1c4QAJUA,like_count,1700,,youtube_public_v1,PUBLIC,eId5poTamujBF8cvU
youtube,qHp1c4QAJUA,comment_count,55,,youtube_public_v1,PUBLIC,eId5poTamujBF8cvU
youtube,Vib_G8_En10,view_count,451225,,youtube_public_v1,PUBLIC,eId5poTamujBF8cvU
youtube,Vib_G8_En10,like_count,1700,,youtube_public_v1,PUBLIC,eId5poTamujBF8cvU
youtube,Vib_G8_En10,comment_count,72,,youtube_public_v1,PUBLIC,eId5poTamujBF8cvU
youtube,vOZ6O3sgyHQ,view_count,20160,,youtube_public_v1,PUBLIC,eId5poTamujBF8cvU
youtube,vOZ6O3sgyHQ,like_count,231,,youtube_public_v1,PUBLIC,eId5poTamujBF8cvU
youtube,vOZ6O3sgyHQ,comment_count,0,,youtube_public_v1,PUBLIC,eId5poTamujBF8cvU
youtube,CkXsDQ_Z3yE,view_count,2082,,youtube_public_v1,PUBLIC,eId5poTamujBF8cvU
youtube,CkXsDQ_Z3yE,like_count,8,,youtube_public_v1,PUBLIC,eId5poTamujBF8cvU
youtube,CkXsDQ_Z3yE,comment_count,0,,youtube_public_v1,PUBLIC,eId5poTamujBF8cvU
youtube,sN0U9mE8Wik,view_count,207640559,,youtube_public_v1,PUBLIC,eId5poTamujBF8cvU
youtube,sN0U9mE8Wik,like_count,952000,,youtube_public_v1,PUBLIC,eId5poTamujBF8cvU
youtube,sN0U9mE8Wik,comment_count,0,,youtube_public_v1,PUBLIC,eId5poTamujBF8cvU
youtube,ycY1y_SjdBg,view_count,337,,youtube_public_v1,PUBLIC,eId5poTamujBF8cvU
youtube,ycY1y_SjdBg,like_count,1,,youtube_public_v1,PUBLIC,eId5poTamujBF8cvU
youtube,ycY1y_SjdBg,comment_count,0,,youtube_public_v1,PUBLIC,eId5poTamujBF8cvU
youtube,Tera08OtMSw,view_count,3037,,youtube_public_v1,PUBLIC,eId5poTamujBF8cvU
youtube,Tera08OtMSw,like_count,12,,youtube_public_v1,PUBLIC,eId5poTamujBF8cvU
youtube,Tera08OtMSw,comment_count,0,,youtube_public_v1,PUBLIC,eId5poTamujBF8cvU
youtube,g4pc_mAAJbU,view_count,89,,youtube_public_v1,PUBLIC,eId5poTamujBF8cvU
youtube,g4pc_mAAJbU,like_count,2,,youtube_public_v1,PUBLIC,eId5poTamujBF8cvU
youtube,g4pc_mAAJbU,comment_count,0,,youtube_public_v1,PUBLIC,eId5poTamujBF8cvU
youtube,7Qb1iA7q_iE,view_count,13404,,youtube_public_v1,PUBLIC,eId5poTamujBF8cvU
youtube,7Qb1iA7q_iE,like_count,0,,youtube_public_v1,PUBLIC,eId5poTamujBF8cvU
youtube,7Qb1iA7q_iE,comment_count,0,,youtube_public_v1,PUBLIC,eId5poTamujBF8cvU
youtube,-0_tuC-pdSk,view_count,72,,youtube_public_v1,PUBLIC,eId5poTamujBF8cvU
youtube,-0_tuC-pdSk,like_count,4,,youtube_public_v1,PUBLIC,eId5poTamujBF8cvU
youtube,-0_tuC-pdSk,comment_count,0,,youtube_public_v1,PUBLIC,eId5poTamujBF8cvU
youtube,X91lyk9rBkM,view_count,2245,,youtube_public_v1,PUBLIC,eId5poTamujBF8cvU
youtube,X91lyk9rBkM,like_count,57,,youtube_public_v1,PUBLIC,eId5poTamujBF8cvU
youtube,X91lyk9rBkM,comment_count,0,,youtube_public_v1,PUBLIC,eId5poTamujBF8cvU
youtube,vRzfBcwD6T0,view_count,3444,,youtube_public_v1,PUBLIC,eId5poTamujBF8cvU
youtube,vRzfBcwD6T0,like_count,64,,youtube_public_v1,PUBLIC,eId5poTamujBF8cvU
youtube,vRzfBcwD6T0,comment_count,0,,youtube_public_v1,PUBLIC,eId5poTamujBF8cvU
youtube,skCpCrwHFx0,view_count,3795,,youtube_public_v1,PUBLIC,eId5poTamujBF8cvU
youtube,skCpCrwHFx0,like_count,102,,youtube_public_v1,PUBLIC,eId5poTamujBF8cvU
youtube,skCpCrwHFx0,comment_count,0,,youtube_public_v1,PUBLIC,eId5poTamujBF8cvU
youtube,9o292GNSsn8,view_count,5738,,youtube_public_v1,PUBLIC,eId5poTamujBF8cvU
youtube,9o292GNSsn8,like_count,0,,youtube_public_v1,PUBLIC,eId5poTamujBF8cvU
youtube,9o292GNSsn8,comment_count,4,,youtube_public_v1,PUBLIC,eId5poTamujBF8cvU
youtube,c56bWs1ikO0,view_count,1351,,youtube_public_v1,PUBLIC,eId5poTamujBF8cvU
youtube,c56bWs1ikO0,like_count,8,,youtube_public_v1,PUBLIC,eId5poTamujBF8cvU
youtube,c56bWs1ikO0,comment_count,0,,youtube_public_v1,PUBLIC,eId5poTamujBF8cvU
youtube,wWjMDSGa9pY,view_count,1166,,youtube_public_v1,PUBLIC,eId5poTamujBF8cvU
youtube,wWjMDSGa9pY,like_count,18,,youtube_public_v1,PUBLIC,eId5poTamujBF8cvU
youtube,wWjMDSGa9pY,comment_count,1,,youtube_public_v1,PUBLIC,eId5poTamujBF8cvU
youtube,ouulBLoGMds,view_count,32,,youtube_public_v1,PUBLIC,eId5poTamujBF8cvU
youtube,ouulBLoGMds,like_count,0,,youtube_public_v1,PUBLIC,eId5poTamujBF8cvU
youtube,ouulBLoGMds,comment_count,0,,youtube_public_v1,PUBLIC,eId5poTamujBF8cvU
youtube,AwiVxG7sqc4,view_count,5594,,youtube_public_v1,PUBLIC,eId5poTamujBF8cvU
youtube,AwiVxG7sqc4,like_count,72,,youtube_public_v1,PUBLIC,eId5poTamujBF8cvU
youtube,AwiVxG7sqc4,comment_count,2,,youtube_public_v1,PUBLIC,eId5poTamujBF8cvU
youtube,YuUI8dvmslE,view_count,4366,,youtube_public_v1,PUBLIC,eId5poTamujBF8cvU
youtube,YuUI8dvmslE,like_count,75,,youtube_public_v1,PUBLIC,eId5poTamujBF8cvU
youtube,YuUI8dvmslE,comment_count,0,,youtube_public_v1,PUBLIC,eId5poTamujBF8cvU
youtube,L1Gg0qvqv8s,view_count,4111,,youtube_public_v1,PUBLIC,eId5poTamujBF8cvU
youtube,L1Gg0qvqv8s,like_count,61,,youtube_public_v1,PUBLIC,eId5poTamujBF8cvU
youtube,L1Gg0qvqv8s,comment_count,1,,youtube_public_v1,PUBLIC,eId5poTamujBF8cvU
youtube,6I9IFfsjII0,view_count,1515,,youtube_public_v1,PUBLIC,eId5poTamujBF8cvU
youtube,6I9IFfsjII0,like_count,18,,youtube_public_v1,PUBLIC,eId5poTamujBF8cvU
youtube,6I9IFfsjII0,comment_count,1,,youtube_public_v1,PUBLIC,eId5poTamujBF8cvU
youtube,FcXkSWInMcE,view_count,69305,2026-08-12T18:27:38.719565+07:00,youtube_public_v1,PUBLIC,0URFluhoQGte6mTcr
youtube,FcXkSWInMcE,like_count,419,2026-08-12T18:27:38.719565+07:00,youtube_public_v1,PUBLIC,0URFluhoQGte6mTcr
youtube,FcXkSWInMcE,comment_count,32,2026-08-12T18:27:38.719565+07:00,youtube_public_v1,PUBLIC,0URFluhoQGte6mTcr
youtube,e7eLWRMuClU,view_count,24866,,youtube_public_v1,PUBLIC,0URFluhoQGte6mTcr
youtube,e7eLWRMuClU,like_count,136,,youtube_public_v1,PUBLIC,0URFluhoQGte6mTcr
youtube,e7eLWRMuClU,comment_count,6,,youtube_public_v1,PUBLIC,0URFluhoQGte6mTcr
youtube,sWHLusXH-hk,view_count,761789,,youtube_public_v1,PUBLIC,0URFluhoQGte6mTcr
youtube,sWHLusXH-hk,like_count,3700,,youtube_public_v1,PUBLIC,0URFluhoQGte6mTcr
youtube,sWHLusXH-hk,comment_count,519,,youtube_public_v1,PUBLIC,0URFluhoQGte6mTcr
youtube,kld69a1ji4E,view_count,5599,2026-08-12T18:27:38.719565+07:00,youtube_public_v1,PUBLIC,0URFluhoQGte6mTcr
youtube,kld69a1ji4E,like_count,52,2026-08-12T18:27:38.719565+07:00,youtube_public_v1,PUBLIC,0URFluhoQGte6mTcr
youtube,kld69a1ji4E,comment_count,1,2026-08-12T18:27:38.719565+07:00,youtube_public_v1,PUBLIC,0URFluhoQGte6mTcr
youtube,wAB3ihGJ2ao,view_count,19858,2026-08-12T18:27:38.719565+07:00,youtube_public_v1,PUBLIC,0URFluhoQGte6mTcr
youtube,wAB3ihGJ2ao,like_count,123,2026-08-12T18:27:38.719565+07:00,youtube_public_v1,PUBLIC,0URFluhoQGte6mTcr
youtube,wAB3ihGJ2ao,comment_count,1,2026-08-12T18:27:38.719565+07:00,youtube_public_v1,PUBLIC,0URFluhoQGte6mTcr
youtube,rZwYRI520ew,view_count,297575,2026-08-12T18:25:04.193801+07:00,youtube_public_v1,PUBLIC,0URFluhoQGte6mTcr
youtube,rZwYRI520ew,like_count,962,2026-08-12T18:25:04.193801+07:00,youtube_public_v1,PUBLIC,0URFluhoQGte6mTcr
youtube,rZwYRI520ew,comment_count,30,2026-08-12T18:25:04.193801+07:00,youtube_public_v1,PUBLIC,0URFluhoQGte6mTcr
youtube,ZMkgw2b1i9Y,view_count,104242,2026-08-12T18:27:38.719565+07:00,youtube_public_v1,PUBLIC,0URFluhoQGte6mTcr
youtube,ZMkgw2b1i9Y,like_count,429,2026-08-12T18:27:38.719565+07:00,youtube_public_v1,PUBLIC,0URFluhoQGte6mTcr
youtube,ZMkgw2b1i9Y,comment_count,15,2026-08-12T18:27:38.719565+07:00,youtube_public_v1,PUBLIC,0URFluhoQGte6mTcr
youtube,tYIGkQ6D6UA,view_count,63809,,youtube_public_v1,PUBLIC,0URFluhoQGte6mTcr
youtube,tYIGkQ6D6UA,like_count,1500,,youtube_public_v1,PUBLIC,0URFluhoQGte6mTcr
youtube,tYIGkQ6D6UA,comment_count,3,,youtube_public_v1,PUBLIC,0URFluhoQGte6mTcr
youtube,hF9K5EqR19c,view_count,3966,,youtube_public_v1,PUBLIC,0URFluhoQGte6mTcr
youtube,hF9K5EqR19c,like_count,48,,youtube_public_v1,PUBLIC,0URFluhoQGte6mTcr
youtube,hF9K5EqR19c,comment_count,0,,youtube_public_v1,PUBLIC,0URFluhoQGte6mTcr
youtube,5s5aKHLhNiI,view_count,8543,,youtube_public_v1,PUBLIC,0URFluhoQGte6mTcr
youtube,5s5aKHLhNiI,like_count,41,,youtube_public_v1,PUBLIC,0URFluhoQGte6mTcr
youtube,5s5aKHLhNiI,comment_count,1,,youtube_public_v1,PUBLIC,0URFluhoQGte6mTcr
youtube,wJxflFReoFY,view_count,10165,,youtube_public_v1,PUBLIC,0URFluhoQGte6mTcr
youtube,wJxflFReoFY,like_count,110,,youtube_public_v1,PUBLIC,0URFluhoQGte6mTcr
youtube,wJxflFReoFY,comment_count,1,,youtube_public_v1,PUBLIC,0URFluhoQGte6mTcr
youtube,RYywFBylXRo,view_count,8656,,youtube_public_v1,PUBLIC,0URFluhoQGte6mTcr
youtube,RYywFBylXRo,like_count,41,,youtube_public_v1,PUBLIC,0URFluhoQGte6mTcr
youtube,RYywFBylXRo,comment_count,0,,youtube_public_v1,PUBLIC,0URFluhoQGte6mTcr
youtube,_wUjcz7PG7g,view_count,8065,,youtube_public_v1,PUBLIC,0URFluhoQGte6mTcr
youtube,_wUjcz7PG7g,like_count,372,,youtube_public_v1,PUBLIC,0URFluhoQGte6mTcr
youtube,_wUjcz7PG7g,comment_count,2,,youtube_public_v1,PUBLIC,0URFluhoQGte6mTcr
youtube,Rnwbgwjc5E4,view_count,5508,,youtube_public_v1,PUBLIC,0URFluhoQGte6mTcr
youtube,Rnwbgwjc5E4,like_count,108,,youtube_public_v1,PUBLIC,0URFluhoQGte6mTcr
youtube,Rnwbgwjc5E4,comment_count,1,,youtube_public_v1,PUBLIC,0URFluhoQGte6mTcr
youtube,LdSLNz-_wek,view_count,12880,,youtube_public_v1,PUBLIC,0URFluhoQGte6mTcr
youtube,LdSLNz-_wek,like_count,413,,youtube_public_v1,PUBLIC,0URFluhoQGte6mTcr
youtube,LdSLNz-_wek,comment_count,2,,youtube_public_v1,PUBLIC,0URFluhoQGte6mTcr
youtube,OqPzfAplkk4,view_count,10025,,youtube_public_v1,PUBLIC,0URFluhoQGte6mTcr
youtube,OqPzfAplkk4,like_count,264,,youtube_public_v1,PUBLIC,0URFluhoQGte6mTcr
youtube,OqPzfAplkk4,comment_count,0,,youtube_public_v1,PUBLIC,0URFluhoQGte6mTcr
youtube,9qw6zGsNRcE,view_count,25014,,youtube_public_v1,PUBLIC,0URFluhoQGte6mTcr
youtube,9qw6zGsNRcE,like_count,312,,youtube_public_v1,PUBLIC,0URFluhoQGte6mTcr
youtube,9qw6zGsNRcE,comment_count,1,,youtube_public_v1,PUBLIC,0URFluhoQGte6mTcr
youtube,5B3VwtiFfm4,view_count,4153,,youtube_public_v1,PUBLIC,0URFluhoQGte6mTcr
youtube,5B3VwtiFfm4,like_count,103,,youtube_public_v1,PUBLIC,0URFluhoQGte6mTcr
youtube,5B3VwtiFfm4,comment_count,1,,youtube_public_v1,PUBLIC,0URFluhoQGte6mTcr
youtube,iZCbihR_9eI,view_count,10484,,youtube_public_v1,PUBLIC,0URFluhoQGte6mTcr
youtube,iZCbihR_9eI,like_count,254,,youtube_public_v1,PUBLIC,0URFluhoQGte6mTcr
youtube,iZCbihR_9eI,comment_count,0,,youtube_public_v1,PUBLIC,0URFluhoQGte6mTcr
youtube,A3nEh6VIgGU,view_count,245107,,youtube_public_v1,PUBLIC,0URFluhoQGte6mTcr
youtube,A3nEh6VIgGU,like_count,3700,,youtube_public_v1,PUBLIC,0URFluhoQGte6mTcr
youtube,A3nEh6VIgGU,comment_count,13,,youtube_public_v1,PUBLIC,0URFluhoQGte6mTcr
youtube,qeKmJDOv7L4,view_count,14796,,youtube_public_v1,PUBLIC,0URFluhoQGte6mTcr
youtube,qeKmJDOv7L4,like_count,163,,youtube_public_v1,PUBLIC,0URFluhoQGte6mTcr
youtube,qeKmJDOv7L4,comment_count,1,,youtube_public_v1,PUBLIC,0URFluhoQGte6mTcr
youtube,ou7KRmFPLn8,view_count,6954,,youtube_public_v1,PUBLIC,0URFluhoQGte6mTcr
youtube,ou7KRmFPLn8,like_count,51,,youtube_public_v1,PUBLIC,0URFluhoQGte6mTcr
youtube,ou7KRmFPLn8,comment_count,0,,youtube_public_v1,PUBLIC,0URFluhoQGte6mTcr
youtube,JAbca8wzYaA,view_count,1087554,,youtube_public_v1,PUBLIC,0URFluhoQGte6mTcr
youtube,JAbca8wzYaA,like_count,6400,,youtube_public_v1,PUBLIC,0URFluhoQGte6mTcr
youtube,JAbca8wzYaA,comment_count,37,,youtube_public_v1,PUBLIC,0URFluhoQGte6mTcr
youtube,u1H0nHyEHso,view_count,20984,,youtube_public_v1,PUBLIC,0URFluhoQGte6mTcr
youtube,u1H0nHyEHso,like_count,359,,youtube_public_v1,PUBLIC,0URFluhoQGte6mTcr
youtube,u1H0nHyEHso,comment_count,1,,youtube_public_v1,PUBLIC,0URFluhoQGte6mTcr
youtube,poI0lBz7LCY,view_count,15805,,youtube_public_v1,PUBLIC,0URFluhoQGte6mTcr
youtube,poI0lBz7LCY,like_count,733,,youtube_public_v1,PUBLIC,0URFluhoQGte6mTcr
youtube,poI0lBz7LCY,comment_count,4,,youtube_public_v1,PUBLIC,0URFluhoQGte6mTcr
youtube,T4TjX2CKnxE,view_count,101458,,youtube_public_v1,PUBLIC,0URFluhoQGte6mTcr
youtube,T4TjX2CKnxE,like_count,2100,,youtube_public_v1,PUBLIC,0URFluhoQGte6mTcr
youtube,T4TjX2CKnxE,comment_count,15,,youtube_public_v1,PUBLIC,0URFluhoQGte6mTcr
youtube,IKsGVhb_AaQ,view_count,1294370,,youtube_public_v1,PUBLIC,0URFluhoQGte6mTcr
youtube,IKsGVhb_AaQ,like_count,28000,,youtube_public_v1,PUBLIC,0URFluhoQGte6mTcr
youtube,IKsGVhb_AaQ,comment_count,112,,youtube_public_v1,PUBLIC,0URFluhoQGte6mTcr
youtube,NnizhYjFYUE,view_count,4019,,youtube_public_v1,PUBLIC,0URFluhoQGte6mTcr
youtube,NnizhYjFYUE,like_count,37,,youtube_public_v1,PUBLIC,0URFluhoQGte6mTcr
youtube,NnizhYjFYUE,comment_count,0,,youtube_public_v1,PUBLIC,0URFluhoQGte6mTcr
youtube,Gy0DGwMgwjM,view_count,12586,,youtube_public_v1,PUBLIC,0URFluhoQGte6mTcr
youtube,Gy0DGwMgwjM,like_count,121,,youtube_public_v1,PUBLIC,0URFluhoQGte6mTcr
youtube,Gy0DGwMgwjM,comment_count,1,,youtube_public_v1,PUBLIC,0URFluhoQGte6mTcr
youtube,FZug7vxy0tM,view_count,100234,,youtube_public_v1,PUBLIC,0URFluhoQGte6mTcr
youtube,FZug7vxy0tM,like_count,1000,,youtube_public_v1,PUBLIC,0URFluhoQGte6mTcr
youtube,FZug7vxy0tM,comment_count,7,,youtube_public_v1,PUBLIC,0URFluhoQGte6mTcr
youtube,B2gakQXgkrg,view_count,12287,,youtube_public_v1,PUBLIC,0URFluhoQGte6mTcr
youtube,B2gakQXgkrg,like_count,100,,youtube_public_v1,PUBLIC,0URFluhoQGte6mTcr
youtube,B2gakQXgkrg,comment_count,0,,youtube_public_v1,PUBLIC,0URFluhoQGte6mTcr
youtube,5P44doO5-_U,view_count,38790,,youtube_public_v1,PUBLIC,0URFluhoQGte6mTcr
youtube,5P44doO5-_U,like_count,489,,youtube_public_v1,PUBLIC,0URFluhoQGte6mTcr
youtube,5P44doO5-_U,comment_count,1,,youtube_public_v1,PUBLIC,0URFluhoQGte6mTcr
youtube,uuuJwz_JbBM,view_count,202041,,youtube_public_v1,PUBLIC,0URFluhoQGte6mTcr
youtube,uuuJwz_JbBM,like_count,3600,,youtube_public_v1,PUBLIC,0URFluhoQGte6mTcr
youtube,uuuJwz_JbBM,comment_count,18,,youtube_public_v1,PUBLIC,0URFluhoQGte6mTcr
youtube,ZlQt19tix8M,view_count,253244,,youtube_public_v1,PUBLIC,0URFluhoQGte6mTcr
youtube,ZlQt19tix8M,like_count,4000,,youtube_public_v1,PUBLIC,0URFluhoQGte6mTcr
youtube,ZlQt19tix8M,comment_count,16,,youtube_public_v1,PUBLIC,0URFluhoQGte6mTcr
youtube,02dY1K_NI7s,view_count,1538038,,youtube_public_v1,PUBLIC,0URFluhoQGte6mTcr
youtube,02dY1K_NI7s,like_count,11000,,youtube_public_v1,PUBLIC,0URFluhoQGte6mTcr
youtube,02dY1K_NI7s,comment_count,38,,youtube_public_v1,PUBLIC,0URFluhoQGte6mTcr
youtube,2w1Uj20QtZo,view_count,12933,,youtube_public_v1,PUBLIC,0URFluhoQGte6mTcr
youtube,2w1Uj20QtZo,like_count,70,,youtube_public_v1,PUBLIC,0URFluhoQGte6mTcr
youtube,2w1Uj20QtZo,comment_count,5,,youtube_public_v1,PUBLIC,0URFluhoQGte6mTcr
youtube,X904xUg6YW0,view_count,9517,,youtube_public_v1,PUBLIC,0URFluhoQGte6mTcr
youtube,X904xUg6YW0,like_count,159,,youtube_public_v1,PUBLIC,0URFluhoQGte6mTcr
youtube,X904xUg6YW0,comment_count,1,,youtube_public_v1,PUBLIC,0URFluhoQGte6mTcr
youtube,wLBZnfiY_Zk,view_count,729216,,youtube_public_v1,PUBLIC,0URFluhoQGte6mTcr
youtube,wLBZnfiY_Zk,like_count,12000,,youtube_public_v1,PUBLIC,0URFluhoQGte6mTcr
youtube,wLBZnfiY_Zk,comment_count,48,,youtube_public_v1,PUBLIC,0URFluhoQGte6mTcr
youtube,9XhFIJsC7AY,view_count,69992,,youtube_public_v1,PUBLIC,0URFluhoQGte6mTcr
youtube,9XhFIJsC7AY,like_count,795,,youtube_public_v1,PUBLIC,0URFluhoQGte6mTcr
youtube,9XhFIJsC7AY,comment_count,10,,youtube_public_v1,PUBLIC,0URFluhoQGte6mTcr
youtube,YwZ0LcxCqTQ,view_count,63318,,youtube_public_v1,PUBLIC,0URFluhoQGte6mTcr
youtube,YwZ0LcxCqTQ,like_count,884,,youtube_public_v1,PUBLIC,0URFluhoQGte6mTcr
youtube,YwZ0LcxCqTQ,comment_count,8,,youtube_public_v1,PUBLIC,0URFluhoQGte6mTcr
youtube,8NiIuwI-n4c,view_count,97916,,youtube_public_v1,PUBLIC,0URFluhoQGte6mTcr
youtube,8NiIuwI-n4c,like_count,423,,youtube_public_v1,PUBLIC,0URFluhoQGte6mTcr
youtube,8NiIuwI-n4c,comment_count,14,,youtube_public_v1,PUBLIC,0URFluhoQGte6mTcr
youtube,ne66dDC-ZsI,view_count,25836,,youtube_public_v1,PUBLIC,OPrJtXGxn8lNJ978p
youtube,ne66dDC-ZsI,like_count,108,,youtube_public_v1,PUBLIC,OPrJtXGxn8lNJ978p
youtube,ne66dDC-ZsI,comment_count,4,,youtube_public_v1,PUBLIC,OPrJtXGxn8lNJ978p
youtube,oRbKEWCbwK8,view_count,273713,2026-08-12T14:46:24.722846+07:00,youtube_public_v1,PUBLIC,OPrJtXGxn8lNJ978p
youtube,oRbKEWCbwK8,like_count,3200,2026-08-12T14:46:24.722846+07:00,youtube_public_v1,PUBLIC,OPrJtXGxn8lNJ978p
youtube,oRbKEWCbwK8,comment_count,396,2026-08-12T14:46:24.722846+07:00,youtube_public_v1,PUBLIC,OPrJtXGxn8lNJ978p
youtube,QPO8ygNPrzw,view_count,163718,2026-08-12T14:46:24.722846+07:00,youtube_public_v1,PUBLIC,OPrJtXGxn8lNJ978p
youtube,QPO8ygNPrzw,like_count,1800,2026-08-12T14:46:24.722846+07:00,youtube_public_v1,PUBLIC,OPrJtXGxn8lNJ978p
youtube,QPO8ygNPrzw,comment_count,230,2026-08-12T14:46:24.722846+07:00,youtube_public_v1,PUBLIC,OPrJtXGxn8lNJ978p
youtube,jVPzKyaPcxg,view_count,47395,,youtube_public_v1,PUBLIC,OPrJtXGxn8lNJ978p
youtube,jVPzKyaPcxg,like_count,185,,youtube_public_v1,PUBLIC,OPrJtXGxn8lNJ978p
youtube,jVPzKyaPcxg,comment_count,12,,youtube_public_v1,PUBLIC,OPrJtXGxn8lNJ978p
youtube,PkE0Dy5HU48,view_count,1016,,youtube_public_v1,PUBLIC,qSakCySJwCbZNAhLD
youtube,PkE0Dy5HU48,like_count,15,,youtube_public_v1,PUBLIC,qSakCySJwCbZNAhLD
youtube,PkE0Dy5HU48,comment_count,0,,youtube_public_v1,PUBLIC,qSakCySJwCbZNAhLD
youtube,6lh9tFDci0c,view_count,3322,,youtube_public_v1,PUBLIC,OPrJtXGxn8lNJ978p
youtube,6lh9tFDci0c,like_count,30,,youtube_public_v1,PUBLIC,OPrJtXGxn8lNJ978p
youtube,6lh9tFDci0c,comment_count,1,,youtube_public_v1,PUBLIC,OPrJtXGxn8lNJ978p
youtube,U4-CHYr-D-o,view_count,11665,,youtube_public_v1,PUBLIC,qSakCySJwCbZNAhLD
youtube,U4-CHYr-D-o,like_count,68,,youtube_public_v1,PUBLIC,qSakCySJwCbZNAhLD
youtube,U4-CHYr-D-o,comment_count,4,,youtube_public_v1,PUBLIC,qSakCySJwCbZNAhLD
youtube,ThotgmEN_9M,view_count,200378,2026-08-12T14:46:24.722846+07:00,youtube_public_v1,PUBLIC,OPrJtXGxn8lNJ978p
youtube,ThotgmEN_9M,like_count,1700,2026-08-12T14:46:24.722846+07:00,youtube_public_v1,PUBLIC,OPrJtXGxn8lNJ978p
youtube,ThotgmEN_9M,comment_count,203,2026-08-12T14:46:24.722846+07:00,youtube_public_v1,PUBLIC,OPrJtXGxn8lNJ978p
youtube,TKRlDXRTzH4,view_count,2048,,youtube_public_v1,PUBLIC,OPrJtXGxn8lNJ978p
youtube,TKRlDXRTzH4,like_count,16,,youtube_public_v1,PUBLIC,OPrJtXGxn8lNJ978p
youtube,TKRlDXRTzH4,comment_count,0,,youtube_public_v1,PUBLIC,OPrJtXGxn8lNJ978p
youtube,BAIUdniPO-A,view_count,296152,2026-08-12T14:46:24.722846+07:00,youtube_public_v1,PUBLIC,OPrJtXGxn8lNJ978p
youtube,BAIUdniPO-A,like_count,2600,2026-08-12T14:46:24.722846+07:00,youtube_public_v1,PUBLIC,OPrJtXGxn8lNJ978p
youtube,BAIUdniPO-A,comment_count,265,2026-08-12T14:46:24.722846+07:00,youtube_public_v1,PUBLIC,OPrJtXGxn8lNJ978p
youtube,IAMOjVbgaBI,view_count,176443,2026-08-12T14:46:24.722846+07:00,youtube_public_v1,PUBLIC,qSakCySJwCbZNAhLD
youtube,IAMOjVbgaBI,like_count,1100,2026-08-12T14:46:24.722846+07:00,youtube_public_v1,PUBLIC,qSakCySJwCbZNAhLD
youtube,IAMOjVbgaBI,comment_count,172,2026-08-12T14:46:24.722846+07:00,youtube_public_v1,PUBLIC,qSakCySJwCbZNAhLD
youtube,N4OkGxXCXkc,view_count,12249,,youtube_public_v1,PUBLIC,qSakCySJwCbZNAhLD
youtube,N4OkGxXCXkc,like_count,66,,youtube_public_v1,PUBLIC,qSakCySJwCbZNAhLD
youtube,N4OkGxXCXkc,comment_count,4,,youtube_public_v1,PUBLIC,qSakCySJwCbZNAhLD
youtube,qVLWL3kGpjY,view_count,41899,,youtube_public_v1,PUBLIC,OPrJtXGxn8lNJ978p
youtube,qVLWL3kGpjY,like_count,163,,youtube_public_v1,PUBLIC,OPrJtXGxn8lNJ978p
youtube,qVLWL3kGpjY,comment_count,7,,youtube_public_v1,PUBLIC,OPrJtXGxn8lNJ978p
youtube,WhGJs7R1UtU,view_count,628144,2026-08-12T14:46:24.722846+07:00,youtube_public_v1,PUBLIC,qSakCySJwCbZNAhLD
youtube,WhGJs7R1UtU,like_count,4400,2026-08-12T14:46:24.722846+07:00,youtube_public_v1,PUBLIC,qSakCySJwCbZNAhLD
youtube,WhGJs7R1UtU,comment_count,450,2026-08-12T14:46:24.722846+07:00,youtube_public_v1,PUBLIC,qSakCySJwCbZNAhLD
youtube,4g87MXCejDs,view_count,227331,2026-08-12T14:46:24.722846+07:00,youtube_public_v1,PUBLIC,OPrJtXGxn8lNJ978p
youtube,4g87MXCejDs,like_count,1100,2026-08-12T14:46:24.722846+07:00,youtube_public_v1,PUBLIC,OPrJtXGxn8lNJ978p
youtube,4g87MXCejDs,comment_count,96,2026-08-12T14:46:24.722846+07:00,youtube_public_v1,PUBLIC,OPrJtXGxn8lNJ978p
youtube,i1mkj83WpFA,view_count,21994,,youtube_public_v1,PUBLIC,OPrJtXGxn8lNJ978p
youtube,i1mkj83WpFA,like_count,94,,youtube_public_v1,PUBLIC,OPrJtXGxn8lNJ978p
youtube,i1mkj83WpFA,comment_count,8,,youtube_public_v1,PUBLIC,OPrJtXGxn8lNJ978p
youtube,axgY8ERAHn8,view_count,1089430,2026-08-12T14:46:24.722846+07:00,youtube_public_v1,PUBLIC,qSakCySJwCbZNAhLD
youtube,axgY8ERAHn8,like_count,7100,2026-08-12T14:46:24.722846+07:00,youtube_public_v1,PUBLIC,qSakCySJwCbZNAhLD
youtube,axgY8ERAHn8,comment_count,449,2026-08-12T14:46:24.722846+07:00,youtube_public_v1,PUBLIC,qSakCySJwCbZNAhLD
youtube,Qm_NL6gbhug,view_count,1814,,youtube_public_v1,PUBLIC,OPrJtXGxn8lNJ978p
youtube,Qm_NL6gbhug,like_count,27,,youtube_public_v1,PUBLIC,OPrJtXGxn8lNJ978p
youtube,Qm_NL6gbhug,comment_count,3,,youtube_public_v1,PUBLIC,OPrJtXGxn8lNJ978p
youtube,nzYPecT0cWI,view_count,98460,2026-08-12T14:46:24.722846+07:00,youtube_public_v1,PUBLIC,OPrJtXGxn8lNJ978p
youtube,nzYPecT0cWI,like_count,892,2026-08-12T14:46:24.722846+07:00,youtube_public_v1,PUBLIC,OPrJtXGxn8lNJ978p
youtube,nzYPecT0cWI,comment_count,143,2026-08-12T14:46:24.722846+07:00,youtube_public_v1,PUBLIC,OPrJtXGxn8lNJ978p
youtube,mG6KF2AwCAg,view_count,418255,2026-08-12T14:46:24.722846+07:00,youtube_public_v1,PUBLIC,qSakCySJwCbZNAhLD
youtube,mG6KF2AwCAg,like_count,2800,2026-08-12T14:46:24.722846+07:00,youtube_public_v1,PUBLIC,qSakCySJwCbZNAhLD
youtube,mG6KF2AwCAg,comment_count,234,2026-08-12T14:46:24.722846+07:00,youtube_public_v1,PUBLIC,qSakCySJwCbZNAhLD
youtube,vPba4Si-Wug,view_count,141252,2026-08-12T14:46:24.722846+07:00,youtube_public_v1,PUBLIC,OPrJtXGxn8lNJ978p
youtube,vPba4Si-Wug,like_count,1200,2026-08-12T14:46:24.722846+07:00,youtube_public_v1,PUBLIC,OPrJtXGxn8lNJ978p
youtube,vPba4Si-Wug,comment_count,194,2026-08-12T14:46:24.722846+07:00,youtube_public_v1,PUBLIC,OPrJtXGxn8lNJ978p
youtube,nR4y8Hi94V0,view_count,217481,2026-08-12T14:46:24.722846+07:00,youtube_public_v1,PUBLIC,OPrJtXGxn8lNJ978p
youtube,nR4y8Hi94V0,like_count,1200,2026-08-12T14:46:24.722846+07:00,youtube_public_v1,PUBLIC,OPrJtXGxn8lNJ978p
youtube,nR4y8Hi94V0,comment_count,152,2026-08-12T14:46:24.722846+07:00,youtube_public_v1,PUBLIC,OPrJtXGxn8lNJ978p
youtube,l3h3wLt6R8c,view_count,21944,,youtube_public_v1,PUBLIC,qSakCySJwCbZNAhLD
youtube,l3h3wLt6R8c,like_count,339,,youtube_public_v1,PUBLIC,qSakCySJwCbZNAhLD
youtube,l3h3wLt6R8c,comment_count,20,,youtube_public_v1,PUBLIC,qSakCySJwCbZNAhLD
youtube,MU4dustJcfE,view_count,248904,2026-08-12T14:46:24.722846+07:00,youtube_public_v1,PUBLIC,OPrJtXGxn8lNJ978p
youtube,MU4dustJcfE,like_count,1800,2026-08-12T14:46:24.722846+07:00,youtube_public_v1,PUBLIC,OPrJtXGxn8lNJ978p
youtube,MU4dustJcfE,comment_count,183,2026-08-12T14:46:24.722846+07:00,youtube_public_v1,PUBLIC,OPrJtXGxn8lNJ978p
youtube,PTXWpKPEnTc,view_count,172443,,youtube_public_v1,PUBLIC,OPrJtXGxn8lNJ978p
youtube,PTXWpKPEnTc,like_count,712,,youtube_public_v1,PUBLIC,OPrJtXGxn8lNJ978p
youtube,PTXWpKPEnTc,comment_count,83,,youtube_public_v1,PUBLIC,OPrJtXGxn8lNJ978p
youtube,o1kQX4OQu68,view_count,314714,2026-08-12T14:46:24.722846+07:00,youtube_public_v1,PUBLIC,OPrJtXGxn8lNJ978p
youtube,o1kQX4OQu68,like_count,1800,2026-08-12T14:46:24.722846+07:00,youtube_public_v1,PUBLIC,OPrJtXGxn8lNJ978p
youtube,o1kQX4OQu68,comment_count,166,2026-08-12T14:46:24.722846+07:00,youtube_public_v1,PUBLIC,OPrJtXGxn8lNJ978p
youtube,SgkvvVOf-Vk,view_count,8212,,youtube_public_v1,PUBLIC,OPrJtXGxn8lNJ978p
youtube,SgkvvVOf-Vk,like_count,56,,youtube_public_v1,PUBLIC,OPrJtXGxn8lNJ978p
youtube,SgkvvVOf-Vk,comment_count,0,,youtube_public_v1,PUBLIC,OPrJtXGxn8lNJ978p
youtube,kab_hH3xG5o,view_count,126351,2026-08-12T14:46:24.722846+07:00,youtube_public_v1,PUBLIC,qSakCySJwCbZNAhLD
youtube,kab_hH3xG5o,like_count,1000,2026-08-12T14:46:24.722846+07:00,youtube_public_v1,PUBLIC,qSakCySJwCbZNAhLD
youtube,kab_hH3xG5o,comment_count,187,2026-08-12T14:46:24.722846+07:00,youtube_public_v1,PUBLIC,qSakCySJwCbZNAhLD
youtube,qs9Q_I0DwJo,view_count,2530,,youtube_public_v1,PUBLIC,OPrJtXGxn8lNJ978p
youtube,qs9Q_I0DwJo,like_count,47,,youtube_public_v1,PUBLIC,OPrJtXGxn8lNJ978p
youtube,qs9Q_I0DwJo,comment_count,0,,youtube_public_v1,PUBLIC,OPrJtXGxn8lNJ978p
youtube,8hs7wldFUYw,view_count,6703,,youtube_public_v1,PUBLIC,OPrJtXGxn8lNJ978p
youtube,8hs7wldFUYw,like_count,43,,youtube_public_v1,PUBLIC,OPrJtXGxn8lNJ978p
youtube,8hs7wldFUYw,comment_count,0,,youtube_public_v1,PUBLIC,OPrJtXGxn8lNJ978p
youtube,HyE7_PCmlvc,view_count,2516,,youtube_public_v1,PUBLIC,OPrJtXGxn8lNJ978p
youtube,HyE7_PCmlvc,like_count,17,,youtube_public_v1,PUBLIC,OPrJtXGxn8lNJ978p
youtube,HyE7_PCmlvc,comment_count,0,,youtube_public_v1,PUBLIC,OPrJtXGxn8lNJ978p
youtube,8unUCXSA-Mw,view_count,1821,,youtube_public_v1,PUBLIC,OPrJtXGxn8lNJ978p
youtube,8unUCXSA-Mw,like_count,9,,youtube_public_v1,PUBLIC,OPrJtXGxn8lNJ978p
youtube,8unUCXSA-Mw,comment_count,0,,youtube_public_v1,PUBLIC,OPrJtXGxn8lNJ978p
youtube,UXgp5NAIy0w,view_count,2109,,youtube_public_v1,PUBLIC,OPrJtXGxn8lNJ978p
youtube,UXgp5NAIy0w,like_count,19,,youtube_public_v1,PUBLIC,OPrJtXGxn8lNJ978p
youtube,UXgp5NAIy0w,comment_count,0,,youtube_public_v1,PUBLIC,OPrJtXGxn8lNJ978p
youtube,HCH_59nk4vY,view_count,1727,,youtube_public_v1,PUBLIC,qSakCySJwCbZNAhLD
youtube,HCH_59nk4vY,like_count,27,,youtube_public_v1,PUBLIC,qSakCySJwCbZNAhLD
youtube,HCH_59nk4vY,comment_count,0,,youtube_public_v1,PUBLIC,qSakCySJwCbZNAhLD
youtube,COLGqyN7-CA,view_count,1771,,youtube_public_v1,PUBLIC,qSakCySJwCbZNAhLD
youtube,COLGqyN7-CA,like_count,21,,youtube_public_v1,PUBLIC,qSakCySJwCbZNAhLD
youtube,COLGqyN7-CA,comment_count,0,,youtube_public_v1,PUBLIC,qSakCySJwCbZNAhLD
youtube,0oDVv7FD-9o,view_count,2491,,youtube_public_v1,PUBLIC,OPrJtXGxn8lNJ978p
youtube,0oDVv7FD-9o,like_count,16,,youtube_public_v1,PUBLIC,OPrJtXGxn8lNJ978p
youtube,0oDVv7FD-9o,comment_count,1,,youtube_public_v1,PUBLIC,OPrJtXGxn8lNJ978p
youtube,avrnoBTATcM,view_count,4593,,youtube_public_v1,PUBLIC,qSakCySJwCbZNAhLD
youtube,avrnoBTATcM,like_count,26,,youtube_public_v1,PUBLIC,qSakCySJwCbZNAhLD
youtube,avrnoBTATcM,comment_count,0,,youtube_public_v1,PUBLIC,qSakCySJwCbZNAhLD
youtube,-mfyJG6T87Y,view_count,3171,,youtube_public_v1,PUBLIC,OPrJtXGxn8lNJ978p
youtube,-mfyJG6T87Y,like_count,11,,youtube_public_v1,PUBLIC,OPrJtXGxn8lNJ978p
youtube,-mfyJG6T87Y,comment_count,0,,youtube_public_v1,PUBLIC,OPrJtXGxn8lNJ978p
youtube,N-K3Go8PKaQ,view_count,4199,,youtube_public_v1,PUBLIC,OPrJtXGxn8lNJ978p
youtube,N-K3Go8PKaQ,like_count,31,,youtube_public_v1,PUBLIC,OPrJtXGxn8lNJ978p
youtube,N-K3Go8PKaQ,comment_count,1,,youtube_public_v1,PUBLIC,OPrJtXGxn8lNJ978p
youtube,8MMeCTLdWgY,view_count,2240,,youtube_public_v1,PUBLIC,qSakCySJwCbZNAhLD
youtube,8MMeCTLdWgY,like_count,18,,youtube_public_v1,PUBLIC,qSakCySJwCbZNAhLD
youtube,8MMeCTLdWgY,comment_count,0,,youtube_public_v1,PUBLIC,qSakCySJwCbZNAhLD
youtube,kzIY5y_UFBk,view_count,1082,,youtube_public_v1,PUBLIC,OPrJtXGxn8lNJ978p
youtube,kzIY5y_UFBk,like_count,25,,youtube_public_v1,PUBLIC,OPrJtXGxn8lNJ978p
youtube,kzIY5y_UFBk,comment_count,1,,youtube_public_v1,PUBLIC,OPrJtXGxn8lNJ978p
youtube,7AgCkDnwMgM,view_count,9850,,youtube_public_v1,PUBLIC,OPrJtXGxn8lNJ978p
youtube,7AgCkDnwMgM,like_count,71,,youtube_public_v1,PUBLIC,OPrJtXGxn8lNJ978p
youtube,7AgCkDnwMgM,comment_count,1,,youtube_public_v1,PUBLIC,OPrJtXGxn8lNJ978p
youtube,DNyL89AKsx8,view_count,1184,,youtube_public_v1,PUBLIC,qSakCySJwCbZNAhLD
youtube,DNyL89AKsx8,like_count,11,,youtube_public_v1,PUBLIC,qSakCySJwCbZNAhLD
youtube,DNyL89AKsx8,comment_count,0,,youtube_public_v1,PUBLIC,qSakCySJwCbZNAhLD
youtube,vue_JqbeBvM,view_count,1270,,youtube_public_v1,PUBLIC,OPrJtXGxn8lNJ978p
youtube,vue_JqbeBvM,like_count,22,,youtube_public_v1,PUBLIC,OPrJtXGxn8lNJ978p
youtube,vue_JqbeBvM,comment_count,0,,youtube_public_v1,PUBLIC,OPrJtXGxn8lNJ978p
youtube,4Gmw-u10CsQ,view_count,4304,,youtube_public_v1,PUBLIC,OPrJtXGxn8lNJ978p
youtube,4Gmw-u10CsQ,like_count,32,,youtube_public_v1,PUBLIC,OPrJtXGxn8lNJ978p
youtube,4Gmw-u10CsQ,comment_count,0,,youtube_public_v1,PUBLIC,OPrJtXGxn8lNJ978p
youtube,5OdbYebKM90,view_count,1807,,youtube_public_v1,PUBLIC,OPrJtXGxn8lNJ978p
youtube,5OdbYebKM90,like_count,21,,youtube_public_v1,PUBLIC,OPrJtXGxn8lNJ978p
youtube,5OdbYebKM90,comment_count,0,,youtube_public_v1,PUBLIC,OPrJtXGxn8lNJ978p
youtube,3bOSLj5T5cY,view_count,1507,,youtube_public_v1,PUBLIC,OPrJtXGxn8lNJ978p
youtube,3bOSLj5T5cY,like_count,23,,youtube_public_v1,PUBLIC,OPrJtXGxn8lNJ978p
youtube,3bOSLj5T5cY,comment_count,0,,youtube_public_v1,PUBLIC,OPrJtXGxn8lNJ978p
youtube,fiMD32ouN84,view_count,1551,,youtube_public_v1,PUBLIC,OPrJtXGxn8lNJ978p
youtube,fiMD32ouN84,like_count,20,,youtube_public_v1,PUBLIC,OPrJtXGxn8lNJ978p
youtube,fiMD32ouN84,comment_count,0,,youtube_public_v1,PUBLIC,OPrJtXGxn8lNJ978p
youtube,P4LJsBBvyUI,view_count,2816,,youtube_public_v1,PUBLIC,OPrJtXGxn8lNJ978p
youtube,P4LJsBBvyUI,like_count,63,,youtube_public_v1,PUBLIC,OPrJtXGxn8lNJ978p
youtube,P4LJsBBvyUI,comment_count,1,,youtube_public_v1,PUBLIC,OPrJtXGxn8lNJ978p
youtube,UwuG7lsrWAs,view_count,1645,,youtube_public_v1,PUBLIC,OPrJtXGxn8lNJ978p
youtube,UwuG7lsrWAs,like_count,16,,youtube_public_v1,PUBLIC,OPrJtXGxn8lNJ978p
youtube,UwuG7lsrWAs,comment_count,0,,youtube_public_v1,PUBLIC,OPrJtXGxn8lNJ978p
youtube,fek9DdJSdtI,view_count,1908,,youtube_public_v1,PUBLIC,qSakCySJwCbZNAhLD
youtube,fek9DdJSdtI,like_count,20,,youtube_public_v1,PUBLIC,qSakCySJwCbZNAhLD
youtube,fek9DdJSdtI,comment_count,0,,youtube_public_v1,PUBLIC,qSakCySJwCbZNAhLD
youtube,Z6EnO-f-jS8,view_count,1697,,youtube_public_v1,PUBLIC,qSakCySJwCbZNAhLD
youtube,Z6EnO-f-jS8,like_count,15,,youtube_public_v1,PUBLIC,qSakCySJwCbZNAhLD
youtube,Z6EnO-f-jS8,comment_count,0,,youtube_public_v1,PUBLIC,qSakCySJwCbZNAhLD
youtube,xLpngUNcuM8,view_count,1827,,youtube_public_v1,PUBLIC,OPrJtXGxn8lNJ978p
youtube,xLpngUNcuM8,like_count,21,,youtube_public_v1,PUBLIC,OPrJtXGxn8lNJ978p
youtube,xLpngUNcuM8,comment_count,1,,youtube_public_v1,PUBLIC,OPrJtXGxn8lNJ978p
youtube,aaNuw5mGBK8,view_count,1421,,youtube_public_v1,PUBLIC,OPrJtXGxn8lNJ978p
youtube,aaNuw5mGBK8,like_count,16,,youtube_public_v1,PUBLIC,OPrJtXGxn8lNJ978p
youtube,aaNuw5mGBK8,comment_count,0,,youtube_public_v1,PUBLIC,OPrJtXGxn8lNJ978p
youtube,bd_gVhjjELM,view_count,4478,,youtube_public_v1,PUBLIC,OPrJtXGxn8lNJ978p
youtube,bd_gVhjjELM,like_count,47,,youtube_public_v1,PUBLIC,OPrJtXGxn8lNJ978p
youtube,bd_gVhjjELM,comment_count,0,,youtube_public_v1,PUBLIC,OPrJtXGxn8lNJ978p
youtube,zHyYprdtnAA,view_count,4427,,youtube_public_v1,PUBLIC,qSakCySJwCbZNAhLD
youtube,zHyYprdtnAA,like_count,47,,youtube_public_v1,PUBLIC,qSakCySJwCbZNAhLD
youtube,zHyYprdtnAA,comment_count,0,,youtube_public_v1,PUBLIC,qSakCySJwCbZNAhLD
youtube,G88mDYmEw1A,view_count,40,,youtube_public_v1,PUBLIC,qSakCySJwCbZNAhLD
youtube,G88mDYmEw1A,like_count,2,,youtube_public_v1,PUBLIC,qSakCySJwCbZNAhLD
youtube,G88mDYmEw1A,comment_count,0,,youtube_public_v1,PUBLIC,qSakCySJwCbZNAhLD
youtube,nSnAQcKeuYM,view_count,133,,youtube_public_v1,PUBLIC,qSakCySJwCbZNAhLD
youtube,nSnAQcKeuYM,like_count,4,,youtube_public_v1,PUBLIC,qSakCySJwCbZNAhLD
youtube,nSnAQcKeuYM,comment_count,0,,youtube_public_v1,PUBLIC,qSakCySJwCbZNAhLD
youtube,lekCywfhOt4,view_count,107,,youtube_public_v1,PUBLIC,qSakCySJwCbZNAhLD
youtube,lekCywfhOt4,like_count,1,,youtube_public_v1,PUBLIC,qSakCySJwCbZNAhLD
youtube,lekCywfhOt4,comment_count,0,,youtube_public_v1,PUBLIC,qSakCySJwCbZNAhLD
youtube,Cja_DGmyfvM,view_count,113739,,youtube_public_v1,PUBLIC,OPrJtXGxn8lNJ978p
youtube,Cja_DGmyfvM,like_count,304,,youtube_public_v1,PUBLIC,OPrJtXGxn8lNJ978p
youtube,Cja_DGmyfvM,comment_count,1,,youtube_public_v1,PUBLIC,OPrJtXGxn8lNJ978p
youtube,3NDsEFXCb1I,view_count,102,,youtube_public_v1,PUBLIC,qSakCySJwCbZNAhLD
youtube,3NDsEFXCb1I,like_count,1,,youtube_public_v1,PUBLIC,qSakCySJwCbZNAhLD
youtube,3NDsEFXCb1I,comment_count,0,,youtube_public_v1,PUBLIC,qSakCySJwCbZNAhLD
youtube,DrDyowmS2Ao,view_count,1243,,youtube_public_v1,PUBLIC,qSakCySJwCbZNAhLD
youtube,DrDyowmS2Ao,like_count,37,,youtube_public_v1,PUBLIC,qSakCySJwCbZNAhLD
youtube,DrDyowmS2Ao,comment_count,0,,youtube_public_v1,PUBLIC,qSakCySJwCbZNAhLD
youtube,6OecJE_pnFU,view_count,572,,youtube_public_v1,PUBLIC,qSakCySJwCbZNAhLD
youtube,6OecJE_pnFU,like_count,4,,youtube_public_v1,PUBLIC,qSakCySJwCbZNAhLD
youtube,6OecJE_pnFU,comment_count,0,,youtube_public_v1,PUBLIC,qSakCySJwCbZNAhLD
youtube,k2kzFnU6gtw,view_count,2383,,youtube_public_v1,PUBLIC,OPrJtXGxn8lNJ978p
youtube,k2kzFnU6gtw,like_count,27,,youtube_public_v1,PUBLIC,OPrJtXGxn8lNJ978p
youtube,k2kzFnU6gtw,comment_count,0,,youtube_public_v1,PUBLIC,OPrJtXGxn8lNJ978p
youtube,RXM2-OWdaIU,view_count,1116,,youtube_public_v1,PUBLIC,qSakCySJwCbZNAhLD
youtube,RXM2-OWdaIU,like_count,10,,youtube_public_v1,PUBLIC,qSakCySJwCbZNAhLD
youtube,RXM2-OWdaIU,comment_count,0,,youtube_public_v1,PUBLIC,qSakCySJwCbZNAhLD
youtube,zWsbOtepOSA,view_count,74893,,youtube_public_v1,PUBLIC,qSakCySJwCbZNAhLD
youtube,zWsbOtepOSA,like_count,826,,youtube_public_v1,PUBLIC,qSakCySJwCbZNAhLD
youtube,zWsbOtepOSA,comment_count,20,,youtube_public_v1,PUBLIC,qSakCySJwCbZNAhLD
youtube,M5sCF6p7r30,view_count,24022,,youtube_public_v1,PUBLIC,qSakCySJwCbZNAhLD
youtube,M5sCF6p7r30,like_count,88,,youtube_public_v1,PUBLIC,qSakCySJwCbZNAhLD
youtube,M5sCF6p7r30,comment_count,4,,youtube_public_v1,PUBLIC,qSakCySJwCbZNAhLD
youtube,gtzW7pSmhuk,view_count,68938,,youtube_public_v1,PUBLIC,OPrJtXGxn8lNJ978p
youtube,gtzW7pSmhuk,like_count,806,,youtube_public_v1,PUBLIC,OPrJtXGxn8lNJ978p
youtube,gtzW7pSmhuk,comment_count,12,,youtube_public_v1,PUBLIC,OPrJtXGxn8lNJ978p
youtube,LOR2QEV4If4,view_count,11086,,youtube_public_v1,PUBLIC,qSakCySJwCbZNAhLD
youtube,LOR2QEV4If4,like_count,72,,youtube_public_v1,PUBLIC,qSakCySJwCbZNAhLD
youtube,LOR2QEV4If4,comment_count,5,,youtube_public_v1,PUBLIC,qSakCySJwCbZNAhLD
youtube,h4YW31N08pw,view_count,363058,2026-08-12T14:46:24.722846+07:00,youtube_public_v1,PUBLIC,qSakCySJwCbZNAhLD
youtube,h4YW31N08pw,like_count,2600,2026-08-12T14:46:24.722846+07:00,youtube_public_v1,PUBLIC,qSakCySJwCbZNAhLD
youtube,h4YW31N08pw,comment_count,338,2026-08-12T14:46:24.722846+07:00,youtube_public_v1,PUBLIC,qSakCySJwCbZNAhLD
youtube,ngiQ5LI1llA,view_count,211013,2026-08-12T14:46:24.722846+07:00,youtube_public_v1,PUBLIC,qSakCySJwCbZNAhLD
youtube,ngiQ5LI1llA,like_count,1900,2026-08-12T14:46:24.722846+07:00,youtube_public_v1,PUBLIC,qSakCySJwCbZNAhLD
youtube,ngiQ5LI1llA,comment_count,202,2026-08-12T14:46:24.722846+07:00,youtube_public_v1,PUBLIC,qSakCySJwCbZNAhLD
youtube,0XsDJ9tkx3Q,view_count,205172,2026-08-12T14:46:24.722846+07:00,youtube_public_v1,PUBLIC,qSakCySJwCbZNAhLD
youtube,0XsDJ9tkx3Q,like_count,1200,2026-08-12T14:46:24.722846+07:00,youtube_public_v1,PUBLIC,qSakCySJwCbZNAhLD
youtube,0XsDJ9tkx3Q,comment_count,111,2026-08-12T14:46:24.722846+07:00,youtube_public_v1,PUBLIC,qSakCySJwCbZNAhLD
youtube,goNnLc2D940,view_count,241709,2026-08-12T14:46:24.722846+07:00,youtube_public_v1,PUBLIC,qSakCySJwCbZNAhLD
youtube,goNnLc2D940,like_count,1700,2026-08-12T14:46:24.722846+07:00,youtube_public_v1,PUBLIC,qSakCySJwCbZNAhLD
youtube,goNnLc2D940,comment_count,229,2026-08-12T14:46:24.722846+07:00,youtube_public_v1,PUBLIC,qSakCySJwCbZNAhLD
youtube,8bXTcPkA-5o,view_count,184117,2026-08-12T14:46:24.722846+07:00,youtube_public_v1,PUBLIC,qSakCySJwCbZNAhLD
youtube,8bXTcPkA-5o,like_count,1900,2026-08-12T14:46:24.722846+07:00,youtube_public_v1,PUBLIC,qSakCySJwCbZNAhLD
youtube,8bXTcPkA-5o,comment_count,108,2026-08-12T14:46:24.722846+07:00,youtube_public_v1,PUBLIC,qSakCySJwCbZNAhLD
youtube,WU0gw7U8yhc,view_count,203561,2026-08-12T14:46:24.722846+07:00,youtube_public_v1,PUBLIC,OPrJtXGxn8lNJ978p
youtube,WU0gw7U8yhc,like_count,1900,2026-08-12T14:46:24.722846+07:00,youtube_public_v1,PUBLIC,OPrJtXGxn8lNJ978p
youtube,WU0gw7U8yhc,comment_count,229,2026-08-12T14:46:24.722846+07:00,youtube_public_v1,PUBLIC,OPrJtXGxn8lNJ978p
youtube,jbvUIPXlroE,view_count,31124,,youtube_public_v1,PUBLIC,OPrJtXGxn8lNJ978p
youtube,jbvUIPXlroE,like_count,153,,youtube_public_v1,PUBLIC,OPrJtXGxn8lNJ978p
youtube,jbvUIPXlroE,comment_count,5,,youtube_public_v1,PUBLIC,OPrJtXGxn8lNJ978p
youtube,4JfOY_BhH4Y,view_count,7048,,youtube_public_v1,PUBLIC,OPrJtXGxn8lNJ978p
youtube,4JfOY_BhH4Y,like_count,47,,youtube_public_v1,PUBLIC,OPrJtXGxn8lNJ978p
youtube,4JfOY_BhH4Y,comment_count,0,,youtube_public_v1,PUBLIC,OPrJtXGxn8lNJ978p
youtube,QUvjHQ7NXpc,view_count,27628,,youtube_public_v1,PUBLIC,qSakCySJwCbZNAhLD
youtube,QUvjHQ7NXpc,like_count,216,,youtube_public_v1,PUBLIC,qSakCySJwCbZNAhLD
youtube,QUvjHQ7NXpc,comment_count,0,,youtube_public_v1,PUBLIC,qSakCySJwCbZNAhLD
youtube,EQWH3cVv5J8,view_count,464617,,youtube_public_v1,PUBLIC,qSakCySJwCbZNAhLD
youtube,EQWH3cVv5J8,like_count,42,,youtube_public_v1,PUBLIC,qSakCySJwCbZNAhLD
youtube,EQWH3cVv5J8,comment_count,0,,youtube_public_v1,PUBLIC,qSakCySJwCbZNAhLD
youtube,2akIXg55tws,view_count,509932,2026-08-12T14:46:24.722846+07:00,youtube_public_v1,PUBLIC,qSakCySJwCbZNAhLD
youtube,2akIXg55tws,like_count,4800,2026-08-12T14:46:24.722846+07:00,youtube_public_v1,PUBLIC,qSakCySJwCbZNAhLD
youtube,2akIXg55tws,comment_count,472,2026-08-12T14:46:24.722846+07:00,youtube_public_v1,PUBLIC,qSakCySJwCbZNAhLD
youtube,wMy1T2gsQ8Y,view_count,218668,2026-08-12T14:46:24.722846+07:00,youtube_public_v1,PUBLIC,qSakCySJwCbZNAhLD
youtube,wMy1T2gsQ8Y,like_count,2000,2026-08-12T14:46:24.722846+07:00,youtube_public_v1,PUBLIC,qSakCySJwCbZNAhLD
youtube,wMy1T2gsQ8Y,comment_count,320,2026-08-12T14:46:24.722846+07:00,youtube_public_v1,PUBLIC,qSakCySJwCbZNAhLD
youtube,_0TKeBw1Si0,view_count,2270,,youtube_public_v1,PUBLIC,OPrJtXGxn8lNJ978p
youtube,_0TKeBw1Si0,like_count,32,,youtube_public_v1,PUBLIC,OPrJtXGxn8lNJ978p
youtube,_0TKeBw1Si0,comment_count,0,,youtube_public_v1,PUBLIC,OPrJtXGxn8lNJ978p
youtube,0DMvndOhtFY,view_count,3640,,youtube_public_v1,PUBLIC,OPrJtXGxn8lNJ978p
youtube,0DMvndOhtFY,like_count,59,,youtube_public_v1,PUBLIC,OPrJtXGxn8lNJ978p
youtube,0DMvndOhtFY,comment_count,0,,youtube_public_v1,PUBLIC,OPrJtXGxn8lNJ978p
youtube,C9soQFiJcis,view_count,1963,,youtube_public_v1,PUBLIC,OPrJtXGxn8lNJ978p
youtube,C9soQFiJcis,like_count,25,,youtube_public_v1,PUBLIC,OPrJtXGxn8lNJ978p
youtube,C9soQFiJcis,comment_count,0,,youtube_public_v1,PUBLIC,OPrJtXGxn8lNJ978p
youtube,9v85HX6WhVA,view_count,477720,2026-08-12T14:46:24.722846+07:00,youtube_public_v1,PUBLIC,OPrJtXGxn8lNJ978p
youtube,9v85HX6WhVA,like_count,4000,2026-08-12T14:46:24.722846+07:00,youtube_public_v1,PUBLIC,OPrJtXGxn8lNJ978p
youtube,9v85HX6WhVA,comment_count,339,2026-08-12T14:46:24.722846+07:00,youtube_public_v1,PUBLIC,OPrJtXGxn8lNJ978p
youtube,TpWvlhWEo_A,view_count,80,,youtube_public_v1,PUBLIC,OPrJtXGxn8lNJ978p
youtube,TpWvlhWEo_A,like_count,0,,youtube_public_v1,PUBLIC,OPrJtXGxn8lNJ978p
youtube,TpWvlhWEo_A,comment_count,0,,youtube_public_v1,PUBLIC,OPrJtXGxn8lNJ978p
youtube,Ycka5WKP41E,view_count,21231,,youtube_public_v1,PUBLIC,OPrJtXGxn8lNJ978p
youtube,Ycka5WKP41E,like_count,119,,youtube_public_v1,PUBLIC,OPrJtXGxn8lNJ978p
youtube,Ycka5WKP41E,comment_count,2,,youtube_public_v1,PUBLIC,OPrJtXGxn8lNJ978p
youtube,ns1poLVbB0c,view_count,168029,2026-08-12T14:46:24.722846+07:00,youtube_public_v1,PUBLIC,OPrJtXGxn8lNJ978p
youtube,ns1poLVbB0c,like_count,1100,2026-08-12T14:46:24.722846+07:00,youtube_public_v1,PUBLIC,OPrJtXGxn8lNJ978p
youtube,ns1poLVbB0c,comment_count,284,2026-08-12T14:46:24.722846+07:00,youtube_public_v1,PUBLIC,OPrJtXGxn8lNJ978p
youtube,Nbrk-GQGHtk,view_count,346814,2026-08-12T14:46:24.722846+07:00,youtube_public_v1,PUBLIC,OPrJtXGxn8lNJ978p
youtube,Nbrk-GQGHtk,like_count,2800,2026-08-12T14:46:24.722846+07:00,youtube_public_v1,PUBLIC,OPrJtXGxn8lNJ978p
youtube,Nbrk-GQGHtk,comment_count,373,2026-08-12T14:46:24.722846+07:00,youtube_public_v1,PUBLIC,OPrJtXGxn8lNJ978p
youtube,zgwmE8JNwzo,view_count,131985,2026-08-12T14:46:24.722846+07:00,youtube_public_v1,PUBLIC,OPrJtXGxn8lNJ978p
youtube,zgwmE8JNwzo,like_count,1100,2026-08-12T14:46:24.722846+07:00,youtube_public_v1,PUBLIC,OPrJtXGxn8lNJ978p
youtube,zgwmE8JNwzo,comment_count,115,2026-08-12T14:46:24.722846+07:00,youtube_public_v1,PUBLIC,OPrJtXGxn8lNJ978p
youtube,LEJL2WK8kiM,view_count,851403,2026-08-12T14:46:24.722846+07:00,youtube_public_v1,PUBLIC,OPrJtXGxn8lNJ978p
youtube,LEJL2WK8kiM,like_count,4300,2026-08-12T14:46:24.722846+07:00,youtube_public_v1,PUBLIC,OPrJtXGxn8lNJ978p
youtube,LEJL2WK8kiM,comment_count,260,2026-08-12T14:46:24.722846+07:00,youtube_public_v1,PUBLIC,OPrJtXGxn8lNJ978p
youtube,8i2a9D8v3e4,view_count,183588,2026-08-12T14:46:24.722846+07:00,youtube_public_v1,PUBLIC,OPrJtXGxn8lNJ978p
youtube,8i2a9D8v3e4,like_count,749,2026-08-12T14:46:24.722846+07:00,youtube_public_v1,PUBLIC,OPrJtXGxn8lNJ978p
youtube,8i2a9D8v3e4,comment_count,75,2026-08-12T14:46:24.722846+07:00,youtube_public_v1,PUBLIC,OPrJtXGxn8lNJ978p
youtube,8rI1fOk_sQs,view_count,222676,2026-08-12T14:46:24.722846+07:00,youtube_public_v1,PUBLIC,OPrJtXGxn8lNJ978p
youtube,8rI1fOk_sQs,like_count,970,2026-08-12T14:46:24.722846+07:00,youtube_public_v1,PUBLIC,OPrJtXGxn8lNJ978p
youtube,8rI1fOk_sQs,comment_count,103,2026-08-12T14:46:24.722846+07:00,youtube_public_v1,PUBLIC,OPrJtXGxn8lNJ978p
youtube,yCj_JvJlXj8,view_count,2216,,youtube_public_v1,PUBLIC,OPrJtXGxn8lNJ978p
youtube,yCj_JvJlXj8,like_count,38,,youtube_public_v1,PUBLIC,OPrJtXGxn8lNJ978p
youtube,yCj_JvJlXj8,comment_count,0,,youtube_public_v1,PUBLIC,OPrJtXGxn8lNJ978p
youtube,4AKXOn082MU,view_count,1986,,youtube_public_v1,PUBLIC,OPrJtXGxn8lNJ978p
youtube,4AKXOn082MU,like_count,11,,youtube_public_v1,PUBLIC,OPrJtXGxn8lNJ978p
youtube,4AKXOn082MU,comment_count,0,,youtube_public_v1,PUBLIC,OPrJtXGxn8lNJ978p
youtube,feUYkdJbHt4,view_count,183592,,youtube_public_v1,PUBLIC,OPrJtXGxn8lNJ978p
youtube,feUYkdJbHt4,like_count,2300,,youtube_public_v1,PUBLIC,OPrJtXGxn8lNJ978p
youtube,feUYkdJbHt4,comment_count,34,,youtube_public_v1,PUBLIC,OPrJtXGxn8lNJ978p
youtube,TVThhPudkvw,view_count,46294,,youtube_public_v1,PUBLIC,OPrJtXGxn8lNJ978p
youtube,TVThhPudkvw,like_count,557,,youtube_public_v1,PUBLIC,OPrJtXGxn8lNJ978p
youtube,TVThhPudkvw,comment_count,5,,youtube_public_v1,PUBLIC,OPrJtXGxn8lNJ978p
youtube,g6o9Rya8jPg,view_count,14857,,youtube_public_v1,PUBLIC,OPrJtXGxn8lNJ978p
youtube,g6o9Rya8jPg,like_count,167,,youtube_public_v1,PUBLIC,OPrJtXGxn8lNJ978p
youtube,g6o9Rya8jPg,comment_count,8,,youtube_public_v1,PUBLIC,OPrJtXGxn8lNJ978p
youtube,5uYZGaxQEys,view_count,3148,,youtube_public_v1,PUBLIC,OPrJtXGxn8lNJ978p
youtube,5uYZGaxQEys,like_count,26,,youtube_public_v1,PUBLIC,OPrJtXGxn8lNJ978p
youtube,5uYZGaxQEys,comment_count,0,,youtube_public_v1,PUBLIC,OPrJtXGxn8lNJ978p
youtube,_ODJzeMMozY,view_count,2161,,youtube_public_v1,PUBLIC,OPrJtXGxn8lNJ978p
youtube,_ODJzeMMozY,like_count,4,,youtube_public_v1,PUBLIC,OPrJtXGxn8lNJ978p
youtube,_ODJzeMMozY,comment_count,0,,youtube_public_v1,PUBLIC,OPrJtXGxn8lNJ978p
youtube,xty63-8Ij1U,view_count,2349,,youtube_public_v1,PUBLIC,OPrJtXGxn8lNJ978p
youtube,xty63-8Ij1U,like_count,28,,youtube_public_v1,PUBLIC,OPrJtXGxn8lNJ978p
youtube,xty63-8Ij1U,comment_count,0,,youtube_public_v1,PUBLIC,OPrJtXGxn8lNJ978p
youtube,F9uBYb8bBHs,view_count,1046,,youtube_public_v1,PUBLIC,OPrJtXGxn8lNJ978p
youtube,F9uBYb8bBHs,like_count,2,,youtube_public_v1,PUBLIC,OPrJtXGxn8lNJ978p
youtube,F9uBYb8bBHs,comment_count,0,,youtube_public_v1,PUBLIC,OPrJtXGxn8lNJ978p
youtube,09VDu3bko1Q,view_count,3039,,youtube_public_v1,PUBLIC,OPrJtXGxn8lNJ978p
youtube,09VDu3bko1Q,like_count,21,,youtube_public_v1,PUBLIC,OPrJtXGxn8lNJ978p
youtube,09VDu3bko1Q,comment_count,0,,youtube_public_v1,PUBLIC,OPrJtXGxn8lNJ978p
youtube,Q57FvCwSBZA,view_count,293,,youtube_public_v1,PUBLIC,OPrJtXGxn8lNJ978p
youtube,Q57FvCwSBZA,like_count,4,,youtube_public_v1,PUBLIC,OPrJtXGxn8lNJ978p
youtube,Q57FvCwSBZA,comment_count,0,,youtube_public_v1,PUBLIC,OPrJtXGxn8lNJ978p
youtube,PBj6LFakUCY,view_count,771,,youtube_public_v1,PUBLIC,OPrJtXGxn8lNJ978p
youtube,PBj6LFakUCY,like_count,4,,youtube_public_v1,PUBLIC,OPrJtXGxn8lNJ978p
youtube,PBj6LFakUCY,comment_count,0,,youtube_public_v1,PUBLIC,OPrJtXGxn8lNJ978p
youtube,bdko152h0jA,view_count,433,,youtube_public_v1,PUBLIC,OPrJtXGxn8lNJ978p
youtube,bdko152h0jA,like_count,0,,youtube_public_v1,PUBLIC,OPrJtXGxn8lNJ978p
youtube,bdko152h0jA,comment_count,0,,youtube_public_v1,PUBLIC,OPrJtXGxn8lNJ978p
youtube,wgzEVX4yG0M,view_count,211353,2026-08-12T14:46:24.722846+07:00,youtube_public_v1,PUBLIC,OPrJtXGxn8lNJ978p
youtube,wgzEVX4yG0M,like_count,888,2026-08-12T14:46:24.722846+07:00,youtube_public_v1,PUBLIC,OPrJtXGxn8lNJ978p
youtube,wgzEVX4yG0M,comment_count,59,2026-08-12T14:46:24.722846+07:00,youtube_public_v1,PUBLIC,OPrJtXGxn8lNJ978p
youtube,cS4o3hdT3CM,view_count,172610,2026-08-12T14:46:24.722846+07:00,youtube_public_v1,PUBLIC,OPrJtXGxn8lNJ978p
youtube,cS4o3hdT3CM,like_count,1200,2026-08-12T14:46:24.722846+07:00,youtube_public_v1,PUBLIC,OPrJtXGxn8lNJ978p
youtube,cS4o3hdT3CM,comment_count,110,2026-08-12T14:46:24.722846+07:00,youtube_public_v1,PUBLIC,OPrJtXGxn8lNJ978p
youtube,8EWKepV_Ils,view_count,9801,,youtube_public_v1,PUBLIC,OPrJtXGxn8lNJ978p
youtube,8EWKepV_Ils,like_count,85,,youtube_public_v1,PUBLIC,OPrJtXGxn8lNJ978p
youtube,8EWKepV_Ils,comment_count,4,,youtube_public_v1,PUBLIC,OPrJtXGxn8lNJ978p
youtube,jPjUi4mzdA4,view_count,10331,,youtube_public_v1,PUBLIC,OPrJtXGxn8lNJ978p
youtube,jPjUi4mzdA4,like_count,75,,youtube_public_v1,PUBLIC,OPrJtXGxn8lNJ978p
youtube,jPjUi4mzdA4,comment_count,5,,youtube_public_v1,PUBLIC,OPrJtXGxn8lNJ978p
youtube,T2su0w9mvLk,view_count,832551,2026-08-12T14:46:24.722846+07:00,youtube_public_v1,PUBLIC,OPrJtXGxn8lNJ978p
youtube,T2su0w9mvLk,like_count,5600,2026-08-12T14:46:24.722846+07:00,youtube_public_v1,PUBLIC,OPrJtXGxn8lNJ978p
youtube,T2su0w9mvLk,comment_count,596,2026-08-12T14:46:24.722846+07:00,youtube_public_v1,PUBLIC,OPrJtXGxn8lNJ978p
youtube,_K-rzxLEdRQ,view_count,853061,2026-08-12T14:47:53.755155+07:00,youtube_public_v1,PUBLIC,2k5dIB52mXKYEnNXd
youtube,_K-rzxLEdRQ,like_count,9500,2026-08-12T14:47:53.755155+07:00,youtube_public_v1,PUBLIC,2k5dIB52mXKYEnNXd
youtube,_K-rzxLEdRQ,comment_count,405,2026-08-12T14:47:53.755155+07:00,youtube_public_v1,PUBLIC,2k5dIB52mXKYEnNXd
youtube,au82t9S7-qw,view_count,876626,2026-08-12T14:47:53.755155+07:00,youtube_public_v1,PUBLIC,2k5dIB52mXKYEnNXd
youtube,au82t9S7-qw,like_count,10000,2026-08-12T14:47:53.755155+07:00,youtube_public_v1,PUBLIC,2k5dIB52mXKYEnNXd
youtube,au82t9S7-qw,comment_count,396,2026-08-12T14:47:53.755155+07:00,youtube_public_v1,PUBLIC,2k5dIB52mXKYEnNXd
youtube,fMZnCh5SmVg,view_count,41553,,youtube_public_v1,PUBLIC,2k5dIB52mXKYEnNXd
youtube,fMZnCh5SmVg,like_count,265,,youtube_public_v1,PUBLIC,2k5dIB52mXKYEnNXd
youtube,fMZnCh5SmVg,comment_count,7,,youtube_public_v1,PUBLIC,2k5dIB52mXKYEnNXd
youtube,WoMdyX5ikFw,view_count,1125085,2026-08-12T14:47:53.755155+07:00,youtube_public_v1,PUBLIC,2k5dIB52mXKYEnNXd
youtube,WoMdyX5ikFw,like_count,11000,2026-08-12T14:47:53.755155+07:00,youtube_public_v1,PUBLIC,2k5dIB52mXKYEnNXd
youtube,WoMdyX5ikFw,comment_count,540,2026-08-12T14:47:53.755155+07:00,youtube_public_v1,PUBLIC,2k5dIB52mXKYEnNXd
youtube,SAsYrU7FLQk,view_count,36946,,youtube_public_v1,PUBLIC,2k5dIB52mXKYEnNXd
youtube,SAsYrU7FLQk,like_count,363,,youtube_public_v1,PUBLIC,2k5dIB52mXKYEnNXd
youtube,SAsYrU7FLQk,comment_count,9,,youtube_public_v1,PUBLIC,2k5dIB52mXKYEnNXd
youtube,Duh6X7WJ4rw,view_count,669562,2026-08-12T14:47:53.755155+07:00,youtube_public_v1,PUBLIC,2k5dIB52mXKYEnNXd
youtube,Duh6X7WJ4rw,like_count,10000,2026-08-12T14:47:53.755155+07:00,youtube_public_v1,PUBLIC,2k5dIB52mXKYEnNXd
youtube,Duh6X7WJ4rw,comment_count,525,2026-08-12T14:47:53.755155+07:00,youtube_public_v1,PUBLIC,2k5dIB52mXKYEnNXd
youtube,g2_QM5DFn8M,view_count,1035362,2026-08-12T14:47:53.755155+07:00,youtube_public_v1,PUBLIC,2k5dIB52mXKYEnNXd
youtube,g2_QM5DFn8M,like_count,10000,2026-08-12T14:47:53.755155+07:00,youtube_public_v1,PUBLIC,2k5dIB52mXKYEnNXd
youtube,g2_QM5DFn8M,comment_count,488,2026-08-12T14:47:53.755155+07:00,youtube_public_v1,PUBLIC,2k5dIB52mXKYEnNXd
youtube,DtfN79Bx1v4,view_count,1198895,2026-08-12T14:47:53.755155+07:00,youtube_public_v1,PUBLIC,2k5dIB52mXKYEnNXd
youtube,DtfN79Bx1v4,like_count,13000,2026-08-12T14:47:53.755155+07:00,youtube_public_v1,PUBLIC,2k5dIB52mXKYEnNXd
youtube,DtfN79Bx1v4,comment_count,565,2026-08-12T14:47:53.755155+07:00,youtube_public_v1,PUBLIC,2k5dIB52mXKYEnNXd
youtube,jktbDm8cJqQ,view_count,19901,,youtube_public_v1,PUBLIC,2k5dIB52mXKYEnNXd
youtube,jktbDm8cJqQ,like_count,335,,youtube_public_v1,PUBLIC,2k5dIB52mXKYEnNXd
youtube,jktbDm8cJqQ,comment_count,30,,youtube_public_v1,PUBLIC,2k5dIB52mXKYEnNXd
youtube,aT8HAeB5F7Q,view_count,63255,,youtube_public_v1,PUBLIC,2k5dIB52mXKYEnNXd
youtube,aT8HAeB5F7Q,like_count,1000,,youtube_public_v1,PUBLIC,2k5dIB52mXKYEnNXd
youtube,aT8HAeB5F7Q,comment_count,42,,youtube_public_v1,PUBLIC,2k5dIB52mXKYEnNXd
youtube,8RTVnRrMV7A,view_count,1969001,2026-08-12T14:47:53.755155+07:00,youtube_public_v1,PUBLIC,2k5dIB52mXKYEnNXd
youtube,8RTVnRrMV7A,like_count,20000,2026-08-12T14:47:53.755155+07:00,youtube_public_v1,PUBLIC,2k5dIB52mXKYEnNXd
youtube,8RTVnRrMV7A,comment_count,1060,2026-08-12T14:47:53.755155+07:00,youtube_public_v1,PUBLIC,2k5dIB52mXKYEnNXd
youtube,YnTffJF_jdI,view_count,49551,,youtube_public_v1,PUBLIC,2k5dIB52mXKYEnNXd
youtube,YnTffJF_jdI,like_count,678,,youtube_public_v1,PUBLIC,2k5dIB52mXKYEnNXd
youtube,YnTffJF_jdI,comment_count,77,,youtube_public_v1,PUBLIC,2k5dIB52mXKYEnNXd
youtube,Nnjh_-6xpx4,view_count,1531549,2026-08-12T14:47:53.755155+07:00,youtube_public_v1,PUBLIC,2k5dIB52mXKYEnNXd
youtube,Nnjh_-6xpx4,like_count,17000,2026-08-12T14:47:53.755155+07:00,youtube_public_v1,PUBLIC,2k5dIB52mXKYEnNXd
youtube,Nnjh_-6xpx4,comment_count,673,2026-08-12T14:47:53.755155+07:00,youtube_public_v1,PUBLIC,2k5dIB52mXKYEnNXd
youtube,vsDkpbh_Nic,view_count,185815,,youtube_public_v1,PUBLIC,2k5dIB52mXKYEnNXd
youtube,vsDkpbh_Nic,like_count,1400,,youtube_public_v1,PUBLIC,2k5dIB52mXKYEnNXd
youtube,vsDkpbh_Nic,comment_count,51,,youtube_public_v1,PUBLIC,2k5dIB52mXKYEnNXd
youtube,AuetpmE00eg,view_count,1033575,2026-08-12T14:47:53.755155+07:00,youtube_public_v1,PUBLIC,2k5dIB52mXKYEnNXd
youtube,AuetpmE00eg,like_count,12000,2026-08-12T14:47:53.755155+07:00,youtube_public_v1,PUBLIC,2k5dIB52mXKYEnNXd
youtube,AuetpmE00eg,comment_count,577,2026-08-12T14:47:53.755155+07:00,youtube_public_v1,PUBLIC,2k5dIB52mXKYEnNXd
youtube,KIgUsaTsdVs,view_count,17453,,youtube_public_v1,PUBLIC,2k5dIB52mXKYEnNXd
youtube,KIgUsaTsdVs,like_count,197,,youtube_public_v1,PUBLIC,2k5dIB52mXKYEnNXd
youtube,KIgUsaTsdVs,comment_count,0,,youtube_public_v1,PUBLIC,2k5dIB52mXKYEnNXd
youtube,YKaVjrnOF-s,view_count,6204,,youtube_public_v1,PUBLIC,2k5dIB52mXKYEnNXd
youtube,YKaVjrnOF-s,like_count,94,,youtube_public_v1,PUBLIC,2k5dIB52mXKYEnNXd
youtube,YKaVjrnOF-s,comment_count,5,,youtube_public_v1,PUBLIC,2k5dIB52mXKYEnNXd
youtube,N8by2hENuWE,view_count,8563,,youtube_public_v1,PUBLIC,2k5dIB52mXKYEnNXd
youtube,N8by2hENuWE,like_count,120,,youtube_public_v1,PUBLIC,2k5dIB52mXKYEnNXd
youtube,N8by2hENuWE,comment_count,7,,youtube_public_v1,PUBLIC,2k5dIB52mXKYEnNXd
youtube,rF5zqiZ0HUs,view_count,20024,,youtube_public_v1,PUBLIC,2k5dIB52mXKYEnNXd
youtube,rF5zqiZ0HUs,like_count,154,,youtube_public_v1,PUBLIC,2k5dIB52mXKYEnNXd
youtube,rF5zqiZ0HUs,comment_count,4,,youtube_public_v1,PUBLIC,2k5dIB52mXKYEnNXd
youtube,RqDm6tfJxzo,view_count,93463,,youtube_public_v1,PUBLIC,2k5dIB52mXKYEnNXd
youtube,RqDm6tfJxzo,like_count,997,,youtube_public_v1,PUBLIC,2k5dIB52mXKYEnNXd
youtube,RqDm6tfJxzo,comment_count,20,,youtube_public_v1,PUBLIC,2k5dIB52mXKYEnNXd
youtube,V_5zGQy5Hj4,view_count,16767,,youtube_public_v1,PUBLIC,2k5dIB52mXKYEnNXd
youtube,V_5zGQy5Hj4,like_count,391,,youtube_public_v1,PUBLIC,2k5dIB52mXKYEnNXd
youtube,V_5zGQy5Hj4,comment_count,7,,youtube_public_v1,PUBLIC,2k5dIB52mXKYEnNXd
youtube,ZmCzaOhmipo,view_count,86272,,youtube_public_v1,PUBLIC,2k5dIB52mXKYEnNXd
youtube,ZmCzaOhmipo,like_count,1200,,youtube_public_v1,PUBLIC,2k5dIB52mXKYEnNXd
youtube,ZmCzaOhmipo,comment_count,58,,youtube_public_v1,PUBLIC,2k5dIB52mXKYEnNXd
youtube,_uducrm6eYQ,view_count,38524,,youtube_public_v1,PUBLIC,2k5dIB52mXKYEnNXd
youtube,_uducrm6eYQ,like_count,374,,youtube_public_v1,PUBLIC,2k5dIB52mXKYEnNXd
youtube,_uducrm6eYQ,comment_count,17,,youtube_public_v1,PUBLIC,2k5dIB52mXKYEnNXd
youtube,TMzUSJvA608,view_count,868148,2026-08-12T14:47:53.755155+07:00,youtube_public_v1,PUBLIC,2k5dIB52mXKYEnNXd
youtube,TMzUSJvA608,like_count,10000,2026-08-12T14:47:53.755155+07:00,youtube_public_v1,PUBLIC,2k5dIB52mXKYEnNXd
youtube,TMzUSJvA608,comment_count,484,2026-08-12T14:47:53.755155+07:00,youtube_public_v1,PUBLIC,2k5dIB52mXKYEnNXd
youtube,mpQ8Ocx2H3o,view_count,215864,,youtube_public_v1,PUBLIC,2k5dIB52mXKYEnNXd
youtube,mpQ8Ocx2H3o,like_count,4400,,youtube_public_v1,PUBLIC,2k5dIB52mXKYEnNXd
youtube,mpQ8Ocx2H3o,comment_count,183,,youtube_public_v1,PUBLIC,2k5dIB52mXKYEnNXd
youtube,LfwlJekOMVA,view_count,62512,,youtube_public_v1,PUBLIC,2k5dIB52mXKYEnNXd
youtube,LfwlJekOMVA,like_count,929,,youtube_public_v1,PUBLIC,2k5dIB52mXKYEnNXd
youtube,LfwlJekOMVA,comment_count,34,,youtube_public_v1,PUBLIC,2k5dIB52mXKYEnNXd
youtube,yjC1ZSHSpY0,view_count,55692,,youtube_public_v1,PUBLIC,2k5dIB52mXKYEnNXd
youtube,yjC1ZSHSpY0,like_count,1000,,youtube_public_v1,PUBLIC,2k5dIB52mXKYEnNXd
youtube,yjC1ZSHSpY0,comment_count,57,,youtube_public_v1,PUBLIC,2k5dIB52mXKYEnNXd
youtube,uuGSCWaweK4,view_count,259061,,youtube_public_v1,PUBLIC,2k5dIB52mXKYEnNXd
youtube,uuGSCWaweK4,like_count,4100,,youtube_public_v1,PUBLIC,2k5dIB52mXKYEnNXd
youtube,uuGSCWaweK4,comment_count,134,,youtube_public_v1,PUBLIC,2k5dIB52mXKYEnNXd
youtube,RBxHCs2iMiw,view_count,41505,,youtube_public_v1,PUBLIC,2k5dIB52mXKYEnNXd
youtube,RBxHCs2iMiw,like_count,587,,youtube_public_v1,PUBLIC,2k5dIB52mXKYEnNXd
youtube,RBxHCs2iMiw,comment_count,15,,youtube_public_v1,PUBLIC,2k5dIB52mXKYEnNXd
youtube,HTLae1dAwvg,view_count,77148,,youtube_public_v1,PUBLIC,2k5dIB52mXKYEnNXd
youtube,HTLae1dAwvg,like_count,661,,youtube_public_v1,PUBLIC,2k5dIB52mXKYEnNXd
youtube,HTLae1dAwvg,comment_count,23,,youtube_public_v1,PUBLIC,2k5dIB52mXKYEnNXd
youtube,KRef2BML-wc,view_count,2626098,2026-08-12T14:47:53.755155+07:00,youtube_public_v1,PUBLIC,2k5dIB52mXKYEnNXd
youtube,KRef2BML-wc,like_count,28000,2026-08-12T14:47:53.755155+07:00,youtube_public_v1,PUBLIC,2k5dIB52mXKYEnNXd
youtube,KRef2BML-wc,comment_count,1004,2026-08-12T14:47:53.755155+07:00,youtube_public_v1,PUBLIC,2k5dIB52mXKYEnNXd
youtube,vo-U_4q_Tnw,view_count,6905,,youtube_public_v1,PUBLIC,2k5dIB52mXKYEnNXd
youtube,vo-U_4q_Tnw,like_count,58,,youtube_public_v1,PUBLIC,2k5dIB52mXKYEnNXd
youtube,vo-U_4q_Tnw,comment_count,4,,youtube_public_v1,PUBLIC,2k5dIB52mXKYEnNXd
youtube,1npcVCF7_xw,view_count,26145,,youtube_public_v1,PUBLIC,2k5dIB52mXKYEnNXd
youtube,1npcVCF7_xw,like_count,385,,youtube_public_v1,PUBLIC,2k5dIB52mXKYEnNXd
youtube,1npcVCF7_xw,comment_count,0,,youtube_public_v1,PUBLIC,2k5dIB52mXKYEnNXd
youtube,_3F_Oe1d9B8,view_count,37051,,youtube_public_v1,PUBLIC,2k5dIB52mXKYEnNXd
youtube,_3F_Oe1d9B8,like_count,493,,youtube_public_v1,PUBLIC,2k5dIB52mXKYEnNXd
youtube,_3F_Oe1d9B8,comment_count,0,,youtube_public_v1,PUBLIC,2k5dIB52mXKYEnNXd
youtube,NoEbm4hh2As,view_count,5179,,youtube_public_v1,PUBLIC,2k5dIB52mXKYEnNXd
youtube,NoEbm4hh2As,like_count,115,,youtube_public_v1,PUBLIC,2k5dIB52mXKYEnNXd
youtube,NoEbm4hh2As,comment_count,0,,youtube_public_v1,PUBLIC,2k5dIB52mXKYEnNXd
youtube,-w7KJ5-R6aA,view_count,6013,,youtube_public_v1,PUBLIC,2k5dIB52mXKYEnNXd
youtube,-w7KJ5-R6aA,like_count,135,,youtube_public_v1,PUBLIC,2k5dIB52mXKYEnNXd
youtube,-w7KJ5-R6aA,comment_count,2,,youtube_public_v1,PUBLIC,2k5dIB52mXKYEnNXd
youtube,QcfQFtwd8OY,view_count,1325,,youtube_public_v1,PUBLIC,2k5dIB52mXKYEnNXd
youtube,QcfQFtwd8OY,like_count,22,,youtube_public_v1,PUBLIC,2k5dIB52mXKYEnNXd
youtube,QcfQFtwd8OY,comment_count,0,,youtube_public_v1,PUBLIC,2k5dIB52mXKYEnNXd
youtube,cDawkywSZkA,view_count,2838,,youtube_public_v1,PUBLIC,2k5dIB52mXKYEnNXd
youtube,cDawkywSZkA,like_count,78,,youtube_public_v1,PUBLIC,2k5dIB52mXKYEnNXd
youtube,cDawkywSZkA,comment_count,0,,youtube_public_v1,PUBLIC,2k5dIB52mXKYEnNXd
youtube,KJ-hR48mCvI,view_count,92965,,youtube_public_v1,PUBLIC,2k5dIB52mXKYEnNXd
youtube,KJ-hR48mCvI,like_count,1500,,youtube_public_v1,PUBLIC,2k5dIB52mXKYEnNXd
youtube,KJ-hR48mCvI,comment_count,0,,youtube_public_v1,PUBLIC,2k5dIB52mXKYEnNXd
youtube,-CadrVAxuxM,view_count,151232,,youtube_public_v1,PUBLIC,2k5dIB52mXKYEnNXd
youtube,-CadrVAxuxM,like_count,7900,,youtube_public_v1,PUBLIC,2k5dIB52mXKYEnNXd
youtube,-CadrVAxuxM,comment_count,84,,youtube_public_v1,PUBLIC,2k5dIB52mXKYEnNXd
youtube,XgnCyOuET2k,view_count,27546,,youtube_public_v1,PUBLIC,2k5dIB52mXKYEnNXd
youtube,XgnCyOuET2k,like_count,391,,youtube_public_v1,PUBLIC,2k5dIB52mXKYEnNXd
youtube,XgnCyOuET2k,comment_count,4,,youtube_public_v1,PUBLIC,2k5dIB52mXKYEnNXd
youtube,REEDg7yEMZM,view_count,74978,,youtube_public_v1,PUBLIC,2k5dIB52mXKYEnNXd
youtube,REEDg7yEMZM,like_count,1000,,youtube_public_v1,PUBLIC,2k5dIB52mXKYEnNXd
youtube,REEDg7yEMZM,comment_count,8,,youtube_public_v1,PUBLIC,2k5dIB52mXKYEnNXd
youtube,hcnV-3vyt8w,view_count,71361,,youtube_public_v1,PUBLIC,2k5dIB52mXKYEnNXd
youtube,hcnV-3vyt8w,like_count,3700,,youtube_public_v1,PUBLIC,2k5dIB52mXKYEnNXd
youtube,hcnV-3vyt8w,comment_count,79,,youtube_public_v1,PUBLIC,2k5dIB52mXKYEnNXd
youtube,eNIiTUYJ0as,view_count,15624,,youtube_public_v1,PUBLIC,2k5dIB52mXKYEnNXd
youtube,eNIiTUYJ0as,like_count,578,,youtube_public_v1,PUBLIC,2k5dIB52mXKYEnNXd
youtube,eNIiTUYJ0as,comment_count,3,,youtube_public_v1,PUBLIC,2k5dIB52mXKYEnNXd
youtube,7cPiLq6jSiI,view_count,46572,,youtube_public_v1,PUBLIC,2k5dIB52mXKYEnNXd
youtube,7cPiLq6jSiI,like_count,747,,youtube_public_v1,PUBLIC,2k5dIB52mXKYEnNXd
youtube,7cPiLq6jSiI,comment_count,0,,youtube_public_v1,PUBLIC,2k5dIB52mXKYEnNXd
youtube,FvjArxj1axA,view_count,40927,,youtube_public_v1,PUBLIC,2k5dIB52mXKYEnNXd
youtube,FvjArxj1axA,like_count,721,,youtube_public_v1,PUBLIC,2k5dIB52mXKYEnNXd
youtube,FvjArxj1axA,comment_count,0,,youtube_public_v1,PUBLIC,2k5dIB52mXKYEnNXd
youtube,BoDGVxD675E,view_count,25325,,youtube_public_v1,PUBLIC,2k5dIB52mXKYEnNXd
youtube,BoDGVxD675E,like_count,1500,,youtube_public_v1,PUBLIC,2k5dIB52mXKYEnNXd
youtube,BoDGVxD675E,comment_count,10,,youtube_public_v1,PUBLIC,2k5dIB52mXKYEnNXd
youtube,CvOg7LNm6Lw,view_count,81869,,youtube_public_v1,PUBLIC,2k5dIB52mXKYEnNXd
youtube,CvOg7LNm6Lw,like_count,2900,,youtube_public_v1,PUBLIC,2k5dIB52mXKYEnNXd
youtube,CvOg7LNm6Lw,comment_count,64,,youtube_public_v1,PUBLIC,2k5dIB52mXKYEnNXd
youtube,pDbvOvOKczk,view_count,5599,,youtube_public_v1,PUBLIC,2k5dIB52mXKYEnNXd
youtube,pDbvOvOKczk,like_count,73,,youtube_public_v1,PUBLIC,2k5dIB52mXKYEnNXd
youtube,pDbvOvOKczk,comment_count,1,,youtube_public_v1,PUBLIC,2k5dIB52mXKYEnNXd
youtube,10P4OsBLg5I,view_count,13472,,youtube_public_v1,PUBLIC,2k5dIB52mXKYEnNXd
youtube,10P4OsBLg5I,like_count,158,,youtube_public_v1,PUBLIC,2k5dIB52mXKYEnNXd
youtube,10P4OsBLg5I,comment_count,5,,youtube_public_v1,PUBLIC,2k5dIB52mXKYEnNXd
youtube,Ej6MldQ5ChE,view_count,37547,,youtube_public_v1,PUBLIC,2k5dIB52mXKYEnNXd
youtube,Ej6MldQ5ChE,like_count,656,,youtube_public_v1,PUBLIC,2k5dIB52mXKYEnNXd
youtube,Ej6MldQ5ChE,comment_count,44,,youtube_public_v1,PUBLIC,2k5dIB52mXKYEnNXd
youtube,MoPVpDvyO28,view_count,10560,,youtube_public_v1,PUBLIC,2k5dIB52mXKYEnNXd
youtube,MoPVpDvyO28,like_count,151,,youtube_public_v1,PUBLIC,2k5dIB52mXKYEnNXd
youtube,MoPVpDvyO28,comment_count,5,,youtube_public_v1,PUBLIC,2k5dIB52mXKYEnNXd
youtube,woIZfKL6Cp0,view_count,50531,,youtube_public_v1,PUBLIC,2k5dIB52mXKYEnNXd
youtube,woIZfKL6Cp0,like_count,707,,youtube_public_v1,PUBLIC,2k5dIB52mXKYEnNXd
youtube,woIZfKL6Cp0,comment_count,3,,youtube_public_v1,PUBLIC,2k5dIB52mXKYEnNXd
youtube,As-wwYTQ0VE,view_count,823,,youtube_public_v1,PUBLIC,2k5dIB52mXKYEnNXd
youtube,As-wwYTQ0VE,like_count,24,,youtube_public_v1,PUBLIC,2k5dIB52mXKYEnNXd
youtube,As-wwYTQ0VE,comment_count,0,,youtube_public_v1,PUBLIC,2k5dIB52mXKYEnNXd
youtube,FIokWN9ljrI,view_count,36361,,youtube_public_v1,PUBLIC,2k5dIB52mXKYEnNXd
youtube,FIokWN9ljrI,like_count,406,,youtube_public_v1,PUBLIC,2k5dIB52mXKYEnNXd
youtube,FIokWN9ljrI,comment_count,0,,youtube_public_v1,PUBLIC,2k5dIB52mXKYEnNXd
youtube,okoQSjoDZGU,view_count,30669,,youtube_public_v1,PUBLIC,2k5dIB52mXKYEnNXd
youtube,okoQSjoDZGU,like_count,212,,youtube_public_v1,PUBLIC,2k5dIB52mXKYEnNXd
youtube,okoQSjoDZGU,comment_count,3,,youtube_public_v1,PUBLIC,2k5dIB52mXKYEnNXd
youtube,bUAZLRCcXmw,view_count,6819,,youtube_public_v1,PUBLIC,2k5dIB52mXKYEnNXd
youtube,bUAZLRCcXmw,like_count,36,,youtube_public_v1,PUBLIC,2k5dIB52mXKYEnNXd
youtube,bUAZLRCcXmw,comment_count,0,,youtube_public_v1,PUBLIC,2k5dIB52mXKYEnNXd
youtube,jLfOTIxfwi0,view_count,2466,,youtube_public_v1,PUBLIC,2k5dIB52mXKYEnNXd
youtube,jLfOTIxfwi0,like_count,35,,youtube_public_v1,PUBLIC,2k5dIB52mXKYEnNXd
youtube,jLfOTIxfwi0,comment_count,2,,youtube_public_v1,PUBLIC,2k5dIB52mXKYEnNXd
youtube,9Y5F3U0mpvo,view_count,30330,,youtube_public_v1,PUBLIC,2k5dIB52mXKYEnNXd
youtube,9Y5F3U0mpvo,like_count,1400,,youtube_public_v1,PUBLIC,2k5dIB52mXKYEnNXd
youtube,9Y5F3U0mpvo,comment_count,15,,youtube_public_v1,PUBLIC,2k5dIB52mXKYEnNXd
youtube,zqfSVgaiRCU,view_count,75867,,youtube_public_v1,PUBLIC,2k5dIB52mXKYEnNXd
youtube,zqfSVgaiRCU,like_count,1100,,youtube_public_v1,PUBLIC,2k5dIB52mXKYEnNXd
youtube,zqfSVgaiRCU,comment_count,22,,youtube_public_v1,PUBLIC,2k5dIB52mXKYEnNXd
youtube,LeZRAgptZFI,view_count,40507,,youtube_public_v1,PUBLIC,2k5dIB52mXKYEnNXd
youtube,LeZRAgptZFI,like_count,766,,youtube_public_v1,PUBLIC,2k5dIB52mXKYEnNXd
youtube,LeZRAgptZFI,comment_count,6,,youtube_public_v1,PUBLIC,2k5dIB52mXKYEnNXd
youtube,-Ki3dnCDv7o,view_count,73795,,youtube_public_v1,PUBLIC,2k5dIB52mXKYEnNXd
youtube,-Ki3dnCDv7o,like_count,1200,,youtube_public_v1,PUBLIC,2k5dIB52mXKYEnNXd
youtube,-Ki3dnCDv7o,comment_count,8,,youtube_public_v1,PUBLIC,2k5dIB52mXKYEnNXd
youtube,fLKblkMdilw,view_count,135223,,youtube_public_v1,PUBLIC,2k5dIB52mXKYEnNXd
youtube,fLKblkMdilw,like_count,1500,,youtube_public_v1,PUBLIC,2k5dIB52mXKYEnNXd
youtube,fLKblkMdilw,comment_count,0,,youtube_public_v1,PUBLIC,2k5dIB52mXKYEnNXd
youtube,LYQdr69uGzU,view_count,7695,,youtube_public_v1,PUBLIC,2k5dIB52mXKYEnNXd
youtube,LYQdr69uGzU,like_count,77,,youtube_public_v1,PUBLIC,2k5dIB52mXKYEnNXd
youtube,LYQdr69uGzU,comment_count,0,,youtube_public_v1,PUBLIC,2k5dIB52mXKYEnNXd
youtube,hN-A9LsW0rs,view_count,85854,,youtube_public_v1,PUBLIC,2k5dIB52mXKYEnNXd
youtube,hN-A9LsW0rs,like_count,2900,,youtube_public_v1,PUBLIC,2k5dIB52mXKYEnNXd
youtube,hN-A9LsW0rs,comment_count,23,,youtube_public_v1,PUBLIC,2k5dIB52mXKYEnNXd
youtube,yZiIYIlbzFk,view_count,20888,,youtube_public_v1,PUBLIC,2k5dIB52mXKYEnNXd
youtube,yZiIYIlbzFk,like_count,607,,youtube_public_v1,PUBLIC,2k5dIB52mXKYEnNXd
youtube,yZiIYIlbzFk,comment_count,3,,youtube_public_v1,PUBLIC,2k5dIB52mXKYEnNXd
youtube,XjNuvpOs4k8,view_count,78288,,youtube_public_v1,PUBLIC,2k5dIB52mXKYEnNXd
youtube,XjNuvpOs4k8,like_count,533,,youtube_public_v1,PUBLIC,2k5dIB52mXKYEnNXd
youtube,XjNuvpOs4k8,comment_count,23,,youtube_public_v1,PUBLIC,2k5dIB52mXKYEnNXd
youtube,x_FGlPMUF80,view_count,96862,,youtube_public_v1,PUBLIC,2k5dIB52mXKYEnNXd
youtube,x_FGlPMUF80,like_count,2300,,youtube_public_v1,PUBLIC,2k5dIB52mXKYEnNXd
youtube,x_FGlPMUF80,comment_count,12,,youtube_public_v1,PUBLIC,2k5dIB52mXKYEnNXd
youtube,OTpleVpUaCA,view_count,27922,,youtube_public_v1,PUBLIC,2k5dIB52mXKYEnNXd
youtube,OTpleVpUaCA,like_count,338,,youtube_public_v1,PUBLIC,2k5dIB52mXKYEnNXd
youtube,OTpleVpUaCA,comment_count,2,,youtube_public_v1,PUBLIC,2k5dIB52mXKYEnNXd
youtube,4-wWByGr__U,view_count,14066,,youtube_public_v1,PUBLIC,2k5dIB52mXKYEnNXd
youtube,4-wWByGr__U,like_count,287,,youtube_public_v1,PUBLIC,2k5dIB52mXKYEnNXd
youtube,4-wWByGr__U,comment_count,0,,youtube_public_v1,PUBLIC,2k5dIB52mXKYEnNXd
youtube,PvB81F1fX4Y,view_count,38997,,youtube_public_v1,PUBLIC,2k5dIB52mXKYEnNXd
youtube,PvB81F1fX4Y,like_count,498,,youtube_public_v1,PUBLIC,2k5dIB52mXKYEnNXd
youtube,PvB81F1fX4Y,comment_count,1,,youtube_public_v1,PUBLIC,2k5dIB52mXKYEnNXd
youtube,wtUz53s4pjE,view_count,34,,youtube_public_v1,PUBLIC,3ASNkmVShnLEBLTFu
youtube,wtUz53s4pjE,like_count,1,,youtube_public_v1,PUBLIC,3ASNkmVShnLEBLTFu
youtube,wtUz53s4pjE,comment_count,0,,youtube_public_v1,PUBLIC,3ASNkmVShnLEBLTFu
youtube,iHi6wZASiuU,view_count,3347,,youtube_public_v1,PUBLIC,3ASNkmVShnLEBLTFu
youtube,iHi6wZASiuU,like_count,0,,youtube_public_v1,PUBLIC,3ASNkmVShnLEBLTFu
youtube,iHi6wZASiuU,comment_count,0,,youtube_public_v1,PUBLIC,3ASNkmVShnLEBLTFu
youtube,C5bzsDq9ylE,view_count,10597,,youtube_public_v1,PUBLIC,3ASNkmVShnLEBLTFu
youtube,C5bzsDq9ylE,like_count,134,,youtube_public_v1,PUBLIC,3ASNkmVShnLEBLTFu
youtube,C5bzsDq9ylE,comment_count,0,,youtube_public_v1,PUBLIC,3ASNkmVShnLEBLTFu
youtube,6I-gTAcvDfk,view_count,1854,,youtube_public_v1,PUBLIC,3ASNkmVShnLEBLTFu
youtube,6I-gTAcvDfk,like_count,19,,youtube_public_v1,PUBLIC,3ASNkmVShnLEBLTFu
youtube,6I-gTAcvDfk,comment_count,0,,youtube_public_v1,PUBLIC,3ASNkmVShnLEBLTFu
youtube,PM4gjO4Sy7g,view_count,8229,,youtube_public_v1,PUBLIC,3ASNkmVShnLEBLTFu
youtube,PM4gjO4Sy7g,like_count,188,,youtube_public_v1,PUBLIC,3ASNkmVShnLEBLTFu
youtube,PM4gjO4Sy7g,comment_count,2,,youtube_public_v1,PUBLIC,3ASNkmVShnLEBLTFu
youtube,9FuWNRcNClA,view_count,12250,,youtube_public_v1,PUBLIC,3ASNkmVShnLEBLTFu
youtube,9FuWNRcNClA,like_count,109,,youtube_public_v1,PUBLIC,3ASNkmVShnLEBLTFu
youtube,9FuWNRcNClA,comment_count,0,,youtube_public_v1,PUBLIC,3ASNkmVShnLEBLTFu
youtube,UFcycryLcgg,view_count,9373,,youtube_public_v1,PUBLIC,3ASNkmVShnLEBLTFu
youtube,UFcycryLcgg,like_count,80,,youtube_public_v1,PUBLIC,3ASNkmVShnLEBLTFu
youtube,UFcycryLcgg,comment_count,0,,youtube_public_v1,PUBLIC,3ASNkmVShnLEBLTFu
youtube,suDp-Lw8WCE,view_count,9776,,youtube_public_v1,PUBLIC,3ASNkmVShnLEBLTFu
youtube,suDp-Lw8WCE,like_count,140,,youtube_public_v1,PUBLIC,3ASNkmVShnLEBLTFu
youtube,suDp-Lw8WCE,comment_count,0,,youtube_public_v1,PUBLIC,3ASNkmVShnLEBLTFu
youtube,SCVCLVocqEA,view_count,1981584,,youtube_public_v1,PUBLIC,3ASNkmVShnLEBLTFu
youtube,SCVCLVocqEA,like_count,45000,,youtube_public_v1,PUBLIC,3ASNkmVShnLEBLTFu
youtube,SCVCLVocqEA,comment_count,280,,youtube_public_v1,PUBLIC,3ASNkmVShnLEBLTFu
youtube,pY1Hcsp-sCE,view_count,201,,youtube_public_v1,PUBLIC,3ASNkmVShnLEBLTFu
youtube,pY1Hcsp-sCE,like_count,6,,youtube_public_v1,PUBLIC,3ASNkmVShnLEBLTFu
youtube,pY1Hcsp-sCE,comment_count,0,,youtube_public_v1,PUBLIC,3ASNkmVShnLEBLTFu
youtube,oNtgJJ5zQJM,view_count,39870,,youtube_public_v1,PUBLIC,3ASNkmVShnLEBLTFu
youtube,oNtgJJ5zQJM,like_count,813,,youtube_public_v1,PUBLIC,3ASNkmVShnLEBLTFu
youtube,oNtgJJ5zQJM,comment_count,22,,youtube_public_v1,PUBLIC,3ASNkmVShnLEBLTFu
youtube,Oup8FiM3F1w,view_count,1015,,youtube_public_v1,PUBLIC,3ASNkmVShnLEBLTFu
youtube,Oup8FiM3F1w,like_count,38,,youtube_public_v1,PUBLIC,3ASNkmVShnLEBLTFu
youtube,Oup8FiM3F1w,comment_count,2,,youtube_public_v1,PUBLIC,3ASNkmVShnLEBLTFu
youtube,olqpeHT7bAc,view_count,779,,youtube_public_v1,PUBLIC,3ASNkmVShnLEBLTFu
youtube,olqpeHT7bAc,like_count,10,,youtube_public_v1,PUBLIC,3ASNkmVShnLEBLTFu
youtube,olqpeHT7bAc,comment_count,0,,youtube_public_v1,PUBLIC,3ASNkmVShnLEBLTFu
youtube,Rtx9w5p2wkE,view_count,3917,,youtube_public_v1,PUBLIC,3ASNkmVShnLEBLTFu
youtube,Rtx9w5p2wkE,like_count,21,,youtube_public_v1,PUBLIC,3ASNkmVShnLEBLTFu
youtube,Rtx9w5p2wkE,comment_count,0,,youtube_public_v1,PUBLIC,3ASNkmVShnLEBLTFu
youtube,ncKakBEJ77U,view_count,488,,youtube_public_v1,PUBLIC,3ASNkmVShnLEBLTFu
youtube,ncKakBEJ77U,like_count,10,,youtube_public_v1,PUBLIC,3ASNkmVShnLEBLTFu
youtube,ncKakBEJ77U,comment_count,0,,youtube_public_v1,PUBLIC,3ASNkmVShnLEBLTFu
youtube,yyYk50Auwtw,view_count,3560,,youtube_public_v1,PUBLIC,3ASNkmVShnLEBLTFu
youtube,yyYk50Auwtw,like_count,0,,youtube_public_v1,PUBLIC,3ASNkmVShnLEBLTFu
youtube,yyYk50Auwtw,comment_count,0,,youtube_public_v1,PUBLIC,3ASNkmVShnLEBLTFu
youtube,X38lOAD2eIw,view_count,114979,,youtube_public_v1,PUBLIC,3ASNkmVShnLEBLTFu
youtube,X38lOAD2eIw,like_count,2700,,youtube_public_v1,PUBLIC,3ASNkmVShnLEBLTFu
youtube,X38lOAD2eIw,comment_count,36,,youtube_public_v1,PUBLIC,3ASNkmVShnLEBLTFu
youtube,wKcb9isakzo,view_count,2114,,youtube_public_v1,PUBLIC,3ASNkmVShnLEBLTFu
youtube,wKcb9isakzo,like_count,4,,youtube_public_v1,PUBLIC,3ASNkmVShnLEBLTFu
youtube,wKcb9isakzo,comment_count,3,,youtube_public_v1,PUBLIC,3ASNkmVShnLEBLTFu
youtube,bZbRNfAFmiE,view_count,10232,,youtube_public_v1,PUBLIC,3ASNkmVShnLEBLTFu
youtube,bZbRNfAFmiE,like_count,77,,youtube_public_v1,PUBLIC,3ASNkmVShnLEBLTFu
youtube,bZbRNfAFmiE,comment_count,0,,youtube_public_v1,PUBLIC,3ASNkmVShnLEBLTFu
youtube,i2bHFj4W2No,view_count,2121,,youtube_public_v1,PUBLIC,3ASNkmVShnLEBLTFu
youtube,i2bHFj4W2No,like_count,32,,youtube_public_v1,PUBLIC,3ASNkmVShnLEBLTFu
youtube,i2bHFj4W2No,comment_count,1,,youtube_public_v1,PUBLIC,3ASNkmVShnLEBLTFu
youtube,H1VhI23A9lQ,view_count,24647,,youtube_public_v1,PUBLIC,3ASNkmVShnLEBLTFu
youtube,H1VhI23A9lQ,like_count,370,,youtube_public_v1,PUBLIC,3ASNkmVShnLEBLTFu
youtube,H1VhI23A9lQ,comment_count,3,,youtube_public_v1,PUBLIC,3ASNkmVShnLEBLTFu
youtube,iMiIU55EZ8Q,view_count,18,,youtube_public_v1,PUBLIC,3ASNkmVShnLEBLTFu
youtube,iMiIU55EZ8Q,like_count,0,,youtube_public_v1,PUBLIC,3ASNkmVShnLEBLTFu
youtube,iMiIU55EZ8Q,comment_count,0,,youtube_public_v1,PUBLIC,3ASNkmVShnLEBLTFu
youtube,IXIbYenKcoA,view_count,222,,youtube_public_v1,PUBLIC,3ASNkmVShnLEBLTFu
youtube,IXIbYenKcoA,like_count,2,,youtube_public_v1,PUBLIC,3ASNkmVShnLEBLTFu
youtube,IXIbYenKcoA,comment_count,0,,youtube_public_v1,PUBLIC,3ASNkmVShnLEBLTFu
youtube,IuamwgSRu6w,view_count,545,,youtube_public_v1,PUBLIC,3ASNkmVShnLEBLTFu
youtube,IuamwgSRu6w,like_count,12,,youtube_public_v1,PUBLIC,3ASNkmVShnLEBLTFu
youtube,IuamwgSRu6w,comment_count,0,,youtube_public_v1,PUBLIC,3ASNkmVShnLEBLTFu
youtube,QfArZ0zW9v8,view_count,9076,,youtube_public_v1,PUBLIC,3ASNkmVShnLEBLTFu
youtube,QfArZ0zW9v8,like_count,193,,youtube_public_v1,PUBLIC,3ASNkmVShnLEBLTFu
youtube,QfArZ0zW9v8,comment_count,1,,youtube_public_v1,PUBLIC,3ASNkmVShnLEBLTFu
youtube,VyqFWlQh9ho,view_count,713,,youtube_public_v1,PUBLIC,3ASNkmVShnLEBLTFu
youtube,VyqFWlQh9ho,like_count,25,,youtube_public_v1,PUBLIC,3ASNkmVShnLEBLTFu
youtube,VyqFWlQh9ho,comment_count,0,,youtube_public_v1,PUBLIC,3ASNkmVShnLEBLTFu
youtube,O0Of1ZEhvho,view_count,398,,youtube_public_v1,PUBLIC,3ASNkmVShnLEBLTFu
youtube,O0Of1ZEhvho,like_count,10,,youtube_public_v1,PUBLIC,3ASNkmVShnLEBLTFu
youtube,O0Of1ZEhvho,comment_count,0,,youtube_public_v1,PUBLIC,3ASNkmVShnLEBLTFu
youtube,mxPsQBog-nc,view_count,329,,youtube_public_v1,PUBLIC,3ASNkmVShnLEBLTFu
youtube,mxPsQBog-nc,like_count,7,,youtube_public_v1,PUBLIC,3ASNkmVShnLEBLTFu
youtube,mxPsQBog-nc,comment_count,0,,youtube_public_v1,PUBLIC,3ASNkmVShnLEBLTFu
youtube,t6wFBw477Lw,view_count,565,,youtube_public_v1,PUBLIC,3ASNkmVShnLEBLTFu
youtube,t6wFBw477Lw,like_count,19,,youtube_public_v1,PUBLIC,3ASNkmVShnLEBLTFu
youtube,t6wFBw477Lw,comment_count,0,,youtube_public_v1,PUBLIC,3ASNkmVShnLEBLTFu
youtube,5LA8C5HbvF8,view_count,3361,,youtube_public_v1,PUBLIC,3ASNkmVShnLEBLTFu
youtube,5LA8C5HbvF8,like_count,25,,youtube_public_v1,PUBLIC,3ASNkmVShnLEBLTFu
youtube,5LA8C5HbvF8,comment_count,2,,youtube_public_v1,PUBLIC,3ASNkmVShnLEBLTFu
youtube,_EFhcEqQPmQ,view_count,25531,,youtube_public_v1,PUBLIC,3ASNkmVShnLEBLTFu
youtube,_EFhcEqQPmQ,like_count,757,,youtube_public_v1,PUBLIC,3ASNkmVShnLEBLTFu
youtube,_EFhcEqQPmQ,comment_count,49,,youtube_public_v1,PUBLIC,3ASNkmVShnLEBLTFu
youtube,Ar_Dmx5hDxs,view_count,51,,youtube_public_v1,PUBLIC,3ASNkmVShnLEBLTFu
youtube,Ar_Dmx5hDxs,like_count,4,,youtube_public_v1,PUBLIC,3ASNkmVShnLEBLTFu
youtube,Ar_Dmx5hDxs,comment_count,0,,youtube_public_v1,PUBLIC,3ASNkmVShnLEBLTFu
youtube,YO1Na0pMk78,view_count,426,,youtube_public_v1,PUBLIC,3ASNkmVShnLEBLTFu
youtube,YO1Na0pMk78,like_count,9,,youtube_public_v1,PUBLIC,3ASNkmVShnLEBLTFu
youtube,YO1Na0pMk78,comment_count,0,,youtube_public_v1,PUBLIC,3ASNkmVShnLEBLTFu
youtube,nUohrTqFvI8,view_count,47,,youtube_public_v1,PUBLIC,3ASNkmVShnLEBLTFu
youtube,nUohrTqFvI8,like_count,1,,youtube_public_v1,PUBLIC,3ASNkmVShnLEBLTFu
youtube,nUohrTqFvI8,comment_count,0,,youtube_public_v1,PUBLIC,3ASNkmVShnLEBLTFu
youtube,mybwlwyX28A,view_count,12454887,,youtube_public_v1,PUBLIC,3ASNkmVShnLEBLTFu
youtube,mybwlwyX28A,like_count,50000,,youtube_public_v1,PUBLIC,3ASNkmVShnLEBLTFu
youtube,mybwlwyX28A,comment_count,1298,,youtube_public_v1,PUBLIC,3ASNkmVShnLEBLTFu
youtube,gQA-2G9MueE,view_count,3088029,,youtube_public_v1,PUBLIC,3ASNkmVShnLEBLTFu
youtube,gQA-2G9MueE,like_count,9400,,youtube_public_v1,PUBLIC,3ASNkmVShnLEBLTFu
youtube,gQA-2G9MueE,comment_count,218,,youtube_public_v1,PUBLIC,3ASNkmVShnLEBLTFu
youtube,p8lNio-h8tc,view_count,1314,,youtube_public_v1,PUBLIC,3ASNkmVShnLEBLTFu
youtube,p8lNio-h8tc,like_count,13,,youtube_public_v1,PUBLIC,3ASNkmVShnLEBLTFu
youtube,p8lNio-h8tc,comment_count,3,,youtube_public_v1,PUBLIC,3ASNkmVShnLEBLTFu
youtube,XYPp7sY_KpI,view_count,136042,,youtube_public_v1,PUBLIC,3ASNkmVShnLEBLTFu
youtube,XYPp7sY_KpI,like_count,1200,,youtube_public_v1,PUBLIC,3ASNkmVShnLEBLTFu
youtube,XYPp7sY_KpI,comment_count,35,,youtube_public_v1,PUBLIC,3ASNkmVShnLEBLTFu
youtube,uOl-WQg_4uQ,view_count,671412,,youtube_public_v1,PUBLIC,3ASNkmVShnLEBLTFu
youtube,uOl-WQg_4uQ,like_count,2200,,youtube_public_v1,PUBLIC,3ASNkmVShnLEBLTFu
youtube,uOl-WQg_4uQ,comment_count,70,,youtube_public_v1,PUBLIC,3ASNkmVShnLEBLTFu
youtube,rxvbcnPNoJc,view_count,3855867,,youtube_public_v1,PUBLIC,3ASNkmVShnLEBLTFu
youtube,rxvbcnPNoJc,like_count,16000,,youtube_public_v1,PUBLIC,3ASNkmVShnLEBLTFu
youtube,rxvbcnPNoJc,comment_count,320,,youtube_public_v1,PUBLIC,3ASNkmVShnLEBLTFu
youtube,qcKyCXAKK4s,view_count,726658,2026-08-12T14:51:53.225057+07:00,youtube_public_v1,PUBLIC,3ASNkmVShnLEBLTFu
youtube,qcKyCXAKK4s,like_count,8200,2026-08-12T14:51:53.225057+07:00,youtube_public_v1,PUBLIC,3ASNkmVShnLEBLTFu
youtube,qcKyCXAKK4s,comment_count,550,2026-08-12T14:51:53.225057+07:00,youtube_public_v1,PUBLIC,3ASNkmVShnLEBLTFu
youtube,dF_QI8InemQ,view_count,4669565,,youtube_public_v1,PUBLIC,3ASNkmVShnLEBLTFu
youtube,dF_QI8InemQ,like_count,16000,,youtube_public_v1,PUBLIC,3ASNkmVShnLEBLTFu
youtube,dF_QI8InemQ,comment_count,660,,youtube_public_v1,PUBLIC,3ASNkmVShnLEBLTFu
youtube,38_gTrTapdE,view_count,2757055,,youtube_public_v1,PUBLIC,3ASNkmVShnLEBLTFu
youtube,38_gTrTapdE,like_count,7300,,youtube_public_v1,PUBLIC,3ASNkmVShnLEBLTFu
youtube,38_gTrTapdE,comment_count,191,,youtube_public_v1,PUBLIC,3ASNkmVShnLEBLTFu
youtube,D1Uf9vREh6Q,view_count,4244027,,youtube_public_v1,PUBLIC,3ASNkmVShnLEBLTFu
youtube,D1Uf9vREh6Q,like_count,7300,,youtube_public_v1,PUBLIC,3ASNkmVShnLEBLTFu
youtube,D1Uf9vREh6Q,comment_count,200,,youtube_public_v1,PUBLIC,3ASNkmVShnLEBLTFu
youtube,ECjMT-KDshs,view_count,11032783,,youtube_public_v1,PUBLIC,3ASNkmVShnLEBLTFu
youtube,ECjMT-KDshs,like_count,62000,,youtube_public_v1,PUBLIC,3ASNkmVShnLEBLTFu
youtube,ECjMT-KDshs,comment_count,2154,,youtube_public_v1,PUBLIC,3ASNkmVShnLEBLTFu
youtube,BLOmk1686z4,view_count,7377760,,youtube_public_v1,PUBLIC,3ASNkmVShnLEBLTFu
youtube,BLOmk1686z4,like_count,20000,,youtube_public_v1,PUBLIC,3ASNkmVShnLEBLTFu
youtube,BLOmk1686z4,comment_count,211,,youtube_public_v1,PUBLIC,3ASNkmVShnLEBLTFu
youtube,JyWbYdAbJRQ,view_count,100,,youtube_public_v1,PUBLIC,3ASNkmVShnLEBLTFu
youtube,JyWbYdAbJRQ,like_count,4,,youtube_public_v1,PUBLIC,3ASNkmVShnLEBLTFu
youtube,JyWbYdAbJRQ,comment_count,0,,youtube_public_v1,PUBLIC,3ASNkmVShnLEBLTFu
youtube,mn7qu34H-TI,view_count,150,,youtube_public_v1,PUBLIC,3ASNkmVShnLEBLTFu
youtube,mn7qu34H-TI,like_count,0,,youtube_public_v1,PUBLIC,3ASNkmVShnLEBLTFu
youtube,mn7qu34H-TI,comment_count,0,,youtube_public_v1,PUBLIC,3ASNkmVShnLEBLTFu
youtube,bqjPhB-_b80,view_count,62,,youtube_public_v1,PUBLIC,3ASNkmVShnLEBLTFu
youtube,bqjPhB-_b80,like_count,3,,youtube_public_v1,PUBLIC,3ASNkmVShnLEBLTFu
youtube,bqjPhB-_b80,comment_count,0,,youtube_public_v1,PUBLIC,3ASNkmVShnLEBLTFu
youtube,yZGbxf4cLXM,view_count,655,,youtube_public_v1,PUBLIC,3ASNkmVShnLEBLTFu
youtube,yZGbxf4cLXM,like_count,25,,youtube_public_v1,PUBLIC,3ASNkmVShnLEBLTFu
youtube,yZGbxf4cLXM,comment_count,4,,youtube_public_v1,PUBLIC,3ASNkmVShnLEBLTFu
youtube,heP0id2g64U,view_count,721990,,youtube_public_v1,PUBLIC,3ASNkmVShnLEBLTFu
youtube,heP0id2g64U,like_count,4500,,youtube_public_v1,PUBLIC,3ASNkmVShnLEBLTFu
youtube,heP0id2g64U,comment_count,125,,youtube_public_v1,PUBLIC,3ASNkmVShnLEBLTFu
youtube,cBu60RjaWIg,view_count,524639,2026-08-12T14:51:53.225057+07:00,youtube_public_v1,PUBLIC,3ASNkmVShnLEBLTFu
youtube,cBu60RjaWIg,like_count,5100,2026-08-12T14:51:53.225057+07:00,youtube_public_v1,PUBLIC,3ASNkmVShnLEBLTFu
youtube,cBu60RjaWIg,comment_count,233,2026-08-12T14:51:53.225057+07:00,youtube_public_v1,PUBLIC,3ASNkmVShnLEBLTFu
youtube,9z2trgZI3b4,view_count,1143,,youtube_public_v1,PUBLIC,3ASNkmVShnLEBLTFu
youtube,9z2trgZI3b4,like_count,15,,youtube_public_v1,PUBLIC,3ASNkmVShnLEBLTFu
youtube,9z2trgZI3b4,comment_count,0,,youtube_public_v1,PUBLIC,3ASNkmVShnLEBLTFu
youtube,4r9w2Zit6Ag,view_count,33735,,youtube_public_v1,PUBLIC,3ASNkmVShnLEBLTFu
youtube,4r9w2Zit6Ag,like_count,835,,youtube_public_v1,PUBLIC,3ASNkmVShnLEBLTFu
youtube,4r9w2Zit6Ag,comment_count,5,,youtube_public_v1,PUBLIC,3ASNkmVShnLEBLTFu
youtube,j55cPCSmhSo,view_count,127976,,youtube_public_v1,PUBLIC,3ASNkmVShnLEBLTFu
youtube,j55cPCSmhSo,like_count,4900,,youtube_public_v1,PUBLIC,3ASNkmVShnLEBLTFu
youtube,j55cPCSmhSo,comment_count,52,,youtube_public_v1,PUBLIC,3ASNkmVShnLEBLTFu
youtube,KoF4x9c8yhA,view_count,407386,,youtube_public_v1,PUBLIC,3ASNkmVShnLEBLTFu
youtube,KoF4x9c8yhA,like_count,3200,,youtube_public_v1,PUBLIC,3ASNkmVShnLEBLTFu
youtube,KoF4x9c8yhA,comment_count,73,,youtube_public_v1,PUBLIC,3ASNkmVShnLEBLTFu
youtube,jxwq8hOjzK8,view_count,5282623,,youtube_public_v1,PUBLIC,3ASNkmVShnLEBLTFu
youtube,jxwq8hOjzK8,like_count,7800,,youtube_public_v1,PUBLIC,3ASNkmVShnLEBLTFu
youtube,jxwq8hOjzK8,comment_count,631,,youtube_public_v1,PUBLIC,3ASNkmVShnLEBLTFu
youtube,nV_SmfCfjsE,view_count,24143,,youtube_public_v1,PUBLIC,3ASNkmVShnLEBLTFu
youtube,nV_SmfCfjsE,like_count,462,,youtube_public_v1,PUBLIC,3ASNkmVShnLEBLTFu
youtube,nV_SmfCfjsE,comment_count,9,,youtube_public_v1,PUBLIC,3ASNkmVShnLEBLTFu
youtube,Rd64ozI7-Y0,view_count,66252,,youtube_public_v1,PUBLIC,3ASNkmVShnLEBLTFu
youtube,Rd64ozI7-Y0,like_count,893,,youtube_public_v1,PUBLIC,3ASNkmVShnLEBLTFu
youtube,Rd64ozI7-Y0,comment_count,13,,youtube_public_v1,PUBLIC,3ASNkmVShnLEBLTFu
youtube,Dh-qwUiD3L4,view_count,29206,,youtube_public_v1,PUBLIC,3ASNkmVShnLEBLTFu
youtube,Dh-qwUiD3L4,like_count,405,,youtube_public_v1,PUBLIC,3ASNkmVShnLEBLTFu
youtube,Dh-qwUiD3L4,comment_count,6,,youtube_public_v1,PUBLIC,3ASNkmVShnLEBLTFu
youtube,OnC41Jtcj7Q,view_count,3390,,youtube_public_v1,PUBLIC,3ASNkmVShnLEBLTFu
youtube,OnC41Jtcj7Q,like_count,67,,youtube_public_v1,PUBLIC,3ASNkmVShnLEBLTFu
youtube,OnC41Jtcj7Q,comment_count,0,,youtube_public_v1,PUBLIC,3ASNkmVShnLEBLTFu
youtube,SRaUShssunM,view_count,81957,,youtube_public_v1,PUBLIC,3ASNkmVShnLEBLTFu
youtube,SRaUShssunM,like_count,2100,,youtube_public_v1,PUBLIC,3ASNkmVShnLEBLTFu
youtube,SRaUShssunM,comment_count,6,,youtube_public_v1,PUBLIC,3ASNkmVShnLEBLTFu
youtube,afK6ibX5-0Q,view_count,10874157,,youtube_public_v1,PUBLIC,3ASNkmVShnLEBLTFu
youtube,afK6ibX5-0Q,like_count,42000,,youtube_public_v1,PUBLIC,3ASNkmVShnLEBLTFu
youtube,afK6ibX5-0Q,comment_count,795,,youtube_public_v1,PUBLIC,3ASNkmVShnLEBLTFu
youtube,kSUMQ4A7NRc,view_count,28924,,youtube_public_v1,PUBLIC,3ASNkmVShnLEBLTFu
youtube,kSUMQ4A7NRc,like_count,524,,youtube_public_v1,PUBLIC,3ASNkmVShnLEBLTFu
youtube,kSUMQ4A7NRc,comment_count,2,,youtube_public_v1,PUBLIC,3ASNkmVShnLEBLTFu
youtube,FAgYTA8xUVc,view_count,3667175,,youtube_public_v1,PUBLIC,3ASNkmVShnLEBLTFu
youtube,FAgYTA8xUVc,like_count,17000,,youtube_public_v1,PUBLIC,3ASNkmVShnLEBLTFu
youtube,FAgYTA8xUVc,comment_count,550,,youtube_public_v1,PUBLIC,3ASNkmVShnLEBLTFu
youtube,0eq5NVw6euk,view_count,138117,,youtube_public_v1,PUBLIC,3ASNkmVShnLEBLTFu
youtube,0eq5NVw6euk,like_count,4800,,youtube_public_v1,PUBLIC,3ASNkmVShnLEBLTFu
youtube,0eq5NVw6euk,comment_count,85,,youtube_public_v1,PUBLIC,3ASNkmVShnLEBLTFu
youtube,jho28KeAZeI,view_count,89491,,youtube_public_v1,PUBLIC,3ASNkmVShnLEBLTFu
youtube,jho28KeAZeI,like_count,204,,youtube_public_v1,PUBLIC,3ASNkmVShnLEBLTFu
youtube,jho28KeAZeI,comment_count,1,,youtube_public_v1,PUBLIC,3ASNkmVShnLEBLTFu
youtube,dqyBaa5F4CE,view_count,9771353,,youtube_public_v1,PUBLIC,3ASNkmVShnLEBLTFu
youtube,dqyBaa5F4CE,like_count,30000,,youtube_public_v1,PUBLIC,3ASNkmVShnLEBLTFu
youtube,dqyBaa5F4CE,comment_count,470,,youtube_public_v1,PUBLIC,3ASNkmVShnLEBLTFu
youtube,2AfaQ6qsLbw,view_count,17733676,,youtube_public_v1,PUBLIC,3ASNkmVShnLEBLTFu
youtube,2AfaQ6qsLbw,like_count,88000,,youtube_public_v1,PUBLIC,3ASNkmVShnLEBLTFu
youtube,2AfaQ6qsLbw,comment_count,3641,,youtube_public_v1,PUBLIC,3ASNkmVShnLEBLTFu
youtube,wxZT4LXXIp4,view_count,46036819,,youtube_public_v1,PUBLIC,3ASNkmVShnLEBLTFu
youtube,wxZT4LXXIp4,like_count,205000,,youtube_public_v1,PUBLIC,3ASNkmVShnLEBLTFu
youtube,wxZT4LXXIp4,comment_count,6143,,youtube_public_v1,PUBLIC,3ASNkmVShnLEBLTFu
youtube,vC9v-pbJRGE,view_count,13147742,,youtube_public_v1,PUBLIC,3ASNkmVShnLEBLTFu
youtube,vC9v-pbJRGE,like_count,16000,,youtube_public_v1,PUBLIC,3ASNkmVShnLEBLTFu
youtube,vC9v-pbJRGE,comment_count,454,,youtube_public_v1,PUBLIC,3ASNkmVShnLEBLTFu
youtube,aK5IevwDK00,view_count,5853123,,youtube_public_v1,PUBLIC,3ASNkmVShnLEBLTFu
youtube,aK5IevwDK00,like_count,25000,,youtube_public_v1,PUBLIC,3ASNkmVShnLEBLTFu
youtube,aK5IevwDK00,comment_count,654,,youtube_public_v1,PUBLIC,3ASNkmVShnLEBLTFu
youtube,YJ4B6ERCeWc,view_count,3742738,,youtube_public_v1,PUBLIC,3ASNkmVShnLEBLTFu
youtube,YJ4B6ERCeWc,like_count,11000,,youtube_public_v1,PUBLIC,3ASNkmVShnLEBLTFu
youtube,YJ4B6ERCeWc,comment_count,154,,youtube_public_v1,PUBLIC,3ASNkmVShnLEBLTFu
youtube,QWEMgCwt6x0,view_count,1471388,,youtube_public_v1,PUBLIC,3ASNkmVShnLEBLTFu
youtube,QWEMgCwt6x0,like_count,5900,,youtube_public_v1,PUBLIC,3ASNkmVShnLEBLTFu
youtube,QWEMgCwt6x0,comment_count,433,,youtube_public_v1,PUBLIC,3ASNkmVShnLEBLTFu
youtube,rMT7xBWWOTg,view_count,47995181,,youtube_public_v1,PUBLIC,3ASNkmVShnLEBLTFu
youtube,rMT7xBWWOTg,like_count,89000,,youtube_public_v1,PUBLIC,3ASNkmVShnLEBLTFu
youtube,rMT7xBWWOTg,comment_count,5037,,youtube_public_v1,PUBLIC,3ASNkmVShnLEBLTFu
youtube,e1hRL4FAnjU,view_count,25153654,,youtube_public_v1,PUBLIC,3ASNkmVShnLEBLTFu
youtube,e1hRL4FAnjU,like_count,38000,,youtube_public_v1,PUBLIC,3ASNkmVShnLEBLTFu
youtube,e1hRL4FAnjU,comment_count,1035,,youtube_public_v1,PUBLIC,3ASNkmVShnLEBLTFu
youtube,WOZ85j3DqGs,view_count,9182517,,youtube_public_v1,PUBLIC,3ASNkmVShnLEBLTFu
youtube,WOZ85j3DqGs,like_count,15000,,youtube_public_v1,PUBLIC,3ASNkmVShnLEBLTFu
youtube,WOZ85j3DqGs,comment_count,1641,,youtube_public_v1,PUBLIC,3ASNkmVShnLEBLTFu
youtube,TGjhsX8A7OI,view_count,4581299,,youtube_public_v1,PUBLIC,3ASNkmVShnLEBLTFu
youtube,TGjhsX8A7OI,like_count,9300,,youtube_public_v1,PUBLIC,3ASNkmVShnLEBLTFu
youtube,TGjhsX8A7OI,comment_count,171,,youtube_public_v1,PUBLIC,3ASNkmVShnLEBLTFu
youtube,C_4of5PjHRs,view_count,1176659,,youtube_public_v1,PUBLIC,3ASNkmVShnLEBLTFu
youtube,C_4of5PjHRs,like_count,12000,,youtube_public_v1,PUBLIC,3ASNkmVShnLEBLTFu
youtube,C_4of5PjHRs,comment_count,909,,youtube_public_v1,PUBLIC,3ASNkmVShnLEBLTFu
youtube,MMgPOQ9gJhM,view_count,19380134,,youtube_public_v1,PUBLIC,3ASNkmVShnLEBLTFu
youtube,MMgPOQ9gJhM,like_count,75000,,youtube_public_v1,PUBLIC,3ASNkmVShnLEBLTFu
youtube,MMgPOQ9gJhM,comment_count,0,,youtube_public_v1,PUBLIC,3ASNkmVShnLEBLTFu
youtube,8yRVy61054Y,view_count,3629885,,youtube_public_v1,PUBLIC,3ASNkmVShnLEBLTFu
youtube,8yRVy61054Y,like_count,8900,,youtube_public_v1,PUBLIC,3ASNkmVShnLEBLTFu
youtube,8yRVy61054Y,comment_count,352,,youtube_public_v1,PUBLIC,3ASNkmVShnLEBLTFu
youtube,DbMZ8O9VVFk,view_count,2681680,,youtube_public_v1,PUBLIC,3ASNkmVShnLEBLTFu
youtube,DbMZ8O9VVFk,like_count,8100,,youtube_public_v1,PUBLIC,3ASNkmVShnLEBLTFu
youtube,DbMZ8O9VVFk,comment_count,3767,,youtube_public_v1,PUBLIC,3ASNkmVShnLEBLTFu
youtube,xIBgmUgBYL8,view_count,3409183,,youtube_public_v1,PUBLIC,3ASNkmVShnLEBLTFu
youtube,xIBgmUgBYL8,like_count,9500,,youtube_public_v1,PUBLIC,3ASNkmVShnLEBLTFu
youtube,xIBgmUgBYL8,comment_count,387,,youtube_public_v1,PUBLIC,3ASNkmVShnLEBLTFu
youtube,ZRhNBbcV6AE,view_count,13129637,,youtube_public_v1,PUBLIC,3ASNkmVShnLEBLTFu
youtube,ZRhNBbcV6AE,like_count,56000,,youtube_public_v1,PUBLIC,3ASNkmVShnLEBLTFu
youtube,ZRhNBbcV6AE,comment_count,3863,,youtube_public_v1,PUBLIC,3ASNkmVShnLEBLTFu
youtube,u9ErsRPg6U4,view_count,1124089,,youtube_public_v1,PUBLIC,3ASNkmVShnLEBLTFu
youtube,u9ErsRPg6U4,like_count,4800,,youtube_public_v1,PUBLIC,3ASNkmVShnLEBLTFu
youtube,u9ErsRPg6U4,comment_count,279,,youtube_public_v1,PUBLIC,3ASNkmVShnLEBLTFu
youtube,smukFYcEMq0,view_count,1538316,,youtube_public_v1,PUBLIC,3ASNkmVShnLEBLTFu
youtube,smukFYcEMq0,like_count,4400,,youtube_public_v1,PUBLIC,3ASNkmVShnLEBLTFu
youtube,smukFYcEMq0,comment_count,222,,youtube_public_v1,PUBLIC,3ASNkmVShnLEBLTFu
youtube,bQzPnNCtHAI,view_count,1486009,,youtube_public_v1,PUBLIC,69rQyeVbXBtMUryM9
youtube,bQzPnNCtHAI,like_count,3900,,youtube_public_v1,PUBLIC,69rQyeVbXBtMUryM9
youtube,bQzPnNCtHAI,comment_count,220,,youtube_public_v1,PUBLIC,69rQyeVbXBtMUryM9
youtube,h1J9yFeqEyI,view_count,9092,,youtube_public_v1,PUBLIC,69rQyeVbXBtMUryM9
youtube,h1J9yFeqEyI,like_count,320,,youtube_public_v1,PUBLIC,69rQyeVbXBtMUryM9
youtube,h1J9yFeqEyI,comment_count,7,,youtube_public_v1,PUBLIC,69rQyeVbXBtMUryM9
youtube,QJ5BiZUCb4M,view_count,33392142,,youtube_public_v1,PUBLIC,69rQyeVbXBtMUryM9
youtube,QJ5BiZUCb4M,like_count,126000,,youtube_public_v1,PUBLIC,69rQyeVbXBtMUryM9
youtube,QJ5BiZUCb4M,comment_count,6214,,youtube_public_v1,PUBLIC,69rQyeVbXBtMUryM9
youtube,TuiDaVFdYB4,view_count,5698639,,youtube_public_v1,PUBLIC,69rQyeVbXBtMUryM9
youtube,TuiDaVFdYB4,like_count,22000,,youtube_public_v1,PUBLIC,69rQyeVbXBtMUryM9
youtube,TuiDaVFdYB4,comment_count,4676,,youtube_public_v1,PUBLIC,69rQyeVbXBtMUryM9
youtube,WzdpI60dmAk,view_count,2270,,youtube_public_v1,PUBLIC,69rQyeVbXBtMUryM9
youtube,WzdpI60dmAk,like_count,34,,youtube_public_v1,PUBLIC,69rQyeVbXBtMUryM9
youtube,WzdpI60dmAk,comment_count,2,,youtube_public_v1,PUBLIC,69rQyeVbXBtMUryM9
youtube,Yl9mwX2Qo24,view_count,1270279,,youtube_public_v1,PUBLIC,69rQyeVbXBtMUryM9
youtube,Yl9mwX2Qo24,like_count,15000,,youtube_public_v1,PUBLIC,69rQyeVbXBtMUryM9
youtube,Yl9mwX2Qo24,comment_count,834,,youtube_public_v1,PUBLIC,69rQyeVbXBtMUryM9
youtube,3miUFC3LPkE,view_count,58088,,youtube_public_v1,PUBLIC,69rQyeVbXBtMUryM9
youtube,3miUFC3LPkE,like_count,281,,youtube_public_v1,PUBLIC,69rQyeVbXBtMUryM9
youtube,3miUFC3LPkE,comment_count,20,,youtube_public_v1,PUBLIC,69rQyeVbXBtMUryM9
youtube,oHt8XJO_sa4,view_count,8314930,,youtube_public_v1,PUBLIC,69rQyeVbXBtMUryM9
youtube,oHt8XJO_sa4,like_count,61000,,youtube_public_v1,PUBLIC,69rQyeVbXBtMUryM9
youtube,oHt8XJO_sa4,comment_count,3218,,youtube_public_v1,PUBLIC,69rQyeVbXBtMUryM9
youtube,jYArlZRqhXw,view_count,3804141,,youtube_public_v1,PUBLIC,69rQyeVbXBtMUryM9
youtube,jYArlZRqhXw,like_count,0,,youtube_public_v1,PUBLIC,69rQyeVbXBtMUryM9
youtube,jYArlZRqhXw,comment_count,328,,youtube_public_v1,PUBLIC,69rQyeVbXBtMUryM9
youtube,ihZYtrWTbkY,view_count,11231192,,youtube_public_v1,PUBLIC,69rQyeVbXBtMUryM9
youtube,ihZYtrWTbkY,like_count,89000,,youtube_public_v1,PUBLIC,69rQyeVbXBtMUryM9
youtube,ihZYtrWTbkY,comment_count,11238,,youtube_public_v1,PUBLIC,69rQyeVbXBtMUryM9
youtube,2-k2ziSu9b8,view_count,129905322,,youtube_public_v1,PUBLIC,69rQyeVbXBtMUryM9
youtube,2-k2ziSu9b8,like_count,439000,,youtube_public_v1,PUBLIC,69rQyeVbXBtMUryM9
youtube,2-k2ziSu9b8,comment_count,9953,,youtube_public_v1,PUBLIC,69rQyeVbXBtMUryM9
youtube,Sxesb8W2zQA,view_count,21375,,youtube_public_v1,PUBLIC,69rQyeVbXBtMUryM9
youtube,Sxesb8W2zQA,like_count,1400,,youtube_public_v1,PUBLIC,69rQyeVbXBtMUryM9
youtube,Sxesb8W2zQA,comment_count,51,,youtube_public_v1,PUBLIC,69rQyeVbXBtMUryM9
youtube,_ESgXvDxZRs,view_count,98539,,youtube_public_v1,PUBLIC,69rQyeVbXBtMUryM9
youtube,_ESgXvDxZRs,like_count,890,,youtube_public_v1,PUBLIC,69rQyeVbXBtMUryM9
youtube,_ESgXvDxZRs,comment_count,40,,youtube_public_v1,PUBLIC,69rQyeVbXBtMUryM9
youtube,E9CoizyijCA,view_count,2629945,,youtube_public_v1,PUBLIC,69rQyeVbXBtMUryM9
youtube,E9CoizyijCA,like_count,8800,,youtube_public_v1,PUBLIC,69rQyeVbXBtMUryM9
youtube,E9CoizyijCA,comment_count,639,,youtube_public_v1,PUBLIC,69rQyeVbXBtMUryM9
youtube,2Tpfug1G9IM,view_count,2280058,,youtube_public_v1,PUBLIC,69rQyeVbXBtMUryM9
youtube,2Tpfug1G9IM,like_count,5800,,youtube_public_v1,PUBLIC,69rQyeVbXBtMUryM9
youtube,2Tpfug1G9IM,comment_count,216,,youtube_public_v1,PUBLIC,69rQyeVbXBtMUryM9
youtube,77GVECJyflw,view_count,379653,,youtube_public_v1,PUBLIC,69rQyeVbXBtMUryM9
youtube,77GVECJyflw,like_count,1000,,youtube_public_v1,PUBLIC,69rQyeVbXBtMUryM9
youtube,77GVECJyflw,comment_count,12,,youtube_public_v1,PUBLIC,69rQyeVbXBtMUryM9
youtube,V-figetBfP8,view_count,637686,,youtube_public_v1,PUBLIC,69rQyeVbXBtMUryM9
youtube,V-figetBfP8,like_count,1800,,youtube_public_v1,PUBLIC,69rQyeVbXBtMUryM9
youtube,V-figetBfP8,comment_count,51,,youtube_public_v1,PUBLIC,69rQyeVbXBtMUryM9
youtube,7o6qZBygf5c,view_count,390684,,youtube_public_v1,PUBLIC,69rQyeVbXBtMUryM9
youtube,7o6qZBygf5c,like_count,2600,,youtube_public_v1,PUBLIC,69rQyeVbXBtMUryM9
youtube,7o6qZBygf5c,comment_count,98,,youtube_public_v1,PUBLIC,69rQyeVbXBtMUryM9
youtube,gpl26Fg50zE,view_count,13592545,,youtube_public_v1,PUBLIC,69rQyeVbXBtMUryM9
youtube,gpl26Fg50zE,like_count,65000,,youtube_public_v1,PUBLIC,69rQyeVbXBtMUryM9
youtube,gpl26Fg50zE,comment_count,1600,,youtube_public_v1,PUBLIC,69rQyeVbXBtMUryM9
youtube,wWHaF9VQBZ4,view_count,605059,,youtube_public_v1,PUBLIC,69rQyeVbXBtMUryM9
youtube,wWHaF9VQBZ4,like_count,2700,,youtube_public_v1,PUBLIC,69rQyeVbXBtMUryM9
youtube,wWHaF9VQBZ4,comment_count,119,,youtube_public_v1,PUBLIC,69rQyeVbXBtMUryM9
youtube,j8U06veqxdU,view_count,478972558,,youtube_public_v1,PUBLIC,69rQyeVbXBtMUryM9
youtube,j8U06veqxdU,like_count,2400000,,youtube_public_v1,PUBLIC,69rQyeVbXBtMUryM9
youtube,j8U06veqxdU,comment_count,605968,,youtube_public_v1,PUBLIC,69rQyeVbXBtMUryM9
youtube,TGB76N6o1A8,view_count,42519,,youtube_public_v1,PUBLIC,69rQyeVbXBtMUryM9
youtube,TGB76N6o1A8,like_count,166,,youtube_public_v1,PUBLIC,69rQyeVbXBtMUryM9
youtube,TGB76N6o1A8,comment_count,38,,youtube_public_v1,PUBLIC,69rQyeVbXBtMUryM9
youtube,AQQ7rMzHCYY,view_count,19381198,,youtube_public_v1,PUBLIC,69rQyeVbXBtMUryM9
youtube,AQQ7rMzHCYY,like_count,32000,,youtube_public_v1,PUBLIC,69rQyeVbXBtMUryM9
youtube,AQQ7rMzHCYY,comment_count,1758,,youtube_public_v1,PUBLIC,69rQyeVbXBtMUryM9
youtube,Y0CljZAbnSc,view_count,2432637,,youtube_public_v1,PUBLIC,69rQyeVbXBtMUryM9
youtube,Y0CljZAbnSc,like_count,13000,,youtube_public_v1,PUBLIC,69rQyeVbXBtMUryM9
youtube,Y0CljZAbnSc,comment_count,411,,youtube_public_v1,PUBLIC,69rQyeVbXBtMUryM9
youtube,EK61l7AMoZs,view_count,285,,youtube_public_v1,PUBLIC,69rQyeVbXBtMUryM9
youtube,EK61l7AMoZs,like_count,3,,youtube_public_v1,PUBLIC,69rQyeVbXBtMUryM9
youtube,EK61l7AMoZs,comment_count,0,,youtube_public_v1,PUBLIC,69rQyeVbXBtMUryM9
youtube,aNmdnD1Ql6c,view_count,285920,,youtube_public_v1,PUBLIC,69rQyeVbXBtMUryM9
youtube,aNmdnD1Ql6c,like_count,1500,,youtube_public_v1,PUBLIC,69rQyeVbXBtMUryM9
youtube,aNmdnD1Ql6c,comment_count,151,,youtube_public_v1,PUBLIC,69rQyeVbXBtMUryM9
youtube,i7lTqDhz6Q8,view_count,2568870,,youtube_public_v1,PUBLIC,69rQyeVbXBtMUryM9
youtube,i7lTqDhz6Q8,like_count,16000,,youtube_public_v1,PUBLIC,69rQyeVbXBtMUryM9
youtube,i7lTqDhz6Q8,comment_count,527,,youtube_public_v1,PUBLIC,69rQyeVbXBtMUryM9
youtube,rROAlGwemUI,view_count,109286,,youtube_public_v1,PUBLIC,69rQyeVbXBtMUryM9
youtube,rROAlGwemUI,like_count,336,,youtube_public_v1,PUBLIC,69rQyeVbXBtMUryM9
youtube,rROAlGwemUI,comment_count,23,,youtube_public_v1,PUBLIC,69rQyeVbXBtMUryM9
youtube,-oev3kpI0qE,view_count,157536,,youtube_public_v1,PUBLIC,69rQyeVbXBtMUryM9
youtube,-oev3kpI0qE,like_count,843,,youtube_public_v1,PUBLIC,69rQyeVbXBtMUryM9
youtube,-oev3kpI0qE,comment_count,8,,youtube_public_v1,PUBLIC,69rQyeVbXBtMUryM9
youtube,grX2XuTtD6k,view_count,365714,,youtube_public_v1,PUBLIC,69rQyeVbXBtMUryM9
youtube,grX2XuTtD6k,like_count,2700,,youtube_public_v1,PUBLIC,69rQyeVbXBtMUryM9
youtube,grX2XuTtD6k,comment_count,68,,youtube_public_v1,PUBLIC,69rQyeVbXBtMUryM9
youtube,FK4QkNb_A20,view_count,9952431,,youtube_public_v1,PUBLIC,69rQyeVbXBtMUryM9
youtube,FK4QkNb_A20,like_count,82000,,youtube_public_v1,PUBLIC,69rQyeVbXBtMUryM9
youtube,FK4QkNb_A20,comment_count,54,,youtube_public_v1,PUBLIC,69rQyeVbXBtMUryM9
youtube,csGxqrlryzQ,view_count,4499137,,youtube_public_v1,PUBLIC,69rQyeVbXBtMUryM9
youtube,csGxqrlryzQ,like_count,13000,,youtube_public_v1,PUBLIC,69rQyeVbXBtMUryM9
youtube,csGxqrlryzQ,comment_count,1183,,youtube_public_v1,PUBLIC,69rQyeVbXBtMUryM9
youtube,r9dkj0pQcJs,view_count,177863,,youtube_public_v1,PUBLIC,69rQyeVbXBtMUryM9
youtube,r9dkj0pQcJs,like_count,731,,youtube_public_v1,PUBLIC,69rQyeVbXBtMUryM9
youtube,r9dkj0pQcJs,comment_count,12,,youtube_public_v1,PUBLIC,69rQyeVbXBtMUryM9
youtube,ghUSZ0Fe_tY,view_count,5341,,youtube_public_v1,PUBLIC,69rQyeVbXBtMUryM9
youtube,ghUSZ0Fe_tY,like_count,84,,youtube_public_v1,PUBLIC,69rQyeVbXBtMUryM9
youtube,ghUSZ0Fe_tY,comment_count,0,,youtube_public_v1,PUBLIC,69rQyeVbXBtMUryM9
youtube,JQSNOs1oE7k,view_count,1504,,youtube_public_v1,PUBLIC,69rQyeVbXBtMUryM9
youtube,JQSNOs1oE7k,like_count,8,,youtube_public_v1,PUBLIC,69rQyeVbXBtMUryM9
youtube,JQSNOs1oE7k,comment_count,0,,youtube_public_v1,PUBLIC,69rQyeVbXBtMUryM9
youtube,r7KE9ESU3d8,view_count,8016,,youtube_public_v1,PUBLIC,69rQyeVbXBtMUryM9
youtube,r7KE9ESU3d8,like_count,197,,youtube_public_v1,PUBLIC,69rQyeVbXBtMUryM9
youtube,r7KE9ESU3d8,comment_count,1,,youtube_public_v1,PUBLIC,69rQyeVbXBtMUryM9
youtube,sYYSm0OZHbs,view_count,1018440,,youtube_public_v1,PUBLIC,69rQyeVbXBtMUryM9
youtube,sYYSm0OZHbs,like_count,6200,,youtube_public_v1,PUBLIC,69rQyeVbXBtMUryM9
youtube,sYYSm0OZHbs,comment_count,28,,youtube_public_v1,PUBLIC,69rQyeVbXBtMUryM9
youtube,FkQkSR55-98,view_count,378074,,youtube_public_v1,PUBLIC,69rQyeVbXBtMUryM9
youtube,FkQkSR55-98,like_count,1000,,youtube_public_v1,PUBLIC,69rQyeVbXBtMUryM9
youtube,FkQkSR55-98,comment_count,45,,youtube_public_v1,PUBLIC,69rQyeVbXBtMUryM9
youtube,5LeO6N5y_aQ,view_count,813,,youtube_public_v1,PUBLIC,69rQyeVbXBtMUryM9
youtube,5LeO6N5y_aQ,like_count,8,,youtube_public_v1,PUBLIC,69rQyeVbXBtMUryM9
youtube,5LeO6N5y_aQ,comment_count,2,,youtube_public_v1,PUBLIC,69rQyeVbXBtMUryM9
youtube,j4zP5saRZqg,view_count,96820103,,youtube_public_v1,PUBLIC,69rQyeVbXBtMUryM9
youtube,j4zP5saRZqg,like_count,738000,,youtube_public_v1,PUBLIC,69rQyeVbXBtMUryM9
youtube,j4zP5saRZqg,comment_count,45743,,youtube_public_v1,PUBLIC,69rQyeVbXBtMUryM9
youtube,pbyRcd69lk4,view_count,1803,,youtube_public_v1,PUBLIC,69rQyeVbXBtMUryM9
youtube,pbyRcd69lk4,like_count,17,,youtube_public_v1,PUBLIC,69rQyeVbXBtMUryM9
youtube,pbyRcd69lk4,comment_count,0,,youtube_public_v1,PUBLIC,69rQyeVbXBtMUryM9
youtube,SF-AXtKzm8o,view_count,191537,,youtube_public_v1,PUBLIC,69rQyeVbXBtMUryM9
youtube,SF-AXtKzm8o,like_count,3000,,youtube_public_v1,PUBLIC,69rQyeVbXBtMUryM9
youtube,SF-AXtKzm8o,comment_count,27,,youtube_public_v1,PUBLIC,69rQyeVbXBtMUryM9
youtube,ecf5F_0P2ak,view_count,513337,,youtube_public_v1,PUBLIC,69rQyeVbXBtMUryM9
youtube,ecf5F_0P2ak,like_count,8000,,youtube_public_v1,PUBLIC,69rQyeVbXBtMUryM9
youtube,ecf5F_0P2ak,comment_count,24,,youtube_public_v1,PUBLIC,69rQyeVbXBtMUryM9
youtube,J46-GuIexHc,view_count,28634,,youtube_public_v1,PUBLIC,69rQyeVbXBtMUryM9
youtube,J46-GuIexHc,like_count,221,,youtube_public_v1,PUBLIC,69rQyeVbXBtMUryM9
youtube,J46-GuIexHc,comment_count,5,,youtube_public_v1,PUBLIC,69rQyeVbXBtMUryM9
youtube,1zzKL-s7N18,view_count,720514,,youtube_public_v1,PUBLIC,69rQyeVbXBtMUryM9
youtube,1zzKL-s7N18,like_count,10000,,youtube_public_v1,PUBLIC,69rQyeVbXBtMUryM9
youtube,1zzKL-s7N18,comment_count,167,,youtube_public_v1,PUBLIC,69rQyeVbXBtMUryM9
youtube,JEGsAPYBRPE,view_count,9481148,,youtube_public_v1,PUBLIC,69rQyeVbXBtMUryM9
youtube,JEGsAPYBRPE,like_count,27000,,youtube_public_v1,PUBLIC,69rQyeVbXBtMUryM9
youtube,JEGsAPYBRPE,comment_count,1140,,youtube_public_v1,PUBLIC,69rQyeVbXBtMUryM9
youtube,NCfB3hUJPdQ,view_count,30483,,youtube_public_v1,PUBLIC,69rQyeVbXBtMUryM9
youtube,NCfB3hUJPdQ,like_count,385,,youtube_public_v1,PUBLIC,69rQyeVbXBtMUryM9
youtube,NCfB3hUJPdQ,comment_count,6,,youtube_public_v1,PUBLIC,69rQyeVbXBtMUryM9
youtube,02nofepjhpQ,view_count,131246,,youtube_public_v1,PUBLIC,69rQyeVbXBtMUryM9
youtube,02nofepjhpQ,like_count,0,,youtube_public_v1,PUBLIC,69rQyeVbXBtMUryM9
youtube,02nofepjhpQ,comment_count,11,,youtube_public_v1,PUBLIC,69rQyeVbXBtMUryM9
youtube,3EhcAiq6BEw,view_count,50311,,youtube_public_v1,PUBLIC,69rQyeVbXBtMUryM9
youtube,3EhcAiq6BEw,like_count,589,,youtube_public_v1,PUBLIC,69rQyeVbXBtMUryM9
youtube,3EhcAiq6BEw,comment_count,0,,youtube_public_v1,PUBLIC,69rQyeVbXBtMUryM9
youtube,JFKQ33G6zW8,view_count,1487043,,youtube_public_v1,PUBLIC,69rQyeVbXBtMUryM9
youtube,JFKQ33G6zW8,like_count,22000,,youtube_public_v1,PUBLIC,69rQyeVbXBtMUryM9
youtube,JFKQ33G6zW8,comment_count,246,,youtube_public_v1,PUBLIC,69rQyeVbXBtMUryM9
youtube,thYtF7EOoNM,view_count,44745,,youtube_public_v1,PUBLIC,69rQyeVbXBtMUryM9
youtube,thYtF7EOoNM,like_count,0,,youtube_public_v1,PUBLIC,69rQyeVbXBtMUryM9
youtube,thYtF7EOoNM,comment_count,10,,youtube_public_v1,PUBLIC,69rQyeVbXBtMUryM9
youtube,CUg1r6ItFDY,view_count,5458304,,youtube_public_v1,PUBLIC,69rQyeVbXBtMUryM9
youtube,CUg1r6ItFDY,like_count,25000,,youtube_public_v1,PUBLIC,69rQyeVbXBtMUryM9
youtube,CUg1r6ItFDY,comment_count,149,,youtube_public_v1,PUBLIC,69rQyeVbXBtMUryM9
youtube,XHdrIVcL6QY,view_count,343143,,youtube_public_v1,PUBLIC,69rQyeVbXBtMUryM9
youtube,XHdrIVcL6QY,like_count,7000,,youtube_public_v1,PUBLIC,69rQyeVbXBtMUryM9
youtube,XHdrIVcL6QY,comment_count,208,,youtube_public_v1,PUBLIC,69rQyeVbXBtMUryM9
youtube,aAVAjW5Y8NM,view_count,19360,,youtube_public_v1,PUBLIC,69rQyeVbXBtMUryM9
youtube,aAVAjW5Y8NM,like_count,390,,youtube_public_v1,PUBLIC,69rQyeVbXBtMUryM9
youtube,aAVAjW5Y8NM,comment_count,3,,youtube_public_v1,PUBLIC,69rQyeVbXBtMUryM9
youtube,XMyuhhGVOQA,view_count,106632,,youtube_public_v1,PUBLIC,69rQyeVbXBtMUryM9
youtube,XMyuhhGVOQA,like_count,1100,,youtube_public_v1,PUBLIC,69rQyeVbXBtMUryM9
youtube,XMyuhhGVOQA,comment_count,11,,youtube_public_v1,PUBLIC,69rQyeVbXBtMUryM9
youtube,4rgNafcHY94,view_count,10751,,youtube_public_v1,PUBLIC,69rQyeVbXBtMUryM9
youtube,4rgNafcHY94,like_count,113,,youtube_public_v1,PUBLIC,69rQyeVbXBtMUryM9
youtube,4rgNafcHY94,comment_count,13,,youtube_public_v1,PUBLIC,69rQyeVbXBtMUryM9
youtube,sWvwmoMmid4,view_count,171302,,youtube_public_v1,PUBLIC,69rQyeVbXBtMUryM9
youtube,sWvwmoMmid4,like_count,438,,youtube_public_v1,PUBLIC,69rQyeVbXBtMUryM9
youtube,sWvwmoMmid4,comment_count,37,,youtube_public_v1,PUBLIC,69rQyeVbXBtMUryM9
youtube,SgaDsGT19Zo,view_count,316808,,youtube_public_v1,PUBLIC,69rQyeVbXBtMUryM9
youtube,SgaDsGT19Zo,like_count,1300,,youtube_public_v1,PUBLIC,69rQyeVbXBtMUryM9
youtube,SgaDsGT19Zo,comment_count,1,,youtube_public_v1,PUBLIC,69rQyeVbXBtMUryM9
youtube,SMvcVWUA060,view_count,22626,,youtube_public_v1,PUBLIC,69rQyeVbXBtMUryM9
youtube,SMvcVWUA060,like_count,254,,youtube_public_v1,PUBLIC,69rQyeVbXBtMUryM9
youtube,SMvcVWUA060,comment_count,0,,youtube_public_v1,PUBLIC,69rQyeVbXBtMUryM9
youtube,yil3zzxLdbI,view_count,175330,,youtube_public_v1,PUBLIC,69rQyeVbXBtMUryM9
youtube,yil3zzxLdbI,like_count,301,,youtube_public_v1,PUBLIC,69rQyeVbXBtMUryM9
youtube,yil3zzxLdbI,comment_count,0,,youtube_public_v1,PUBLIC,69rQyeVbXBtMUryM9
youtube,oXPowzPe4ZI,view_count,270219,,youtube_public_v1,PUBLIC,69rQyeVbXBtMUryM9
youtube,oXPowzPe4ZI,like_count,3700,,youtube_public_v1,PUBLIC,69rQyeVbXBtMUryM9
youtube,oXPowzPe4ZI,comment_count,52,,youtube_public_v1,PUBLIC,69rQyeVbXBtMUryM9
youtube,iaIuhXuZVcc,view_count,39702,,youtube_public_v1,PUBLIC,69rQyeVbXBtMUryM9
youtube,iaIuhXuZVcc,like_count,269,,youtube_public_v1,PUBLIC,69rQyeVbXBtMUryM9
youtube,iaIuhXuZVcc,comment_count,4,,youtube_public_v1,PUBLIC,69rQyeVbXBtMUryM9
youtube,IK5p84azsQ4,view_count,1135913,,youtube_public_v1,PUBLIC,69rQyeVbXBtMUryM9
youtube,IK5p84azsQ4,like_count,8200,,youtube_public_v1,PUBLIC,69rQyeVbXBtMUryM9
youtube,IK5p84azsQ4,comment_count,488,,youtube_public_v1,PUBLIC,69rQyeVbXBtMUryM9
youtube,4ZFezhS5hZs,view_count,1298636,,youtube_public_v1,PUBLIC,69rQyeVbXBtMUryM9
youtube,4ZFezhS5hZs,like_count,6500,,youtube_public_v1,PUBLIC,69rQyeVbXBtMUryM9
youtube,4ZFezhS5hZs,comment_count,214,,youtube_public_v1,PUBLIC,69rQyeVbXBtMUryM9
youtube,iX2tRVXBMXM,view_count,11425,,youtube_public_v1,PUBLIC,69rQyeVbXBtMUryM9
youtube,iX2tRVXBMXM,like_count,124,,youtube_public_v1,PUBLIC,69rQyeVbXBtMUryM9
youtube,iX2tRVXBMXM,comment_count,9,,youtube_public_v1,PUBLIC,69rQyeVbXBtMUryM9
youtube,qBt7SzkTKBA,view_count,21665,,youtube_public_v1,PUBLIC,69rQyeVbXBtMUryM9
youtube,qBt7SzkTKBA,like_count,62,,youtube_public_v1,PUBLIC,69rQyeVbXBtMUryM9
youtube,qBt7SzkTKBA,comment_count,1,,youtube_public_v1,PUBLIC,69rQyeVbXBtMUryM9
youtube,7JIkVUZ15BU,view_count,191762,,youtube_public_v1,PUBLIC,69rQyeVbXBtMUryM9
youtube,7JIkVUZ15BU,like_count,2300,,youtube_public_v1,PUBLIC,69rQyeVbXBtMUryM9
youtube,7JIkVUZ15BU,comment_count,104,,youtube_public_v1,PUBLIC,69rQyeVbXBtMUryM9
youtube,-cOFrSRJ2Eg,view_count,2937,,youtube_public_v1,PUBLIC,69rQyeVbXBtMUryM9
youtube,-cOFrSRJ2Eg,like_count,22,,youtube_public_v1,PUBLIC,69rQyeVbXBtMUryM9
youtube,-cOFrSRJ2Eg,comment_count,0,,youtube_public_v1,PUBLIC,69rQyeVbXBtMUryM9
youtube,3kfF5Gnnot4,view_count,1327065,,youtube_public_v1,PUBLIC,69rQyeVbXBtMUryM9
youtube,3kfF5Gnnot4,like_count,44000,,youtube_public_v1,PUBLIC,69rQyeVbXBtMUryM9
youtube,3kfF5Gnnot4,comment_count,80,,youtube_public_v1,PUBLIC,69rQyeVbXBtMUryM9
youtube,EO7PHGcYpt4,view_count,7133,,youtube_public_v1,PUBLIC,69rQyeVbXBtMUryM9
youtube,EO7PHGcYpt4,like_count,126,,youtube_public_v1,PUBLIC,69rQyeVbXBtMUryM9
youtube,EO7PHGcYpt4,comment_count,0,,youtube_public_v1,PUBLIC,69rQyeVbXBtMUryM9
youtube,Ud9eAy6vtyI,view_count,261403,,youtube_public_v1,PUBLIC,69rQyeVbXBtMUryM9
youtube,Ud9eAy6vtyI,like_count,1700,,youtube_public_v1,PUBLIC,69rQyeVbXBtMUryM9
youtube,Ud9eAy6vtyI,comment_count,58,,youtube_public_v1,PUBLIC,69rQyeVbXBtMUryM9
youtube,5SoXYVeE6a4,view_count,11463,,youtube_public_v1,PUBLIC,69rQyeVbXBtMUryM9
youtube,5SoXYVeE6a4,like_count,130,,youtube_public_v1,PUBLIC,69rQyeVbXBtMUryM9
youtube,5SoXYVeE6a4,comment_count,0,,youtube_public_v1,PUBLIC,69rQyeVbXBtMUryM9
instagram,3897418184907406716,video_view_count,243,2026-08-13T13:40:15.483582+07:00,instagram_public_scraper_v1,PUBLIC,M6qXdCuCWAAdhc6dM
instagram,3897418184907406716,like_count,22,2026-08-13T13:40:15.483582+07:00,instagram_public_scraper_v1,PUBLIC,M6qXdCuCWAAdhc6dM
instagram,3897418184907406716,comment_count,0,2026-08-13T13:40:15.483582+07:00,instagram_public_scraper_v1,PUBLIC,M6qXdCuCWAAdhc6dM
instagram,3897405001119824977,video_view_count,263,2026-08-13T13:40:15.483582+07:00,instagram_public_scraper_v1,PUBLIC,M6qXdCuCWAAdhc6dM
instagram,3897405001119824977,like_count,22,2026-08-13T13:40:15.483582+07:00,instagram_public_scraper_v1,PUBLIC,M6qXdCuCWAAdhc6dM
instagram,3897405001119824977,comment_count,0,2026-08-13T13:40:15.483582+07:00,instagram_public_scraper_v1,PUBLIC,M6qXdCuCWAAdhc6dM
instagram,3896874367389225217,like_count,1261,2026-08-13T13:40:15.483582+07:00,instagram_public_scraper_v1,PUBLIC,M6qXdCuCWAAdhc6dM
instagram,3896874367389225217,comment_count,14,2026-08-13T13:40:15.483582+07:00,instagram_public_scraper_v1,PUBLIC,M6qXdCuCWAAdhc6dM
instagram,3893281081659796386,video_view_count,1061,2026-08-13T13:40:15.483582+07:00,instagram_public_scraper_v1,PUBLIC,M6qXdCuCWAAdhc6dM
instagram,3893281081659796386,like_count,115,2026-08-13T13:40:15.483582+07:00,instagram_public_scraper_v1,PUBLIC,M6qXdCuCWAAdhc6dM
instagram,3893281081659796386,comment_count,0,2026-08-13T13:40:15.483582+07:00,instagram_public_scraper_v1,PUBLIC,M6qXdCuCWAAdhc6dM
instagram,3893250913732774548,video_view_count,421,2026-08-13T13:40:15.483582+07:00,instagram_public_scraper_v1,PUBLIC,M6qXdCuCWAAdhc6dM
instagram,3893250913732774548,like_count,39,2026-08-13T13:40:15.483582+07:00,instagram_public_scraper_v1,PUBLIC,M6qXdCuCWAAdhc6dM
instagram,3893250913732774548,comment_count,0,2026-08-13T13:40:15.483582+07:00,instagram_public_scraper_v1,PUBLIC,M6qXdCuCWAAdhc6dM
instagram,3893220801524115881,video_view_count,292,2026-08-13T13:40:15.483582+07:00,instagram_public_scraper_v1,PUBLIC,M6qXdCuCWAAdhc6dM
instagram,3893220801524115881,like_count,21,2026-08-13T13:40:15.483582+07:00,instagram_public_scraper_v1,PUBLIC,M6qXdCuCWAAdhc6dM
instagram,3893220801524115881,comment_count,0,2026-08-13T13:40:15.483582+07:00,instagram_public_scraper_v1,PUBLIC,M6qXdCuCWAAdhc6dM
instagram,3852575703553824029,like_count,1120,2026-08-13T13:40:15.483582+07:00,instagram_public_scraper_v1,PUBLIC,M6qXdCuCWAAdhc6dM
instagram,3852575703553824029,comment_count,11,2026-08-13T13:40:15.483582+07:00,instagram_public_scraper_v1,PUBLIC,M6qXdCuCWAAdhc6dM
instagram,3831582832850881550,like_count,22,2026-08-13T13:40:15.483582+07:00,instagram_public_scraper_v1,PUBLIC,M6qXdCuCWAAdhc6dM
instagram,3831582832850881550,comment_count,0,2026-08-13T13:40:15.483582+07:00,instagram_public_scraper_v1,PUBLIC,M6qXdCuCWAAdhc6dM
instagram,3825122040340299517,video_view_count,1705,2026-08-13T13:40:15.483582+07:00,instagram_public_scraper_v1,PUBLIC,M6qXdCuCWAAdhc6dM
instagram,3825122040340299517,like_count,691,2026-08-13T13:40:15.483582+07:00,instagram_public_scraper_v1,PUBLIC,M6qXdCuCWAAdhc6dM
instagram,3825122040340299517,comment_count,7,2026-08-13T13:40:15.483582+07:00,instagram_public_scraper_v1,PUBLIC,M6qXdCuCWAAdhc6dM
instagram,3825064068642370596,video_view_count,419,2026-08-13T13:40:15.483582+07:00,instagram_public_scraper_v1,PUBLIC,M6qXdCuCWAAdhc6dM
instagram,3825064068642370596,like_count,76,2026-08-13T13:40:15.483582+07:00,instagram_public_scraper_v1,PUBLIC,M6qXdCuCWAAdhc6dM
instagram,3825064068642370596,comment_count,0,2026-08-13T13:40:15.483582+07:00,instagram_public_scraper_v1,PUBLIC,M6qXdCuCWAAdhc6dM
instagram,3823686361018317494,like_count,65,2026-08-13T13:40:15.483582+07:00,instagram_public_scraper_v1,PUBLIC,M6qXdCuCWAAdhc6dM
instagram,3823686361018317494,comment_count,1,2026-08-13T13:40:15.483582+07:00,instagram_public_scraper_v1,PUBLIC,M6qXdCuCWAAdhc6dM
instagram,3793094726107619502,video_view_count,179,2026-08-13T13:40:15.483582+07:00,instagram_public_scraper_v1,PUBLIC,M6qXdCuCWAAdhc6dM
instagram,3793094726107619502,like_count,34,2026-08-13T13:40:15.483582+07:00,instagram_public_scraper_v1,PUBLIC,M6qXdCuCWAAdhc6dM
instagram,3793094726107619502,comment_count,0,2026-08-13T13:40:15.483582+07:00,instagram_public_scraper_v1,PUBLIC,M6qXdCuCWAAdhc6dM
instagram,2307390937564977332,video_view_count,1272,2026-08-13T13:40:15.483582+07:00,instagram_public_scraper_v1,PUBLIC,M6qXdCuCWAAdhc6dM
instagram,2307390937564977332,like_count,44,2026-08-13T13:40:15.483582+07:00,instagram_public_scraper_v1,PUBLIC,M6qXdCuCWAAdhc6dM
instagram,2307390937564977332,comment_count,0,2026-08-13T13:40:15.483582+07:00,instagram_public_scraper_v1,PUBLIC,M6qXdCuCWAAdhc6dM
instagram,2307171246338885047,video_view_count,998,2026-08-13T13:40:15.483582+07:00,instagram_public_scraper_v1,PUBLIC,M6qXdCuCWAAdhc6dM
instagram,2307171246338885047,like_count,38,2026-08-13T13:40:15.483582+07:00,instagram_public_scraper_v1,PUBLIC,M6qXdCuCWAAdhc6dM
instagram,2307171246338885047,comment_count,0,2026-08-13T13:40:15.483582+07:00,instagram_public_scraper_v1,PUBLIC,M6qXdCuCWAAdhc6dM
instagram,2307141332587839126,video_view_count,851,2026-08-13T13:40:15.483582+07:00,instagram_public_scraper_v1,PUBLIC,M6qXdCuCWAAdhc6dM
instagram,2307141332587839126,like_count,42,2026-08-13T13:40:15.483582+07:00,instagram_public_scraper_v1,PUBLIC,M6qXdCuCWAAdhc6dM
instagram,2307141332587839126,comment_count,0,2026-08-13T13:40:15.483582+07:00,instagram_public_scraper_v1,PUBLIC,M6qXdCuCWAAdhc6dM
instagram,2306620126621187687,video_view_count,1292,2026-08-13T13:40:15.483582+07:00,instagram_public_scraper_v1,PUBLIC,M6qXdCuCWAAdhc6dM
instagram,2306620126621187687,like_count,63,2026-08-13T13:40:15.483582+07:00,instagram_public_scraper_v1,PUBLIC,M6qXdCuCWAAdhc6dM
instagram,2306620126621187687,comment_count,0,2026-08-13T13:40:15.483582+07:00,instagram_public_scraper_v1,PUBLIC,M6qXdCuCWAAdhc6dM
instagram,2126220276365830258,like_count,1203,2026-08-13T13:40:15.483582+07:00,instagram_public_scraper_v1,PUBLIC,M6qXdCuCWAAdhc6dM
instagram,2126220276365830258,comment_count,8,2026-08-13T13:40:15.483582+07:00,instagram_public_scraper_v1,PUBLIC,M6qXdCuCWAAdhc6dM
instagram,2125598282834022129,like_count,531,2026-08-13T13:40:15.483582+07:00,instagram_public_scraper_v1,PUBLIC,M6qXdCuCWAAdhc6dM
instagram,2125598282834022129,comment_count,4,2026-08-13T13:40:15.483582+07:00,instagram_public_scraper_v1,PUBLIC,M6qXdCuCWAAdhc6dM
instagram,2125286512056060406,like_count,301,2026-08-13T13:40:15.483582+07:00,instagram_public_scraper_v1,PUBLIC,M6qXdCuCWAAdhc6dM
instagram,2125286512056060406,comment_count,0,2026-08-13T13:40:15.483582+07:00,instagram_public_scraper_v1,PUBLIC,M6qXdCuCWAAdhc6dM
instagram,2124863857586552615,like_count,841,2026-08-13T13:40:15.483582+07:00,instagram_public_scraper_v1,PUBLIC,M6qXdCuCWAAdhc6dM
instagram,2124863857586552615,comment_count,12,2026-08-13T13:40:15.483582+07:00,instagram_public_scraper_v1,PUBLIC,M6qXdCuCWAAdhc6dM
instagram,2122674726101881773,like_count,604,2026-08-13T13:40:15.483582+07:00,instagram_public_scraper_v1,PUBLIC,M6qXdCuCWAAdhc6dM
instagram,2122674726101881773,comment_count,2,2026-08-13T13:40:15.483582+07:00,instagram_public_scraper_v1,PUBLIC,M6qXdCuCWAAdhc6dM
instagram,2121932578310064073,like_count,437,2026-08-13T13:40:15.483582+07:00,instagram_public_scraper_v1,PUBLIC,M6qXdCuCWAAdhc6dM
instagram,2121932578310064073,comment_count,9,2026-08-13T13:40:15.483582+07:00,instagram_public_scraper_v1,PUBLIC,M6qXdCuCWAAdhc6dM
instagram,2121188699084795319,like_count,390,2026-08-13T13:40:15.483582+07:00,instagram_public_scraper_v1,PUBLIC,M6qXdCuCWAAdhc6dM
instagram,2121188699084795319,comment_count,2,2026-08-13T13:40:15.483582+07:00,instagram_public_scraper_v1,PUBLIC,M6qXdCuCWAAdhc6dM
instagram,2120916917992013174,like_count,348,2026-08-13T13:40:15.483582+07:00,instagram_public_scraper_v1,PUBLIC,M6qXdCuCWAAdhc6dM
instagram,2120916917992013174,comment_count,1,2026-08-13T13:40:15.483582+07:00,instagram_public_scraper_v1,PUBLIC,M6qXdCuCWAAdhc6dM
tiktok,7671635414368865556,play_count,3300000,2026-08-13T13:40:59.594637+07:00,tiktok_public_scraper_v1,PUBLIC,vQqWUaWWPEuETzam3
tiktok,7671635414368865556,digg_count,281600,2026-08-13T13:40:59.594637+07:00,tiktok_public_scraper_v1,PUBLIC,vQqWUaWWPEuETzam3
tiktok,7671635414368865556,comment_count,3011,2026-08-13T13:40:59.594637+07:00,tiktok_public_scraper_v1,PUBLIC,vQqWUaWWPEuETzam3
tiktok,7671889148285963540,play_count,2100000,2026-08-13T13:40:59.594637+07:00,tiktok_public_scraper_v1,PUBLIC,vQqWUaWWPEuETzam3
tiktok,7671889148285963540,digg_count,185000,2026-08-13T13:40:59.594637+07:00,tiktok_public_scraper_v1,PUBLIC,vQqWUaWWPEuETzam3
tiktok,7671889148285963540,comment_count,1040,2026-08-13T13:40:59.594637+07:00,tiktok_public_scraper_v1,PUBLIC,vQqWUaWWPEuETzam3
tiktok,7671657041605250325,play_count,928400,2026-08-13T13:40:59.594637+07:00,tiktok_public_scraper_v1,PUBLIC,vQqWUaWWPEuETzam3
tiktok,7671657041605250325,digg_count,86400,2026-08-13T13:40:59.594637+07:00,tiktok_public_scraper_v1,PUBLIC,vQqWUaWWPEuETzam3
tiktok,7671657041605250325,comment_count,1093,2026-08-13T13:40:59.594637+07:00,tiktok_public_scraper_v1,PUBLIC,vQqWUaWWPEuETzam3
tiktok,7673149524910722324,play_count,70600,2026-08-13T13:40:59.594637+07:00,tiktok_public_scraper_v1,PUBLIC,vQqWUaWWPEuETzam3
tiktok,7673149524910722324,digg_count,4325,2026-08-13T13:40:59.594637+07:00,tiktok_public_scraper_v1,PUBLIC,vQqWUaWWPEuETzam3
tiktok,7673149524910722324,comment_count,33,2026-08-13T13:40:59.594637+07:00,tiktok_public_scraper_v1,PUBLIC,vQqWUaWWPEuETzam3
tiktok,7673148805474241813,play_count,52800,2026-08-13T13:40:59.594637+07:00,tiktok_public_scraper_v1,PUBLIC,vQqWUaWWPEuETzam3
tiktok,7673148805474241813,digg_count,4423,2026-08-13T13:40:59.594637+07:00,tiktok_public_scraper_v1,PUBLIC,vQqWUaWWPEuETzam3
tiktok,7673148805474241813,comment_count,45,2026-08-13T13:40:59.594637+07:00,tiktok_public_scraper_v1,PUBLIC,vQqWUaWWPEuETzam3
tiktok,7673147855573732628,play_count,17700,2026-08-13T13:40:59.594637+07:00,tiktok_public_scraper_v1,PUBLIC,vQqWUaWWPEuETzam3
tiktok,7673147855573732628,digg_count,1413,2026-08-13T13:40:59.594637+07:00,tiktok_public_scraper_v1,PUBLIC,vQqWUaWWPEuETzam3
tiktok,7673147855573732628,comment_count,21,2026-08-13T13:40:59.594637+07:00,tiktok_public_scraper_v1,PUBLIC,vQqWUaWWPEuETzam3
tiktok,7673141448476609812,play_count,163200,2026-08-13T13:40:59.594637+07:00,tiktok_public_scraper_v1,PUBLIC,vQqWUaWWPEuETzam3
tiktok,7673141448476609812,digg_count,15600,2026-08-13T13:40:59.594637+07:00,tiktok_public_scraper_v1,PUBLIC,vQqWUaWWPEuETzam3
tiktok,7673141448476609812,comment_count,86,2026-08-13T13:40:59.594637+07:00,tiktok_public_scraper_v1,PUBLIC,vQqWUaWWPEuETzam3
tiktok,7673138036737232149,play_count,37100,2026-08-13T13:40:59.594637+07:00,tiktok_public_scraper_v1,PUBLIC,vQqWUaWWPEuETzam3
tiktok,7673138036737232149,digg_count,2860,2026-08-13T13:40:59.594637+07:00,tiktok_public_scraper_v1,PUBLIC,vQqWUaWWPEuETzam3
tiktok,7673138036737232149,comment_count,34,2026-08-13T13:40:59.594637+07:00,tiktok_public_scraper_v1,PUBLIC,vQqWUaWWPEuETzam3
tiktok,7673135218542464276,play_count,41800,2026-08-13T13:40:59.594637+07:00,tiktok_public_scraper_v1,PUBLIC,vQqWUaWWPEuETzam3
tiktok,7673135218542464276,digg_count,4296,2026-08-13T13:40:59.594637+07:00,tiktok_public_scraper_v1,PUBLIC,vQqWUaWWPEuETzam3
tiktok,7673135218542464276,comment_count,45,2026-08-13T13:40:59.594637+07:00,tiktok_public_scraper_v1,PUBLIC,vQqWUaWWPEuETzam3
tiktok,7673131405357976852,play_count,20900,2026-08-13T13:40:59.594637+07:00,tiktok_public_scraper_v1,PUBLIC,vQqWUaWWPEuETzam3
tiktok,7673131405357976852,digg_count,1758,2026-08-13T13:40:59.594637+07:00,tiktok_public_scraper_v1,PUBLIC,vQqWUaWWPEuETzam3
tiktok,7673131405357976852,comment_count,37,2026-08-13T13:40:59.594637+07:00,tiktok_public_scraper_v1,PUBLIC,vQqWUaWWPEuETzam3
instagram,3650935770581644793,video_view_count,200,2026-08-13T13:40:15.483582+07:00,instagram_public_scraper_v1,PUBLIC,M6qXdCuCWAAdhc6dM
instagram,3650935770581644793,like_count,63,2026-08-13T13:40:15.483582+07:00,instagram_public_scraper_v1,PUBLIC,M6qXdCuCWAAdhc6dM
instagram,3650935770581644793,comment_count,0,2026-08-13T13:40:15.483582+07:00,instagram_public_scraper_v1,PUBLIC,M6qXdCuCWAAdhc6dM
instagram,3646093980171193518,like_count,39,2026-08-13T13:40:15.483582+07:00,instagram_public_scraper_v1,PUBLIC,M6qXdCuCWAAdhc6dM
instagram,3646093980171193518,comment_count,0,2026-08-13T13:40:15.483582+07:00,instagram_public_scraper_v1,PUBLIC,M6qXdCuCWAAdhc6dM
instagram,3645139549485256017,like_count,52,2026-08-13T13:40:15.483582+07:00,instagram_public_scraper_v1,PUBLIC,M6qXdCuCWAAdhc6dM
instagram,3645139549485256017,comment_count,7,2026-08-13T13:40:15.483582+07:00,instagram_public_scraper_v1,PUBLIC,M6qXdCuCWAAdhc6dM
instagram,3962602115381631614,like_count,1,2026-08-13T13:40:15.483582+07:00,instagram_public_scraper_v1,PUBLIC,M6qXdCuCWAAdhc6dM
instagram,3962602115381631614,comment_count,0,2026-08-13T13:40:15.483582+07:00,instagram_public_scraper_v1,PUBLIC,M6qXdCuCWAAdhc6dM
instagram,3962074126621621226,video_view_count,97,2026-08-13T13:40:15.483582+07:00,instagram_public_scraper_v1,PUBLIC,M6qXdCuCWAAdhc6dM
instagram,3962074126621621226,like_count,5,2026-08-13T13:40:15.483582+07:00,instagram_public_scraper_v1,PUBLIC,M6qXdCuCWAAdhc6dM
instagram,3962074126621621226,comment_count,0,2026-08-13T13:40:15.483582+07:00,instagram_public_scraper_v1,PUBLIC,M6qXdCuCWAAdhc6dM
instagram,3961968327316712742,video_view_count,131,2026-08-13T13:40:15.483582+07:00,instagram_public_scraper_v1,PUBLIC,M6qXdCuCWAAdhc6dM
instagram,3961968327316712742,like_count,3,2026-08-13T13:40:15.483582+07:00,instagram_public_scraper_v1,PUBLIC,M6qXdCuCWAAdhc6dM
instagram,3961968327316712742,comment_count,0,2026-08-13T13:40:15.483582+07:00,instagram_public_scraper_v1,PUBLIC,M6qXdCuCWAAdhc6dM
instagram,3961877362517331491,like_count,4,2026-08-13T13:40:15.483582+07:00,instagram_public_scraper_v1,PUBLIC,M6qXdCuCWAAdhc6dM
instagram,3961877362517331491,comment_count,0,2026-08-13T13:40:15.483582+07:00,instagram_public_scraper_v1,PUBLIC,M6qXdCuCWAAdhc6dM
instagram,3961847624105526043,video_view_count,208,2026-08-13T13:40:15.483582+07:00,instagram_public_scraper_v1,PUBLIC,M6qXdCuCWAAdhc6dM
instagram,3961847624105526043,like_count,10,2026-08-13T13:40:15.483582+07:00,instagram_public_scraper_v1,PUBLIC,M6qXdCuCWAAdhc6dM
instagram,3961847624105526043,comment_count,0,2026-08-13T13:40:15.483582+07:00,instagram_public_scraper_v1,PUBLIC,M6qXdCuCWAAdhc6dM
instagram,3956789624672917947,video_view_count,52,2026-08-13T13:40:15.483582+07:00,instagram_public_scraper_v1,PUBLIC,M6qXdCuCWAAdhc6dM
instagram,3956789624672917947,like_count,3,2026-08-13T13:40:15.483582+07:00,instagram_public_scraper_v1,PUBLIC,M6qXdCuCWAAdhc6dM
instagram,3956789624672917947,comment_count,0,2026-08-13T13:40:15.483582+07:00,instagram_public_scraper_v1,PUBLIC,M6qXdCuCWAAdhc6dM
instagram,3956185622943847408,like_count,4,2026-08-13T13:40:15.483582+07:00,instagram_public_scraper_v1,PUBLIC,M6qXdCuCWAAdhc6dM
instagram,3956185622943847408,comment_count,0,2026-08-13T13:40:15.483582+07:00,instagram_public_scraper_v1,PUBLIC,M6qXdCuCWAAdhc6dM
instagram,3948303763379402852,video_view_count,10,2026-08-13T13:40:15.483582+07:00,instagram_public_scraper_v1,PUBLIC,M6qXdCuCWAAdhc6dM
instagram,3948303763379402852,like_count,19,2026-08-13T13:40:15.483582+07:00,instagram_public_scraper_v1,PUBLIC,M6qXdCuCWAAdhc6dM
instagram,3948303763379402852,comment_count,1,2026-08-13T13:40:15.483582+07:00,instagram_public_scraper_v1,PUBLIC,M6qXdCuCWAAdhc6dM
instagram,3947593847831933815,video_view_count,8,2026-08-13T13:40:15.483582+07:00,instagram_public_scraper_v1,PUBLIC,M6qXdCuCWAAdhc6dM
instagram,3947593847831933815,like_count,10,2026-08-13T13:40:15.483582+07:00,instagram_public_scraper_v1,PUBLIC,M6qXdCuCWAAdhc6dM
instagram,3947593847831933815,comment_count,0,2026-08-13T13:40:15.483582+07:00,instagram_public_scraper_v1,PUBLIC,M6qXdCuCWAAdhc6dM
instagram,3403090820422123404,video_view_count,37154,2026-08-13T13:40:15.483582+07:00,instagram_public_scraper_v1,PUBLIC,M6qXdCuCWAAdhc6dM
instagram,3403090820422123404,like_count,4943,2026-08-13T13:40:15.483582+07:00,instagram_public_scraper_v1,PUBLIC,M6qXdCuCWAAdhc6dM
instagram,3403090820422123404,comment_count,28,2026-08-13T13:40:15.483582+07:00,instagram_public_scraper_v1,PUBLIC,M6qXdCuCWAAdhc6dM
instagram,3411088702572201852,video_view_count,5545,2026-08-13T13:40:15.483582+07:00,instagram_public_scraper_v1,PUBLIC,M6qXdCuCWAAdhc6dM
instagram,3411088702572201852,like_count,1192,2026-08-13T13:40:15.483582+07:00,instagram_public_scraper_v1,PUBLIC,M6qXdCuCWAAdhc6dM
instagram,3411088702572201852,comment_count,5,2026-08-13T13:40:15.483582+07:00,instagram_public_scraper_v1,PUBLIC,M6qXdCuCWAAdhc6dM
instagram,3408888756403365528,video_view_count,4773,2026-08-13T13:40:15.483582+07:00,instagram_public_scraper_v1,PUBLIC,M6qXdCuCWAAdhc6dM
instagram,3408888756403365528,like_count,840,2026-08-13T13:40:15.483582+07:00,instagram_public_scraper_v1,PUBLIC,M6qXdCuCWAAdhc6dM
instagram,3408888756403365528,comment_count,5,2026-08-13T13:40:15.483582+07:00,instagram_public_scraper_v1,PUBLIC,M6qXdCuCWAAdhc6dM
instagram,3962586523485337178,like_count,101,2026-08-13T13:40:15.483582+07:00,instagram_public_scraper_v1,PUBLIC,M6qXdCuCWAAdhc6dM
instagram,3962586523485337178,comment_count,1,2026-08-13T13:40:15.483582+07:00,instagram_public_scraper_v1,PUBLIC,M6qXdCuCWAAdhc6dM
instagram,3962577086653770701,like_count,211,2026-08-13T13:40:15.483582+07:00,instagram_public_scraper_v1,PUBLIC,M6qXdCuCWAAdhc6dM
instagram,3962577086653770701,comment_count,1,2026-08-13T13:40:15.483582+07:00,instagram_public_scraper_v1,PUBLIC,M6qXdCuCWAAdhc6dM
instagram,3962073681220158065,like_count,1087,2026-08-13T13:40:15.483582+07:00,instagram_public_scraper_v1,PUBLIC,M6qXdCuCWAAdhc6dM
instagram,3962073681220158065,comment_count,6,2026-08-13T13:40:15.483582+07:00,instagram_public_scraper_v1,PUBLIC,M6qXdCuCWAAdhc6dM
instagram,3962013256793302591,like_count,241,2026-08-13T13:40:15.483582+07:00,instagram_public_scraper_v1,PUBLIC,M6qXdCuCWAAdhc6dM
instagram,3962013256793302591,comment_count,2,2026-08-13T13:40:15.483582+07:00,instagram_public_scraper_v1,PUBLIC,M6qXdCuCWAAdhc6dM
instagram,3961801859677498595,like_count,375,2026-08-13T13:40:15.483582+07:00,instagram_public_scraper_v1,PUBLIC,M6qXdCuCWAAdhc6dM
instagram,3961801859677498595,comment_count,2,2026-08-13T13:40:15.483582+07:00,instagram_public_scraper_v1,PUBLIC,M6qXdCuCWAAdhc6dM
instagram,3961379460045455961,video_view_count,885,2026-08-13T13:40:15.483582+07:00,instagram_public_scraper_v1,PUBLIC,M6qXdCuCWAAdhc6dM
instagram,3961379460045455961,like_count,278,2026-08-13T13:40:15.483582+07:00,instagram_public_scraper_v1,PUBLIC,M6qXdCuCWAAdhc6dM
instagram,3961379460045455961,comment_count,1,2026-08-13T13:40:15.483582+07:00,instagram_public_scraper_v1,PUBLIC,M6qXdCuCWAAdhc6dM
instagram,3961288508803141657,like_count,393,2026-08-13T13:40:15.483582+07:00,instagram_public_scraper_v1,PUBLIC,M6qXdCuCWAAdhc6dM
instagram,3961288508803141657,comment_count,2,2026-08-13T13:40:15.483582+07:00,instagram_public_scraper_v1,PUBLIC,M6qXdCuCWAAdhc6dM
instagram,3961218831356270532,like_count,712,2026-08-13T13:40:15.483582+07:00,instagram_public_scraper_v1,PUBLIC,M6qXdCuCWAAdhc6dM
instagram,3961218831356270532,comment_count,4,2026-08-13T13:40:15.483582+07:00,instagram_public_scraper_v1,PUBLIC,M6qXdCuCWAAdhc6dM
instagram,3961077344018125392,video_view_count,856,2026-08-13T13:40:15.483582+07:00,instagram_public_scraper_v1,PUBLIC,M6qXdCuCWAAdhc6dM
instagram,3961077344018125392,like_count,213,2026-08-13T13:40:15.483582+07:00,instagram_public_scraper_v1,PUBLIC,M6qXdCuCWAAdhc6dM
instagram,3961077344018125392,comment_count,2,2026-08-13T13:40:15.483582+07:00,instagram_public_scraper_v1,PUBLIC,M6qXdCuCWAAdhc6dM
instagram,3949478737633215918,like_count,23,2026-08-13T13:40:15.483582+07:00,instagram_public_scraper_v1,PUBLIC,M6qXdCuCWAAdhc6dM
instagram,3949478737633215918,comment_count,0,2026-08-13T13:40:15.483582+07:00,instagram_public_scraper_v1,PUBLIC,M6qXdCuCWAAdhc6dM
instagram,3940332852592147667,like_count,4,2026-08-13T13:40:15.483582+07:00,instagram_public_scraper_v1,PUBLIC,M6qXdCuCWAAdhc6dM
instagram,3940332852592147667,comment_count,0,2026-08-13T13:40:15.483582+07:00,instagram_public_scraper_v1,PUBLIC,M6qXdCuCWAAdhc6dM
instagram,3935075848583725907,like_count,9,2026-08-13T13:40:15.483582+07:00,instagram_public_scraper_v1,PUBLIC,M6qXdCuCWAAdhc6dM
instagram,3935075848583725907,comment_count,0,2026-08-13T13:40:15.483582+07:00,instagram_public_scraper_v1,PUBLIC,M6qXdCuCWAAdhc6dM
instagram,3935071009715652325,like_count,4,2026-08-13T13:40:15.483582+07:00,instagram_public_scraper_v1,PUBLIC,M6qXdCuCWAAdhc6dM
instagram,3935071009715652325,comment_count,0,2026-08-13T13:40:15.483582+07:00,instagram_public_scraper_v1,PUBLIC,M6qXdCuCWAAdhc6dM
instagram,3935065672623743198,like_count,6,2026-08-13T13:40:15.483582+07:00,instagram_public_scraper_v1,PUBLIC,M6qXdCuCWAAdhc6dM
instagram,3935065672623743198,comment_count,0,2026-08-13T13:40:15.483582+07:00,instagram_public_scraper_v1,PUBLIC,M6qXdCuCWAAdhc6dM
instagram,3935060714318529683,like_count,12,2026-08-13T13:40:15.483582+07:00,instagram_public_scraper_v1,PUBLIC,M6qXdCuCWAAdhc6dM
instagram,3935060714318529683,comment_count,0,2026-08-13T13:40:15.483582+07:00,instagram_public_scraper_v1,PUBLIC,M6qXdCuCWAAdhc6dM
instagram,3935055601822943192,like_count,17,2026-08-13T13:40:15.483582+07:00,instagram_public_scraper_v1,PUBLIC,M6qXdCuCWAAdhc6dM
instagram,3935055601822943192,comment_count,0,2026-08-13T13:40:15.483582+07:00,instagram_public_scraper_v1,PUBLIC,M6qXdCuCWAAdhc6dM
instagram,3935050588648493094,like_count,7,2026-08-13T13:40:15.483582+07:00,instagram_public_scraper_v1,PUBLIC,M6qXdCuCWAAdhc6dM
instagram,3935050588648493094,comment_count,0,2026-08-13T13:40:15.483582+07:00,instagram_public_scraper_v1,PUBLIC,M6qXdCuCWAAdhc6dM
instagram,3935042011137331707,like_count,10,2026-08-13T13:40:15.483582+07:00,instagram_public_scraper_v1,PUBLIC,M6qXdCuCWAAdhc6dM
instagram,3935042011137331707,comment_count,0,2026-08-13T13:40:15.483582+07:00,instagram_public_scraper_v1,PUBLIC,M6qXdCuCWAAdhc6dM
instagram,3935036982317318302,like_count,13,2026-08-13T13:40:15.483582+07:00,instagram_public_scraper_v1,PUBLIC,M6qXdCuCWAAdhc6dM
instagram,3935036982317318302,comment_count,0,2026-08-13T13:40:15.483582+07:00,instagram_public_scraper_v1,PUBLIC,M6qXdCuCWAAdhc6dM
instagram,3935031950712913179,like_count,7,2026-08-13T13:40:15.483582+07:00,instagram_public_scraper_v1,PUBLIC,M6qXdCuCWAAdhc6dM
instagram,3935031950712913179,comment_count,0,2026-08-13T13:40:15.483582+07:00,instagram_public_scraper_v1,PUBLIC,M6qXdCuCWAAdhc6dM
instagram,3935027415388003245,like_count,7,2026-08-13T13:40:15.483582+07:00,instagram_public_scraper_v1,PUBLIC,M6qXdCuCWAAdhc6dM
instagram,3935027415388003245,comment_count,0,2026-08-13T13:40:15.483582+07:00,instagram_public_scraper_v1,PUBLIC,M6qXdCuCWAAdhc6dM
instagram,3951986280845327387,video_view_count,3519,2026-08-13T13:40:15.483582+07:00,instagram_public_scraper_v1,PUBLIC,M6qXdCuCWAAdhc6dM
instagram,3951986280845327387,like_count,982,2026-08-13T13:40:15.483582+07:00,instagram_public_scraper_v1,PUBLIC,M6qXdCuCWAAdhc6dM
instagram,3951986280845327387,comment_count,3,2026-08-13T13:40:15.483582+07:00,instagram_public_scraper_v1,PUBLIC,M6qXdCuCWAAdhc6dM
instagram,3951957022228869539,like_count,2440,2026-08-13T13:40:15.483582+07:00,instagram_public_scraper_v1,PUBLIC,M6qXdCuCWAAdhc6dM
instagram,3951957022228869539,comment_count,11,2026-08-13T13:40:15.483582+07:00,instagram_public_scraper_v1,PUBLIC,M6qXdCuCWAAdhc6dM
instagram,3928080317043866044,like_count,11795,2026-08-13T13:40:15.483582+07:00,instagram_public_scraper_v1,PUBLIC,M6qXdCuCWAAdhc6dM
instagram,3928080317043866044,comment_count,69,2026-08-13T13:40:15.483582+07:00,instagram_public_scraper_v1,PUBLIC,M6qXdCuCWAAdhc6dM
instagram,3962104282568870798,like_count,1249,2026-08-13T13:40:15.483582+07:00,instagram_public_scraper_v1,PUBLIC,M6qXdCuCWAAdhc6dM
instagram,3962104282568870798,comment_count,4,2026-08-13T13:40:15.483582+07:00,instagram_public_scraper_v1,PUBLIC,M6qXdCuCWAAdhc6dM
instagram,3962104200545068723,like_count,1396,2026-08-13T13:40:15.483582+07:00,instagram_public_scraper_v1,PUBLIC,M6qXdCuCWAAdhc6dM
instagram,3962104200545068723,comment_count,4,2026-08-13T13:40:15.483582+07:00,instagram_public_scraper_v1,PUBLIC,M6qXdCuCWAAdhc6dM
instagram,3962104085872817677,like_count,2722,2026-08-13T13:40:15.483582+07:00,instagram_public_scraper_v1,PUBLIC,M6qXdCuCWAAdhc6dM
instagram,3962104085872817677,comment_count,13,2026-08-13T13:40:15.483582+07:00,instagram_public_scraper_v1,PUBLIC,M6qXdCuCWAAdhc6dM
instagram,3962028601260373972,like_count,78,2026-08-13T13:40:15.483582+07:00,instagram_public_scraper_v1,PUBLIC,M6qXdCuCWAAdhc6dM
instagram,3962028601260373972,comment_count,0,2026-08-13T13:40:15.483582+07:00,instagram_public_scraper_v1,PUBLIC,M6qXdCuCWAAdhc6dM
instagram,3962019327251878238,video_view_count,652,2026-08-13T13:40:15.483582+07:00,instagram_public_scraper_v1,PUBLIC,M6qXdCuCWAAdhc6dM
instagram,3962019327251878238,like_count,86,2026-08-13T13:40:15.483582+07:00,instagram_public_scraper_v1,PUBLIC,M6qXdCuCWAAdhc6dM
instagram,3962019327251878238,comment_count,0,2026-08-13T13:40:15.483582+07:00,instagram_public_scraper_v1,PUBLIC,M6qXdCuCWAAdhc6dM
instagram,3961983883696863673,like_count,756,2026-08-13T13:40:15.483582+07:00,instagram_public_scraper_v1,PUBLIC,M6qXdCuCWAAdhc6dM
instagram,3961983883696863673,comment_count,5,2026-08-13T13:40:15.483582+07:00,instagram_public_scraper_v1,PUBLIC,M6qXdCuCWAAdhc6dM
instagram,3961983720798443891,like_count,502,2026-08-13T13:40:15.483582+07:00,instagram_public_scraper_v1,PUBLIC,M6qXdCuCWAAdhc6dM
instagram,3961983720798443891,comment_count,13,2026-08-13T13:40:15.483582+07:00,instagram_public_scraper_v1,PUBLIC,M6qXdCuCWAAdhc6dM
instagram,3961983635234631299,like_count,471,2026-08-13T13:40:15.483582+07:00,instagram_public_scraper_v1,PUBLIC,M6qXdCuCWAAdhc6dM
instagram,3961983635234631299,comment_count,8,2026-08-13T13:40:15.483582+07:00,instagram_public_scraper_v1,PUBLIC,M6qXdCuCWAAdhc6dM
instagram,3961952049667689931,video_view_count,807,2026-08-13T13:40:15.483582+07:00,instagram_public_scraper_v1,PUBLIC,M6qXdCuCWAAdhc6dM
instagram,3961952049667689931,like_count,82,2026-08-13T13:40:15.483582+07:00,instagram_public_scraper_v1,PUBLIC,M6qXdCuCWAAdhc6dM
instagram,3961952049667689931,comment_count,0,2026-08-13T13:40:15.483582+07:00,instagram_public_scraper_v1,PUBLIC,M6qXdCuCWAAdhc6dM
instagram,3737993105790548441,like_count,1002,2026-08-13T13:40:15.483582+07:00,instagram_public_scraper_v1,PUBLIC,M6qXdCuCWAAdhc6dM
instagram,3737993105790548441,comment_count,10,2026-08-13T13:40:15.483582+07:00,instagram_public_scraper_v1,PUBLIC,M6qXdCuCWAAdhc6dM
instagram,3862810126755634339,like_count,1671,2026-08-13T13:40:15.483582+07:00,instagram_public_scraper_v1,PUBLIC,M6qXdCuCWAAdhc6dM
instagram,3862810126755634339,comment_count,34,2026-08-13T13:40:15.483582+07:00,instagram_public_scraper_v1,PUBLIC,M6qXdCuCWAAdhc6dM
instagram,3833063641743557264,like_count,259,2026-08-13T13:40:15.483582+07:00,instagram_public_scraper_v1,PUBLIC,M6qXdCuCWAAdhc6dM
instagram,3833063641743557264,comment_count,0,2026-08-13T13:40:15.483582+07:00,instagram_public_scraper_v1,PUBLIC,M6qXdCuCWAAdhc6dM
instagram,3831614057691158166,like_count,380,2026-08-13T13:40:15.483582+07:00,instagram_public_scraper_v1,PUBLIC,M6qXdCuCWAAdhc6dM
instagram,3831614057691158166,comment_count,4,2026-08-13T13:40:15.483582+07:00,instagram_public_scraper_v1,PUBLIC,M6qXdCuCWAAdhc6dM
instagram,3745930318701338189,like_count,270,2026-08-13T13:40:15.483582+07:00,instagram_public_scraper_v1,PUBLIC,M6qXdCuCWAAdhc6dM
instagram,3745930318701338189,comment_count,0,2026-08-13T13:40:15.483582+07:00,instagram_public_scraper_v1,PUBLIC,M6qXdCuCWAAdhc6dM
instagram,3743243150995609297,like_count,1038,2026-08-13T13:40:15.483582+07:00,instagram_public_scraper_v1,PUBLIC,M6qXdCuCWAAdhc6dM
instagram,3743243150995609297,comment_count,5,2026-08-13T13:40:15.483582+07:00,instagram_public_scraper_v1,PUBLIC,M6qXdCuCWAAdhc6dM
instagram,3742506861690737826,like_count,909,2026-08-13T13:40:15.483582+07:00,instagram_public_scraper_v1,PUBLIC,M6qXdCuCWAAdhc6dM
instagram,3742506861690737826,comment_count,5,2026-08-13T13:40:15.483582+07:00,instagram_public_scraper_v1,PUBLIC,M6qXdCuCWAAdhc6dM
instagram,3742485003838288529,like_count,933,2026-08-13T13:40:15.483582+07:00,instagram_public_scraper_v1,PUBLIC,M6qXdCuCWAAdhc6dM
instagram,3742485003838288529,comment_count,4,2026-08-13T13:40:15.483582+07:00,instagram_public_scraper_v1,PUBLIC,M6qXdCuCWAAdhc6dM
instagram,3740810693876766062,like_count,1884,2026-08-13T13:40:15.483582+07:00,instagram_public_scraper_v1,PUBLIC,M6qXdCuCWAAdhc6dM
instagram,3740810693876766062,comment_count,4,2026-08-13T13:40:15.483582+07:00,instagram_public_scraper_v1,PUBLIC,M6qXdCuCWAAdhc6dM
instagram,3735848140604029757,like_count,1309,2026-08-13T13:40:15.483582+07:00,instagram_public_scraper_v1,PUBLIC,M6qXdCuCWAAdhc6dM
instagram,3735848140604029757,comment_count,13,2026-08-13T13:40:15.483582+07:00,instagram_public_scraper_v1,PUBLIC,M6qXdCuCWAAdhc6dM
instagram,3692488325986670569,video_view_count,3338,2026-08-13T13:40:15.483582+07:00,instagram_public_scraper_v1,PUBLIC,M6qXdCuCWAAdhc6dM
instagram,3692488325986670569,like_count,1273,2026-08-13T13:40:15.483582+07:00,instagram_public_scraper_v1,PUBLIC,M6qXdCuCWAAdhc6dM
instagram,3692488325986670569,comment_count,26,2026-08-13T13:40:15.483582+07:00,instagram_public_scraper_v1,PUBLIC,M6qXdCuCWAAdhc6dM
instagram,3662756560591661355,like_count,1325,2026-08-13T13:40:15.483582+07:00,instagram_public_scraper_v1,PUBLIC,M6qXdCuCWAAdhc6dM
instagram,3662756560591661355,comment_count,37,2026-08-13T13:40:15.483582+07:00,instagram_public_scraper_v1,PUBLIC,M6qXdCuCWAAdhc6dM
instagram,3857404973403656517,like_count,17,2026-08-13T13:40:15.483582+07:00,instagram_public_scraper_v1,PUBLIC,M6qXdCuCWAAdhc6dM
instagram,3857404973403656517,comment_count,0,2026-08-13T13:40:15.483582+07:00,instagram_public_scraper_v1,PUBLIC,M6qXdCuCWAAdhc6dM
instagram,3852572928088484293,like_count,60,2026-08-13T13:40:15.483582+07:00,instagram_public_scraper_v1,PUBLIC,M6qXdCuCWAAdhc6dM
instagram,3852572928088484293,comment_count,0,2026-08-13T13:40:15.483582+07:00,instagram_public_scraper_v1,PUBLIC,M6qXdCuCWAAdhc6dM
instagram,3838892097777117413,like_count,10,2026-08-13T13:40:15.483582+07:00,instagram_public_scraper_v1,PUBLIC,M6qXdCuCWAAdhc6dM
instagram,3838892097777117413,comment_count,0,2026-08-13T13:40:15.483582+07:00,instagram_public_scraper_v1,PUBLIC,M6qXdCuCWAAdhc6dM
instagram,3819081475568890136,like_count,21,2026-08-13T13:40:15.483582+07:00,instagram_public_scraper_v1,PUBLIC,M6qXdCuCWAAdhc6dM
instagram,3819081475568890136,comment_count,1,2026-08-13T13:40:15.483582+07:00,instagram_public_scraper_v1,PUBLIC,M6qXdCuCWAAdhc6dM
instagram,3474127290960723844,video_view_count,374,2026-08-13T13:40:15.483582+07:00,instagram_public_scraper_v1,PUBLIC,M6qXdCuCWAAdhc6dM
instagram,3474127290960723844,like_count,14,2026-08-13T13:40:15.483582+07:00,instagram_public_scraper_v1,PUBLIC,M6qXdCuCWAAdhc6dM
instagram,3474127290960723844,comment_count,0,2026-08-13T13:40:15.483582+07:00,instagram_public_scraper_v1,PUBLIC,M6qXdCuCWAAdhc6dM
instagram,3465318832904144324,video_view_count,574,2026-08-13T13:40:15.483582+07:00,instagram_public_scraper_v1,PUBLIC,M6qXdCuCWAAdhc6dM
instagram,3465318832904144324,like_count,34,2026-08-13T13:40:15.483582+07:00,instagram_public_scraper_v1,PUBLIC,M6qXdCuCWAAdhc6dM
instagram,3465318832904144324,comment_count,1,2026-08-13T13:40:15.483582+07:00,instagram_public_scraper_v1,PUBLIC,M6qXdCuCWAAdhc6dM
instagram,3450887622019045222,like_count,28,2026-08-13T13:40:15.483582+07:00,instagram_public_scraper_v1,PUBLIC,M6qXdCuCWAAdhc6dM
instagram,3450887622019045222,comment_count,0,2026-08-13T13:40:15.483582+07:00,instagram_public_scraper_v1,PUBLIC,M6qXdCuCWAAdhc6dM
instagram,3440936776582822106,like_count,139,2026-08-13T13:40:15.483582+07:00,instagram_public_scraper_v1,PUBLIC,M6qXdCuCWAAdhc6dM
instagram,3440936776582822106,comment_count,0,2026-08-13T13:40:15.483582+07:00,instagram_public_scraper_v1,PUBLIC,M6qXdCuCWAAdhc6dM
instagram,3430166305286811177,like_count,11,2026-08-13T13:40:15.483582+07:00,instagram_public_scraper_v1,PUBLIC,M6qXdCuCWAAdhc6dM
instagram,3430166305286811177,comment_count,0,2026-08-13T13:40:15.483582+07:00,instagram_public_scraper_v1,PUBLIC,M6qXdCuCWAAdhc6dM
instagram,3413146711138749272,like_count,15,2026-08-13T13:40:15.483582+07:00,instagram_public_scraper_v1,PUBLIC,M6qXdCuCWAAdhc6dM
instagram,3413146711138749272,comment_count,0,2026-08-13T13:40:15.483582+07:00,instagram_public_scraper_v1,PUBLIC,M6qXdCuCWAAdhc6dM
instagram,3391343134615332178,like_count,25,2026-08-13T13:40:15.483582+07:00,instagram_public_scraper_v1,PUBLIC,M6qXdCuCWAAdhc6dM
instagram,3391343134615332178,comment_count,1,2026-08-13T13:40:15.483582+07:00,instagram_public_scraper_v1,PUBLIC,M6qXdCuCWAAdhc6dM
instagram,3322701675994344582,like_count,35,2026-08-13T13:40:15.483582+07:00,instagram_public_scraper_v1,PUBLIC,M6qXdCuCWAAdhc6dM
instagram,3322701675994344582,comment_count,0,2026-08-13T13:40:15.483582+07:00,instagram_public_scraper_v1,PUBLIC,M6qXdCuCWAAdhc6dM
instagram,3962073650896597682,like_count,22,2026-08-13T13:40:15.483582+07:00,instagram_public_scraper_v1,PUBLIC,M6qXdCuCWAAdhc6dM
instagram,3962073650896597682,comment_count,0,2026-08-13T13:40:15.483582+07:00,instagram_public_scraper_v1,PUBLIC,M6qXdCuCWAAdhc6dM
instagram,3905360416301980091,video_view_count,99,2026-08-13T13:40:15.483582+07:00,instagram_public_scraper_v1,PUBLIC,M6qXdCuCWAAdhc6dM
instagram,3905360416301980091,like_count,3,2026-08-13T13:40:15.483582+07:00,instagram_public_scraper_v1,PUBLIC,M6qXdCuCWAAdhc6dM
instagram,3905360416301980091,comment_count,1,2026-08-13T13:40:15.483582+07:00,instagram_public_scraper_v1,PUBLIC,M6qXdCuCWAAdhc6dM
instagram,3902461516683635277,video_view_count,32,2026-08-13T13:40:15.483582+07:00,instagram_public_scraper_v1,PUBLIC,M6qXdCuCWAAdhc6dM
instagram,3902461516683635277,like_count,2,2026-08-13T13:40:15.483582+07:00,instagram_public_scraper_v1,PUBLIC,M6qXdCuCWAAdhc6dM
instagram,3902461516683635277,comment_count,0,2026-08-13T13:40:15.483582+07:00,instagram_public_scraper_v1,PUBLIC,M6qXdCuCWAAdhc6dM
instagram,3901736253280415950,like_count,2,2026-08-13T13:40:15.483582+07:00,instagram_public_scraper_v1,PUBLIC,M6qXdCuCWAAdhc6dM
instagram,3901736253280415950,comment_count,0,2026-08-13T13:40:15.483582+07:00,instagram_public_scraper_v1,PUBLIC,M6qXdCuCWAAdhc6dM
instagram,3901011997440954399,video_view_count,24,2026-08-13T13:40:15.483582+07:00,instagram_public_scraper_v1,PUBLIC,M6qXdCuCWAAdhc6dM
instagram,3901011997440954399,like_count,1,2026-08-13T13:40:15.483582+07:00,instagram_public_scraper_v1,PUBLIC,M6qXdCuCWAAdhc6dM
instagram,3901011997440954399,comment_count,0,2026-08-13T13:40:15.483582+07:00,instagram_public_scraper_v1,PUBLIC,M6qXdCuCWAAdhc6dM
instagram,3900286977653234994,video_view_count,52,2026-08-13T13:40:15.483582+07:00,instagram_public_scraper_v1,PUBLIC,M6qXdCuCWAAdhc6dM
instagram,3900286977653234994,like_count,2,2026-08-13T13:40:15.483582+07:00,instagram_public_scraper_v1,PUBLIC,M6qXdCuCWAAdhc6dM
instagram,3900286977653234994,comment_count,0,2026-08-13T13:40:15.483582+07:00,instagram_public_scraper_v1,PUBLIC,M6qXdCuCWAAdhc6dM
instagram,3897388007586387318,video_view_count,83,2026-08-13T13:40:15.483582+07:00,instagram_public_scraper_v1,PUBLIC,M6qXdCuCWAAdhc6dM
instagram,3897388007586387318,like_count,1,2026-08-13T13:40:15.483582+07:00,instagram_public_scraper_v1,PUBLIC,M6qXdCuCWAAdhc6dM
instagram,3897388007586387318,comment_count,0,2026-08-13T13:40:15.483582+07:00,instagram_public_scraper_v1,PUBLIC,M6qXdCuCWAAdhc6dM
instagram,3896662783912251178,like_count,1,2026-08-13T13:40:15.483582+07:00,instagram_public_scraper_v1,PUBLIC,M6qXdCuCWAAdhc6dM
instagram,3896662783912251178,comment_count,0,2026-08-13T13:40:15.483582+07:00,instagram_public_scraper_v1,PUBLIC,M6qXdCuCWAAdhc6dM
instagram,3895938428727958823,video_view_count,59,2026-08-13T13:40:15.483582+07:00,instagram_public_scraper_v1,PUBLIC,M6qXdCuCWAAdhc6dM
instagram,3895938428727958823,like_count,1,2026-08-13T13:40:15.483582+07:00,instagram_public_scraper_v1,PUBLIC,M6qXdCuCWAAdhc6dM
instagram,3895938428727958823,comment_count,0,2026-08-13T13:40:15.483582+07:00,instagram_public_scraper_v1,PUBLIC,M6qXdCuCWAAdhc6dM
instagram,3895213614802492066,video_view_count,23,2026-08-13T13:40:15.483582+07:00,instagram_public_scraper_v1,PUBLIC,M6qXdCuCWAAdhc6dM
instagram,3895213614802492066,like_count,2,2026-08-13T13:40:15.483582+07:00,instagram_public_scraper_v1,PUBLIC,M6qXdCuCWAAdhc6dM
instagram,3895213614802492066,comment_count,0,2026-08-13T13:40:15.483582+07:00,instagram_public_scraper_v1,PUBLIC,M6qXdCuCWAAdhc6dM
instagram,3892314608480647067,video_view_count,60,2026-08-13T13:40:15.483582+07:00,instagram_public_scraper_v1,PUBLIC,M6qXdCuCWAAdhc6dM
instagram,3892314608480647067,like_count,1,2026-08-13T13:40:15.483582+07:00,instagram_public_scraper_v1,PUBLIC,M6qXdCuCWAAdhc6dM
instagram,3892314608480647067,comment_count,0,2026-08-13T13:40:15.483582+07:00,instagram_public_scraper_v1,PUBLIC,M6qXdCuCWAAdhc6dM
instagram,3891589371115988836,like_count,2,2026-08-13T13:40:15.483582+07:00,instagram_public_scraper_v1,PUBLIC,M6qXdCuCWAAdhc6dM
instagram,3891589371115988836,comment_count,0,2026-08-13T13:40:15.483582+07:00,instagram_public_scraper_v1,PUBLIC,M6qXdCuCWAAdhc6dM
instagram,3106566748556276629,video_view_count,66,2026-08-13T13:40:15.483582+07:00,instagram_public_scraper_v1,PUBLIC,M6qXdCuCWAAdhc6dM
instagram,3106566748556276629,like_count,3,2026-08-13T13:40:15.483582+07:00,instagram_public_scraper_v1,PUBLIC,M6qXdCuCWAAdhc6dM
instagram,3106566748556276629,comment_count,0,2026-08-13T13:40:15.483582+07:00,instagram_public_scraper_v1,PUBLIC,M6qXdCuCWAAdhc6dM
instagram,3087964191974018507,video_view_count,94,2026-08-13T13:40:15.483582+07:00,instagram_public_scraper_v1,PUBLIC,M6qXdCuCWAAdhc6dM
instagram,3087964191974018507,like_count,7,2026-08-13T13:40:15.483582+07:00,instagram_public_scraper_v1,PUBLIC,M6qXdCuCWAAdhc6dM
instagram,3087964191974018507,comment_count,0,2026-08-13T13:40:15.483582+07:00,instagram_public_scraper_v1,PUBLIC,M6qXdCuCWAAdhc6dM
instagram,3085865602678388855,video_view_count,45,2026-08-13T13:40:15.483582+07:00,instagram_public_scraper_v1,PUBLIC,M6qXdCuCWAAdhc6dM
instagram,3085865602678388855,like_count,3,2026-08-13T13:40:15.483582+07:00,instagram_public_scraper_v1,PUBLIC,M6qXdCuCWAAdhc6dM
instagram,3085865602678388855,comment_count,0,2026-08-13T13:40:15.483582+07:00,instagram_public_scraper_v1,PUBLIC,M6qXdCuCWAAdhc6dM
instagram,3085533360525645588,video_view_count,52,2026-08-13T13:40:15.483582+07:00,instagram_public_scraper_v1,PUBLIC,M6qXdCuCWAAdhc6dM
instagram,3085533360525645588,like_count,3,2026-08-13T13:40:15.483582+07:00,instagram_public_scraper_v1,PUBLIC,M6qXdCuCWAAdhc6dM
instagram,3085533360525645588,comment_count,0,2026-08-13T13:40:15.483582+07:00,instagram_public_scraper_v1,PUBLIC,M6qXdCuCWAAdhc6dM
instagram,3085060054701826811,video_view_count,86,2026-08-13T13:40:15.483582+07:00,instagram_public_scraper_v1,PUBLIC,M6qXdCuCWAAdhc6dM
instagram,3085060054701826811,like_count,6,2026-08-13T13:40:15.483582+07:00,instagram_public_scraper_v1,PUBLIC,M6qXdCuCWAAdhc6dM
instagram,3085060054701826811,comment_count,0,2026-08-13T13:40:15.483582+07:00,instagram_public_scraper_v1,PUBLIC,M6qXdCuCWAAdhc6dM
instagram,3084845093987795578,video_view_count,165,2026-08-13T13:40:15.483582+07:00,instagram_public_scraper_v1,PUBLIC,M6qXdCuCWAAdhc6dM
instagram,3084845093987795578,like_count,9,2026-08-13T13:40:15.483582+07:00,instagram_public_scraper_v1,PUBLIC,M6qXdCuCWAAdhc6dM
instagram,3084845093987795578,comment_count,0,2026-08-13T13:40:15.483582+07:00,instagram_public_scraper_v1,PUBLIC,M6qXdCuCWAAdhc6dM
instagram,2851016113424157510,video_view_count,67,2026-08-13T13:40:15.483582+07:00,instagram_public_scraper_v1,PUBLIC,M6qXdCuCWAAdhc6dM
instagram,2851016113424157510,like_count,2,2026-08-13T13:40:15.483582+07:00,instagram_public_scraper_v1,PUBLIC,M6qXdCuCWAAdhc6dM
instagram,2851016113424157510,comment_count,0,2026-08-13T13:40:15.483582+07:00,instagram_public_scraper_v1,PUBLIC,M6qXdCuCWAAdhc6dM
instagram,2832202801378901267,video_view_count,689,2026-08-13T13:40:15.483582+07:00,instagram_public_scraper_v1,PUBLIC,M6qXdCuCWAAdhc6dM
instagram,2832202801378901267,like_count,36,2026-08-13T13:40:15.483582+07:00,instagram_public_scraper_v1,PUBLIC,M6qXdCuCWAAdhc6dM
instagram,2832202801378901267,comment_count,1,2026-08-13T13:40:15.483582+07:00,instagram_public_scraper_v1,PUBLIC,M6qXdCuCWAAdhc6dM
instagram,2830719781610386877,video_view_count,418,2026-08-13T13:40:15.483582+07:00,instagram_public_scraper_v1,PUBLIC,M6qXdCuCWAAdhc6dM
instagram,2830719781610386877,like_count,26,2026-08-13T13:40:15.483582+07:00,instagram_public_scraper_v1,PUBLIC,M6qXdCuCWAAdhc6dM
instagram,2830719781610386877,comment_count,1,2026-08-13T13:40:15.483582+07:00,instagram_public_scraper_v1,PUBLIC,M6qXdCuCWAAdhc6dM
instagram,2825659313686541606,video_view_count,289,2026-08-13T13:40:15.483582+07:00,instagram_public_scraper_v1,PUBLIC,M6qXdCuCWAAdhc6dM
instagram,2825659313686541606,like_count,26,2026-08-13T13:40:15.483582+07:00,instagram_public_scraper_v1,PUBLIC,M6qXdCuCWAAdhc6dM
instagram,2825659313686541606,comment_count,0,2026-08-13T13:40:15.483582+07:00,instagram_public_scraper_v1,PUBLIC,M6qXdCuCWAAdhc6dM
instagram,2821260878782801890,video_view_count,316,2026-08-13T13:40:15.483582+07:00,instagram_public_scraper_v1,PUBLIC,M6qXdCuCWAAdhc6dM
instagram,2821260878782801890,like_count,32,2026-08-13T13:40:15.483582+07:00,instagram_public_scraper_v1,PUBLIC,M6qXdCuCWAAdhc6dM
instagram,2821260878782801890,comment_count,0,2026-08-13T13:40:15.483582+07:00,instagram_public_scraper_v1,PUBLIC,M6qXdCuCWAAdhc6dM
instagram,2819023366739919972,video_view_count,281,2026-08-13T13:40:15.483582+07:00,instagram_public_scraper_v1,PUBLIC,M6qXdCuCWAAdhc6dM
instagram,2819023366739919972,like_count,36,2026-08-13T13:40:15.483582+07:00,instagram_public_scraper_v1,PUBLIC,M6qXdCuCWAAdhc6dM
instagram,2819023366739919972,comment_count,0,2026-08-13T13:40:15.483582+07:00,instagram_public_scraper_v1,PUBLIC,M6qXdCuCWAAdhc6dM
tiktok,7568123777234521351,play_count,25700000,2026-08-13T13:40:35.863888+07:00,tiktok_public_scraper_v1,PUBLIC,inJVuhWXLcYtky6Ib
tiktok,7568123777234521351,digg_count,59700,2026-08-13T13:40:35.863888+07:00,tiktok_public_scraper_v1,PUBLIC,inJVuhWXLcYtky6Ib
tiktok,7568123777234521351,comment_count,855,2026-08-13T13:40:35.863888+07:00,tiktok_public_scraper_v1,PUBLIC,inJVuhWXLcYtky6Ib
tiktok,7530262347340844296,play_count,691300,2026-08-13T13:40:35.863888+07:00,tiktok_public_scraper_v1,PUBLIC,inJVuhWXLcYtky6Ib
tiktok,7530262347340844296,digg_count,23500,2026-08-13T13:40:35.863888+07:00,tiktok_public_scraper_v1,PUBLIC,inJVuhWXLcYtky6Ib
tiktok,7530262347340844296,comment_count,408,2026-08-13T13:40:35.863888+07:00,tiktok_public_scraper_v1,PUBLIC,inJVuhWXLcYtky6Ib
tiktok,7522483172664216850,play_count,6500000,2026-08-13T13:40:35.863888+07:00,tiktok_public_scraper_v1,PUBLIC,inJVuhWXLcYtky6Ib
tiktok,7522483172664216850,digg_count,106100,2026-08-13T13:40:35.863888+07:00,tiktok_public_scraper_v1,PUBLIC,inJVuhWXLcYtky6Ib
tiktok,7522483172664216850,comment_count,347,2026-08-13T13:40:35.863888+07:00,tiktok_public_scraper_v1,PUBLIC,inJVuhWXLcYtky6Ib
tiktok,7673043315461328148,play_count,1773,2026-08-13T13:40:35.863888+07:00,tiktok_public_scraper_v1,PUBLIC,inJVuhWXLcYtky6Ib
tiktok,7673043315461328148,digg_count,89,2026-08-13T13:40:35.863888+07:00,tiktok_public_scraper_v1,PUBLIC,inJVuhWXLcYtky6Ib
tiktok,7673043315461328148,comment_count,1,2026-08-13T13:40:35.863888+07:00,tiktok_public_scraper_v1,PUBLIC,inJVuhWXLcYtky6Ib
tiktok,7673040134069030165,play_count,12400,2026-08-13T13:40:35.863888+07:00,tiktok_public_scraper_v1,PUBLIC,inJVuhWXLcYtky6Ib
tiktok,7673040134069030165,digg_count,347,2026-08-13T13:40:35.863888+07:00,tiktok_public_scraper_v1,PUBLIC,inJVuhWXLcYtky6Ib
tiktok,7673040134069030165,comment_count,2,2026-08-13T13:40:35.863888+07:00,tiktok_public_scraper_v1,PUBLIC,inJVuhWXLcYtky6Ib
tiktok,7672620646471421205,play_count,139800,2026-08-13T13:40:35.863888+07:00,tiktok_public_scraper_v1,PUBLIC,inJVuhWXLcYtky6Ib
tiktok,7672620646471421205,digg_count,6566,2026-08-13T13:40:35.863888+07:00,tiktok_public_scraper_v1,PUBLIC,inJVuhWXLcYtky6Ib
tiktok,7672620646471421205,comment_count,19,2026-08-13T13:40:35.863888+07:00,tiktok_public_scraper_v1,PUBLIC,inJVuhWXLcYtky6Ib
tiktok,7672618812654521621,play_count,6903,2026-08-13T13:40:35.863888+07:00,tiktok_public_scraper_v1,PUBLIC,inJVuhWXLcYtky6Ib
tiktok,7672618812654521621,digg_count,247,2026-08-13T13:40:35.863888+07:00,tiktok_public_scraper_v1,PUBLIC,inJVuhWXLcYtky6Ib
tiktok,7672618812654521621,comment_count,1,2026-08-13T13:40:35.863888+07:00,tiktok_public_scraper_v1,PUBLIC,inJVuhWXLcYtky6Ib
tiktok,7672345406226926869,play_count,12900,2026-08-13T13:40:35.863888+07:00,tiktok_public_scraper_v1,PUBLIC,inJVuhWXLcYtky6Ib
tiktok,7672345406226926869,digg_count,252,2026-08-13T13:40:35.863888+07:00,tiktok_public_scraper_v1,PUBLIC,inJVuhWXLcYtky6Ib
tiktok,7672345406226926869,comment_count,1,2026-08-13T13:40:35.863888+07:00,tiktok_public_scraper_v1,PUBLIC,inJVuhWXLcYtky6Ib
tiktok,7672337619770002709,play_count,2680,2026-08-13T13:40:35.863888+07:00,tiktok_public_scraper_v1,PUBLIC,inJVuhWXLcYtky6Ib
tiktok,7672337619770002709,digg_count,68,2026-08-13T13:40:35.863888+07:00,tiktok_public_scraper_v1,PUBLIC,inJVuhWXLcYtky6Ib
tiktok,7672337619770002709,comment_count,1,2026-08-13T13:40:35.863888+07:00,tiktok_public_scraper_v1,PUBLIC,inJVuhWXLcYtky6Ib
tiktok,7672323542968454420,play_count,2677,2026-08-13T13:40:35.863888+07:00,tiktok_public_scraper_v1,PUBLIC,inJVuhWXLcYtky6Ib
tiktok,7672323542968454420,digg_count,113,2026-08-13T13:40:35.863888+07:00,tiktok_public_scraper_v1,PUBLIC,inJVuhWXLcYtky6Ib
tiktok,7672323542968454420,comment_count,0,2026-08-13T13:40:35.863888+07:00,tiktok_public_scraper_v1,PUBLIC,inJVuhWXLcYtky6Ib
tiktok,7652689898306112789,play_count,126000,2026-08-13T13:40:35.863888+07:00,tiktok_public_scraper_v1,PUBLIC,inJVuhWXLcYtky6Ib
tiktok,7652689898306112789,digg_count,1353,2026-08-13T13:40:35.863888+07:00,tiktok_public_scraper_v1,PUBLIC,inJVuhWXLcYtky6Ib
tiktok,7652689898306112789,comment_count,6,2026-08-13T13:40:35.863888+07:00,tiktok_public_scraper_v1,PUBLIC,inJVuhWXLcYtky6Ib
tiktok,7650102506965536021,play_count,142600,2026-08-13T13:40:35.863888+07:00,tiktok_public_scraper_v1,PUBLIC,inJVuhWXLcYtky6Ib
tiktok,7650102506965536021,digg_count,3273,2026-08-13T13:40:35.863888+07:00,tiktok_public_scraper_v1,PUBLIC,inJVuhWXLcYtky6Ib
tiktok,7650102506965536021,comment_count,106,2026-08-13T13:40:35.863888+07:00,tiktok_public_scraper_v1,PUBLIC,inJVuhWXLcYtky6Ib
tiktok,7673144970609462548,play_count,9512,2026-08-13T13:40:35.863888+07:00,tiktok_public_scraper_v1,PUBLIC,inJVuhWXLcYtky6Ib
tiktok,7673144970609462548,digg_count,728,2026-08-13T13:40:35.863888+07:00,tiktok_public_scraper_v1,PUBLIC,inJVuhWXLcYtky6Ib
tiktok,7673144970609462548,comment_count,12,2026-08-13T13:40:35.863888+07:00,tiktok_public_scraper_v1,PUBLIC,inJVuhWXLcYtky6Ib
tiktok,7673102524936621329,play_count,25700,2026-08-13T13:40:35.863888+07:00,tiktok_public_scraper_v1,PUBLIC,inJVuhWXLcYtky6Ib
tiktok,7673102524936621329,digg_count,2472,2026-08-13T13:40:35.863888+07:00,tiktok_public_scraper_v1,PUBLIC,inJVuhWXLcYtky6Ib
tiktok,7673102524936621329,comment_count,46,2026-08-13T13:40:35.863888+07:00,tiktok_public_scraper_v1,PUBLIC,inJVuhWXLcYtky6Ib
tiktok,7673101484136975632,play_count,12600,2026-08-13T13:40:35.863888+07:00,tiktok_public_scraper_v1,PUBLIC,inJVuhWXLcYtky6Ib
tiktok,7673101484136975632,digg_count,757,2026-08-13T13:40:35.863888+07:00,tiktok_public_scraper_v1,PUBLIC,inJVuhWXLcYtky6Ib
tiktok,7673101484136975632,comment_count,20,2026-08-13T13:40:35.863888+07:00,tiktok_public_scraper_v1,PUBLIC,inJVuhWXLcYtky6Ib
tiktok,7673074962437131537,play_count,227600,2026-08-13T13:40:35.863888+07:00,tiktok_public_scraper_v1,PUBLIC,inJVuhWXLcYtky6Ib
tiktok,7673074962437131537,digg_count,14400,2026-08-13T13:40:35.863888+07:00,tiktok_public_scraper_v1,PUBLIC,inJVuhWXLcYtky6Ib
tiktok,7673074962437131537,comment_count,87,2026-08-13T13:40:35.863888+07:00,tiktok_public_scraper_v1,PUBLIC,inJVuhWXLcYtky6Ib
tiktok,7673039879164415248,play_count,19500,2026-08-13T13:40:35.863888+07:00,tiktok_public_scraper_v1,PUBLIC,inJVuhWXLcYtky6Ib
tiktok,7673039879164415248,digg_count,832,2026-08-13T13:40:35.863888+07:00,tiktok_public_scraper_v1,PUBLIC,inJVuhWXLcYtky6Ib
tiktok,7673039879164415248,comment_count,2,2026-08-13T13:40:35.863888+07:00,tiktok_public_scraper_v1,PUBLIC,inJVuhWXLcYtky6Ib
tiktok,7673038630746737936,play_count,5475,2026-08-13T13:40:35.863888+07:00,tiktok_public_scraper_v1,PUBLIC,inJVuhWXLcYtky6Ib
tiktok,7673038630746737936,digg_count,277,2026-08-13T13:40:35.863888+07:00,tiktok_public_scraper_v1,PUBLIC,inJVuhWXLcYtky6Ib
tiktok,7673038630746737936,comment_count,3,2026-08-13T13:40:35.863888+07:00,tiktok_public_scraper_v1,PUBLIC,inJVuhWXLcYtky6Ib
tiktok,7672983786975399169,play_count,38600,2026-08-13T13:40:35.863888+07:00,tiktok_public_scraper_v1,PUBLIC,inJVuhWXLcYtky6Ib
tiktok,7672983786975399169,digg_count,2628,2026-08-13T13:40:35.863888+07:00,tiktok_public_scraper_v1,PUBLIC,inJVuhWXLcYtky6Ib
tiktok,7672983786975399169,comment_count,40,2026-08-13T13:40:35.863888+07:00,tiktok_public_scraper_v1,PUBLIC,inJVuhWXLcYtky6Ib
tiktok,7672983328026397969,play_count,10800,2026-08-13T13:40:35.863888+07:00,tiktok_public_scraper_v1,PUBLIC,inJVuhWXLcYtky6Ib
tiktok,7672983328026397969,digg_count,617,2026-08-13T13:40:35.863888+07:00,tiktok_public_scraper_v1,PUBLIC,inJVuhWXLcYtky6Ib
tiktok,7672983328026397969,comment_count,8,2026-08-13T13:40:35.863888+07:00,tiktok_public_scraper_v1,PUBLIC,inJVuhWXLcYtky6Ib
tiktok,7673057060036267282,play_count,841,2026-08-13T13:40:35.863888+07:00,tiktok_public_scraper_v1,PUBLIC,inJVuhWXLcYtky6Ib
tiktok,7673057060036267282,digg_count,14,2026-08-13T13:40:35.863888+07:00,tiktok_public_scraper_v1,PUBLIC,inJVuhWXLcYtky6Ib
tiktok,7673057060036267282,comment_count,0,2026-08-13T13:40:35.863888+07:00,tiktok_public_scraper_v1,PUBLIC,inJVuhWXLcYtky6Ib
tiktok,7672717608252181781,play_count,913,2026-08-13T13:40:35.863888+07:00,tiktok_public_scraper_v1,PUBLIC,inJVuhWXLcYtky6Ib
tiktok,7672717608252181781,digg_count,16,2026-08-13T13:40:35.863888+07:00,tiktok_public_scraper_v1,PUBLIC,inJVuhWXLcYtky6Ib
tiktok,7672717608252181781,comment_count,0,2026-08-13T13:40:35.863888+07:00,tiktok_public_scraper_v1,PUBLIC,inJVuhWXLcYtky6Ib
tiktok,7673056117760756999,play_count,764,2026-08-13T13:40:35.863888+07:00,tiktok_public_scraper_v1,PUBLIC,inJVuhWXLcYtky6Ib
tiktok,7673056117760756999,digg_count,15,2026-08-13T13:40:35.863888+07:00,tiktok_public_scraper_v1,PUBLIC,inJVuhWXLcYtky6Ib
tiktok,7673056117760756999,comment_count,0,2026-08-13T13:40:35.863888+07:00,tiktok_public_scraper_v1,PUBLIC,inJVuhWXLcYtky6Ib
tiktok,7673054875080510741,play_count,3533,2026-08-13T13:40:35.863888+07:00,tiktok_public_scraper_v1,PUBLIC,inJVuhWXLcYtky6Ib
tiktok,7673054875080510741,digg_count,67,2026-08-13T13:40:35.863888+07:00,tiktok_public_scraper_v1,PUBLIC,inJVuhWXLcYtky6Ib
tiktok,7673054875080510741,comment_count,2,2026-08-13T13:40:35.863888+07:00,tiktok_public_scraper_v1,PUBLIC,inJVuhWXLcYtky6Ib
tiktok,7672713170695359765,play_count,852,2026-08-13T13:40:35.863888+07:00,tiktok_public_scraper_v1,PUBLIC,inJVuhWXLcYtky6Ib
tiktok,7672713170695359765,digg_count,15,2026-08-13T13:40:35.863888+07:00,tiktok_public_scraper_v1,PUBLIC,inJVuhWXLcYtky6Ib
tiktok,7672713170695359765,comment_count,0,2026-08-13T13:40:35.863888+07:00,tiktok_public_scraper_v1,PUBLIC,inJVuhWXLcYtky6Ib
tiktok,7673071395173092629,play_count,673,2026-08-13T13:40:35.863888+07:00,tiktok_public_scraper_v1,PUBLIC,inJVuhWXLcYtky6Ib
tiktok,7673071395173092629,digg_count,12,2026-08-13T13:40:35.863888+07:00,tiktok_public_scraper_v1,PUBLIC,inJVuhWXLcYtky6Ib
tiktok,7673071395173092629,comment_count,1,2026-08-13T13:40:35.863888+07:00,tiktok_public_scraper_v1,PUBLIC,inJVuhWXLcYtky6Ib
tiktok,7673053209790991634,play_count,742,2026-08-13T13:40:35.863888+07:00,tiktok_public_scraper_v1,PUBLIC,inJVuhWXLcYtky6Ib
tiktok,7673053209790991634,digg_count,9,2026-08-13T13:40:35.863888+07:00,tiktok_public_scraper_v1,PUBLIC,inJVuhWXLcYtky6Ib
tiktok,7673053209790991634,comment_count,0,2026-08-13T13:40:35.863888+07:00,tiktok_public_scraper_v1,PUBLIC,inJVuhWXLcYtky6Ib
tiktok,7672991961124457748,play_count,934,2026-08-13T13:40:35.863888+07:00,tiktok_public_scraper_v1,PUBLIC,inJVuhWXLcYtky6Ib
tiktok,7672991961124457748,digg_count,24,2026-08-13T13:40:35.863888+07:00,tiktok_public_scraper_v1,PUBLIC,inJVuhWXLcYtky6Ib
tiktok,7672991961124457748,comment_count,0,2026-08-13T13:40:35.863888+07:00,tiktok_public_scraper_v1,PUBLIC,inJVuhWXLcYtky6Ib
tiktok,7672985291925294356,play_count,1084,2026-08-13T13:40:35.863888+07:00,tiktok_public_scraper_v1,PUBLIC,inJVuhWXLcYtky6Ib
tiktok,7672985291925294356,digg_count,61,2026-08-13T13:40:35.863888+07:00,tiktok_public_scraper_v1,PUBLIC,inJVuhWXLcYtky6Ib
tiktok,7672985291925294356,comment_count,0,2026-08-13T13:40:35.863888+07:00,tiktok_public_scraper_v1,PUBLIC,inJVuhWXLcYtky6Ib
tiktok,7672716038814944533,play_count,1546,2026-08-13T13:40:35.863888+07:00,tiktok_public_scraper_v1,PUBLIC,inJVuhWXLcYtky6Ib
tiktok,7672716038814944533,digg_count,32,2026-08-13T13:40:35.863888+07:00,tiktok_public_scraper_v1,PUBLIC,inJVuhWXLcYtky6Ib
tiktok,7672716038814944533,comment_count,0,2026-08-13T13:40:35.863888+07:00,tiktok_public_scraper_v1,PUBLIC,inJVuhWXLcYtky6Ib
tiktok,7539568020524387602,play_count,452000,2026-08-13T13:40:35.863888+07:00,tiktok_public_scraper_v1,PUBLIC,inJVuhWXLcYtky6Ib
tiktok,7539568020524387602,digg_count,35700,2026-08-13T13:40:35.863888+07:00,tiktok_public_scraper_v1,PUBLIC,inJVuhWXLcYtky6Ib
tiktok,7539568020524387602,comment_count,1309,2026-08-13T13:40:35.863888+07:00,tiktok_public_scraper_v1,PUBLIC,inJVuhWXLcYtky6Ib
tiktok,7538403498208316680,play_count,475100,2026-08-13T13:40:35.863888+07:00,tiktok_public_scraper_v1,PUBLIC,inJVuhWXLcYtky6Ib
tiktok,7538403498208316680,digg_count,27200,2026-08-13T13:40:35.863888+07:00,tiktok_public_scraper_v1,PUBLIC,inJVuhWXLcYtky6Ib
tiktok,7538403498208316680,comment_count,384,2026-08-13T13:40:35.863888+07:00,tiktok_public_scraper_v1,PUBLIC,inJVuhWXLcYtky6Ib
tiktok,7520882973961456917,play_count,1000000,2026-08-13T13:40:35.863888+07:00,tiktok_public_scraper_v1,PUBLIC,inJVuhWXLcYtky6Ib
tiktok,7520882973961456917,digg_count,33300,2026-08-13T13:40:35.863888+07:00,tiktok_public_scraper_v1,PUBLIC,inJVuhWXLcYtky6Ib
tiktok,7520882973961456917,comment_count,167,2026-08-13T13:40:35.863888+07:00,tiktok_public_scraper_v1,PUBLIC,inJVuhWXLcYtky6Ib
tiktok,7544024211723947280,play_count,97300,2026-08-13T13:40:35.863888+07:00,tiktok_public_scraper_v1,PUBLIC,inJVuhWXLcYtky6Ib
tiktok,7544024211723947280,digg_count,8024,2026-08-13T13:40:35.863888+07:00,tiktok_public_scraper_v1,PUBLIC,inJVuhWXLcYtky6Ib
tiktok,7544024211723947280,comment_count,257,2026-08-13T13:40:35.863888+07:00,tiktok_public_scraper_v1,PUBLIC,inJVuhWXLcYtky6Ib
tiktok,7543595937512377617,play_count,118500,2026-08-13T13:40:35.863888+07:00,tiktok_public_scraper_v1,PUBLIC,inJVuhWXLcYtky6Ib
tiktok,7543595937512377617,digg_count,15900,2026-08-13T13:40:35.863888+07:00,tiktok_public_scraper_v1,PUBLIC,inJVuhWXLcYtky6Ib
tiktok,7543595937512377617,comment_count,91,2026-08-13T13:40:35.863888+07:00,tiktok_public_scraper_v1,PUBLIC,inJVuhWXLcYtky6Ib
tiktok,7543245039611301136,play_count,47000,2026-08-13T13:40:35.863888+07:00,tiktok_public_scraper_v1,PUBLIC,inJVuhWXLcYtky6Ib
tiktok,7543245039611301136,digg_count,6333,2026-08-13T13:40:35.863888+07:00,tiktok_public_scraper_v1,PUBLIC,inJVuhWXLcYtky6Ib
tiktok,7543245039611301136,comment_count,53,2026-08-13T13:40:35.863888+07:00,tiktok_public_scraper_v1,PUBLIC,inJVuhWXLcYtky6Ib
tiktok,7542899715633974544,play_count,43800,2026-08-13T13:40:35.863888+07:00,tiktok_public_scraper_v1,PUBLIC,inJVuhWXLcYtky6Ib
tiktok,7542899715633974544,digg_count,5205,2026-08-13T13:40:35.863888+07:00,tiktok_public_scraper_v1,PUBLIC,inJVuhWXLcYtky6Ib
tiktok,7542899715633974544,comment_count,36,2026-08-13T13:40:35.863888+07:00,tiktok_public_scraper_v1,PUBLIC,inJVuhWXLcYtky6Ib
tiktok,7542871628372331794,play_count,30900,2026-08-13T13:40:35.863888+07:00,tiktok_public_scraper_v1,PUBLIC,inJVuhWXLcYtky6Ib
tiktok,7542871628372331794,digg_count,4030,2026-08-13T13:40:35.863888+07:00,tiktok_public_scraper_v1,PUBLIC,inJVuhWXLcYtky6Ib
tiktok,7542871628372331794,comment_count,61,2026-08-13T13:40:35.863888+07:00,tiktok_public_scraper_v1,PUBLIC,inJVuhWXLcYtky6Ib
tiktok,7542808995501821200,play_count,16000,2026-08-13T13:40:35.863888+07:00,tiktok_public_scraper_v1,PUBLIC,inJVuhWXLcYtky6Ib
tiktok,7542808995501821200,digg_count,1233,2026-08-13T13:40:35.863888+07:00,tiktok_public_scraper_v1,PUBLIC,inJVuhWXLcYtky6Ib
tiktok,7542808995501821200,comment_count,7,2026-08-13T13:40:35.863888+07:00,tiktok_public_scraper_v1,PUBLIC,inJVuhWXLcYtky6Ib
tiktok,7542727315843779856,play_count,11400,2026-08-13T13:40:35.863888+07:00,tiktok_public_scraper_v1,PUBLIC,inJVuhWXLcYtky6Ib
tiktok,7542727315843779856,digg_count,778,2026-08-13T13:40:35.863888+07:00,tiktok_public_scraper_v1,PUBLIC,inJVuhWXLcYtky6Ib
tiktok,7542727315843779856,comment_count,5,2026-08-13T13:40:35.863888+07:00,tiktok_public_scraper_v1,PUBLIC,inJVuhWXLcYtky6Ib
tiktok,7673383441815047425,play_count,1447,2026-08-13T13:40:35.863888+07:00,tiktok_public_scraper_v1,PUBLIC,inJVuhWXLcYtky6Ib
tiktok,7673383441815047425,digg_count,183,2026-08-13T13:40:35.863888+07:00,tiktok_public_scraper_v1,PUBLIC,inJVuhWXLcYtky6Ib
tiktok,7673383441815047425,comment_count,3,2026-08-13T13:40:35.863888+07:00,tiktok_public_scraper_v1,PUBLIC,inJVuhWXLcYtky6Ib
tiktok,7673382714367708432,play_count,3960,2026-08-13T13:40:35.863888+07:00,tiktok_public_scraper_v1,PUBLIC,inJVuhWXLcYtky6Ib
tiktok,7673382714367708432,digg_count,689,2026-08-13T13:40:35.863888+07:00,tiktok_public_scraper_v1,PUBLIC,inJVuhWXLcYtky6Ib
tiktok,7673382714367708432,comment_count,5,2026-08-13T13:40:35.863888+07:00,tiktok_public_scraper_v1,PUBLIC,inJVuhWXLcYtky6Ib
tiktok,7673374377110555924,play_count,3722,2026-08-13T13:40:35.863888+07:00,tiktok_public_scraper_v1,PUBLIC,inJVuhWXLcYtky6Ib
tiktok,7673374377110555924,digg_count,653,2026-08-13T13:40:35.863888+07:00,tiktok_public_scraper_v1,PUBLIC,inJVuhWXLcYtky6Ib
tiktok,7673374377110555924,comment_count,10,2026-08-13T13:40:35.863888+07:00,tiktok_public_scraper_v1,PUBLIC,inJVuhWXLcYtky6Ib
tiktok,7673123449753095425,play_count,15600,2026-08-13T13:40:35.863888+07:00,tiktok_public_scraper_v1,PUBLIC,inJVuhWXLcYtky6Ib
tiktok,7673123449753095425,digg_count,1872,2026-08-13T13:40:35.863888+07:00,tiktok_public_scraper_v1,PUBLIC,inJVuhWXLcYtky6Ib
tiktok,7673123449753095425,comment_count,9,2026-08-13T13:40:35.863888+07:00,tiktok_public_scraper_v1,PUBLIC,inJVuhWXLcYtky6Ib
tiktok,7673123103131667728,play_count,11600,2026-08-13T13:40:35.863888+07:00,tiktok_public_scraper_v1,PUBLIC,inJVuhWXLcYtky6Ib
tiktok,7673123103131667728,digg_count,1165,2026-08-13T13:40:35.863888+07:00,tiktok_public_scraper_v1,PUBLIC,inJVuhWXLcYtky6Ib
tiktok,7673123103131667728,comment_count,7,2026-08-13T13:40:35.863888+07:00,tiktok_public_scraper_v1,PUBLIC,inJVuhWXLcYtky6Ib
tiktok,7673122630752423169,play_count,3731,2026-08-13T13:40:35.863888+07:00,tiktok_public_scraper_v1,PUBLIC,inJVuhWXLcYtky6Ib
tiktok,7673122630752423169,digg_count,383,2026-08-13T13:40:35.863888+07:00,tiktok_public_scraper_v1,PUBLIC,inJVuhWXLcYtky6Ib
tiktok,7673122630752423169,comment_count,13,2026-08-13T13:40:35.863888+07:00,tiktok_public_scraper_v1,PUBLIC,inJVuhWXLcYtky6Ib
tiktok,7673122130795629825,play_count,5714,2026-08-13T13:40:35.863888+07:00,tiktok_public_scraper_v1,PUBLIC,inJVuhWXLcYtky6Ib
tiktok,7673122130795629825,digg_count,555,2026-08-13T13:40:35.863888+07:00,tiktok_public_scraper_v1,PUBLIC,inJVuhWXLcYtky6Ib
tiktok,7673122130795629825,comment_count,5,2026-08-13T13:40:35.863888+07:00,tiktok_public_scraper_v1,PUBLIC,inJVuhWXLcYtky6Ib
tiktok,7673121433265966353,play_count,3943,2026-08-13T13:40:35.863888+07:00,tiktok_public_scraper_v1,PUBLIC,inJVuhWXLcYtky6Ib
tiktok,7673121433265966353,digg_count,488,2026-08-13T13:40:35.863888+07:00,tiktok_public_scraper_v1,PUBLIC,inJVuhWXLcYtky6Ib
tiktok,7673121433265966353,comment_count,7,2026-08-13T13:40:35.863888+07:00,tiktok_public_scraper_v1,PUBLIC,inJVuhWXLcYtky6Ib
tiktok,7673120727658286353,play_count,7806,2026-08-13T13:40:35.863888+07:00,tiktok_public_scraper_v1,PUBLIC,inJVuhWXLcYtky6Ib
tiktok,7673120727658286353,digg_count,775,2026-08-13T13:40:35.863888+07:00,tiktok_public_scraper_v1,PUBLIC,inJVuhWXLcYtky6Ib
tiktok,7673120727658286353,comment_count,44,2026-08-13T13:40:35.863888+07:00,tiktok_public_scraper_v1,PUBLIC,inJVuhWXLcYtky6Ib
tiktok,7673120323889384720,play_count,19600,2026-08-13T13:40:35.863888+07:00,tiktok_public_scraper_v1,PUBLIC,inJVuhWXLcYtky6Ib
tiktok,7673120323889384720,digg_count,1994,2026-08-13T13:40:35.863888+07:00,tiktok_public_scraper_v1,PUBLIC,inJVuhWXLcYtky6Ib
tiktok,7673120323889384720,comment_count,20,2026-08-13T13:40:35.863888+07:00,tiktok_public_scraper_v1,PUBLIC,inJVuhWXLcYtky6Ib
tiktok,7673323068843937044,play_count,185400,2026-08-13T13:40:35.863888+07:00,tiktok_public_scraper_v1,PUBLIC,inJVuhWXLcYtky6Ib
tiktok,7673323068843937044,digg_count,20800,2026-08-13T13:40:35.863888+07:00,tiktok_public_scraper_v1,PUBLIC,inJVuhWXLcYtky6Ib
tiktok,7673323068843937044,comment_count,147,2026-08-13T13:40:35.863888+07:00,tiktok_public_scraper_v1,PUBLIC,inJVuhWXLcYtky6Ib
tiktok,7673371693380881684,play_count,126000,2026-08-13T13:40:35.863888+07:00,tiktok_public_scraper_v1,PUBLIC,inJVuhWXLcYtky6Ib
tiktok,7673371693380881684,digg_count,11400,2026-08-13T13:40:35.863888+07:00,tiktok_public_scraper_v1,PUBLIC,inJVuhWXLcYtky6Ib
tiktok,7673371693380881684,comment_count,143,2026-08-13T13:40:35.863888+07:00,tiktok_public_scraper_v1,PUBLIC,inJVuhWXLcYtky6Ib
tiktok,7658146646701640981,play_count,3800000,2026-08-13T13:40:35.863888+07:00,tiktok_public_scraper_v1,PUBLIC,inJVuhWXLcYtky6Ib
tiktok,7658146646701640981,digg_count,225900,2026-08-13T13:40:35.863888+07:00,tiktok_public_scraper_v1,PUBLIC,inJVuhWXLcYtky6Ib
tiktok,7658146646701640981,comment_count,1206,2026-08-13T13:40:35.863888+07:00,tiktok_public_scraper_v1,PUBLIC,inJVuhWXLcYtky6Ib
tiktok,7673398193723378964,play_count,7375,2026-08-13T13:40:35.863888+07:00,tiktok_public_scraper_v1,PUBLIC,inJVuhWXLcYtky6Ib
tiktok,7673398193723378964,digg_count,830,2026-08-13T13:40:35.863888+07:00,tiktok_public_scraper_v1,PUBLIC,inJVuhWXLcYtky6Ib
tiktok,7673398193723378964,comment_count,23,2026-08-13T13:40:35.863888+07:00,tiktok_public_scraper_v1,PUBLIC,inJVuhWXLcYtky6Ib
tiktok,7673127319464201492,play_count,34100,2026-08-13T13:40:35.863888+07:00,tiktok_public_scraper_v1,PUBLIC,inJVuhWXLcYtky6Ib
tiktok,7673127319464201492,digg_count,3824,2026-08-13T13:40:35.863888+07:00,tiktok_public_scraper_v1,PUBLIC,inJVuhWXLcYtky6Ib
tiktok,7673127319464201492,comment_count,53,2026-08-13T13:40:35.863888+07:00,tiktok_public_scraper_v1,PUBLIC,inJVuhWXLcYtky6Ib
tiktok,7673090486709587221,play_count,155100,2026-08-13T13:40:35.863888+07:00,tiktok_public_scraper_v1,PUBLIC,inJVuhWXLcYtky6Ib
tiktok,7673090486709587221,digg_count,18400,2026-08-13T13:40:35.863888+07:00,tiktok_public_scraper_v1,PUBLIC,inJVuhWXLcYtky6Ib
tiktok,7673090486709587221,comment_count,273,2026-08-13T13:40:35.863888+07:00,tiktok_public_scraper_v1,PUBLIC,inJVuhWXLcYtky6Ib
tiktok,7673102748694646036,play_count,83800,2026-08-13T13:40:35.863888+07:00,tiktok_public_scraper_v1,PUBLIC,inJVuhWXLcYtky6Ib
tiktok,7673102748694646036,digg_count,6752,2026-08-13T13:40:35.863888+07:00,tiktok_public_scraper_v1,PUBLIC,inJVuhWXLcYtky6Ib
tiktok,7673102748694646036,comment_count,55,2026-08-13T13:40:35.863888+07:00,tiktok_public_scraper_v1,PUBLIC,inJVuhWXLcYtky6Ib
tiktok,7672759131085851925,play_count,41700,2026-08-13T13:40:35.863888+07:00,tiktok_public_scraper_v1,PUBLIC,inJVuhWXLcYtky6Ib
tiktok,7672759131085851925,digg_count,3384,2026-08-13T13:40:35.863888+07:00,tiktok_public_scraper_v1,PUBLIC,inJVuhWXLcYtky6Ib
tiktok,7672759131085851925,comment_count,37,2026-08-13T13:40:35.863888+07:00,tiktok_public_scraper_v1,PUBLIC,inJVuhWXLcYtky6Ib
tiktok,7672739610992053525,play_count,111300,2026-08-13T13:40:35.863888+07:00,tiktok_public_scraper_v1,PUBLIC,inJVuhWXLcYtky6Ib
tiktok,7672739610992053525,digg_count,6848,2026-08-13T13:40:35.863888+07:00,tiktok_public_scraper_v1,PUBLIC,inJVuhWXLcYtky6Ib
tiktok,7672739610992053525,comment_count,131,2026-08-13T13:40:35.863888+07:00,tiktok_public_scraper_v1,PUBLIC,inJVuhWXLcYtky6Ib
tiktok,7672644079779400981,play_count,31100,2026-08-13T13:40:35.863888+07:00,tiktok_public_scraper_v1,PUBLIC,inJVuhWXLcYtky6Ib
tiktok,7672644079779400981,digg_count,3123,2026-08-13T13:40:35.863888+07:00,tiktok_public_scraper_v1,PUBLIC,inJVuhWXLcYtky6Ib
tiktok,7672644079779400981,comment_count,38,2026-08-13T13:40:35.863888+07:00,tiktok_public_scraper_v1,PUBLIC,inJVuhWXLcYtky6Ib
tiktok,7527206976053333264,play_count,6800000,2026-08-13T13:40:35.863888+07:00,tiktok_public_scraper_v1,PUBLIC,inJVuhWXLcYtky6Ib
tiktok,7527206976053333264,digg_count,102600,2026-08-13T13:40:35.863888+07:00,tiktok_public_scraper_v1,PUBLIC,inJVuhWXLcYtky6Ib
tiktok,7527206976053333264,comment_count,585,2026-08-13T13:40:35.863888+07:00,tiktok_public_scraper_v1,PUBLIC,inJVuhWXLcYtky6Ib
tiktok,7555151583135223061,play_count,1400000,2026-08-13T13:40:35.863888+07:00,tiktok_public_scraper_v1,PUBLIC,inJVuhWXLcYtky6Ib
tiktok,7555151583135223061,digg_count,39100,2026-08-13T13:40:35.863888+07:00,tiktok_public_scraper_v1,PUBLIC,inJVuhWXLcYtky6Ib
tiktok,7555151583135223061,comment_count,632,2026-08-13T13:40:35.863888+07:00,tiktok_public_scraper_v1,PUBLIC,inJVuhWXLcYtky6Ib
tiktok,7545094732393843976,play_count,1300000,2026-08-13T13:40:35.863888+07:00,tiktok_public_scraper_v1,PUBLIC,inJVuhWXLcYtky6Ib
tiktok,7545094732393843976,digg_count,60100,2026-08-13T13:40:35.863888+07:00,tiktok_public_scraper_v1,PUBLIC,inJVuhWXLcYtky6Ib
tiktok,7545094732393843976,comment_count,405,2026-08-13T13:40:35.863888+07:00,tiktok_public_scraper_v1,PUBLIC,inJVuhWXLcYtky6Ib
tiktok,7672362157346000135,play_count,5251,2026-08-13T13:40:35.863888+07:00,tiktok_public_scraper_v1,PUBLIC,inJVuhWXLcYtky6Ib
tiktok,7672362157346000135,digg_count,97,2026-08-13T13:40:35.863888+07:00,tiktok_public_scraper_v1,PUBLIC,inJVuhWXLcYtky6Ib
tiktok,7672362157346000135,comment_count,0,2026-08-13T13:40:35.863888+07:00,tiktok_public_scraper_v1,PUBLIC,inJVuhWXLcYtky6Ib
tiktok,7672361692159806727,play_count,4644,2026-08-13T13:40:35.863888+07:00,tiktok_public_scraper_v1,PUBLIC,inJVuhWXLcYtky6Ib
tiktok,7672361692159806727,digg_count,60,2026-08-13T13:40:35.863888+07:00,tiktok_public_scraper_v1,PUBLIC,inJVuhWXLcYtky6Ib
tiktok,7672361692159806727,comment_count,0,2026-08-13T13:40:35.863888+07:00,tiktok_public_scraper_v1,PUBLIC,inJVuhWXLcYtky6Ib
tiktok,7672360210828250386,play_count,5012,2026-08-13T13:40:35.863888+07:00,tiktok_public_scraper_v1,PUBLIC,inJVuhWXLcYtky6Ib
tiktok,7672360210828250386,digg_count,101,2026-08-13T13:40:35.863888+07:00,tiktok_public_scraper_v1,PUBLIC,inJVuhWXLcYtky6Ib
tiktok,7672360210828250386,comment_count,1,2026-08-13T13:40:35.863888+07:00,tiktok_public_scraper_v1,PUBLIC,inJVuhWXLcYtky6Ib
tiktok,7672358943196187922,play_count,5261,2026-08-13T13:40:35.863888+07:00,tiktok_public_scraper_v1,PUBLIC,inJVuhWXLcYtky6Ib
tiktok,7672358943196187922,digg_count,91,2026-08-13T13:40:35.863888+07:00,tiktok_public_scraper_v1,PUBLIC,inJVuhWXLcYtky6Ib
tiktok,7672358943196187922,comment_count,0,2026-08-13T13:40:35.863888+07:00,tiktok_public_scraper_v1,PUBLIC,inJVuhWXLcYtky6Ib
tiktok,7672358242936278290,play_count,5024,2026-08-13T13:40:35.863888+07:00,tiktok_public_scraper_v1,PUBLIC,inJVuhWXLcYtky6Ib
tiktok,7672358242936278290,digg_count,92,2026-08-13T13:40:35.863888+07:00,tiktok_public_scraper_v1,PUBLIC,inJVuhWXLcYtky6Ib
tiktok,7672358242936278290,comment_count,0,2026-08-13T13:40:35.863888+07:00,tiktok_public_scraper_v1,PUBLIC,inJVuhWXLcYtky6Ib
tiktok,7671973363828493588,play_count,8118,2026-08-13T13:40:35.863888+07:00,tiktok_public_scraper_v1,PUBLIC,inJVuhWXLcYtky6Ib
tiktok,7671973363828493588,digg_count,171,2026-08-13T13:40:35.863888+07:00,tiktok_public_scraper_v1,PUBLIC,inJVuhWXLcYtky6Ib
tiktok,7671973363828493588,comment_count,1,2026-08-13T13:40:35.863888+07:00,tiktok_public_scraper_v1,PUBLIC,inJVuhWXLcYtky6Ib
tiktok,7671972837166550293,play_count,8427,2026-08-13T13:40:35.863888+07:00,tiktok_public_scraper_v1,PUBLIC,inJVuhWXLcYtky6Ib
tiktok,7671972837166550293,digg_count,108,2026-08-13T13:40:35.863888+07:00,tiktok_public_scraper_v1,PUBLIC,inJVuhWXLcYtky6Ib
tiktok,7671972837166550293,comment_count,0,2026-08-13T13:40:35.863888+07:00,tiktok_public_scraper_v1,PUBLIC,inJVuhWXLcYtky6Ib
tiktok,7672723238329371934,play_count,116600,2026-08-13T13:40:35.863888+07:00,tiktok_public_scraper_v1,PUBLIC,inJVuhWXLcYtky6Ib
tiktok,7672723238329371934,digg_count,6593,2026-08-13T13:40:35.863888+07:00,tiktok_public_scraper_v1,PUBLIC,inJVuhWXLcYtky6Ib
tiktok,7672723238329371934,comment_count,64,2026-08-13T13:40:35.863888+07:00,tiktok_public_scraper_v1,PUBLIC,inJVuhWXLcYtky6Ib
tiktok,7657219661754338591,play_count,24200,2026-08-13T13:40:35.863888+07:00,tiktok_public_scraper_v1,PUBLIC,inJVuhWXLcYtky6Ib
tiktok,7657219661754338591,digg_count,1090,2026-08-13T13:40:35.863888+07:00,tiktok_public_scraper_v1,PUBLIC,inJVuhWXLcYtky6Ib
tiktok,7657219661754338591,comment_count,2,2026-08-13T13:40:35.863888+07:00,tiktok_public_scraper_v1,PUBLIC,inJVuhWXLcYtky6Ib
tiktok,7656752448471682335,play_count,13400,2026-08-13T13:40:35.863888+07:00,tiktok_public_scraper_v1,PUBLIC,inJVuhWXLcYtky6Ib
tiktok,7656752448471682335,digg_count,649,2026-08-13T13:40:35.863888+07:00,tiktok_public_scraper_v1,PUBLIC,inJVuhWXLcYtky6Ib
tiktok,7656752448471682335,comment_count,4,2026-08-13T13:40:35.863888+07:00,tiktok_public_scraper_v1,PUBLIC,inJVuhWXLcYtky6Ib
tiktok,7654537553181265182,play_count,13900,2026-08-13T13:40:35.863888+07:00,tiktok_public_scraper_v1,PUBLIC,inJVuhWXLcYtky6Ib
tiktok,7654537553181265182,digg_count,743,2026-08-13T13:40:35.863888+07:00,tiktok_public_scraper_v1,PUBLIC,inJVuhWXLcYtky6Ib
tiktok,7654537553181265182,comment_count,4,2026-08-13T13:40:35.863888+07:00,tiktok_public_scraper_v1,PUBLIC,inJVuhWXLcYtky6Ib
tiktok,7651935477372669214,play_count,16200,2026-08-13T13:40:35.863888+07:00,tiktok_public_scraper_v1,PUBLIC,inJVuhWXLcYtky6Ib
tiktok,7651935477372669214,digg_count,823,2026-08-13T13:40:35.863888+07:00,tiktok_public_scraper_v1,PUBLIC,inJVuhWXLcYtky6Ib
tiktok,7651935477372669214,comment_count,6,2026-08-13T13:40:35.863888+07:00,tiktok_public_scraper_v1,PUBLIC,inJVuhWXLcYtky6Ib
tiktok,7651531642216910111,play_count,242400,2026-08-13T13:40:35.863888+07:00,tiktok_public_scraper_v1,PUBLIC,inJVuhWXLcYtky6Ib
tiktok,7651531642216910111,digg_count,11800,2026-08-13T13:40:35.863888+07:00,tiktok_public_scraper_v1,PUBLIC,inJVuhWXLcYtky6Ib
tiktok,7651531642216910111,comment_count,18,2026-08-13T13:40:35.863888+07:00,tiktok_public_scraper_v1,PUBLIC,inJVuhWXLcYtky6Ib
tiktok,7650788461548473630,play_count,758900,2026-08-13T13:40:35.863888+07:00,tiktok_public_scraper_v1,PUBLIC,inJVuhWXLcYtky6Ib
tiktok,7650788461548473630,digg_count,35700,2026-08-13T13:40:35.863888+07:00,tiktok_public_scraper_v1,PUBLIC,inJVuhWXLcYtky6Ib
tiktok,7650788461548473630,comment_count,51,2026-08-13T13:40:35.863888+07:00,tiktok_public_scraper_v1,PUBLIC,inJVuhWXLcYtky6Ib
tiktok,7650426395105021215,play_count,14700,2026-08-13T13:40:35.863888+07:00,tiktok_public_scraper_v1,PUBLIC,inJVuhWXLcYtky6Ib
tiktok,7650426395105021215,digg_count,528,2026-08-13T13:40:35.863888+07:00,tiktok_public_scraper_v1,PUBLIC,inJVuhWXLcYtky6Ib
tiktok,7650426395105021215,comment_count,1,2026-08-13T13:40:35.863888+07:00,tiktok_public_scraper_v1,PUBLIC,inJVuhWXLcYtky6Ib
tiktok,7649671735658155294,play_count,131500,2026-08-13T13:40:35.863888+07:00,tiktok_public_scraper_v1,PUBLIC,inJVuhWXLcYtky6Ib
tiktok,7649671735658155294,digg_count,4271,2026-08-13T13:40:35.863888+07:00,tiktok_public_scraper_v1,PUBLIC,inJVuhWXLcYtky6Ib
tiktok,7649671735658155294,comment_count,4,2026-08-13T13:40:35.863888+07:00,tiktok_public_scraper_v1,PUBLIC,inJVuhWXLcYtky6Ib
tiktok,7649280020824870174,play_count,61500,2026-08-13T13:40:35.863888+07:00,tiktok_public_scraper_v1,PUBLIC,inJVuhWXLcYtky6Ib
tiktok,7649280020824870174,digg_count,5483,2026-08-13T13:40:35.863888+07:00,tiktok_public_scraper_v1,PUBLIC,inJVuhWXLcYtky6Ib
tiktok,7649280020824870174,comment_count,26,2026-08-13T13:40:35.863888+07:00,tiktok_public_scraper_v1,PUBLIC,inJVuhWXLcYtky6Ib
tiktok,7670781834145303826,play_count,31000,2026-08-13T13:40:35.863888+07:00,tiktok_public_scraper_v1,PUBLIC,inJVuhWXLcYtky6Ib
tiktok,7670781834145303826,digg_count,3483,2026-08-13T13:40:35.863888+07:00,tiktok_public_scraper_v1,PUBLIC,inJVuhWXLcYtky6Ib
tiktok,7670781834145303826,comment_count,70,2026-08-13T13:40:35.863888+07:00,tiktok_public_scraper_v1,PUBLIC,inJVuhWXLcYtky6Ib
tiktok,7653477807300906248,play_count,260200,2026-08-13T13:40:35.863888+07:00,tiktok_public_scraper_v1,PUBLIC,inJVuhWXLcYtky6Ib
tiktok,7653477807300906248,digg_count,8553,2026-08-13T13:40:35.863888+07:00,tiktok_public_scraper_v1,PUBLIC,inJVuhWXLcYtky6Ib
tiktok,7653477807300906248,comment_count,47,2026-08-13T13:40:35.863888+07:00,tiktok_public_scraper_v1,PUBLIC,inJVuhWXLcYtky6Ib
tiktok,7653475050682617095,play_count,362400,2026-08-13T13:40:35.863888+07:00,tiktok_public_scraper_v1,PUBLIC,inJVuhWXLcYtky6Ib
tiktok,7653475050682617095,digg_count,31900,2026-08-13T13:40:35.863888+07:00,tiktok_public_scraper_v1,PUBLIC,inJVuhWXLcYtky6Ib
tiktok,7653475050682617095,comment_count,102,2026-08-13T13:40:35.863888+07:00,tiktok_public_scraper_v1,PUBLIC,inJVuhWXLcYtky6Ib
tiktok,7653122005197229330,play_count,59400,2026-08-13T13:40:35.863888+07:00,tiktok_public_scraper_v1,PUBLIC,inJVuhWXLcYtky6Ib
tiktok,7653122005197229330,digg_count,3232,2026-08-13T13:40:35.863888+07:00,tiktok_public_scraper_v1,PUBLIC,inJVuhWXLcYtky6Ib
tiktok,7653122005197229330,comment_count,27,2026-08-13T13:40:35.863888+07:00,tiktok_public_scraper_v1,PUBLIC,inJVuhWXLcYtky6Ib
tiktok,7648235066757238023,play_count,39900,2026-08-13T13:40:35.863888+07:00,tiktok_public_scraper_v1,PUBLIC,inJVuhWXLcYtky6Ib
tiktok,7648235066757238023,digg_count,2013,2026-08-13T13:40:35.863888+07:00,tiktok_public_scraper_v1,PUBLIC,inJVuhWXLcYtky6Ib
tiktok,7648235066757238023,comment_count,3,2026-08-13T13:40:35.863888+07:00,tiktok_public_scraper_v1,PUBLIC,inJVuhWXLcYtky6Ib
tiktok,7647901945474125077,play_count,77800,2026-08-13T13:40:35.863888+07:00,tiktok_public_scraper_v1,PUBLIC,inJVuhWXLcYtky6Ib
tiktok,7647901945474125077,digg_count,5612,2026-08-13T13:40:35.863888+07:00,tiktok_public_scraper_v1,PUBLIC,inJVuhWXLcYtky6Ib
tiktok,7647901945474125077,comment_count,55,2026-08-13T13:40:35.863888+07:00,tiktok_public_scraper_v1,PUBLIC,inJVuhWXLcYtky6Ib
tiktok,7643453172790332680,play_count,158700,2026-08-13T13:40:35.863888+07:00,tiktok_public_scraper_v1,PUBLIC,inJVuhWXLcYtky6Ib
tiktok,7643453172790332680,digg_count,14700,2026-08-13T13:40:35.863888+07:00,tiktok_public_scraper_v1,PUBLIC,inJVuhWXLcYtky6Ib
tiktok,7643453172790332680,comment_count,41,2026-08-13T13:40:35.863888+07:00,tiktok_public_scraper_v1,PUBLIC,inJVuhWXLcYtky6Ib
tiktok,7640031605884620053,play_count,120600,2026-08-13T13:40:35.863888+07:00,tiktok_public_scraper_v1,PUBLIC,inJVuhWXLcYtky6Ib
tiktok,7640031605884620053,digg_count,9524,2026-08-13T13:40:35.863888+07:00,tiktok_public_scraper_v1,PUBLIC,inJVuhWXLcYtky6Ib
tiktok,7640031605884620053,comment_count,36,2026-08-13T13:40:35.863888+07:00,tiktok_public_scraper_v1,PUBLIC,inJVuhWXLcYtky6Ib
tiktok,7633425249136037140,play_count,55600,2026-08-13T13:40:35.863888+07:00,tiktok_public_scraper_v1,PUBLIC,inJVuhWXLcYtky6Ib
tiktok,7633425249136037140,digg_count,3342,2026-08-13T13:40:35.863888+07:00,tiktok_public_scraper_v1,PUBLIC,inJVuhWXLcYtky6Ib
tiktok,7633425249136037140,comment_count,22,2026-08-13T13:40:35.863888+07:00,tiktok_public_scraper_v1,PUBLIC,inJVuhWXLcYtky6Ib
tiktok,7633423684996254997,play_count,121200,2026-08-13T13:40:35.863888+07:00,tiktok_public_scraper_v1,PUBLIC,inJVuhWXLcYtky6Ib
tiktok,7633423684996254997,digg_count,7649,2026-08-13T13:40:35.863888+07:00,tiktok_public_scraper_v1,PUBLIC,inJVuhWXLcYtky6Ib
tiktok,7633423684996254997,comment_count,28,2026-08-13T13:40:35.863888+07:00,tiktok_public_scraper_v1,PUBLIC,inJVuhWXLcYtky6Ib
tiktok,7670845101140135189,play_count,156000,2026-08-13T13:40:59.594637+07:00,tiktok_public_scraper_v1,PUBLIC,vQqWUaWWPEuETzam3
tiktok,7670845101140135189,digg_count,9593,2026-08-13T13:40:59.594637+07:00,tiktok_public_scraper_v1,PUBLIC,vQqWUaWWPEuETzam3
tiktok,7670845101140135189,comment_count,113,2026-08-13T13:40:59.594637+07:00,tiktok_public_scraper_v1,PUBLIC,vQqWUaWWPEuETzam3
tiktok,7670845776209251604,play_count,202700,2026-08-13T13:40:59.594637+07:00,tiktok_public_scraper_v1,PUBLIC,vQqWUaWWPEuETzam3
tiktok,7670845776209251604,digg_count,12000,2026-08-13T13:40:59.594637+07:00,tiktok_public_scraper_v1,PUBLIC,vQqWUaWWPEuETzam3
tiktok,7670845776209251604,comment_count,137,2026-08-13T13:40:59.594637+07:00,tiktok_public_scraper_v1,PUBLIC,vQqWUaWWPEuETzam3
tiktok,7670856288401820948,play_count,139300,2026-08-13T13:40:59.594637+07:00,tiktok_public_scraper_v1,PUBLIC,vQqWUaWWPEuETzam3
tiktok,7670856288401820948,digg_count,9696,2026-08-13T13:40:59.594637+07:00,tiktok_public_scraper_v1,PUBLIC,vQqWUaWWPEuETzam3
tiktok,7670856288401820948,comment_count,187,2026-08-13T13:40:59.594637+07:00,tiktok_public_scraper_v1,PUBLIC,vQqWUaWWPEuETzam3
tiktok,7673132283548732692,play_count,270700,2026-08-13T13:40:59.594637+07:00,tiktok_public_scraper_v1,PUBLIC,vQqWUaWWPEuETzam3
tiktok,7673132283548732692,digg_count,16000,2026-08-13T13:40:59.594637+07:00,tiktok_public_scraper_v1,PUBLIC,vQqWUaWWPEuETzam3
tiktok,7673132283548732692,comment_count,214,2026-08-13T13:40:59.594637+07:00,tiktok_public_scraper_v1,PUBLIC,vQqWUaWWPEuETzam3
tiktok,7673131555362966804,play_count,219100,2026-08-13T13:40:59.594637+07:00,tiktok_public_scraper_v1,PUBLIC,vQqWUaWWPEuETzam3
tiktok,7673131555362966804,digg_count,12200,2026-08-13T13:40:59.594637+07:00,tiktok_public_scraper_v1,PUBLIC,vQqWUaWWPEuETzam3
tiktok,7673131555362966804,comment_count,131,2026-08-13T13:40:59.594637+07:00,tiktok_public_scraper_v1,PUBLIC,vQqWUaWWPEuETzam3
tiktok,7673130486922939668,play_count,228100,2026-08-13T13:40:59.594637+07:00,tiktok_public_scraper_v1,PUBLIC,vQqWUaWWPEuETzam3
tiktok,7673130486922939668,digg_count,13200,2026-08-13T13:40:59.594637+07:00,tiktok_public_scraper_v1,PUBLIC,vQqWUaWWPEuETzam3
tiktok,7673130486922939668,comment_count,230,2026-08-13T13:40:59.594637+07:00,tiktok_public_scraper_v1,PUBLIC,vQqWUaWWPEuETzam3
tiktok,7673070682258902293,play_count,274500,2026-08-13T13:40:59.594637+07:00,tiktok_public_scraper_v1,PUBLIC,vQqWUaWWPEuETzam3
tiktok,7673070682258902293,digg_count,11400,2026-08-13T13:40:59.594637+07:00,tiktok_public_scraper_v1,PUBLIC,vQqWUaWWPEuETzam3
tiktok,7673070682258902293,comment_count,187,2026-08-13T13:40:59.594637+07:00,tiktok_public_scraper_v1,PUBLIC,vQqWUaWWPEuETzam3
tiktok,7673069048032234773,play_count,184300,2026-08-13T13:40:59.594637+07:00,tiktok_public_scraper_v1,PUBLIC,vQqWUaWWPEuETzam3
tiktok,7673069048032234773,digg_count,5058,2026-08-13T13:40:59.594637+07:00,tiktok_public_scraper_v1,PUBLIC,vQqWUaWWPEuETzam3
tiktok,7673069048032234773,comment_count,160,2026-08-13T13:40:59.594637+07:00,tiktok_public_scraper_v1,PUBLIC,vQqWUaWWPEuETzam3
tiktok,7673067238022302997,play_count,136300,2026-08-13T13:40:59.594637+07:00,tiktok_public_scraper_v1,PUBLIC,vQqWUaWWPEuETzam3
tiktok,7673067238022302997,digg_count,3851,2026-08-13T13:40:59.594637+07:00,tiktok_public_scraper_v1,PUBLIC,vQqWUaWWPEuETzam3
tiktok,7673067238022302997,comment_count,153,2026-08-13T13:40:59.594637+07:00,tiktok_public_scraper_v1,PUBLIC,vQqWUaWWPEuETzam3
tiktok,7673059564677336340,play_count,32200,2026-08-13T13:40:59.594637+07:00,tiktok_public_scraper_v1,PUBLIC,vQqWUaWWPEuETzam3
tiktok,7673059564677336340,digg_count,910,2026-08-13T13:40:59.594637+07:00,tiktok_public_scraper_v1,PUBLIC,vQqWUaWWPEuETzam3
tiktok,7673059564677336340,comment_count,25,2026-08-13T13:40:59.594637+07:00,tiktok_public_scraper_v1,PUBLIC,vQqWUaWWPEuETzam3
tiktok,7673370111700438292,play_count,952,2026-08-13T13:40:59.594637+07:00,tiktok_public_scraper_v1,PUBLIC,vQqWUaWWPEuETzam3
tiktok,7673370111700438292,digg_count,61,2026-08-13T13:40:59.594637+07:00,tiktok_public_scraper_v1,PUBLIC,vQqWUaWWPEuETzam3
tiktok,7673370111700438292,comment_count,0,2026-08-13T13:40:59.594637+07:00,tiktok_public_scraper_v1,PUBLIC,vQqWUaWWPEuETzam3
tiktok,7673369151389322517,play_count,4984,2026-08-13T13:40:59.594637+07:00,tiktok_public_scraper_v1,PUBLIC,vQqWUaWWPEuETzam3
tiktok,7673369151389322517,digg_count,268,2026-08-13T13:40:59.594637+07:00,tiktok_public_scraper_v1,PUBLIC,vQqWUaWWPEuETzam3
tiktok,7673369151389322517,comment_count,1,2026-08-13T13:40:59.594637+07:00,tiktok_public_scraper_v1,PUBLIC,vQqWUaWWPEuETzam3
tiktok,7673325105279175956,play_count,5850,2026-08-13T13:40:59.594637+07:00,tiktok_public_scraper_v1,PUBLIC,vQqWUaWWPEuETzam3
tiktok,7673325105279175956,digg_count,169,2026-08-13T13:40:59.594637+07:00,tiktok_public_scraper_v1,PUBLIC,vQqWUaWWPEuETzam3
tiktok,7673325105279175956,comment_count,0,2026-08-13T13:40:59.594637+07:00,tiktok_public_scraper_v1,PUBLIC,vQqWUaWWPEuETzam3
tiktok,7671960458072509716,play_count,1579,2026-08-13T13:40:59.594637+07:00,tiktok_public_scraper_v1,PUBLIC,vQqWUaWWPEuETzam3
tiktok,7671960458072509716,digg_count,53,2026-08-13T13:40:59.594637+07:00,tiktok_public_scraper_v1,PUBLIC,vQqWUaWWPEuETzam3
tiktok,7671960458072509716,comment_count,0,2026-08-13T13:40:59.594637+07:00,tiktok_public_scraper_v1,PUBLIC,vQqWUaWWPEuETzam3
tiktok,7671215644691533076,play_count,6066,2026-08-13T13:40:59.594637+07:00,tiktok_public_scraper_v1,PUBLIC,vQqWUaWWPEuETzam3
tiktok,7671215644691533076,digg_count,85,2026-08-13T13:40:59.594637+07:00,tiktok_public_scraper_v1,PUBLIC,vQqWUaWWPEuETzam3
tiktok,7671215644691533076,comment_count,0,2026-08-13T13:40:59.594637+07:00,tiktok_public_scraper_v1,PUBLIC,vQqWUaWWPEuETzam3
tiktok,7671188109765119252,play_count,2276,2026-08-13T13:40:59.594637+07:00,tiktok_public_scraper_v1,PUBLIC,vQqWUaWWPEuETzam3
tiktok,7671188109765119252,digg_count,82,2026-08-13T13:40:59.594637+07:00,tiktok_public_scraper_v1,PUBLIC,vQqWUaWWPEuETzam3
tiktok,7671188109765119252,comment_count,3,2026-08-13T13:40:59.594637+07:00,tiktok_public_scraper_v1,PUBLIC,vQqWUaWWPEuETzam3
tiktok,7671186955895426324,play_count,9869,2026-08-13T13:40:59.594637+07:00,tiktok_public_scraper_v1,PUBLIC,vQqWUaWWPEuETzam3
tiktok,7671186955895426324,digg_count,418,2026-08-13T13:40:59.594637+07:00,tiktok_public_scraper_v1,PUBLIC,vQqWUaWWPEuETzam3
tiktok,7671186955895426324,comment_count,3,2026-08-13T13:40:59.594637+07:00,tiktok_public_scraper_v1,PUBLIC,vQqWUaWWPEuETzam3
tiktok,7670843953976970517,play_count,1796,2026-08-13T13:40:59.594637+07:00,tiktok_public_scraper_v1,PUBLIC,vQqWUaWWPEuETzam3
tiktok,7670843953976970517,digg_count,39,2026-08-13T13:40:59.594637+07:00,tiktok_public_scraper_v1,PUBLIC,vQqWUaWWPEuETzam3
tiktok,7670843953976970517,comment_count,0,2026-08-13T13:40:59.594637+07:00,tiktok_public_scraper_v1,PUBLIC,vQqWUaWWPEuETzam3
tiktok,7670745991661751573,play_count,2049,2026-08-13T13:40:59.594637+07:00,tiktok_public_scraper_v1,PUBLIC,vQqWUaWWPEuETzam3
tiktok,7670745991661751573,digg_count,56,2026-08-13T13:40:59.594637+07:00,tiktok_public_scraper_v1,PUBLIC,vQqWUaWWPEuETzam3
tiktok,7670745991661751573,comment_count,0,2026-08-13T13:40:59.594637+07:00,tiktok_public_scraper_v1,PUBLIC,vQqWUaWWPEuETzam3
tiktok,7670467130797690133,play_count,2515,2026-08-13T13:40:59.594637+07:00,tiktok_public_scraper_v1,PUBLIC,vQqWUaWWPEuETzam3
tiktok,7670467130797690133,digg_count,76,2026-08-13T13:40:59.594637+07:00,tiktok_public_scraper_v1,PUBLIC,vQqWUaWWPEuETzam3
tiktok,7670467130797690133,comment_count,3,2026-08-13T13:40:59.594637+07:00,tiktok_public_scraper_v1,PUBLIC,vQqWUaWWPEuETzam3
tiktok,7663103662528498957,play_count,37400,2026-08-13T13:40:59.594637+07:00,tiktok_public_scraper_v1,PUBLIC,vQqWUaWWPEuETzam3
tiktok,7663103662528498957,digg_count,7255,2026-08-13T13:40:59.594637+07:00,tiktok_public_scraper_v1,PUBLIC,vQqWUaWWPEuETzam3
tiktok,7663103662528498957,comment_count,109,2026-08-13T13:40:59.594637+07:00,tiktok_public_scraper_v1,PUBLIC,vQqWUaWWPEuETzam3
tiktok,7644436155844414734,play_count,29100,2026-08-13T13:40:59.594637+07:00,tiktok_public_scraper_v1,PUBLIC,vQqWUaWWPEuETzam3
tiktok,7644436155844414734,digg_count,5242,2026-08-13T13:40:59.594637+07:00,tiktok_public_scraper_v1,PUBLIC,vQqWUaWWPEuETzam3
tiktok,7644436155844414734,comment_count,41,2026-08-13T13:40:59.594637+07:00,tiktok_public_scraper_v1,PUBLIC,vQqWUaWWPEuETzam3
tiktok,7642333804774018318,play_count,29900,2026-08-13T13:40:59.594637+07:00,tiktok_public_scraper_v1,PUBLIC,vQqWUaWWPEuETzam3
tiktok,7642333804774018318,digg_count,5569,2026-08-13T13:40:59.594637+07:00,tiktok_public_scraper_v1,PUBLIC,vQqWUaWWPEuETzam3
tiktok,7642333804774018318,comment_count,38,2026-08-13T13:40:59.594637+07:00,tiktok_public_scraper_v1,PUBLIC,vQqWUaWWPEuETzam3
tiktok,7640395313827613966,play_count,43100,2026-08-13T13:40:59.594637+07:00,tiktok_public_scraper_v1,PUBLIC,vQqWUaWWPEuETzam3
tiktok,7640395313827613966,digg_count,5655,2026-08-13T13:40:59.594637+07:00,tiktok_public_scraper_v1,PUBLIC,vQqWUaWWPEuETzam3
tiktok,7640395313827613966,comment_count,32,2026-08-13T13:40:59.594637+07:00,tiktok_public_scraper_v1,PUBLIC,vQqWUaWWPEuETzam3
tiktok,7637121148047691022,play_count,14400,2026-08-13T13:40:59.594637+07:00,tiktok_public_scraper_v1,PUBLIC,vQqWUaWWPEuETzam3
tiktok,7637121148047691022,digg_count,2117,2026-08-13T13:40:59.594637+07:00,tiktok_public_scraper_v1,PUBLIC,vQqWUaWWPEuETzam3
tiktok,7637121148047691022,comment_count,14,2026-08-13T13:40:59.594637+07:00,tiktok_public_scraper_v1,PUBLIC,vQqWUaWWPEuETzam3
tiktok,7635672091710344462,play_count,23900,2026-08-13T13:40:59.594637+07:00,tiktok_public_scraper_v1,PUBLIC,vQqWUaWWPEuETzam3
tiktok,7635672091710344462,digg_count,3703,2026-08-13T13:40:59.594637+07:00,tiktok_public_scraper_v1,PUBLIC,vQqWUaWWPEuETzam3
tiktok,7635672091710344462,comment_count,12,2026-08-13T13:40:59.594637+07:00,tiktok_public_scraper_v1,PUBLIC,vQqWUaWWPEuETzam3
tiktok,7635527333826383118,play_count,39100,2026-08-13T13:40:59.594637+07:00,tiktok_public_scraper_v1,PUBLIC,vQqWUaWWPEuETzam3
tiktok,7635527333826383118,digg_count,6548,2026-08-13T13:40:59.594637+07:00,tiktok_public_scraper_v1,PUBLIC,vQqWUaWWPEuETzam3
tiktok,7635527333826383118,comment_count,37,2026-08-13T13:40:59.594637+07:00,tiktok_public_scraper_v1,PUBLIC,vQqWUaWWPEuETzam3
tiktok,7634192674857159949,play_count,18800,2026-08-13T13:40:59.594637+07:00,tiktok_public_scraper_v1,PUBLIC,vQqWUaWWPEuETzam3
tiktok,7634192674857159949,digg_count,3312,2026-08-13T13:40:59.594637+07:00,tiktok_public_scraper_v1,PUBLIC,vQqWUaWWPEuETzam3
tiktok,7634192674857159949,comment_count,10,2026-08-13T13:40:59.594637+07:00,tiktok_public_scraper_v1,PUBLIC,vQqWUaWWPEuETzam3
tiktok,7632940304810741005,play_count,16200,2026-08-13T13:40:59.594637+07:00,tiktok_public_scraper_v1,PUBLIC,vQqWUaWWPEuETzam3
tiktok,7632940304810741005,digg_count,2290,2026-08-13T13:40:59.594637+07:00,tiktok_public_scraper_v1,PUBLIC,vQqWUaWWPEuETzam3
tiktok,7632940304810741005,comment_count,16,2026-08-13T13:40:59.594637+07:00,tiktok_public_scraper_v1,PUBLIC,vQqWUaWWPEuETzam3
tiktok,7631557671891569934,play_count,7416,2026-08-13T13:40:59.594637+07:00,tiktok_public_scraper_v1,PUBLIC,vQqWUaWWPEuETzam3
tiktok,7631557671891569934,digg_count,921,2026-08-13T13:40:59.594637+07:00,tiktok_public_scraper_v1,PUBLIC,vQqWUaWWPEuETzam3
tiktok,7631557671891569934,comment_count,9,2026-08-13T13:40:59.594637+07:00,tiktok_public_scraper_v1,PUBLIC,vQqWUaWWPEuETzam3
