show_id,season_ids,platform,account_handle,account_url,authority_class,authority_status,evidence_video_count,official_evidence_video_count,evidence_strength,evidence_receipt_count,source_channel_ids,first_observed_at,last_observed_at,evidence_video_urls
2N1D,2N1D_S1|2N1D_S2|2N1D_S3|2N1D_S4,facebook,2ngay1demvietnam.dongtay,https://www.facebook.com/2ngay1demvietnam.dongtay,SOURCE_LINKED_CANDIDATE,NEEDS_REVIEW,94,94,HIGH,4,UChGncdgzOKmp5XQTnQa2h4w,2026-08-12T14:06:31.995243+07:00,2026-08-12T14:08:19.086034+07:00,https://www.youtube.com/watch?v=-0zOfN0IOzM&list=PLY-AuYi7sTugYnwSrAy9DQtC-sAoitZDJ&index=24|https://www.youtube.com/watch?v=0tYQFSvQacI&list=PLY-AuYi7sTugYnwSrAy9DQtC-sAoitZDJ&index=25|https://www.youtube.com/watch?v=18Om1Z4AkPU&list=PLY-AuYi7sTugYnwSrAy9DQtC-sAoitZDJ&index=23|https://www.youtube.com/watch?v=1F65wS5dAFU&list=PLY-AuYi7sTuiekcFnXNeSR2-r_zPbuiLz&index=17|https://www.youtube.com/watch?v=1Gg0ZGkqXJk&list=PLY-AuYi7sTuiekcFnXNeSR2-r_zPbuiLz&index=19|https://www.youtube.com/watch?v=1hdVrgv64uA&list=PLY-AuYi7sTujnjUSFEFLK6a5FX_CQ7_14&index=7|https://www.youtube.com/watch?v=1ppkFEyF6Nk&list=PLY-AuYi7sTugPLS6_J0oa1wFmWkCExstr&index=27|https://www.youtube.com/watch?v=2emxLcSzzWA&list=PLY-AuYi7sTugPLS6_J0oa1wFmWkCExstr&index=8|https://www.youtube.com/watch?v=2mOQdcQz-0Q&list=PLY-AuYi7sTujnjUSFEFLK6a5FX_CQ7_14&index=12|https://www.youtube.com/watch?v=3HxRUhJ4djY&list=PLY-AuYi7sTugPLS6_J0oa1wFmWkCExstr&index=26
2N1D,2N1D_S4,facebook,dongtaypromotion,https://www.facebook.com/dongtaypromotion,SOURCE_LINKED_CANDIDATE,NEEDS_REVIEW,1,1,MEDIUM,1,UCFMEYTv6N64hIL9FlQ_hxBw,2026-08-12T18:25:36.701383+07:00,2026-08-12T18:25:36.701383+07:00,https://www.youtube.com/watch?v=3s8olG0trSQ
2N1D,2N1D_S1|2N1D_S2|2N1D_S3,instagram,2days1nightvietnamofficial,https://www.instagram.com/2days1nightvietnamofficial,SOURCE_LINKED_CANDIDATE,NEEDS_REVIEW,79,79,HIGH,3,UChGncdgzOKmp5XQTnQa2h4w,2026-08-12T14:06:31.995243+07:00,2026-08-12T14:07:45.529244+07:00,https://www.youtube.com/watch?v=-0zOfN0IOzM&list=PLY-AuYi7sTugYnwSrAy9DQtC-sAoitZDJ&index=24|https://www.youtube.com/watch?v=0tYQFSvQacI&list=PLY-AuYi7sTugYnwSrAy9DQtC-sAoitZDJ&index=25|https://www.youtube.com/watch?v=18Om1Z4AkPU&list=PLY-AuYi7sTugYnwSrAy9DQtC-sAoitZDJ&index=23|https://www.youtube.com/watch?v=1F65wS5dAFU&list=PLY-AuYi7sTuiekcFnXNeSR2-r_zPbuiLz&index=17|https://www.youtube.com/watch?v=1Gg0ZGkqXJk&list=PLY-AuYi7sTuiekcFnXNeSR2-r_zPbuiLz&index=19|https://www.youtube.com/watch?v=1ppkFEyF6Nk&list=PLY-AuYi7sTugPLS6_J0oa1wFmWkCExstr&index=27|https://www.youtube.com/watch?v=2emxLcSzzWA&list=PLY-AuYi7sTugPLS6_J0oa1wFmWkCExstr&index=8|https://www.youtube.com/watch?v=3HxRUhJ4djY&list=PLY-AuYi7sTugPLS6_J0oa1wFmWkCExstr&index=26|https://www.youtube.com/watch?v=4BegI9FrDOg&list=PLY-AuYi7sTugPLS6_J0oa1wFmWkCExstr&index=2|https://www.youtube.com/watch?v=5JCphZY9B4E&list=PLY-AuYi7sTuiekcFnXNeSR2-r_zPbuiLz&index=8
2N1D,2N1D_S4,instagram,2ngay1demvietnam,https://www.instagram.com/2ngay1demvietnam,SOURCE_LINKED_CANDIDATE,NEEDS_REVIEW,15,15,HIGH,1,UChGncdgzOKmp5XQTnQa2h4w,2026-08-12T14:08:19.086034+07:00,2026-08-12T14:08:19.086034+07:00,https://www.youtube.com/watch?v=1hdVrgv64uA&list=PLY-AuYi7sTujnjUSFEFLK6a5FX_CQ7_14&index=7|https://www.youtube.com/watch?v=2mOQdcQz-0Q&list=PLY-AuYi7sTujnjUSFEFLK6a5FX_CQ7_14&index=12|https://www.youtube.com/watch?v=3dsU5PRvjYE&list=PLY-AuYi7sTujnjUSFEFLK6a5FX_CQ7_14&index=16|https://www.youtube.com/watch?v=B3Zc1ykGlBg&list=PLY-AuYi7sTujnjUSFEFLK6a5FX_CQ7_14&index=4|https://www.youtube.com/watch?v=FfHHzzncIg4&list=PLY-AuYi7sTujnjUSFEFLK6a5FX_CQ7_14&index=6|https://www.youtube.com/watch?v=L3bhtY7Yx9g&list=PLY-AuYi7sTujnjUSFEFLK6a5FX_CQ7_14&index=3|https://www.youtube.com/watch?v=XIuDTjlDc58&list=PLY-AuYi7sTujnjUSFEFLK6a5FX_CQ7_14&index=15|https://www.youtube.com/watch?v=XVsu0hC5eBg&list=PLY-AuYi7sTujnjUSFEFLK6a5FX_CQ7_14&index=13|https://www.youtube.com/watch?v=aPiz6yKSXhU&list=PLY-AuYi7sTujnjUSFEFLK6a5FX_CQ7_14&index=8|https://www.youtube.com/watch?v=bVRQYw8hM44&list=PLY-AuYi7sTujnjUSFEFLK6a5FX_CQ7_14&index=11
2N1D,2N1D_S4,instagram,dongtaypromotion.official,https://www.instagram.com/dongtaypromotion.official,SOURCE_LINKED_CANDIDATE,NEEDS_REVIEW,1,1,MEDIUM,1,UCFMEYTv6N64hIL9FlQ_hxBw,2026-08-12T18:25:36.701383+07:00,2026-08-12T18:25:36.701383+07:00,https://www.youtube.com/watch?v=3s8olG0trSQ
2N1D,2N1D_S1|2N1D_S2|2N1D_S3|2N1D_S4,tiktok,2ngay1demvietnam,https://www.tiktok.com/@2ngay1demvietnam,SOURCE_LINKED_CANDIDATE,NEEDS_REVIEW,93,93,HIGH,4,UChGncdgzOKmp5XQTnQa2h4w,2026-08-12T14:06:31.995243+07:00,2026-08-12T14:08:19.086034+07:00,https://www.youtube.com/watch?v=-0zOfN0IOzM&list=PLY-AuYi7sTugYnwSrAy9DQtC-sAoitZDJ&index=24|https://www.youtube.com/watch?v=0tYQFSvQacI&list=PLY-AuYi7sTugYnwSrAy9DQtC-sAoitZDJ&index=25|https://www.youtube.com/watch?v=18Om1Z4AkPU&list=PLY-AuYi7sTugYnwSrAy9DQtC-sAoitZDJ&index=23|https://www.youtube.com/watch?v=1F65wS5dAFU&list=PLY-AuYi7sTuiekcFnXNeSR2-r_zPbuiLz&index=17|https://www.youtube.com/watch?v=1Gg0ZGkqXJk&list=PLY-AuYi7sTuiekcFnXNeSR2-r_zPbuiLz&index=19|https://www.youtube.com/watch?v=1hdVrgv64uA&list=PLY-AuYi7sTujnjUSFEFLK6a5FX_CQ7_14&index=7|https://www.youtube.com/watch?v=1ppkFEyF6Nk&list=PLY-AuYi7sTugPLS6_J0oa1wFmWkCExstr&index=27|https://www.youtube.com/watch?v=2emxLcSzzWA&list=PLY-AuYi7sTugPLS6_J0oa1wFmWkCExstr&index=8|https://www.youtube.com/watch?v=2mOQdcQz-0Q&list=PLY-AuYi7sTujnjUSFEFLK6a5FX_CQ7_14&index=12|https://www.youtube.com/watch?v=3HxRUhJ4djY&list=PLY-AuYi7sTugPLS6_J0oa1wFmWkCExstr&index=26
2N1D,2N1D_S2,tiktok,2ngay1demvietnamh,https://www.tiktok.com/@2ngay1demvietnamh,SOURCE_LINKED_CANDIDATE,NEEDS_REVIEW,1,1,MEDIUM,1,UChGncdgzOKmp5XQTnQa2h4w,2026-08-12T14:07:02.326255+07:00,2026-08-12T14:07:02.326255+07:00,https://www.youtube.com/watch?v=BS3hs8aS1B0&list=PLY-AuYi7sTugYnwSrAy9DQtC-sAoitZDJ&index=18
2N1D,2N1D_S4,tiktok,dongtaypromotionofficial,https://www.tiktok.com/@dongtaypromotionofficial,SOURCE_LINKED_CANDIDATE,NEEDS_REVIEW,1,1,MEDIUM,1,UCFMEYTv6N64hIL9FlQ_hxBw,2026-08-12T18:25:36.701383+07:00,2026-08-12T18:25:36.701383+07:00,https://www.youtube.com/watch?v=3s8olG0trSQ
ATCDN,ATCDN_2026,facebook,dongtaypromotion,https://www.facebook.com/dongtaypromotion,SOURCE_LINKED_CANDIDATE,NEEDS_REVIEW,10,10,HIGH,1,UCFMEYTv6N64hIL9FlQ_hxBw,2026-08-12T14:47:53.755155+07:00,2026-08-12T14:47:53.755155+07:00,https://www.youtube.com/watch?v=8RTVnRrMV7A&list=PLy_TpcUT2LZvcJAmF_eYxx195KpRGmzrB&index=11|https://www.youtube.com/watch?v=AuetpmE00eg&list=PLy_TpcUT2LZvcJAmF_eYxx195KpRGmzrB&index=8|https://www.youtube.com/watch?v=DtfN79Bx1v4&list=PLy_TpcUT2LZvcJAmF_eYxx195KpRGmzrB&index=9|https://www.youtube.com/watch?v=Duh6X7WJ4rw&list=PLy_TpcUT2LZvcJAmF_eYxx195KpRGmzrB&index=2|https://www.youtube.com/watch?v=FuAYbk9j0h0&list=PLy_TpcUT2LZvcJAmF_eYxx195KpRGmzrB&index=1|https://www.youtube.com/watch?v=KRef2BML-wc&list=PLy_TpcUT2LZvcJAmF_eYxx195KpRGmzrB&index=12|https://www.youtube.com/watch?v=Nnjh_-6xpx4&list=PLy_TpcUT2LZvcJAmF_eYxx195KpRGmzrB&index=10|https://www.youtube.com/watch?v=WoMdyX5ikFw&list=PLy_TpcUT2LZvcJAmF_eYxx195KpRGmzrB&index=7|https://www.youtube.com/watch?v=_K-rzxLEdRQ&list=PLy_TpcUT2LZvcJAmF_eYxx195KpRGmzrB&index=6|https://www.youtube.com/watch?v=au82t9S7-qw&list=PLy_TpcUT2LZvcJAmF_eYxx195KpRGmzrB&index=4
ATCDN,ATCDN_2026,instagram,dongtaypromotion.official,https://www.instagram.com/dongtaypromotion.official,SOURCE_LINKED_CANDIDATE,NEEDS_REVIEW,10,10,HIGH,1,UCFMEYTv6N64hIL9FlQ_hxBw,2026-08-12T14:47:53.755155+07:00,2026-08-12T14:47:53.755155+07:00,https://www.youtube.com/watch?v=8RTVnRrMV7A&list=PLy_TpcUT2LZvcJAmF_eYxx195KpRGmzrB&index=11|https://www.youtube.com/watch?v=AuetpmE00eg&list=PLy_TpcUT2LZvcJAmF_eYxx195KpRGmzrB&index=8|https://www.youtube.com/watch?v=DtfN79Bx1v4&list=PLy_TpcUT2LZvcJAmF_eYxx195KpRGmzrB&index=9|https://www.youtube.com/watch?v=Duh6X7WJ4rw&list=PLy_TpcUT2LZvcJAmF_eYxx195KpRGmzrB&index=2|https://www.youtube.com/watch?v=FuAYbk9j0h0&list=PLy_TpcUT2LZvcJAmF_eYxx195KpRGmzrB&index=1|https://www.youtube.com/watch?v=KRef2BML-wc&list=PLy_TpcUT2LZvcJAmF_eYxx195KpRGmzrB&index=12|https://www.youtube.com/watch?v=Nnjh_-6xpx4&list=PLy_TpcUT2LZvcJAmF_eYxx195KpRGmzrB&index=10|https://www.youtube.com/watch?v=WoMdyX5ikFw&list=PLy_TpcUT2LZvcJAmF_eYxx195KpRGmzrB&index=7|https://www.youtube.com/watch?v=_K-rzxLEdRQ&list=PLy_TpcUT2LZvcJAmF_eYxx195KpRGmzrB&index=6|https://www.youtube.com/watch?v=au82t9S7-qw&list=PLy_TpcUT2LZvcJAmF_eYxx195KpRGmzrB&index=4
ATCDN,ATCDN_2026,tiktok,dongtaypromotionofficial,https://www.tiktok.com/@dongtaypromotionofficial,SOURCE_LINKED_CANDIDATE,NEEDS_REVIEW,10,10,HIGH,1,UCFMEYTv6N64hIL9FlQ_hxBw,2026-08-12T14:47:53.755155+07:00,2026-08-12T14:47:53.755155+07:00,https://www.youtube.com/watch?v=8RTVnRrMV7A&list=PLy_TpcUT2LZvcJAmF_eYxx195KpRGmzrB&index=11|https://www.youtube.com/watch?v=AuetpmE00eg&list=PLy_TpcUT2LZvcJAmF_eYxx195KpRGmzrB&index=8|https://www.youtube.com/watch?v=DtfN79Bx1v4&list=PLy_TpcUT2LZvcJAmF_eYxx195KpRGmzrB&index=9|https://www.youtube.com/watch?v=Duh6X7WJ4rw&list=PLy_TpcUT2LZvcJAmF_eYxx195KpRGmzrB&index=2|https://www.youtube.com/watch?v=FuAYbk9j0h0&list=PLy_TpcUT2LZvcJAmF_eYxx195KpRGmzrB&index=1|https://www.youtube.com/watch?v=KRef2BML-wc&list=PLy_TpcUT2LZvcJAmF_eYxx195KpRGmzrB&index=12|https://www.youtube.com/watch?v=Nnjh_-6xpx4&list=PLy_TpcUT2LZvcJAmF_eYxx195KpRGmzrB&index=10|https://www.youtube.com/watch?v=WoMdyX5ikFw&list=PLy_TpcUT2LZvcJAmF_eYxx195KpRGmzrB&index=7|https://www.youtube.com/watch?v=_K-rzxLEdRQ&list=PLy_TpcUT2LZvcJAmF_eYxx195KpRGmzrB&index=6|https://www.youtube.com/watch?v=au82t9S7-qw&list=PLy_TpcUT2LZvcJAmF_eYxx195KpRGmzrB&index=4
ATSH,ATSH_2024|ATSH_2025,facebook,dongtaypromotion,https://www.facebook.com/dongtaypromotion,SOURCE_LINKED_CANDIDATE,NEEDS_REVIEW,2,2,MEDIUM,2,UCFMEYTv6N64hIL9FlQ_hxBw,2026-08-12T12:44:06.975475+07:00,2026-08-12T13:46:32.784779+07:00,https://www.youtube.com/watch?v=2V20IKyMqnM&list=PLxKLMN7WdG5AYDsDPTbq7zZTpOTGH7ay6&index=1|https://www.youtube.com/watch?v=UMTDNjOL2KM
ATSH,ATSH_2024|ATSH_2025,facebook,iloveboncha,https://www.facebook.com/iloveboncha,SOURCE_LINKED_CANDIDATE,NEEDS_REVIEW,9,9,HIGH,3,UC2Lgi2uPsOcCVF3imz7l2mg|UCkna2OcuN1E6u5I8GVtdkOw,2026-08-12T12:44:06.975475+07:00,2026-08-12T13:46:32.784779+07:00,https://www.youtube.com/watch?v=13gXCV5Q3Bw&list=PLxKLMN7WdG5AYDsDPTbq7zZTpOTGH7ay6&index=14|https://www.youtube.com/watch?v=4d_Uctu_wWI&list=PLxKLMN7WdG5AYDsDPTbq7zZTpOTGH7ay6&index=15|https://www.youtube.com/watch?v=5X8_IxZo8w8|https://www.youtube.com/watch?v=QJx96CYpJNU|https://www.youtube.com/watch?v=Xdqdt6eobbk|https://www.youtube.com/watch?v=bVPfMsREl4g|https://www.youtube.com/watch?v=bVPfMsREl4g&list=PLxKLMN7WdG5AYDsDPTbq7zZTpOTGH7ay6&index=13|https://www.youtube.com/watch?v=sZdDZDHLtaU&list=PLxKLMN7WdG5AYDsDPTbq7zZTpOTGH7ay6&index=12|https://www.youtube.com/watch?v=u76BOoh4Ga8|https://www.youtube.com/watch?v=u76BOoh4Ga8&list=PLxKLMN7WdG5AYDsDPTbq7zZTpOTGH7ay6&index=6
ATSH,ATSH_2024|ATSH_2025,facebook,mianlienacecook,https://www.facebook.com/mianlienacecook,SOURCE_LINKED_CANDIDATE,NEEDS_REVIEW,2,2,MEDIUM,2,UCFMEYTv6N64hIL9FlQ_hxBw,2026-08-12T12:44:06.975475+07:00,2026-08-12T13:46:32.784779+07:00,https://www.youtube.com/watch?v=2V20IKyMqnM&list=PLxKLMN7WdG5AYDsDPTbq7zZTpOTGH7ay6&index=1|https://www.youtube.com/watch?v=UMTDNjOL2KM
ATSH,ATSH_2025,facebook,profile.php,https://www.facebook.com/profile.php,SOURCE_LINKED_CANDIDATE,NEEDS_REVIEW,1,0,LOW,1,UCePQWJZegisuUJDY3Uz5Iag,2026-08-12T13:46:32.784779+07:00,2026-08-12T13:46:32.784779+07:00,https://www.youtube.com/watch?v=o3kMC5RE1cc
ATSH,ATSH_2024|ATSH_2025,facebook,viechannelhtv2,https://www.facebook.com/viechannelhtv2,SOURCE_LINKED_CANDIDATE,NEEDS_REVIEW,25,25,HIGH,3,UC2Lgi2uPsOcCVF3imz7l2mg|UC2fu6CiFfNYz5UFORvFyc0w|UCkna2OcuN1E6u5I8GVtdkOw,2026-08-12T12:44:06.975475+07:00,2026-08-12T13:46:32.784779+07:00,https://www.youtube.com/watch?v=0Gf5hvT7mRY&list=PLxKLMN7WdG5AYDsDPTbq7zZTpOTGH7ay6&index=9|https://www.youtube.com/watch?v=0MmOHdJddyE&list=RD0MmOHdJddyE&start_radio=1|https://www.youtube.com/watch?v=0UXCacoRFIw&list=PLxKLMN7WdG5AYDsDPTbq7zZTpOTGH7ay6&index=29|https://www.youtube.com/watch?v=13gXCV5Q3Bw&list=PLxKLMN7WdG5AYDsDPTbq7zZTpOTGH7ay6&index=14|https://www.youtube.com/watch?v=4CHIUdNfu4Y&list=PLxKLMN7WdG5AYDsDPTbq7zZTpOTGH7ay6&index=20|https://www.youtube.com/watch?v=4d_Uctu_wWI&list=PLxKLMN7WdG5AYDsDPTbq7zZTpOTGH7ay6&index=15|https://www.youtube.com/watch?v=7Guuuo8jCTM&list=PLxKLMN7WdG5AYDsDPTbq7zZTpOTGH7ay6&index=26|https://www.youtube.com/watch?v=7Ox5uiVWaYk&list=PLxKLMN7WdG5AYDsDPTbq7zZTpOTGH7ay6&index=28|https://www.youtube.com/watch?v=BwErdsjHbYk&list=PLxKLMN7WdG5AYDsDPTbq7zZTpOTGH7ay6&index=23|https://www.youtube.com/watch?v=C8I3yL91tPE&list=PLxKLMN7WdG5AYDsDPTbq7zZTpOTGH7ay6&index=18
ATSH,ATSH_2025,facebook,viechannelofficial,https://www.facebook.com/viechannelofficial,SOURCE_LINKED_CANDIDATE,NEEDS_REVIEW,54,51,HIGH,3,UC2Lgi2uPsOcCVF3imz7l2mg|UC2fu6CiFfNYz5UFORvFyc0w|UCDV0U41nnwOZyKMW4e7oExQ|UCkna2OcuN1E6u5I8GVtdkOw,2026-08-12T13:38:25.495638+07:00,2026-08-12T13:50:58.446867+07:00,https://www.youtube.com/watch?v=-jba7xVTqVA|https://www.youtube.com/watch?v=0mQn-pPDLuM|https://www.youtube.com/watch?v=2HFRyTKYMAo&list=RD2HFRyTKYMAo&start_radio=1|https://www.youtube.com/watch?v=3ClIC-yT-Fc|https://www.youtube.com/watch?v=5X8_IxZo8w8|https://www.youtube.com/watch?v=5y_35sqk-iU&list=RD5y_35sqk-iU&start_radio=1|https://www.youtube.com/watch?v=64Njw-cCJkg|https://www.youtube.com/watch?v=7PH4PalhtQs&list=RD7PH4PalhtQs&start_radio=1|https://www.youtube.com/watch?v=9oe2Hk0vTxE|https://www.youtube.com/watch?v=AtIHwHuj8SQ
ATSH,ATSH_2024|ATSH_2025,facebook,viegiaitri,https://www.facebook.com/viegiaitri,SOURCE_LINKED_CANDIDATE,NEEDS_REVIEW,4,4,HIGH,2,UC2Lgi2uPsOcCVF3imz7l2mg|UCkna2OcuN1E6u5I8GVtdkOw,2026-08-12T12:44:06.975475+07:00,2026-08-12T13:46:32.784779+07:00,https://www.youtube.com/watch?v=QJx96CYpJNU|https://www.youtube.com/watch?v=hayn8WRniy0|https://www.youtube.com/watch?v=hayn8WRniy0&list=PLxKLMN7WdG5AYDsDPTbq7zZTpOTGH7ay6&index=4|https://www.youtube.com/watch?v=u76BOoh4Ga8|https://www.youtube.com/watch?v=u76BOoh4Ga8&list=PLxKLMN7WdG5AYDsDPTbq7zZTpOTGH7ay6&index=6|https://www.youtube.com/watch?v=xIBKUvuO5Fk|https://www.youtube.com/watch?v=xIBKUvuO5Fk&list=PLxKLMN7WdG5AYDsDPTbq7zZTpOTGH7ay6&index=5
ATSH,ATSH_2025,facebook,vieshows,https://www.facebook.com/vieshows,SOURCE_LINKED_CANDIDATE,NEEDS_REVIEW,5,0,LOW,2,UCzpv5GkSbYqkFdC_lOOi4aQ,2026-08-12T13:38:25.495638+07:00,2026-08-12T13:46:32.784779+07:00,https://www.youtube.com/watch?v=6M2Pjtq1OPA&list=RD6M2Pjtq1OPA&start_radio=1|https://www.youtube.com/watch?v=GeCKwuK5W4s|https://www.youtube.com/watch?v=hoXkEDe4Rew&list=RDhoXkEDe4Rew&start_radio=1|https://www.youtube.com/watch?v=nU9pgOM-_7s|https://www.youtube.com/watch?v=vBXDH2nltYY
ATSH,ATSH_2025,facebook,vietalents,https://www.facebook.com/vietalents,SOURCE_LINKED_CANDIDATE,NEEDS_REVIEW,1,0,LOW,1,UCBVSuk_f8ZCPIQ_KwXEGWFw,2026-08-12T13:46:32.784779+07:00,2026-08-12T13:46:32.784779+07:00,https://www.youtube.com/watch?v=sTUMLAuZKc4
ATSH,ATSH_2025,facebook,xdragonmax,https://www.facebook.com/xdragonmax,SOURCE_LINKED_CANDIDATE,NEEDS_REVIEW,1,0,LOW,1,UCePQWJZegisuUJDY3Uz5Iag,2026-08-12T13:46:32.784779+07:00,2026-08-12T13:46:32.784779+07:00,https://www.youtube.com/watch?v=o3kMC5RE1cc
ATSH,ATSH_2024|ATSH_2025,instagram,dongtaypromotion.official,https://www.instagram.com/dongtaypromotion.official,SOURCE_LINKED_CANDIDATE,NEEDS_REVIEW,2,2,MEDIUM,2,UCFMEYTv6N64hIL9FlQ_hxBw,2026-08-12T12:44:06.975475+07:00,2026-08-12T13:46:32.784779+07:00,https://www.youtube.com/watch?v=2V20IKyMqnM&list=PLxKLMN7WdG5AYDsDPTbq7zZTpOTGH7ay6&index=1|https://www.youtube.com/watch?v=UMTDNjOL2KM
ATSH,ATSH_2024|ATSH_2025,instagram,viechannelhtv2,https://www.instagram.com/viechannelhtv2,SOURCE_LINKED_CANDIDATE,NEEDS_REVIEW,79,76,HIGH,4,UC2Lgi2uPsOcCVF3imz7l2mg|UC2fu6CiFfNYz5UFORvFyc0w|UCDV0U41nnwOZyKMW4e7oExQ|UCkna2OcuN1E6u5I8GVtdkOw,2026-08-12T12:44:06.975475+07:00,2026-08-12T13:50:58.446867+07:00,https://www.youtube.com/watch?v=-jba7xVTqVA|https://www.youtube.com/watch?v=0Gf5hvT7mRY&list=PLxKLMN7WdG5AYDsDPTbq7zZTpOTGH7ay6&index=9|https://www.youtube.com/watch?v=0MmOHdJddyE&list=RD0MmOHdJddyE&start_radio=1|https://www.youtube.com/watch?v=0UXCacoRFIw&list=PLxKLMN7WdG5AYDsDPTbq7zZTpOTGH7ay6&index=29|https://www.youtube.com/watch?v=0mQn-pPDLuM|https://www.youtube.com/watch?v=13gXCV5Q3Bw&list=PLxKLMN7WdG5AYDsDPTbq7zZTpOTGH7ay6&index=14|https://www.youtube.com/watch?v=2HFRyTKYMAo&list=RD2HFRyTKYMAo&start_radio=1|https://www.youtube.com/watch?v=3ClIC-yT-Fc|https://www.youtube.com/watch?v=4CHIUdNfu4Y&list=PLxKLMN7WdG5AYDsDPTbq7zZTpOTGH7ay6&index=20|https://www.youtube.com/watch?v=4d_Uctu_wWI&list=PLxKLMN7WdG5AYDsDPTbq7zZTpOTGH7ay6&index=15
ATSH,ATSH_2025,instagram,xdragonmax,https://www.instagram.com/xdragonmax,SOURCE_LINKED_CANDIDATE,NEEDS_REVIEW,1,0,LOW,1,UCePQWJZegisuUJDY3Uz5Iag,2026-08-12T13:46:32.784779+07:00,2026-08-12T13:46:32.784779+07:00,https://www.youtube.com/watch?v=o3kMC5RE1cc
ATSH,ATSH_2025,tiktok,d.max1503,https://www.tiktok.com/@d.max1503,SOURCE_LINKED_CANDIDATE,NEEDS_REVIEW,1,0,LOW,1,UCePQWJZegisuUJDY3Uz5Iag,2026-08-12T13:46:32.784779+07:00,2026-08-12T13:46:32.784779+07:00,https://www.youtube.com/watch?v=o3kMC5RE1cc
ATSH,ATSH_2024|ATSH_2025,tiktok,dongtaypromotionofficial,https://www.tiktok.com/@dongtaypromotionofficial,SOURCE_LINKED_CANDIDATE,NEEDS_REVIEW,2,2,MEDIUM,2,UCFMEYTv6N64hIL9FlQ_hxBw,2026-08-12T12:44:06.975475+07:00,2026-08-12T13:46:32.784779+07:00,https://www.youtube.com/watch?v=2V20IKyMqnM&list=PLxKLMN7WdG5AYDsDPTbq7zZTpOTGH7ay6&index=1|https://www.youtube.com/watch?v=UMTDNjOL2KM
ATSH,ATSH_2025,tiktok,viechannel.show,https://www.tiktok.com/@viechannel.show,SOURCE_LINKED_CANDIDATE,NEEDS_REVIEW,54,51,HIGH,3,UC2Lgi2uPsOcCVF3imz7l2mg|UC2fu6CiFfNYz5UFORvFyc0w|UCDV0U41nnwOZyKMW4e7oExQ|UCkna2OcuN1E6u5I8GVtdkOw,2026-08-12T13:38:25.495638+07:00,2026-08-12T13:50:58.446867+07:00,https://www.youtube.com/watch?v=-jba7xVTqVA|https://www.youtube.com/watch?v=0mQn-pPDLuM|https://www.youtube.com/watch?v=2HFRyTKYMAo&list=RD2HFRyTKYMAo&start_radio=1|https://www.youtube.com/watch?v=3ClIC-yT-Fc|https://www.youtube.com/watch?v=5X8_IxZo8w8|https://www.youtube.com/watch?v=5y_35sqk-iU&list=RD5y_35sqk-iU&start_radio=1|https://www.youtube.com/watch?v=64Njw-cCJkg|https://www.youtube.com/watch?v=7PH4PalhtQs&list=RD7PH4PalhtQs&start_radio=1|https://www.youtube.com/watch?v=9oe2Hk0vTxE|https://www.youtube.com/watch?v=AtIHwHuj8SQ
ATVNCG,ATVNCG_2024|ATVNCG_2026,facebook,anhtraivuotnganchonggai,https://www.facebook.com/anhtraivuotnganchonggai,SOURCE_LINKED_CANDIDATE,NEEDS_REVIEW,20,20,HIGH,2,UCecta98cdYVFV6L_lfH__IA|UCh_zF2FsiCflCPgYDudtcqg,2026-08-12T13:29:41.176900+07:00,2026-08-12T13:30:02.436913+07:00,https://www.youtube.com/watch?v=3Y5hUQzv0e8&list=PLt3LgMEKzFxy03fvdFk_rEtjfVJfD8pUq&index=8|https://www.youtube.com/watch?v=4M7tpDj5Ljk&list=PLt3LgMEKzFxy03fvdFk_rEtjfVJfD8pUq&index=11|https://www.youtube.com/watch?v=6YAlgIs1ip0&list=PLt3LgMEKzFxy03fvdFk_rEtjfVJfD8pUq&index=5|https://www.youtube.com/watch?v=8gPXKl3BpMc&list=PLdWk-MlnCC7M&index=2|https://www.youtube.com/watch?v=AXCczcyNCoQ&list=PLdWk-MlnCC7M&index=3|https://www.youtube.com/watch?v=ESz__7Pdyf8&list=PLdWk-MlnCC7M&index=5|https://www.youtube.com/watch?v=G8D8xVwhRy8&list=PLt3LgMEKzFxy03fvdFk_rEtjfVJfD8pUq&index=15|https://www.youtube.com/watch?v=HDXbBkkDu6U&list=PLt3LgMEKzFxy03fvdFk_rEtjfVJfD8pUq&index=2|https://www.youtube.com/watch?v=OVoASkmWlGs&list=PLt3LgMEKzFxy03fvdFk_rEtjfVJfD8pUq&index=12|https://www.youtube.com/watch?v=QqCausYrRRY&list=PLt3LgMEKzFxy03fvdFk_rEtjfVJfD8pUq&index=6
ATVNCG,ATVNCG_2024|ATVNCG_2026,tiktok,anhtraivuotnganchonggai,https://www.tiktok.com/@anhtraivuotnganchonggai,SOURCE_LINKED_CANDIDATE,NEEDS_REVIEW,20,20,HIGH,2,UCecta98cdYVFV6L_lfH__IA|UCh_zF2FsiCflCPgYDudtcqg,2026-08-12T13:29:41.176900+07:00,2026-08-12T13:30:02.436913+07:00,https://www.youtube.com/watch?v=3Y5hUQzv0e8&list=PLt3LgMEKzFxy03fvdFk_rEtjfVJfD8pUq&index=8|https://www.youtube.com/watch?v=4M7tpDj5Ljk&list=PLt3LgMEKzFxy03fvdFk_rEtjfVJfD8pUq&index=11|https://www.youtube.com/watch?v=6YAlgIs1ip0&list=PLt3LgMEKzFxy03fvdFk_rEtjfVJfD8pUq&index=5|https://www.youtube.com/watch?v=8gPXKl3BpMc&list=PLdWk-MlnCC7M&index=2|https://www.youtube.com/watch?v=AXCczcyNCoQ&list=PLdWk-MlnCC7M&index=3|https://www.youtube.com/watch?v=ESz__7Pdyf8&list=PLdWk-MlnCC7M&index=5|https://www.youtube.com/watch?v=G8D8xVwhRy8&list=PLt3LgMEKzFxy03fvdFk_rEtjfVJfD8pUq&index=15|https://www.youtube.com/watch?v=HDXbBkkDu6U&list=PLt3LgMEKzFxy03fvdFk_rEtjfVJfD8pUq&index=2|https://www.youtube.com/watch?v=OVoASkmWlGs&list=PLt3LgMEKzFxy03fvdFk_rEtjfVJfD8pUq&index=12|https://www.youtube.com/watch?v=QqCausYrRRY&list=PLt3LgMEKzFxy03fvdFk_rEtjfVJfD8pUq&index=6
BDSS,BDSS_2024,facebook,htv.hcm,https://www.facebook.com/htv.hcm,SOURCE_LINKED_CANDIDATE,NEEDS_REVIEW,30,30,HIGH,2,UCbq8aOyj9ZtIqcD-0MwG1fQ,2026-08-12T14:37:51.304460+07:00,2026-08-12T18:26:08.395060+07:00,https://www.youtube.com/watch?v=-cpnMv1MpFI&list=PLJSRfYQoW3dn5wLuH9xgrMbaazxZdZBZ_&index=25|https://www.youtube.com/watch?v=220_-Zei9wY&list=PLJSRfYQoW3dn5wLuH9xgrMbaazxZdZBZ_&index=22|https://www.youtube.com/watch?v=2VvR3sJvwDA&list=PLJSRfYQoW3dn5wLuH9xgrMbaazxZdZBZ_&index=2|https://www.youtube.com/watch?v=5jy539SOOMY&list=PLJSRfYQoW3dn5wLuH9xgrMbaazxZdZBZ_&index=28|https://www.youtube.com/watch?v=6B4BYVa2gtY&list=PLJSRfYQoW3dn5wLuH9xgrMbaazxZdZBZ_&index=29|https://www.youtube.com/watch?v=7cBMzNTHogQ&list=PLJSRfYQoW3dn5wLuH9xgrMbaazxZdZBZ_&index=1|https://www.youtube.com/watch?v=C2FL7DB0S20&list=PLJSRfYQoW3dn5wLuH9xgrMbaazxZdZBZ_&index=23|https://www.youtube.com/watch?v=CkH-aahQlWI&list=PLJSRfYQoW3dn5wLuH9xgrMbaazxZdZBZ_&index=11|https://www.youtube.com/watch?v=IHWoHOBR65s&list=PLJSRfYQoW3dn5wLuH9xgrMbaazxZdZBZ_&index=18|https://www.youtube.com/watch?v=Ia1FVmIhgzI&list=PLJSRfYQoW3dn5wLuH9xgrMbaazxZdZBZ_&index=9
BDSS,BDSS_2024,tiktok,htvofficial,https://www.tiktok.com/@htvofficial,SOURCE_LINKED_CANDIDATE,NEEDS_REVIEW,14,14,HIGH,1,UCbq8aOyj9ZtIqcD-0MwG1fQ,2026-08-12T14:37:51.304460+07:00,2026-08-12T14:37:51.304460+07:00,https://www.youtube.com/watch?v=-cpnMv1MpFI&list=PLJSRfYQoW3dn5wLuH9xgrMbaazxZdZBZ_&index=25|https://www.youtube.com/watch?v=5jy539SOOMY&list=PLJSRfYQoW3dn5wLuH9xgrMbaazxZdZBZ_&index=28|https://www.youtube.com/watch?v=C2FL7DB0S20&list=PLJSRfYQoW3dn5wLuH9xgrMbaazxZdZBZ_&index=23|https://www.youtube.com/watch?v=RLLLk4_E8vU&list=PLJSRfYQoW3dn5wLuH9xgrMbaazxZdZBZ_&index=15|https://www.youtube.com/watch?v=Ze6Rr5IY1Ds&list=PLJSRfYQoW3dn5wLuH9xgrMbaazxZdZBZ_&index=27|https://www.youtube.com/watch?v=ZrpW0dLJeKA&list=PLJSRfYQoW3dn5wLuH9xgrMbaazxZdZBZ_&index=19|https://www.youtube.com/watch?v=em3qd9ALQ_k&list=PLJSRfYQoW3dn5wLuH9xgrMbaazxZdZBZ_&index=8|https://www.youtube.com/watch?v=fCe9j5pA6MI&list=PLJSRfYQoW3dn5wLuH9xgrMbaazxZdZBZ_&index=30|https://www.youtube.com/watch?v=gCiu-t2OOBQ&list=PLJSRfYQoW3dn5wLuH9xgrMbaazxZdZBZ_&index=16|https://www.youtube.com/watch?v=istxFhCRiyc&list=PLJSRfYQoW3dn5wLuH9xgrMbaazxZdZBZ_&index=20
BOMD,BOMD_S5,facebook,booiminhdidau,https://www.facebook.com/booiminhdidau,SOURCE_LINKED_CANDIDATE,NEEDS_REVIEW,15,15,HIGH,1,UC1VAL4j9yiPQVKMtIS1yUOA,2026-08-12T14:35:58.521860+07:00,2026-08-12T14:35:58.521860+07:00,https://www.youtube.com/watch?v=-kOTrJmFHOM&list=PLLg_kRqp4Dpq0Gd1snNkyj5FF7hFIpGku&index=7|https://www.youtube.com/watch?v=0AaN18FJ33k&list=PLLg_kRqp4Dpq0Gd1snNkyj5FF7hFIpGku&index=12|https://www.youtube.com/watch?v=DXXdSc1rNwc&list=PLLg_kRqp4Dpq0Gd1snNkyj5FF7hFIpGku&index=5|https://www.youtube.com/watch?v=Fvli_D_EoCw&list=PLLg_kRqp4Dpq0Gd1snNkyj5FF7hFIpGku&index=13|https://www.youtube.com/watch?v=LI_POgljc7M&list=PLLg_kRqp4Dpq0Gd1snNkyj5FF7hFIpGku&index=11|https://www.youtube.com/watch?v=Uhe7UTfPxm8&list=PLLg_kRqp4Dpq0Gd1snNkyj5FF7hFIpGku&index=15|https://www.youtube.com/watch?v=_f4_DNW3cOw&list=PLLg_kRqp4Dpq0Gd1snNkyj5FF7hFIpGku&index=6|https://www.youtube.com/watch?v=gPv2ph-qQiE&list=PLLg_kRqp4Dpq0Gd1snNkyj5FF7hFIpGku&index=1|https://www.youtube.com/watch?v=mge2uRKtAN4&list=PLLg_kRqp4Dpq0Gd1snNkyj5FF7hFIpGku&index=4|https://www.youtube.com/watch?v=pKfFq9l2BBY&list=PLLg_kRqp4Dpq0Gd1snNkyj5FF7hFIpGku&index=3
BOMD,BOMD_S5,tiktok,booiminhdidauthe5,https://www.tiktok.com/@booiminhdidauthe5,SOURCE_LINKED_CANDIDATE,NEEDS_REVIEW,15,15,HIGH,1,UC1VAL4j9yiPQVKMtIS1yUOA,2026-08-12T14:35:58.521860+07:00,2026-08-12T14:35:58.521860+07:00,https://www.youtube.com/watch?v=-kOTrJmFHOM&list=PLLg_kRqp4Dpq0Gd1snNkyj5FF7hFIpGku&index=7|https://www.youtube.com/watch?v=0AaN18FJ33k&list=PLLg_kRqp4Dpq0Gd1snNkyj5FF7hFIpGku&index=12|https://www.youtube.com/watch?v=DXXdSc1rNwc&list=PLLg_kRqp4Dpq0Gd1snNkyj5FF7hFIpGku&index=5|https://www.youtube.com/watch?v=Fvli_D_EoCw&list=PLLg_kRqp4Dpq0Gd1snNkyj5FF7hFIpGku&index=13|https://www.youtube.com/watch?v=LI_POgljc7M&list=PLLg_kRqp4Dpq0Gd1snNkyj5FF7hFIpGku&index=11|https://www.youtube.com/watch?v=Uhe7UTfPxm8&list=PLLg_kRqp4Dpq0Gd1snNkyj5FF7hFIpGku&index=15|https://www.youtube.com/watch?v=_f4_DNW3cOw&list=PLLg_kRqp4Dpq0Gd1snNkyj5FF7hFIpGku&index=6|https://www.youtube.com/watch?v=gPv2ph-qQiE&list=PLLg_kRqp4Dpq0Gd1snNkyj5FF7hFIpGku&index=1|https://www.youtube.com/watch?v=mge2uRKtAN4&list=PLLg_kRqp4Dpq0Gd1snNkyj5FF7hFIpGku&index=4|https://www.youtube.com/watch?v=pKfFq9l2BBY&list=PLLg_kRqp4Dpq0Gd1snNkyj5FF7hFIpGku&index=3
BTST,BTST_2024,facebook,bacthaysanth..,https://www.facebook.com/bacthaysanth..,SOURCE_LINKED_CANDIDATE,NEEDS_REVIEW,4,4,HIGH,1,UCzZ94GZFgqqx6Pzbnj3UMjA,2026-08-12T14:31:50.876661+07:00,2026-08-12T14:31:50.876661+07:00,https://www.youtube.com/watch?v=7U91gHcDMGg&list=PLC_d5n_vB0CrecgNHLjt6kxEMlZDeBqp5&index=36|https://www.youtube.com/watch?v=Rm25QCmUC2s&list=PLC_d5n_vB0CrecgNHLjt6kxEMlZDeBqp5&index=35|https://www.youtube.com/watch?v=YCFATEDMe0Y&list=PLC_d5n_vB0CrecgNHLjt6kxEMlZDeBqp5&index=23|https://www.youtube.com/watch?v=r8QPtGvZ4J8&list=PLC_d5n_vB0CrecgNHLjt6kxEMlZDeBqp5&index=31
BTST,BTST_2024,facebook,bacthaysanthuong.viettelmedia,https://www.facebook.com/bacthaysanthuong.viettelmedia,SOURCE_LINKED_CANDIDATE,NEEDS_REVIEW,7,7,HIGH,1,UCzZ94GZFgqqx6Pzbnj3UMjA,2026-08-12T14:31:50.876661+07:00,2026-08-12T14:31:50.876661+07:00,https://www.youtube.com/watch?v=D0OPDAHfFJk&list=PLC_d5n_vB0CrecgNHLjt6kxEMlZDeBqp5&index=25|https://www.youtube.com/watch?v=M6Z8JXw4_NE&list=PLC_d5n_vB0CrecgNHLjt6kxEMlZDeBqp5&index=33|https://www.youtube.com/watch?v=UAtOnWqNOGI&list=PLC_d5n_vB0CrecgNHLjt6kxEMlZDeBqp5&index=30|https://www.youtube.com/watch?v=dlRTlkEiPEg&list=PLC_d5n_vB0CrecgNHLjt6kxEMlZDeBqp5&index=27|https://www.youtube.com/watch?v=lqHG6-0emrg&list=PLC_d5n_vB0CrecgNHLjt6kxEMlZDeBqp5&index=29|https://www.youtube.com/watch?v=vMnPu5O-khE&list=PLC_d5n_vB0CrecgNHLjt6kxEMlZDeBqp5&index=37|https://www.youtube.com/watch?v=xpBEVHT4QNw&list=PLC_d5n_vB0CrecgNHLjt6kxEMlZDeBqp5&index=28
BTST,BTST_2024,tiktok,viettel_media,https://www.tiktok.com/@viettel_media,SOURCE_LINKED_CANDIDATE,NEEDS_REVIEW,7,7,HIGH,1,UCzZ94GZFgqqx6Pzbnj3UMjA,2026-08-12T14:31:50.876661+07:00,2026-08-12T14:31:50.876661+07:00,https://www.youtube.com/watch?v=D0OPDAHfFJk&list=PLC_d5n_vB0CrecgNHLjt6kxEMlZDeBqp5&index=25|https://www.youtube.com/watch?v=M6Z8JXw4_NE&list=PLC_d5n_vB0CrecgNHLjt6kxEMlZDeBqp5&index=33|https://www.youtube.com/watch?v=UAtOnWqNOGI&list=PLC_d5n_vB0CrecgNHLjt6kxEMlZDeBqp5&index=30|https://www.youtube.com/watch?v=dlRTlkEiPEg&list=PLC_d5n_vB0CrecgNHLjt6kxEMlZDeBqp5&index=27|https://www.youtube.com/watch?v=lqHG6-0emrg&list=PLC_d5n_vB0CrecgNHLjt6kxEMlZDeBqp5&index=29|https://www.youtube.com/watch?v=vMnPu5O-khE&list=PLC_d5n_vB0CrecgNHLjt6kxEMlZDeBqp5&index=37|https://www.youtube.com/watch?v=xpBEVHT4QNw&list=PLC_d5n_vB0CrecgNHLjt6kxEMlZDeBqp5&index=28
BTST,BTST_2024,tiktok,viettel_media..,https://www.tiktok.com/@viettel_media..,SOURCE_LINKED_CANDIDATE,NEEDS_REVIEW,4,4,HIGH,1,UCzZ94GZFgqqx6Pzbnj3UMjA,2026-08-12T14:31:50.876661+07:00,2026-08-12T14:31:50.876661+07:00,https://www.youtube.com/watch?v=7U91gHcDMGg&list=PLC_d5n_vB0CrecgNHLjt6kxEMlZDeBqp5&index=36|https://www.youtube.com/watch?v=Rm25QCmUC2s&list=PLC_d5n_vB0CrecgNHLjt6kxEMlZDeBqp5&index=35|https://www.youtube.com/watch?v=YCFATEDMe0Y&list=PLC_d5n_vB0CrecgNHLjt6kxEMlZDeBqp5&index=23|https://www.youtube.com/watch?v=r8QPtGvZ4J8&list=PLC_d5n_vB0CrecgNHLjt6kxEMlZDeBqp5&index=31
CDDG,CDDG_2023|CDDG_2024,facebook,chidepdapgioresong,https://www.facebook.com/chidepdapgioresong,SOURCE_LINKED_CANDIDATE,NEEDS_REVIEW,27,27,HIGH,2,UCecta98cdYVFV6L_lfH__IA|UCh_zF2FsiCflCPgYDudtcqg,2026-08-12T13:30:43.959268+07:00,2026-08-12T13:31:52.156437+07:00,https://www.youtube.com/watch?v=-LAdXYSoPLk&list=PLt3LgMEKzFxxvhzWqiZPdQsr84wrtmK1A&index=12|https://www.youtube.com/watch?v=1XXa2h4EtJI&list=PLt3LgMEKzFxz2EslvirjbydcPyz_MZErF&index=13|https://www.youtube.com/watch?v=9RyOdOoQp9A&list=PLt3LgMEKzFxxvhzWqiZPdQsr84wrtmK1A&index=8|https://www.youtube.com/watch?v=CvQC5KgiK7c&list=PLt3LgMEKzFxz2EslvirjbydcPyz_MZErF&index=11|https://www.youtube.com/watch?v=ErXWrG0vPd4&list=PLt3LgMEKzFxxvhzWqiZPdQsr84wrtmK1A&index=5|https://www.youtube.com/watch?v=FZntC9dTYmE&list=PLt3LgMEKzFxxvhzWqiZPdQsr84wrtmK1A&index=2|https://www.youtube.com/watch?v=GC0PYg7k9wk&list=PLt3LgMEKzFxz2EslvirjbydcPyz_MZErF&index=1|https://www.youtube.com/watch?v=IH6ocKZb7DY&list=PLt3LgMEKzFxxvhzWqiZPdQsr84wrtmK1A&index=4|https://www.youtube.com/watch?v=JTOz0uIPccI&list=PLt3LgMEKzFxxvhzWqiZPdQsr84wrtmK1A&index=6|https://www.youtube.com/watch?v=OqQMkTtMO_g&list=PLt3LgMEKzFxz2EslvirjbydcPyz_MZErF&index=4
CDDG,CDDG_2023,instagram,chidepdapgioresong,https://www.instagram.com/chidepdapgioresong,SOURCE_LINKED_CANDIDATE,NEEDS_REVIEW,14,14,HIGH,1,UCh_zF2FsiCflCPgYDudtcqg,2026-08-12T13:30:43.959268+07:00,2026-08-12T13:30:43.959268+07:00,https://www.youtube.com/watch?v=-LAdXYSoPLk&list=PLt3LgMEKzFxxvhzWqiZPdQsr84wrtmK1A&index=12|https://www.youtube.com/watch?v=9RyOdOoQp9A&list=PLt3LgMEKzFxxvhzWqiZPdQsr84wrtmK1A&index=8|https://www.youtube.com/watch?v=ErXWrG0vPd4&list=PLt3LgMEKzFxxvhzWqiZPdQsr84wrtmK1A&index=5|https://www.youtube.com/watch?v=FZntC9dTYmE&list=PLt3LgMEKzFxxvhzWqiZPdQsr84wrtmK1A&index=2|https://www.youtube.com/watch?v=IH6ocKZb7DY&list=PLt3LgMEKzFxxvhzWqiZPdQsr84wrtmK1A&index=4|https://www.youtube.com/watch?v=JTOz0uIPccI&list=PLt3LgMEKzFxxvhzWqiZPdQsr84wrtmK1A&index=6|https://www.youtube.com/watch?v=QtNJYcJCp18&list=PLt3LgMEKzFxxvhzWqiZPdQsr84wrtmK1A&index=13|https://www.youtube.com/watch?v=UuAXAlZvmtY&list=PLt3LgMEKzFxxvhzWqiZPdQsr84wrtmK1A&index=3|https://www.youtube.com/watch?v=Xh35QRR97Y4&list=PLt3LgMEKzFxxvhzWqiZPdQsr84wrtmK1A&index=1|https://www.youtube.com/watch?v=fWV4aSBxi6s&list=PLt3LgMEKzFxxvhzWqiZPdQsr84wrtmK1A&index=7
CDDG,CDDG_2023|CDDG_2024,tiktok,chidepdapgioresong,https://www.tiktok.com/@chidepdapgioresong,SOURCE_LINKED_CANDIDATE,NEEDS_REVIEW,27,27,HIGH,2,UCecta98cdYVFV6L_lfH__IA|UCh_zF2FsiCflCPgYDudtcqg,2026-08-12T13:30:43.959268+07:00,2026-08-12T13:31:52.156437+07:00,https://www.youtube.com/watch?v=-LAdXYSoPLk&list=PLt3LgMEKzFxxvhzWqiZPdQsr84wrtmK1A&index=12|https://www.youtube.com/watch?v=1XXa2h4EtJI&list=PLt3LgMEKzFxz2EslvirjbydcPyz_MZErF&index=13|https://www.youtube.com/watch?v=9RyOdOoQp9A&list=PLt3LgMEKzFxxvhzWqiZPdQsr84wrtmK1A&index=8|https://www.youtube.com/watch?v=CvQC5KgiK7c&list=PLt3LgMEKzFxz2EslvirjbydcPyz_MZErF&index=11|https://www.youtube.com/watch?v=ErXWrG0vPd4&list=PLt3LgMEKzFxxvhzWqiZPdQsr84wrtmK1A&index=5|https://www.youtube.com/watch?v=FZntC9dTYmE&list=PLt3LgMEKzFxxvhzWqiZPdQsr84wrtmK1A&index=2|https://www.youtube.com/watch?v=GC0PYg7k9wk&list=PLt3LgMEKzFxz2EslvirjbydcPyz_MZErF&index=1|https://www.youtube.com/watch?v=IH6ocKZb7DY&list=PLt3LgMEKzFxxvhzWqiZPdQsr84wrtmK1A&index=4|https://www.youtube.com/watch?v=JTOz0uIPccI&list=PLt3LgMEKzFxxvhzWqiZPdQsr84wrtmK1A&index=6|https://www.youtube.com/watch?v=OqQMkTtMO_g&list=PLt3LgMEKzFxz2EslvirjbydcPyz_MZErF&index=4
CSQC,CSQC_2025,facebook,chiensiquacam.mzchannel,https://www.facebook.com/chiensiquacam.mzchannel,SOURCE_LINKED_CANDIDATE,NEEDS_REVIEW,62,61,HIGH,2,UC7TbGjadpjgOfnUoA-iW6Dg|UCT6NvrJ5DXwEsLRrY3NM02w,2026-08-12T18:16:33.046649+07:00,2026-08-12T18:39:04.110834+07:00,https://www.youtube.com/watch?v=-UyNhfzc3Kw|https://www.youtube.com/watch?v=-ojhLEdLH9U|https://www.youtube.com/watch?v=-vnYCMxYLII|https://www.youtube.com/watch?v=16NRWGq-zH0|https://www.youtube.com/watch?v=2kJuXw46nCM|https://www.youtube.com/watch?v=3RGmOhnHf3M|https://www.youtube.com/watch?v=3b0kazbQ6EY|https://www.youtube.com/watch?v=5aDj55s5Tbc|https://www.youtube.com/watch?v=6sgbncz7lt8|https://www.youtube.com/watch?v=8Rmxw5ttsA4
CSQC,CSQC_2025,facebook,messages,https://www.facebook.com/messages,SOURCE_LINKED_CANDIDATE,NEEDS_REVIEW,1,0,LOW,1,UC-TSfTBp87R0Xiw8nD4PlBg,2026-08-12T18:39:04.110834+07:00,2026-08-12T18:39:04.110834+07:00,https://www.youtube.com/watch?v=Fm4I_CFJMNw
CSQC,CSQC_2025,facebook,neko.light,https://www.facebook.com/neko.light,SOURCE_LINKED_CANDIDATE,NEEDS_REVIEW,1,0,LOW,1,UC-TSfTBp87R0Xiw8nD4PlBg,2026-08-12T18:39:04.110834+07:00,2026-08-12T18:39:04.110834+07:00,https://www.youtube.com/watch?v=Fm4I_CFJMNw
CSQC,CSQC_2025,facebook,nekolandpage,https://www.facebook.com/nekolandpage,SOURCE_LINKED_CANDIDATE,NEEDS_REVIEW,1,0,LOW,1,UC-TSfTBp87R0Xiw8nD4PlBg,2026-08-12T18:39:04.110834+07:00,2026-08-12T18:39:04.110834+07:00,https://www.youtube.com/watch?v=Fm4I_CFJMNw
CSQC,CSQC_2025,facebook,nekolefanpage,https://www.facebook.com/nekolefanpage,SOURCE_LINKED_CANDIDATE,NEEDS_REVIEW,1,0,LOW,1,UC-TSfTBp87R0Xiw8nD4PlBg,2026-08-12T18:39:04.110834+07:00,2026-08-12T18:39:04.110834+07:00,https://www.youtube.com/watch?v=Fm4I_CFJMNw
CSQC,CSQC_2025,instagram,channel,https://www.instagram.com/channel,SOURCE_LINKED_CANDIDATE,NEEDS_REVIEW,1,0,LOW,1,UC-TSfTBp87R0Xiw8nD4PlBg,2026-08-12T18:39:04.110834+07:00,2026-08-12T18:39:04.110834+07:00,https://www.youtube.com/watch?v=Fm4I_CFJMNw
CSQC,CSQC_2025,instagram,chiensiquacam,https://www.instagram.com/chiensiquacam,SOURCE_LINKED_CANDIDATE,NEEDS_REVIEW,62,61,HIGH,2,UC7TbGjadpjgOfnUoA-iW6Dg|UCT6NvrJ5DXwEsLRrY3NM02w,2026-08-12T18:16:33.046649+07:00,2026-08-12T18:39:04.110834+07:00,https://www.youtube.com/watch?v=-UyNhfzc3Kw|https://www.youtube.com/watch?v=-ojhLEdLH9U|https://www.youtube.com/watch?v=-vnYCMxYLII|https://www.youtube.com/watch?v=16NRWGq-zH0|https://www.youtube.com/watch?v=2kJuXw46nCM|https://www.youtube.com/watch?v=3RGmOhnHf3M|https://www.youtube.com/watch?v=3b0kazbQ6EY|https://www.youtube.com/watch?v=5aDj55s5Tbc|https://www.youtube.com/watch?v=6sgbncz7lt8|https://www.youtube.com/watch?v=8Rmxw5ttsA4
CSQC,CSQC_2025,instagram,neko.le23,https://www.instagram.com/neko.le23,SOURCE_LINKED_CANDIDATE,NEEDS_REVIEW,1,0,LOW,1,UC-TSfTBp87R0Xiw8nD4PlBg,2026-08-12T18:39:04.110834+07:00,2026-08-12T18:39:04.110834+07:00,https://www.youtube.com/watch?v=Fm4I_CFJMNw
CSQC,CSQC_2025,tiktok,chiensiquacam.mzchannel,https://www.tiktok.com/@chiensiquacam.mzchannel,SOURCE_LINKED_CANDIDATE,NEEDS_REVIEW,62,61,HIGH,2,UC7TbGjadpjgOfnUoA-iW6Dg|UCT6NvrJ5DXwEsLRrY3NM02w,2026-08-12T18:16:33.046649+07:00,2026-08-12T18:39:04.110834+07:00,https://www.youtube.com/watch?v=-UyNhfzc3Kw|https://www.youtube.com/watch?v=-ojhLEdLH9U|https://www.youtube.com/watch?v=-vnYCMxYLII|https://www.youtube.com/watch?v=16NRWGq-zH0|https://www.youtube.com/watch?v=2kJuXw46nCM|https://www.youtube.com/watch?v=3RGmOhnHf3M|https://www.youtube.com/watch?v=3b0kazbQ6EY|https://www.youtube.com/watch?v=5aDj55s5Tbc|https://www.youtube.com/watch?v=6sgbncz7lt8|https://www.youtube.com/watch?v=8Rmxw5ttsA4
CSQC,CSQC_2025,tiktok,mzchannel.official,https://www.tiktok.com/@mzchannel.official,SOURCE_LINKED_CANDIDATE,NEEDS_REVIEW,61,61,HIGH,2,UC7TbGjadpjgOfnUoA-iW6Dg,2026-08-12T18:16:33.046649+07:00,2026-08-12T18:39:04.110834+07:00,https://www.youtube.com/watch?v=-UyNhfzc3Kw|https://www.youtube.com/watch?v=-ojhLEdLH9U|https://www.youtube.com/watch?v=-vnYCMxYLII|https://www.youtube.com/watch?v=16NRWGq-zH0|https://www.youtube.com/watch?v=3RGmOhnHf3M|https://www.youtube.com/watch?v=3b0kazbQ6EY|https://www.youtube.com/watch?v=5aDj55s5Tbc|https://www.youtube.com/watch?v=6sgbncz7lt8|https://www.youtube.com/watch?v=8Rmxw5ttsA4|https://www.youtube.com/watch?v=9CRDNSNQn5Y
CSQC,CSQC_2025,tiktok,mzchannel_official,https://www.tiktok.com/@mzchannel_official,SOURCE_LINKED_CANDIDATE,NEEDS_REVIEW,1,0,LOW,1,UCT6NvrJ5DXwEsLRrY3NM02w,2026-08-12T18:16:33.046649+07:00,2026-08-12T18:16:33.046649+07:00,https://www.youtube.com/watch?v=2kJuXw46nCM
CSQC,CSQC_2025,tiktok,neko.land23,https://www.tiktok.com/@neko.land23,SOURCE_LINKED_CANDIDATE,NEEDS_REVIEW,1,0,LOW,1,UC-TSfTBp87R0Xiw8nD4PlBg,2026-08-12T18:39:04.110834+07:00,2026-08-12T18:39:04.110834+07:00,https://www.youtube.com/watch?v=Fm4I_CFJMNw
DTGT,DTGT_2025,facebook,dautruonggiatoc.dongtaypromotion,https://www.facebook.com/dautruonggiatoc.dongtaypromotion,SOURCE_LINKED_CANDIDATE,NEEDS_REVIEW,12,12,HIGH,2,UC5bxATIALkxlwWQzACzdjHw|UCFMEYTv6N64hIL9FlQ_hxBw,2026-08-12T14:30:13.671856+07:00,2026-08-12T18:26:40.410244+07:00,https://www.youtube.com/watch?v=-WAD83tAFLM&list=PLy_TpcUT2LZtKjiN00baVxhHVN1HthDiQ&index=3|https://www.youtube.com/watch?v=5a1oq9x5Ea4&list=PLy_TpcUT2LZtKjiN00baVxhHVN1HthDiQ&index=4|https://www.youtube.com/watch?v=8vShlfJv_lI&list=PLy_TpcUT2LZtKjiN00baVxhHVN1HthDiQ&index=11|https://www.youtube.com/watch?v=HFb9tjcMWi4&list=PLy_TpcUT2LZtKjiN00baVxhHVN1HthDiQ&index=6|https://www.youtube.com/watch?v=HbTqOA5gXWk&list=PLy_TpcUT2LZtKjiN00baVxhHVN1HthDiQ&index=10|https://www.youtube.com/watch?v=Tf9DVcSakH4&list=PLy_TpcUT2LZtKjiN00baVxhHVN1HthDiQ&index=5|https://www.youtube.com/watch?v=_VEb7_Kqw30|https://www.youtube.com/watch?v=erWINGggTh0&list=PLy_TpcUT2LZtKjiN00baVxhHVN1HthDiQ&index=1|https://www.youtube.com/watch?v=iz76RZfj2v8&list=PLy_TpcUT2LZtKjiN00baVxhHVN1HthDiQ&index=12|https://www.youtube.com/watch?v=mamNbhyBw78&list=PLy_TpcUT2LZtKjiN00baVxhHVN1HthDiQ&index=13
DTGT,DTGT_2025,facebook,dongtaypromotion,https://www.facebook.com/dongtaypromotion,SOURCE_LINKED_CANDIDATE,NEEDS_REVIEW,12,12,HIGH,1,UCFMEYTv6N64hIL9FlQ_hxBw,2026-08-12T14:30:13.671856+07:00,2026-08-12T14:30:13.671856+07:00,https://www.youtube.com/watch?v=-WAD83tAFLM&list=PLy_TpcUT2LZtKjiN00baVxhHVN1HthDiQ&index=3|https://www.youtube.com/watch?v=2V20IKyMqnM&list=PLy_TpcUT2LZtKjiN00baVxhHVN1HthDiQ&index=2|https://www.youtube.com/watch?v=5a1oq9x5Ea4&list=PLy_TpcUT2LZtKjiN00baVxhHVN1HthDiQ&index=4|https://www.youtube.com/watch?v=8vShlfJv_lI&list=PLy_TpcUT2LZtKjiN00baVxhHVN1HthDiQ&index=11|https://www.youtube.com/watch?v=HFb9tjcMWi4&list=PLy_TpcUT2LZtKjiN00baVxhHVN1HthDiQ&index=6|https://www.youtube.com/watch?v=HbTqOA5gXWk&list=PLy_TpcUT2LZtKjiN00baVxhHVN1HthDiQ&index=10|https://www.youtube.com/watch?v=Tf9DVcSakH4&list=PLy_TpcUT2LZtKjiN00baVxhHVN1HthDiQ&index=5|https://www.youtube.com/watch?v=erWINGggTh0&list=PLy_TpcUT2LZtKjiN00baVxhHVN1HthDiQ&index=1|https://www.youtube.com/watch?v=iz76RZfj2v8&list=PLy_TpcUT2LZtKjiN00baVxhHVN1HthDiQ&index=12|https://www.youtube.com/watch?v=mamNbhyBw78&list=PLy_TpcUT2LZtKjiN00baVxhHVN1HthDiQ&index=13
DTGT,DTGT_2025,facebook,mianlienacecook,https://www.facebook.com/mianlienacecook,SOURCE_LINKED_CANDIDATE,NEEDS_REVIEW,1,1,MEDIUM,1,UCFMEYTv6N64hIL9FlQ_hxBw,2026-08-12T14:30:13.671856+07:00,2026-08-12T14:30:13.671856+07:00,https://www.youtube.com/watch?v=2V20IKyMqnM&list=PLy_TpcUT2LZtKjiN00baVxhHVN1HthDiQ&index=2
DTGT,DTGT_2025,instagram,dongtaypromotion.official,https://www.instagram.com/dongtaypromotion.official,SOURCE_LINKED_CANDIDATE,NEEDS_REVIEW,12,12,HIGH,1,UCFMEYTv6N64hIL9FlQ_hxBw,2026-08-12T14:30:13.671856+07:00,2026-08-12T14:30:13.671856+07:00,https://www.youtube.com/watch?v=-WAD83tAFLM&list=PLy_TpcUT2LZtKjiN00baVxhHVN1HthDiQ&index=3|https://www.youtube.com/watch?v=2V20IKyMqnM&list=PLy_TpcUT2LZtKjiN00baVxhHVN1HthDiQ&index=2|https://www.youtube.com/watch?v=5a1oq9x5Ea4&list=PLy_TpcUT2LZtKjiN00baVxhHVN1HthDiQ&index=4|https://www.youtube.com/watch?v=8vShlfJv_lI&list=PLy_TpcUT2LZtKjiN00baVxhHVN1HthDiQ&index=11|https://www.youtube.com/watch?v=HFb9tjcMWi4&list=PLy_TpcUT2LZtKjiN00baVxhHVN1HthDiQ&index=6|https://www.youtube.com/watch?v=HbTqOA5gXWk&list=PLy_TpcUT2LZtKjiN00baVxhHVN1HthDiQ&index=10|https://www.youtube.com/watch?v=Tf9DVcSakH4&list=PLy_TpcUT2LZtKjiN00baVxhHVN1HthDiQ&index=5|https://www.youtube.com/watch?v=erWINGggTh0&list=PLy_TpcUT2LZtKjiN00baVxhHVN1HthDiQ&index=1|https://www.youtube.com/watch?v=iz76RZfj2v8&list=PLy_TpcUT2LZtKjiN00baVxhHVN1HthDiQ&index=12|https://www.youtube.com/watch?v=mamNbhyBw78&list=PLy_TpcUT2LZtKjiN00baVxhHVN1HthDiQ&index=13
DTGT,DTGT_2025,tiktok,dautruonggiatoc,https://www.tiktok.com/@dautruonggiatoc,SOURCE_LINKED_CANDIDATE,NEEDS_REVIEW,12,12,HIGH,2,UC5bxATIALkxlwWQzACzdjHw|UCFMEYTv6N64hIL9FlQ_hxBw,2026-08-12T14:30:13.671856+07:00,2026-08-12T18:26:40.410244+07:00,https://www.youtube.com/watch?v=-WAD83tAFLM&list=PLy_TpcUT2LZtKjiN00baVxhHVN1HthDiQ&index=3|https://www.youtube.com/watch?v=5a1oq9x5Ea4&list=PLy_TpcUT2LZtKjiN00baVxhHVN1HthDiQ&index=4|https://www.youtube.com/watch?v=8vShlfJv_lI&list=PLy_TpcUT2LZtKjiN00baVxhHVN1HthDiQ&index=11|https://www.youtube.com/watch?v=HFb9tjcMWi4&list=PLy_TpcUT2LZtKjiN00baVxhHVN1HthDiQ&index=6|https://www.youtube.com/watch?v=HbTqOA5gXWk&list=PLy_TpcUT2LZtKjiN00baVxhHVN1HthDiQ&index=10|https://www.youtube.com/watch?v=Tf9DVcSakH4&list=PLy_TpcUT2LZtKjiN00baVxhHVN1HthDiQ&index=5|https://www.youtube.com/watch?v=_VEb7_Kqw30|https://www.youtube.com/watch?v=erWINGggTh0&list=PLy_TpcUT2LZtKjiN00baVxhHVN1HthDiQ&index=1|https://www.youtube.com/watch?v=iz76RZfj2v8&list=PLy_TpcUT2LZtKjiN00baVxhHVN1HthDiQ&index=12|https://www.youtube.com/watch?v=mamNbhyBw78&list=PLy_TpcUT2LZtKjiN00baVxhHVN1HthDiQ&index=13
DTGT,DTGT_2025,tiktok,dongtaypromotionofficial,https://www.tiktok.com/@dongtaypromotionofficial,SOURCE_LINKED_CANDIDATE,NEEDS_REVIEW,12,12,HIGH,1,UCFMEYTv6N64hIL9FlQ_hxBw,2026-08-12T14:30:13.671856+07:00,2026-08-12T14:30:13.671856+07:00,https://www.youtube.com/watch?v=-WAD83tAFLM&list=PLy_TpcUT2LZtKjiN00baVxhHVN1HthDiQ&index=3|https://www.youtube.com/watch?v=2V20IKyMqnM&list=PLy_TpcUT2LZtKjiN00baVxhHVN1HthDiQ&index=2|https://www.youtube.com/watch?v=5a1oq9x5Ea4&list=PLy_TpcUT2LZtKjiN00baVxhHVN1HthDiQ&index=4|https://www.youtube.com/watch?v=8vShlfJv_lI&list=PLy_TpcUT2LZtKjiN00baVxhHVN1HthDiQ&index=11|https://www.youtube.com/watch?v=HFb9tjcMWi4&list=PLy_TpcUT2LZtKjiN00baVxhHVN1HthDiQ&index=6|https://www.youtube.com/watch?v=HbTqOA5gXWk&list=PLy_TpcUT2LZtKjiN00baVxhHVN1HthDiQ&index=10|https://www.youtube.com/watch?v=Tf9DVcSakH4&list=PLy_TpcUT2LZtKjiN00baVxhHVN1HthDiQ&index=5|https://www.youtube.com/watch?v=erWINGggTh0&list=PLy_TpcUT2LZtKjiN00baVxhHVN1HthDiQ&index=1|https://www.youtube.com/watch?v=iz76RZfj2v8&list=PLy_TpcUT2LZtKjiN00baVxhHVN1HthDiQ&index=12|https://www.youtube.com/watch?v=mamNbhyBw78&list=PLy_TpcUT2LZtKjiN00baVxhHVN1HthDiQ&index=13
EXSH,EXSH_2025,facebook,diana.vietnam,https://www.facebook.com/diana.vietnam,SOURCE_LINKED_CANDIDATE,NEEDS_REVIEW,2,2,MEDIUM,1,UC2Lgi2uPsOcCVF3imz7l2mg,2026-08-12T13:28:03.124842+07:00,2026-08-12T13:28:03.124842+07:00,https://www.youtube.com/watch?v=-lFBuMLqfPA&list=PLxKLMN7WdG5D1LrbMdeJMn_fL9FrQbJ6V&index=8|https://www.youtube.com/watch?v=zzP6-SrQ7R8&list=PLxKLMN7WdG5D1LrbMdeJMn_fL9FrQbJ6V&index=7
EXSH,EXSH_2025,facebook,viechannelhtv2,https://www.facebook.com/viechannelhtv2,SOURCE_LINKED_CANDIDATE,NEEDS_REVIEW,25,25,HIGH,1,UC2Lgi2uPsOcCVF3imz7l2mg|UC2fu6CiFfNYz5UFORvFyc0w|UCkna2OcuN1E6u5I8GVtdkOw,2026-08-12T13:28:03.124842+07:00,2026-08-12T13:28:03.124842+07:00,https://www.youtube.com/watch?v=-lFBuMLqfPA&list=PLxKLMN7WdG5D1LrbMdeJMn_fL9FrQbJ6V&index=8|https://www.youtube.com/watch?v=0p2FvtMpYDM&list=PLxKLMN7WdG5D1LrbMdeJMn_fL9FrQbJ6V&index=26|https://www.youtube.com/watch?v=8bykG6rb308&list=PLxKLMN7WdG5D1LrbMdeJMn_fL9FrQbJ6V&index=19|https://www.youtube.com/watch?v=DNOYwiaVstY&list=PLxKLMN7WdG5D1LrbMdeJMn_fL9FrQbJ6V&index=2|https://www.youtube.com/watch?v=FcdcDXMln7o&list=PLxKLMN7WdG5D1LrbMdeJMn_fL9FrQbJ6V&index=28|https://www.youtube.com/watch?v=GNW7dLmYUV8&list=PLxKLMN7WdG5D1LrbMdeJMn_fL9FrQbJ6V&index=23|https://www.youtube.com/watch?v=O-_lQxbES_s&list=PLxKLMN7WdG5D1LrbMdeJMn_fL9FrQbJ6V&index=3|https://www.youtube.com/watch?v=O86YTeWG7q4&list=PLxKLMN7WdG5D1LrbMdeJMn_fL9FrQbJ6V&index=4|https://www.youtube.com/watch?v=PiYnzheu9-Y&list=PLxKLMN7WdG5D1LrbMdeJMn_fL9FrQbJ6V&index=22|https://www.youtube.com/watch?v=Qzc1gq34szk&list=PLxKLMN7WdG5D1LrbMdeJMn_fL9FrQbJ6V&index=21
EXSH,EXSH_2025,instagram,viechannelhtv2,https://www.instagram.com/viechannelhtv2,SOURCE_LINKED_CANDIDATE,NEEDS_REVIEW,25,25,HIGH,1,UC2Lgi2uPsOcCVF3imz7l2mg|UC2fu6CiFfNYz5UFORvFyc0w|UCkna2OcuN1E6u5I8GVtdkOw,2026-08-12T13:28:03.124842+07:00,2026-08-12T13:28:03.124842+07:00,https://www.youtube.com/watch?v=-lFBuMLqfPA&list=PLxKLMN7WdG5D1LrbMdeJMn_fL9FrQbJ6V&index=8|https://www.youtube.com/watch?v=0p2FvtMpYDM&list=PLxKLMN7WdG5D1LrbMdeJMn_fL9FrQbJ6V&index=26|https://www.youtube.com/watch?v=8bykG6rb308&list=PLxKLMN7WdG5D1LrbMdeJMn_fL9FrQbJ6V&index=19|https://www.youtube.com/watch?v=DNOYwiaVstY&list=PLxKLMN7WdG5D1LrbMdeJMn_fL9FrQbJ6V&index=2|https://www.youtube.com/watch?v=FcdcDXMln7o&list=PLxKLMN7WdG5D1LrbMdeJMn_fL9FrQbJ6V&index=28|https://www.youtube.com/watch?v=GNW7dLmYUV8&list=PLxKLMN7WdG5D1LrbMdeJMn_fL9FrQbJ6V&index=23|https://www.youtube.com/watch?v=O-_lQxbES_s&list=PLxKLMN7WdG5D1LrbMdeJMn_fL9FrQbJ6V&index=3|https://www.youtube.com/watch?v=O86YTeWG7q4&list=PLxKLMN7WdG5D1LrbMdeJMn_fL9FrQbJ6V&index=4|https://www.youtube.com/watch?v=PiYnzheu9-Y&list=PLxKLMN7WdG5D1LrbMdeJMn_fL9FrQbJ6V&index=22|https://www.youtube.com/watch?v=Qzc1gq34szk&list=PLxKLMN7WdG5D1LrbMdeJMn_fL9FrQbJ6V&index=21
GDHAHA,GDHAHA_S1,facebook,giadinhaha,https://www.facebook.com/giadinhaha,SOURCE_LINKED_CANDIDATE,NEEDS_REVIEW,52,39,HIGH,2,UC9G7oeTsVSoD2Z2Lt7eKdjQ|UC_np0YZuvNMIJceE6jHeggQ|UCecta98cdYVFV6L_lfH__IA|UCh_zF2FsiCflCPgYDudtcqg,2026-08-12T18:15:18.909179+07:00,2026-08-12T18:38:24.594334+07:00,https://www.youtube.com/watch?v=-LBiZymfNOQ|https://www.youtube.com/watch?v=-oDRqSVjVGY|https://www.youtube.com/watch?v=2Mv3GJygGPw|https://www.youtube.com/watch?v=3UdiCEi6Y40|https://www.youtube.com/watch?v=4aKkzzR6ifE|https://www.youtube.com/watch?v=99rHfB7cQgs|https://www.youtube.com/watch?v=9plPYoyb1ew|https://www.youtube.com/watch?v=9q10WK_xkmk|https://www.youtube.com/watch?v=9v5YHXWRGug|https://www.youtube.com/watch?v=A7O573siD6M
GDHAHA,GDHAHA_S1,facebook,profile.php,https://www.facebook.com/profile.php,SOURCE_LINKED_CANDIDATE,NEEDS_REVIEW,1,0,LOW,1,UC5r5JOriizAdvECu6-Yh8cw,2026-08-12T18:15:18.909179+07:00,2026-08-12T18:15:18.909179+07:00,https://www.youtube.com/watch?v=6nsyqg_xhkg
GDHAHA,GDHAHA_S1,tiktok,giadinhhaha_official,https://www.tiktok.com/@giadinhhaha_official,SOURCE_LINKED_CANDIDATE,NEEDS_REVIEW,52,39,HIGH,2,UC9G7oeTsVSoD2Z2Lt7eKdjQ|UC_np0YZuvNMIJceE6jHeggQ|UCecta98cdYVFV6L_lfH__IA|UCh_zF2FsiCflCPgYDudtcqg,2026-08-12T18:15:18.909179+07:00,2026-08-12T18:38:24.594334+07:00,https://www.youtube.com/watch?v=-LBiZymfNOQ|https://www.youtube.com/watch?v=-oDRqSVjVGY|https://www.youtube.com/watch?v=2Mv3GJygGPw|https://www.youtube.com/watch?v=3UdiCEi6Y40|https://www.youtube.com/watch?v=4aKkzzR6ifE|https://www.youtube.com/watch?v=99rHfB7cQgs|https://www.youtube.com/watch?v=9plPYoyb1ew|https://www.youtube.com/watch?v=9q10WK_xkmk|https://www.youtube.com/watch?v=9v5YHXWRGug|https://www.youtube.com/watch?v=A7O573siD6M
HTRR,HTRR_2023,facebook,dongtaypromotion,https://www.facebook.com/dongtaypromotion,SOURCE_LINKED_CANDIDATE,NEEDS_REVIEW,22,22,HIGH,1,UCFMEYTv6N64hIL9FlQ_hxBw,2026-08-12T14:33:16.956174+07:00,2026-08-12T14:33:16.956174+07:00,https://www.youtube.com/watch?v=-pAxDFjMapA&list=PLy_TpcUT2LZtT4YxNqO277e2zk-7oUS_6&index=24|https://www.youtube.com/watch?v=4Ga-vpXo4Uc&list=PLy_TpcUT2LZtT4YxNqO277e2zk-7oUS_6&index=7|https://www.youtube.com/watch?v=6sUTRygdhZ8&list=PLy_TpcUT2LZtT4YxNqO277e2zk-7oUS_6&index=22|https://www.youtube.com/watch?v=7uw4lcoRXW4&list=PLy_TpcUT2LZtT4YxNqO277e2zk-7oUS_6&index=18|https://www.youtube.com/watch?v=8DNMXPhvwz0&list=PLy_TpcUT2LZtT4YxNqO277e2zk-7oUS_6&index=8|https://www.youtube.com/watch?v=8pqbkEZsnTQ&list=PLy_TpcUT2LZtT4YxNqO277e2zk-7oUS_6&index=4|https://www.youtube.com/watch?v=D5CwUO6tdMM&list=PLy_TpcUT2LZtT4YxNqO277e2zk-7oUS_6&index=9|https://www.youtube.com/watch?v=FSFHU581-Fo&list=PLy_TpcUT2LZtT4YxNqO277e2zk-7oUS_6&index=2|https://www.youtube.com/watch?v=Gr5Zthvftg4&list=PLy_TpcUT2LZtT4YxNqO277e2zk-7oUS_6&index=6|https://www.youtube.com/watch?v=IyKYci8EkRQ&list=PLy_TpcUT2LZtT4YxNqO277e2zk-7oUS_6&index=12
HTRR,HTRR_2023,instagram,dongtaypromotion.official,https://www.instagram.com/dongtaypromotion.official,SOURCE_LINKED_CANDIDATE,NEEDS_REVIEW,22,22,HIGH,1,UCFMEYTv6N64hIL9FlQ_hxBw,2026-08-12T14:33:16.956174+07:00,2026-08-12T14:33:16.956174+07:00,https://www.youtube.com/watch?v=-pAxDFjMapA&list=PLy_TpcUT2LZtT4YxNqO277e2zk-7oUS_6&index=24|https://www.youtube.com/watch?v=4Ga-vpXo4Uc&list=PLy_TpcUT2LZtT4YxNqO277e2zk-7oUS_6&index=7|https://www.youtube.com/watch?v=6sUTRygdhZ8&list=PLy_TpcUT2LZtT4YxNqO277e2zk-7oUS_6&index=22|https://www.youtube.com/watch?v=7uw4lcoRXW4&list=PLy_TpcUT2LZtT4YxNqO277e2zk-7oUS_6&index=18|https://www.youtube.com/watch?v=8DNMXPhvwz0&list=PLy_TpcUT2LZtT4YxNqO277e2zk-7oUS_6&index=8|https://www.youtube.com/watch?v=8pqbkEZsnTQ&list=PLy_TpcUT2LZtT4YxNqO277e2zk-7oUS_6&index=4|https://www.youtube.com/watch?v=D5CwUO6tdMM&list=PLy_TpcUT2LZtT4YxNqO277e2zk-7oUS_6&index=9|https://www.youtube.com/watch?v=FSFHU581-Fo&list=PLy_TpcUT2LZtT4YxNqO277e2zk-7oUS_6&index=2|https://www.youtube.com/watch?v=Gr5Zthvftg4&list=PLy_TpcUT2LZtT4YxNqO277e2zk-7oUS_6&index=6|https://www.youtube.com/watch?v=IyKYci8EkRQ&list=PLy_TpcUT2LZtT4YxNqO277e2zk-7oUS_6&index=12
HTRR,HTRR_2023,tiktok,dongtaypromotionofficial,https://www.tiktok.com/@dongtaypromotionofficial,SOURCE_LINKED_CANDIDATE,NEEDS_REVIEW,22,22,HIGH,1,UCFMEYTv6N64hIL9FlQ_hxBw,2026-08-12T14:33:16.956174+07:00,2026-08-12T14:33:16.956174+07:00,https://www.youtube.com/watch?v=-pAxDFjMapA&list=PLy_TpcUT2LZtT4YxNqO277e2zk-7oUS_6&index=24|https://www.youtube.com/watch?v=4Ga-vpXo4Uc&list=PLy_TpcUT2LZtT4YxNqO277e2zk-7oUS_6&index=7|https://www.youtube.com/watch?v=6sUTRygdhZ8&list=PLy_TpcUT2LZtT4YxNqO277e2zk-7oUS_6&index=22|https://www.youtube.com/watch?v=7uw4lcoRXW4&list=PLy_TpcUT2LZtT4YxNqO277e2zk-7oUS_6&index=18|https://www.youtube.com/watch?v=8DNMXPhvwz0&list=PLy_TpcUT2LZtT4YxNqO277e2zk-7oUS_6&index=8|https://www.youtube.com/watch?v=8pqbkEZsnTQ&list=PLy_TpcUT2LZtT4YxNqO277e2zk-7oUS_6&index=4|https://www.youtube.com/watch?v=D5CwUO6tdMM&list=PLy_TpcUT2LZtT4YxNqO277e2zk-7oUS_6&index=9|https://www.youtube.com/watch?v=FSFHU581-Fo&list=PLy_TpcUT2LZtT4YxNqO277e2zk-7oUS_6&index=2|https://www.youtube.com/watch?v=Gr5Zthvftg4&list=PLy_TpcUT2LZtT4YxNqO277e2zk-7oUS_6&index=6|https://www.youtube.com/watch?v=IyKYci8EkRQ&list=PLy_TpcUT2LZtT4YxNqO277e2zk-7oUS_6&index=12
LCHC,LCHC_2023,facebook,htv.hcm,https://www.facebook.com/htv.hcm,SOURCE_LINKED_CANDIDATE,NEEDS_REVIEW,30,30,HIGH,1,UCbq8aOyj9ZtIqcD-0MwG1fQ,2026-08-12T14:39:15.554943+07:00,2026-08-12T14:39:15.554943+07:00,https://www.youtube.com/watch?v=-iUM_VFRk5U&list=PLJSRfYQoW3dmvVTD69QV9X8wpEgxGFfca&index=28|https://www.youtube.com/watch?v=-wCGpXvncaY&list=PLJSRfYQoW3dmvVTD69QV9X8wpEgxGFfca&index=19|https://www.youtube.com/watch?v=6igCf-EP3Tc&list=PLJSRfYQoW3dmvVTD69QV9X8wpEgxGFfca&index=29|https://www.youtube.com/watch?v=8gGzIo_vgxA&list=PLJSRfYQoW3dmvVTD69QV9X8wpEgxGFfca&index=7|https://www.youtube.com/watch?v=8lTMF4KHaOU&list=PLJSRfYQoW3dmvVTD69QV9X8wpEgxGFfca&index=30|https://www.youtube.com/watch?v=8poLNRFOrI0&list=PLJSRfYQoW3dmvVTD69QV9X8wpEgxGFfca&index=6|https://www.youtube.com/watch?v=B2tRR8fGb6c&list=PLJSRfYQoW3dmvVTD69QV9X8wpEgxGFfca&index=18|https://www.youtube.com/watch?v=C7hRrH4zIps&list=PLJSRfYQoW3dmvVTD69QV9X8wpEgxGFfca&index=9|https://www.youtube.com/watch?v=DfyU9OA7P-4&list=PLJSRfYQoW3dmvVTD69QV9X8wpEgxGFfca&index=27|https://www.youtube.com/watch?v=L-mEt6NfURE&list=PLJSRfYQoW3dmvVTD69QV9X8wpEgxGFfca&index=26
MAGDV,MAGDV_CONTINUOUS,facebook,beecommnetwork,https://www.facebook.com/beecommnetwork,SOURCE_LINKED_CANDIDATE,NEEDS_REVIEW,61,61,HIGH,1,UClOMHp76zB3wHcKGYxTRWFA,2026-08-12T14:46:24.722846+07:00,2026-08-12T14:46:24.722846+07:00,https://www.youtube.com/watch?v=4g87MXCejDs&list=PLDNVHSVr-vVkKKgcJr--k4Dtplx8TwHmW&index=23|https://www.youtube.com/watch?v=5qLkfI_D9g4&list=PLDNVHSVr-vVkKKgcJr--k4Dtplx8TwHmW&index=55|https://www.youtube.com/watch?v=8bXTcPkA-5o&list=PLDNVHSVr-vVkKKgcJr--k4Dtplx8TwHmW&index=15|https://www.youtube.com/watch?v=8i2a9D8v3e4&list=PLDNVHSVr-vVkKKgcJr--k4Dtplx8TwHmW&index=13|https://www.youtube.com/watch?v=8rI1fOk_sQs&list=PLDNVHSVr-vVkKKgcJr--k4Dtplx8TwHmW&index=26|https://www.youtube.com/watch?v=9VPCArT2018&list=PLDNVHSVr-vVkKKgcJr--k4Dtplx8TwHmW&index=20|https://www.youtube.com/watch?v=Ac2DGvM_LRw&list=PLDNVHSVr-vVkKKgcJr--k4Dtplx8TwHmW&index=14|https://www.youtube.com/watch?v=BoHwSArMwe8&list=PLDNVHSVr-vVkKKgcJr--k4Dtplx8TwHmW&index=36|https://www.youtube.com/watch?v=DEnnQwS9Arc&list=PLDNVHSVr-vVkKKgcJr--k4Dtplx8TwHmW&index=27|https://www.youtube.com/watch?v=HP6mZi69pZI&list=PLDNVHSVr-vVkKKgcJr--k4Dtplx8TwHmW&index=59
MAGDV,MAGDV_CONTINUOUS,facebook,goldenmoonne..,https://www.facebook.com/goldenmoonne..,SOURCE_LINKED_CANDIDATE,NEEDS_REVIEW,18,18,HIGH,1,UClOMHp76zB3wHcKGYxTRWFA,2026-08-12T14:46:24.722846+07:00,2026-08-12T14:46:24.722846+07:00,https://www.youtube.com/watch?v=1wqiL_lIocA&list=PLDNVHSVr-vVkKKgcJr--k4Dtplx8TwHmW&index=182|https://www.youtube.com/watch?v=5JN4pyK124Q&list=PLDNVHSVr-vVkKKgcJr--k4Dtplx8TwHmW&index=183|https://www.youtube.com/watch?v=8_4n97cdD1c&list=PLDNVHSVr-vVkKKgcJr--k4Dtplx8TwHmW&index=188|https://www.youtube.com/watch?v=DNr_BKGjyGI&list=PLDNVHSVr-vVkKKgcJr--k4Dtplx8TwHmW&index=181|https://www.youtube.com/watch?v=Jub1VU98C1Q&list=PLDNVHSVr-vVkKKgcJr--k4Dtplx8TwHmW&index=194|https://www.youtube.com/watch?v=LEJL2WK8kiM&list=PLDNVHSVr-vVkKKgcJr--k4Dtplx8TwHmW&index=191|https://www.youtube.com/watch?v=Q8T5XsFzv3A&list=PLDNVHSVr-vVkKKgcJr--k4Dtplx8TwHmW&index=195|https://www.youtube.com/watch?v=d9ARkVZNOAo&list=PLDNVHSVr-vVkKKgcJr--k4Dtplx8TwHmW&index=179|https://www.youtube.com/watch?v=gLtePPnkaOc&list=PLDNVHSVr-vVkKKgcJr--k4Dtplx8TwHmW&index=190|https://www.youtube.com/watch?v=gpoYmpp1bVk&list=PLDNVHSVr-vVkKKgcJr--k4Dtplx8TwHmW&index=186
MAGDV,MAGDV_CONTINUOUS,facebook,goldenmoonnetwork,https://www.facebook.com/goldenmoonnetwork,SOURCE_LINKED_CANDIDATE,NEEDS_REVIEW,134,134,HIGH,1,UClOMHp76zB3wHcKGYxTRWFA,2026-08-12T14:46:24.722846+07:00,2026-08-12T14:46:24.722846+07:00,https://www.youtube.com/watch?v=09U3u2W4hpE&list=PLDNVHSVr-vVkKKgcJr--k4Dtplx8TwHmW&index=90|https://www.youtube.com/watch?v=0XsDJ9tkx3Q&list=PLDNVHSVr-vVkKKgcJr--k4Dtplx8TwHmW&index=131|https://www.youtube.com/watch?v=0vk2VVEoYhI&list=PLDNVHSVr-vVkKKgcJr--k4Dtplx8TwHmW&index=107|https://www.youtube.com/watch?v=1P1AWJhGyss&list=PLDNVHSVr-vVkKKgcJr--k4Dtplx8TwHmW&index=133|https://www.youtube.com/watch?v=1wqiL_lIocA&list=PLDNVHSVr-vVkKKgcJr--k4Dtplx8TwHmW&index=182|https://www.youtube.com/watch?v=2akIXg55tws&list=PLDNVHSVr-vVkKKgcJr--k4Dtplx8TwHmW&index=85|https://www.youtube.com/watch?v=2yeyKzMA3FY&list=PLDNVHSVr-vVkKKgcJr--k4Dtplx8TwHmW&index=157|https://www.youtube.com/watch?v=34dBK3fB9D4&list=PLDNVHSVr-vVkKKgcJr--k4Dtplx8TwHmW&index=151|https://www.youtube.com/watch?v=4rWZ7KTACNk&list=PLDNVHSVr-vVkKKgcJr--k4Dtplx8TwHmW&index=150|https://www.youtube.com/watch?v=5JN4pyK124Q&list=PLDNVHSVr-vVkKKgcJr--k4Dtplx8TwHmW&index=183
MVNBLST,MVNBLST_S1|MVNBLST_S2|MVNBLST_S3|MVNBLST_S4|MVNBLST_S5,facebook,htv.hcm,https://www.facebook.com/htv.hcm,SOURCE_LINKED_CANDIDATE,NEEDS_REVIEW,59,59,HIGH,5,UCbq8aOyj9ZtIqcD-0MwG1fQ,2026-08-12T18:19:17.797329+07:00,2026-08-12T18:27:38.719565+07:00,https://www.youtube.com/watch?v=-pph2VsT8KY|https://www.youtube.com/watch?v=-ynD896rvzY|https://www.youtube.com/watch?v=0_219M4qEV0|https://www.youtube.com/watch?v=1sl8ElJVvfo|https://www.youtube.com/watch?v=5X3-IYubPuI|https://www.youtube.com/watch?v=8nV82ehZf20|https://www.youtube.com/watch?v=AQk--_LVzgo|https://www.youtube.com/watch?v=AfP9uWukWbE|https://www.youtube.com/watch?v=D3TKXPY60M0|https://www.youtube.com/watch?v=DfVCVkvDGcA
MVNBLST,MVNBLST_S1|MVNBLST_S2|MVNBLST_S3|MVNBLST_S4,facebook,mevangnhabalasieunhan,https://www.facebook.com/mevangnhabalasieunhan,SOURCE_LINKED_CANDIDATE,NEEDS_REVIEW,6,6,HIGH,4,UCT4q1IIX1rWoN95I-_89aVw,2026-08-12T18:19:17.797329+07:00,2026-08-12T18:25:04.193801+07:00,https://www.youtube.com/watch?v=-31JrDUQqKk|https://www.youtube.com/watch?v=115sg7RBJUY|https://www.youtube.com/watch?v=cpBMX1iycsU|https://www.youtube.com/watch?v=h4gKU9f5PPE|https://www.youtube.com/watch?v=owqoZ9ydtAI|https://www.youtube.com/watch?v=xUfuXW0HlUA
MVNBLST,MVNBLST_S1|MVNBLST_S2|MVNBLST_S3|MVNBLST_S4|MVNBLST_S5,tiktok,htvofficial,https://www.tiktok.com/@htvofficial,SOURCE_LINKED_CANDIDATE,NEEDS_REVIEW,18,18,HIGH,5,UCbq8aOyj9ZtIqcD-0MwG1fQ,2026-08-12T18:19:17.797329+07:00,2026-08-12T18:27:38.719565+07:00,https://www.youtube.com/watch?v=-pph2VsT8KY|https://www.youtube.com/watch?v=5X3-IYubPuI|https://www.youtube.com/watch?v=AQk--_LVzgo|https://www.youtube.com/watch?v=KhLBJny21Qk|https://www.youtube.com/watch?v=LB7GwU8rmEQ|https://www.youtube.com/watch?v=P00k-HL7-j8|https://www.youtube.com/watch?v=PuxXAVvZR3o|https://www.youtube.com/watch?v=Vw0XPXf0CJQ|https://www.youtube.com/watch?v=WFoPK8WO4_A|https://www.youtube.com/watch?v=ZcuAvCXUZhE
NHVDDP,NHVDDP_2024,facebook,htv.hcm,https://www.facebook.com/htv.hcm,SOURCE_LINKED_CANDIDATE,NEEDS_REVIEW,35,35,HIGH,1,UCbq8aOyj9ZtIqcD-0MwG1fQ,2026-08-12T14:02:28.457550+07:00,2026-08-12T14:02:28.457550+07:00,https://www.youtube.com/watch?v=-8aJGDB6bAk&list=PLJSRfYQoW3dlrKn-U263kJN6t8JogGz0r&index=11|https://www.youtube.com/watch?v=-H8-h4jsRvk&list=PLJSRfYQoW3dlrKn-U263kJN6t8JogGz0r&index=23|https://www.youtube.com/watch?v=06Z2gehsFqw&list=PLJSRfYQoW3dlrKn-U263kJN6t8JogGz0r&index=5|https://www.youtube.com/watch?v=49Qgth6Ga04&list=PLJSRfYQoW3dlrKn-U263kJN6t8JogGz0r&index=3|https://www.youtube.com/watch?v=4VA5JTktIBQ&list=PLJSRfYQoW3dlrKn-U263kJN6t8JogGz0r&index=7|https://www.youtube.com/watch?v=6N_lgzv3wFs&list=PLJSRfYQoW3dlrKn-U263kJN6t8JogGz0r&index=27|https://www.youtube.com/watch?v=7U2NWuFAOv8&list=PLJSRfYQoW3dlrKn-U263kJN6t8JogGz0r&index=35|https://www.youtube.com/watch?v=8ClSKzIXYPo&list=PLJSRfYQoW3dlrKn-U263kJN6t8JogGz0r&index=21|https://www.youtube.com/watch?v=9NL9gYnsxRU&list=PLJSRfYQoW3dlrKn-U263kJN6t8JogGz0r&index=2|https://www.youtube.com/watch?v=ChZ1BBGYGJc&list=PLJSRfYQoW3dlrKn-U263kJN6t8JogGz0r&index=8
NHVDDP,NHVDDP_2024,tiktok,htvofficial,https://www.tiktok.com/@htvofficial,SOURCE_LINKED_CANDIDATE,NEEDS_REVIEW,8,8,HIGH,1,UCbq8aOyj9ZtIqcD-0MwG1fQ,2026-08-12T14:02:28.457550+07:00,2026-08-12T14:02:28.457550+07:00,https://www.youtube.com/watch?v=7U2NWuFAOv8&list=PLJSRfYQoW3dlrKn-U263kJN6t8JogGz0r&index=35|https://www.youtube.com/watch?v=9NL9gYnsxRU&list=PLJSRfYQoW3dlrKn-U263kJN6t8JogGz0r&index=2|https://www.youtube.com/watch?v=FPKouqoV1Ko&list=PLJSRfYQoW3dlrKn-U263kJN6t8JogGz0r&index=20|https://www.youtube.com/watch?v=Tua7IjtxPWA&list=PLJSRfYQoW3dlrKn-U263kJN6t8JogGz0r&index=1|https://www.youtube.com/watch?v=jyNIIb4Vzj4&list=PLJSRfYQoW3dlrKn-U263kJN6t8JogGz0r&index=10|https://www.youtube.com/watch?v=wA2gFjZdbpk&list=PLJSRfYQoW3dlrKn-U263kJN6t8JogGz0r&index=34|https://www.youtube.com/watch?v=z-MiG42piqY&list=PLJSRfYQoW3dlrKn-U263kJN6t8JogGz0r&index=36|https://www.youtube.com/watch?v=z2_54GZwNKs&list=PLJSRfYQoW3dlrKn-U263kJN6t8JogGz0r&index=37
OURSONG,OURSONG_2024,facebook,dongtaypromotion,https://www.facebook.com/dongtaypromotion,SOURCE_LINKED_CANDIDATE,NEEDS_REVIEW,15,15,HIGH,1,UCFMEYTv6N64hIL9FlQ_hxBw,2026-08-12T14:00:36.110442+07:00,2026-08-12T14:00:36.110442+07:00,https://www.youtube.com/watch?v=0HMkCTg_IFE&list=PLy_TpcUT2LZs0BkTqKYtAn61FZgtT3XwP&index=12|https://www.youtube.com/watch?v=1PbUucFccGg&list=PLy_TpcUT2LZs0BkTqKYtAn61FZgtT3XwP&index=3|https://www.youtube.com/watch?v=2V20IKyMqnM&list=PLy_TpcUT2LZs0BkTqKYtAn61FZgtT3XwP&index=2|https://www.youtube.com/watch?v=ElnXBYa2hsQ&list=PLy_TpcUT2LZs0BkTqKYtAn61FZgtT3XwP&index=6|https://www.youtube.com/watch?v=MbLvPIt7cAA&list=PLy_TpcUT2LZs0BkTqKYtAn61FZgtT3XwP&index=13|https://www.youtube.com/watch?v=PJ7ZVNcyqvM&list=PLy_TpcUT2LZs0BkTqKYtAn61FZgtT3XwP&index=5|https://www.youtube.com/watch?v=RUpi6MrvdUo&list=PLy_TpcUT2LZs0BkTqKYtAn61FZgtT3XwP&index=7|https://www.youtube.com/watch?v=RYPVmeZ0RCk&list=PLy_TpcUT2LZs0BkTqKYtAn61FZgtT3XwP&index=10|https://www.youtube.com/watch?v=RoBPjIwFbb0&list=PLy_TpcUT2LZs0BkTqKYtAn61FZgtT3XwP&index=9|https://www.youtube.com/watch?v=Z-z5GnsUEeE&list=PLy_TpcUT2LZs0BkTqKYtAn61FZgtT3XwP&index=4
OURSONG,OURSONG_2024,facebook,mianlienacecook,https://www.facebook.com/mianlienacecook,SOURCE_LINKED_CANDIDATE,NEEDS_REVIEW,1,1,MEDIUM,1,UCFMEYTv6N64hIL9FlQ_hxBw,2026-08-12T14:00:36.110442+07:00,2026-08-12T14:00:36.110442+07:00,https://www.youtube.com/watch?v=2V20IKyMqnM&list=PLy_TpcUT2LZs0BkTqKYtAn61FZgtT3XwP&index=2
OURSONG,OURSONG_2024,instagram,dongtaypromotion.official,https://www.instagram.com/dongtaypromotion.official,SOURCE_LINKED_CANDIDATE,NEEDS_REVIEW,15,15,HIGH,1,UCFMEYTv6N64hIL9FlQ_hxBw,2026-08-12T14:00:36.110442+07:00,2026-08-12T14:00:36.110442+07:00,https://www.youtube.com/watch?v=0HMkCTg_IFE&list=PLy_TpcUT2LZs0BkTqKYtAn61FZgtT3XwP&index=12|https://www.youtube.com/watch?v=1PbUucFccGg&list=PLy_TpcUT2LZs0BkTqKYtAn61FZgtT3XwP&index=3|https://www.youtube.com/watch?v=2V20IKyMqnM&list=PLy_TpcUT2LZs0BkTqKYtAn61FZgtT3XwP&index=2|https://www.youtube.com/watch?v=ElnXBYa2hsQ&list=PLy_TpcUT2LZs0BkTqKYtAn61FZgtT3XwP&index=6|https://www.youtube.com/watch?v=MbLvPIt7cAA&list=PLy_TpcUT2LZs0BkTqKYtAn61FZgtT3XwP&index=13|https://www.youtube.com/watch?v=PJ7ZVNcyqvM&list=PLy_TpcUT2LZs0BkTqKYtAn61FZgtT3XwP&index=5|https://www.youtube.com/watch?v=RUpi6MrvdUo&list=PLy_TpcUT2LZs0BkTqKYtAn61FZgtT3XwP&index=7|https://www.youtube.com/watch?v=RYPVmeZ0RCk&list=PLy_TpcUT2LZs0BkTqKYtAn61FZgtT3XwP&index=10|https://www.youtube.com/watch?v=RoBPjIwFbb0&list=PLy_TpcUT2LZs0BkTqKYtAn61FZgtT3XwP&index=9|https://www.youtube.com/watch?v=Z-z5GnsUEeE&list=PLy_TpcUT2LZs0BkTqKYtAn61FZgtT3XwP&index=4
OURSONG,OURSONG_2024,tiktok,dongtaypromotionofficial,https://www.tiktok.com/@dongtaypromotionofficial,SOURCE_LINKED_CANDIDATE,NEEDS_REVIEW,15,15,HIGH,1,UCFMEYTv6N64hIL9FlQ_hxBw,2026-08-12T14:00:36.110442+07:00,2026-08-12T14:00:36.110442+07:00,https://www.youtube.com/watch?v=0HMkCTg_IFE&list=PLy_TpcUT2LZs0BkTqKYtAn61FZgtT3XwP&index=12|https://www.youtube.com/watch?v=1PbUucFccGg&list=PLy_TpcUT2LZs0BkTqKYtAn61FZgtT3XwP&index=3|https://www.youtube.com/watch?v=2V20IKyMqnM&list=PLy_TpcUT2LZs0BkTqKYtAn61FZgtT3XwP&index=2|https://www.youtube.com/watch?v=ElnXBYa2hsQ&list=PLy_TpcUT2LZs0BkTqKYtAn61FZgtT3XwP&index=6|https://www.youtube.com/watch?v=MbLvPIt7cAA&list=PLy_TpcUT2LZs0BkTqKYtAn61FZgtT3XwP&index=13|https://www.youtube.com/watch?v=PJ7ZVNcyqvM&list=PLy_TpcUT2LZs0BkTqKYtAn61FZgtT3XwP&index=5|https://www.youtube.com/watch?v=RUpi6MrvdUo&list=PLy_TpcUT2LZs0BkTqKYtAn61FZgtT3XwP&index=7|https://www.youtube.com/watch?v=RYPVmeZ0RCk&list=PLy_TpcUT2LZs0BkTqKYtAn61FZgtT3XwP&index=10|https://www.youtube.com/watch?v=RoBPjIwFbb0&list=PLy_TpcUT2LZs0BkTqKYtAn61FZgtT3XwP&index=9|https://www.youtube.com/watch?v=Z-z5GnsUEeE&list=PLy_TpcUT2LZs0BkTqKYtAn61FZgtT3XwP&index=4
RAPVIET,RAPVIET_2020,facebook,artistwowy,https://www.facebook.com/artistwowy,SOURCE_LINKED_CANDIDATE,NEEDS_REVIEW,2,0,LOW,1,UC4epxz9TwShqMzkmm28nh2w,2026-08-12T16:26:07.057856+07:00,2026-08-12T16:26:07.057856+07:00,https://www.youtube.com/watch?v=7jQipab-Ddc&list=RD7jQipab-Ddc&start_radio=1|https://www.youtube.com/watch?v=j0GGyKgouvw&list=RDj0GGyKgouvw&start_radio=1
RAPVIET,RAPVIET_2020,facebook,becksvn.offi..,https://www.facebook.com/becksvn.offi..,SOURCE_LINKED_CANDIDATE,NEEDS_REVIEW,1,0,LOW,1,UC0IpGYsi1KVorZ7QVCHfdag,2026-08-12T16:26:07.057856+07:00,2026-08-12T16:26:07.057856+07:00,https://www.youtube.com/watch?v=jgZkrA8E5do&list=RDjgZkrA8E5do&start_radio=1
RAPVIET,RAPVIET_2020,facebook,binz.le,https://www.facebook.com/binz.le,SOURCE_LINKED_CANDIDATE,NEEDS_REVIEW,1,0,LOW,1,UC0IpGYsi1KVorZ7QVCHfdag,2026-08-12T16:26:07.057856+07:00,2026-08-12T16:26:07.057856+07:00,https://www.youtube.com/watch?v=jgZkrA8E5do&list=RDjgZkrA8E5do&start_radio=1
RAPVIET,RAPVIET_2020,facebook,dcgangs,https://www.facebook.com/dcgangs,SOURCE_LINKED_CANDIDATE,NEEDS_REVIEW,1,0,LOW,1,UC2U9kSoYZaeaaeOHK9TyAag,2026-08-12T16:26:07.057856+07:00,2026-08-12T16:26:07.057856+07:00,https://www.youtube.com/watch?v=DvUjzHqmPHU&list=RDDvUjzHqmPHU&start_radio=1
RAPVIET,RAPVIET_2020,facebook,dvtuantran,https://www.facebook.com/dvtuantran,SOURCE_LINKED_CANDIDATE,NEEDS_REVIEW,1,0,LOW,1,UCE5_ajsZzs_gLLfsrrQzgNg,2026-08-12T16:26:07.057856+07:00,2026-08-12T16:26:07.057856+07:00,https://www.youtube.com/watch?v=pBSv1ZJWSAY
RAPVIET,RAPVIET_2020,facebook,faptv.thaivu,https://www.facebook.com/faptv.thaivu,SOURCE_LINKED_CANDIDATE,NEEDS_REVIEW,1,0,LOW,1,UC0jDoh3tVXCaqJ6oTve8ebA,2026-08-12T16:26:07.057856+07:00,2026-08-12T16:26:07.057856+07:00,https://www.youtube.com/watch?v=DaCtL3pjcFs
RAPVIET,RAPVIET_2020,facebook,freefirevn,https://www.facebook.com/freefirevn,SOURCE_LINKED_CANDIDATE,NEEDS_REVIEW,1,0,LOW,1,UCKgALVAg70mbC4SwhkyhvRw,2026-08-12T16:26:07.057856+07:00,2026-08-12T16:26:07.057856+07:00,https://www.youtube.com/watch?v=QBvL3Ffn1u4&list=RDQBvL3Ffn1u4&start_radio=1
RAPVIET,RAPVIET_2021,facebook,herothanh61,https://www.facebook.com/herothanh61,SOURCE_LINKED_CANDIDATE,NEEDS_REVIEW,1,0,LOW,1,UC1g9cYom4vYnNt3EUEl08Lg,2026-08-12T16:28:38.436878+07:00,2026-08-12T16:28:38.436878+07:00,https://www.youtube.com/watch?v=8J5deuAfPNo
RAPVIET,RAPVIET_2020,facebook,huynhphuongfaptv,https://www.facebook.com/huynhphuongfaptv,SOURCE_LINKED_CANDIDATE,NEEDS_REVIEW,1,0,LOW,1,UC0jDoh3tVXCaqJ6oTve8ebA,2026-08-12T16:26:07.057856+07:00,2026-08-12T16:26:07.057856+07:00,https://www.youtube.com/watch?v=DaCtL3pjcFs
RAPVIET,RAPVIET_2020,facebook,kingofrap.vn,https://www.facebook.com/kingofrap.vn,SOURCE_LINKED_CANDIDATE,NEEDS_REVIEW,5,0,LOW,1,UCF5RuEuoGrqGtscvLGLOMew|UCZq4u4hadohQDXO6ra8aubQ,2026-08-12T16:26:07.057856+07:00,2026-08-12T16:26:07.057856+07:00,https://www.youtube.com/watch?v=2Qk547vzDbI&list=RD2Qk547vzDbI&start_radio=1|https://www.youtube.com/watch?v=Kg-8JeBCrBc|https://www.youtube.com/watch?v=qf669rs8G4Q|https://www.youtube.com/watch?v=w_aG_OX7HyU|https://www.youtube.com/watch?v=xrK2VheacxM
RAPVIET,RAPVIET_2020,facebook,langvanmusic,https://www.facebook.com/langvanmusic,SOURCE_LINKED_CANDIDATE,NEEDS_REVIEW,1,0,LOW,1,UCjJc_1aOk-sopXeBKU6ExAw,2026-08-12T16:26:07.057856+07:00,2026-08-12T16:26:07.057856+07:00,https://www.youtube.com/watch?v=4nXySbfCbDA&list=RD4nXySbfCbDA&start_radio=1
RAPVIET,RAPVIET_2020,facebook,legendgarenafreefirevn,https://www.facebook.com/legendgarenafreefirevn,SOURCE_LINKED_CANDIDATE,NEEDS_REVIEW,1,0,LOW,1,UCKgALVAg70mbC4SwhkyhvRw,2026-08-12T16:26:07.057856+07:00,2026-08-12T16:26:07.057856+07:00,https://www.youtube.com/watch?v=QBvL3Ffn1u4&list=RDQBvL3Ffn1u4&start_radio=1
RAPVIET,RAPVIET_2020,facebook,longliveyoungazier,https://www.facebook.com/longliveyoungazier,SOURCE_LINKED_CANDIDATE,NEEDS_REVIEW,1,0,LOW,1,UC2U9kSoYZaeaaeOHK9TyAag,2026-08-12T16:26:07.057856+07:00,2026-08-12T16:26:07.057856+07:00,https://www.youtube.com/watch?v=DvUjzHqmPHU&list=RDDvUjzHqmPHU&start_radio=1
RAPVIET,RAPVIET_2020,facebook,maixuanthu.faptv,https://www.facebook.com/maixuanthu.faptv,SOURCE_LINKED_CANDIDATE,NEEDS_REVIEW,1,0,LOW,1,UC0jDoh3tVXCaqJ6oTve8ebA,2026-08-12T16:26:07.057856+07:00,2026-08-12T16:26:07.057856+07:00,https://www.youtube.com/watch?v=DaCtL3pjcFs
RAPVIET,RAPVIET_2024,facebook,nhathoang.rapper,https://www.facebook.com/nhathoang.rapper,SOURCE_LINKED_CANDIDATE,NEEDS_REVIEW,1,0,LOW,1,UCWmsRatuWgbam3P1F8zVqVg,2026-08-12T16:30:37.452438+07:00,2026-08-12T16:30:37.452438+07:00,https://www.youtube.com/watch?v=ZzhN7Cl4Rww&list=RDZzhN7Cl4Rww&start_radio=1
RAPVIET,RAPVIET_2020,facebook,officialbinz,https://www.facebook.com/officialbinz,SOURCE_LINKED_CANDIDATE,NEEDS_REVIEW,1,0,LOW,1,UC0IpGYsi1KVorZ7QVCHfdag,2026-08-12T16:26:07.057856+07:00,2026-08-12T16:26:07.057856+07:00,https://www.youtube.com/watch?v=jgZkrA8E5do&list=RDjgZkrA8E5do&start_radio=1
RAPVIET,RAPVIET_2020,facebook,officialnah,https://www.facebook.com/officialnah,SOURCE_LINKED_CANDIDATE,NEEDS_REVIEW,1,0,LOW,1,UCjJc_1aOk-sopXeBKU6ExAw,2026-08-12T16:26:07.057856+07:00,2026-08-12T16:26:07.057856+07:00,https://www.youtube.com/watch?v=4nXySbfCbDA&list=RD4nXySbfCbDA&start_radio=1
RAPVIET,RAPVIET_2020|RAPVIET_2021,facebook,profile.php,https://www.facebook.com/profile.php,SOURCE_LINKED_CANDIDATE,NEEDS_REVIEW,2,0,LOW,2,UC1g9cYom4vYnNt3EUEl08Lg|UCZIm86nEjVHIA8L_r4wGGrA,2026-08-12T16:26:07.057856+07:00,2026-08-12T16:28:38.436878+07:00,https://www.youtube.com/watch?v=8J5deuAfPNo|https://www.youtube.com/watch?v=Pv7JKxRd7jo&list=RDPv7JKxRd7jo&start_radio=1
RAPVIET,RAPVIET_2020,facebook,rapindalab,https://www.facebook.com/rapindalab,SOURCE_LINKED_CANDIDATE,NEEDS_REVIEW,1,0,LOW,1,UCCCRRUvgvygH82HAugJjDLw,2026-08-12T16:26:07.057856+07:00,2026-08-12T16:26:07.057856+07:00,https://www.youtube.com/watch?v=ECxVfrwwTp0&list=RDECxVfrwwTp0&start_radio=1
RAPVIET,RAPVIET_2020|RAPVIET_2021|RAPVIET_2024,facebook,rapviet.viechannel,https://www.facebook.com/rapviet.viechannel,SOURCE_LINKED_CANDIDATE,NEEDS_REVIEW,27,27,HIGH,3,UC2Lgi2uPsOcCVF3imz7l2mg|UCkna2OcuN1E6u5I8GVtdkOw,2026-08-12T16:26:07.057856+07:00,2026-08-12T16:30:37.452438+07:00,https://www.youtube.com/watch?v=-eXwh9ctbeM|https://www.youtube.com/watch?v=08yL3If10Fw|https://www.youtube.com/watch?v=0zlERjxCoAY|https://www.youtube.com/watch?v=2kxjMApnJc0&list=RD2kxjMApnJc0&start_radio=1|https://www.youtube.com/watch?v=6Q1ZrGLaG9I|https://www.youtube.com/watch?v=8H2OfUxmeTI|https://www.youtube.com/watch?v=BEOn7vNpRw0|https://www.youtube.com/watch?v=C7YnHMRAEOk&list=RDC7YnHMRAEOk&start_radio=1|https://www.youtube.com/watch?v=C86xcpKfbkA|https://www.youtube.com/watch?v=DRwB3JpfGHg
RAPVIET,RAPVIET_2020,facebook,ribisachi,https://www.facebook.com/ribisachi,SOURCE_LINKED_CANDIDATE,NEEDS_REVIEW,1,0,LOW,1,UC0jDoh3tVXCaqJ6oTve8ebA,2026-08-12T16:26:07.057856+07:00,2026-08-12T16:26:07.057856+07:00,https://www.youtube.com/watch?v=DaCtL3pjcFs
RAPVIET,RAPVIET_2020,facebook,tagetruemilk,https://www.facebook.com/tagetruemilk,SOURCE_LINKED_CANDIDATE,NEEDS_REVIEW,1,0,LOW,1,UCZIm86nEjVHIA8L_r4wGGrA,2026-08-12T16:26:07.057856+07:00,2026-08-12T16:26:07.057856+07:00,https://www.youtube.com/watch?v=Pv7JKxRd7jo&list=RDPv7JKxRd7jo&start_radio=1
RAPVIET,RAPVIET_2020,facebook,thuykieu.faptv,https://www.facebook.com/thuykieu.faptv,SOURCE_LINKED_CANDIDATE,NEEDS_REVIEW,1,0,LOW,1,UC0jDoh3tVXCaqJ6oTve8ebA,2026-08-12T16:26:07.057856+07:00,2026-08-12T16:26:07.057856+07:00,https://www.youtube.com/watch?v=DaCtL3pjcFs
RAPVIET,RAPVIET_2020,facebook,touliverss,https://www.facebook.com/touliverss,SOURCE_LINKED_CANDIDATE,NEEDS_REVIEW,1,0,LOW,1,UC0IpGYsi1KVorZ7QVCHfdag,2026-08-12T16:26:07.057856+07:00,2026-08-12T16:26:07.057856+07:00,https://www.youtube.com/watch?v=jgZkrA8E5do&list=RDjgZkrA8E5do&start_radio=1
RAPVIET,RAPVIET_2020,facebook,trangnodv.faptv,https://www.facebook.com/trangnodv.faptv,SOURCE_LINKED_CANDIDATE,NEEDS_REVIEW,1,0,LOW,1,UC0jDoh3tVXCaqJ6oTve8ebA,2026-08-12T16:26:07.057856+07:00,2026-08-12T16:26:07.057856+07:00,https://www.youtube.com/watch?v=DaCtL3pjcFs
RAPVIET,RAPVIET_2020,facebook,tuan.tran.180625,https://www.facebook.com/tuan.tran.180625,SOURCE_LINKED_CANDIDATE,NEEDS_REVIEW,1,0,LOW,1,UCE5_ajsZzs_gLLfsrrQzgNg,2026-08-12T16:26:07.057856+07:00,2026-08-12T16:26:07.057856+07:00,https://www.youtube.com/watch?v=pBSv1ZJWSAY
RAPVIET,RAPVIET_2020,facebook,tuteshow1,https://www.facebook.com/tuteshow1,SOURCE_LINKED_CANDIDATE,NEEDS_REVIEW,1,0,LOW,1,UCCCRRUvgvygH82HAugJjDLw,2026-08-12T16:26:07.057856+07:00,2026-08-12T16:26:07.057856+07:00,https://www.youtube.com/watch?v=ECxVfrwwTp0&list=RDECxVfrwwTp0&start_radio=1
RAPVIET,RAPVIET_2020,facebook,uytran.faptv,https://www.facebook.com/uytran.faptv,SOURCE_LINKED_CANDIDATE,NEEDS_REVIEW,1,0,LOW,1,UC0jDoh3tVXCaqJ6oTve8ebA,2026-08-12T16:26:07.057856+07:00,2026-08-12T16:26:07.057856+07:00,https://www.youtube.com/watch?v=DaCtL3pjcFs
RAPVIET,RAPVIET_2020|RAPVIET_2021|RAPVIET_2023|RAPVIET_2024,facebook,viechannelhtv2,https://www.facebook.com/viechannelhtv2,SOURCE_LINKED_CANDIDATE,NEEDS_REVIEW,106,106,HIGH,4,UC2Lgi2uPsOcCVF3imz7l2mg|UC2fu6CiFfNYz5UFORvFyc0w|UCkna2OcuN1E6u5I8GVtdkOw,2026-08-12T13:58:29.187848+07:00,2026-08-12T16:30:37.452438+07:00,https://www.youtube.com/watch?v=-1zHYo12SHs|https://www.youtube.com/watch?v=-eXwh9ctbeM|https://www.youtube.com/watch?v=0zlERjxCoAY|https://www.youtube.com/watch?v=1wvoFhQbpUA&list=RD1wvoFhQbpUA&start_radio=1|https://www.youtube.com/watch?v=2kxjMApnJc0&list=RD2kxjMApnJc0&start_radio=1|https://www.youtube.com/watch?v=2o0cNxO2fWE&list=PLxKLMN7WdG5DYy2yJiXnhMVnvNN1e31l7&index=19|https://www.youtube.com/watch?v=2oYGm0SUAfc&list=RD2oYGm0SUAfc&start_radio=1|https://www.youtube.com/watch?v=3YZv49zhbHE&list=RD3YZv49zhbHE&start_radio=1|https://www.youtube.com/watch?v=3n4oPLWi44k|https://www.youtube.com/watch?v=4FMKF6dDEBo&list=RD4FMKF6dDEBo&start_radio=1
RAPVIET,RAPVIET_2021,facebook,viechannelofficial,https://www.facebook.com/viechannelofficial,SOURCE_LINKED_CANDIDATE,NEEDS_REVIEW,1,1,MEDIUM,1,UC2fu6CiFfNYz5UFORvFyc0w,2026-08-12T16:28:38.436878+07:00,2026-08-12T16:28:38.436878+07:00,https://www.youtube.com/watch?v=H1i1VJQCCuU&list=RDH1i1VJQCCuU&start_radio=1
RAPVIET,RAPVIET_2020|RAPVIET_2021|RAPVIET_2024,facebook,viegiaitri,https://www.facebook.com/viegiaitri,SOURCE_LINKED_CANDIDATE,NEEDS_REVIEW,5,5,HIGH,3,UC2Lgi2uPsOcCVF3imz7l2mg,2026-08-12T16:26:07.057856+07:00,2026-08-12T16:30:37.452438+07:00,https://www.youtube.com/watch?v=08yL3If10Fw|https://www.youtube.com/watch?v=6may_BEMgbo|https://www.youtube.com/watch?v=BEOn7vNpRw0|https://www.youtube.com/watch?v=Esv_4sttow0|https://www.youtube.com/watch?v=GygCMziGD4g
RAPVIET,RAPVIET_2020,facebook,viengalac,https://www.facebook.com/viengalac,SOURCE_LINKED_CANDIDATE,NEEDS_REVIEW,1,0,LOW,1,UC0jDoh3tVXCaqJ6oTve8ebA,2026-08-12T16:26:07.057856+07:00,2026-08-12T16:26:07.057856+07:00,https://www.youtube.com/watch?v=DaCtL3pjcFs
RAPVIET,RAPVIET_2020|RAPVIET_2024,facebook,vieshows,https://www.facebook.com/vieshows,SOURCE_LINKED_CANDIDATE,NEEDS_REVIEW,5,0,LOW,2,UCzpv5GkSbYqkFdC_lOOi4aQ,2026-08-12T16:26:07.057856+07:00,2026-08-12T16:30:37.452438+07:00,https://www.youtube.com/watch?v=T7HuCezzRCo&list=RDT7HuCezzRCo&start_radio=1|https://www.youtube.com/watch?v=WaNV06mlGf8|https://www.youtube.com/watch?v=c3EQS9OQ2_Y&list=RDc3EQS9OQ2_Y&start_radio=1|https://www.youtube.com/watch?v=oY6wNsHUVxM|https://www.youtube.com/watch?v=ta_e1xjUXWw&list=RDta_e1xjUXWw&start_radio=1
RAPVIET,RAPVIET_2020|RAPVIET_2021|RAPVIET_2024,facebook,vietalents,https://www.facebook.com/vietalents,SOURCE_LINKED_CANDIDATE,NEEDS_REVIEW,4,0,LOW,3,UCBVSuk_f8ZCPIQ_KwXEGWFw,2026-08-12T16:26:07.057856+07:00,2026-08-12T16:30:37.452438+07:00,https://www.youtube.com/watch?v=AodLnMD9SG8&list=RDAodLnMD9SG8&start_radio=1|https://www.youtube.com/watch?v=CXAm1VQaqoU|https://www.youtube.com/watch?v=ywMn_mROf8Y|https://www.youtube.com/watch?v=ziE53o_ae14&list=RDziE53o_ae14&start_radio=1
RAPVIET,RAPVIET_2020,facebook,vinhrau.fap,https://www.facebook.com/vinhrau.fap,SOURCE_LINKED_CANDIDATE,NEEDS_REVIEW,1,0,LOW,1,UC0jDoh3tVXCaqJ6oTve8ebA,2026-08-12T16:26:07.057856+07:00,2026-08-12T16:26:07.057856+07:00,https://www.youtube.com/watch?v=DaCtL3pjcFs
RAPVIET,RAPVIET_2021,facebook,virussop,https://www.facebook.com/virussop,SOURCE_LINKED_CANDIDATE,NEEDS_REVIEW,3,0,LOW,1,UC0rBe-KRTerlOz2v_Sye5iQ,2026-08-12T16:28:38.436878+07:00,2026-08-12T16:28:38.436878+07:00,https://www.youtube.com/watch?v=Ij2U7EOHXY4|https://www.youtube.com/watch?v=fHMqRodjlHI|https://www.youtube.com/watch?v=tHoM6g_daAk
RAPVIET,RAPVIET_2021,facebook,virussvn,https://www.facebook.com/virussvn,SOURCE_LINKED_CANDIDATE,NEEDS_REVIEW,3,0,LOW,1,UC0rBe-KRTerlOz2v_Sye5iQ,2026-08-12T16:28:38.436878+07:00,2026-08-12T16:28:38.436878+07:00,https://www.youtube.com/watch?v=Ij2U7EOHXY4|https://www.youtube.com/watch?v=fHMqRodjlHI|https://www.youtube.com/watch?v=tHoM6g_daAk
RAPVIET,RAPVIET_2020,facebook,viva.vn,https://www.facebook.com/viva.vn,SOURCE_LINKED_CANDIDATE,NEEDS_REVIEW,6,0,LOW,1,UCF5RuEuoGrqGtscvLGLOMew|UCZq4u4hadohQDXO6ra8aubQ,2026-08-12T16:26:07.057856+07:00,2026-08-12T16:26:07.057856+07:00,https://www.youtube.com/watch?v=2Qk547vzDbI&list=RD2Qk547vzDbI&start_radio=1|https://www.youtube.com/watch?v=Kg-8JeBCrBc|https://www.youtube.com/watch?v=OLWfr9EaowY&list=RDOLWfr9EaowY&start_radio=1|https://www.youtube.com/watch?v=qf669rs8G4Q|https://www.youtube.com/watch?v=w_aG_OX7HyU|https://www.youtube.com/watch?v=xrK2VheacxM
RAPVIET,RAPVIET_2021,facebook,zyn2711,https://www.facebook.com/zyn2711,SOURCE_LINKED_CANDIDATE,NEEDS_REVIEW,1,0,LOW,1,UCBAhugHStvcPlf0wy_WLa4A,2026-08-12T16:28:38.436878+07:00,2026-08-12T16:28:38.436878+07:00,https://www.youtube.com/watch?v=M2lOaZGcrfs&list=RDM2lOaZGcrfs&start_radio=1
RAPVIET,RAPVIET_2020,instagram,binzpoet,https://www.instagram.com/binzpoet,SOURCE_LINKED_CANDIDATE,NEEDS_REVIEW,1,0,LOW,1,UC0IpGYsi1KVorZ7QVCHfdag,2026-08-12T16:26:07.057856+07:00,2026-08-12T16:26:07.057856+07:00,https://www.youtube.com/watch?v=jgZkrA8E5do&list=RDjgZkrA8E5do&start_radio=1
RAPVIET,RAPVIET_2020,instagram,dcodrecords,https://www.instagram.com/dcodrecords,SOURCE_LINKED_CANDIDATE,NEEDS_REVIEW,1,0,LOW,1,UC2U9kSoYZaeaaeOHK9TyAag,2026-08-12T16:26:07.057856+07:00,2026-08-12T16:26:07.057856+07:00,https://www.youtube.com/watch?v=DvUjzHqmPHU&list=RDDvUjzHqmPHU&start_radio=1
RAPVIET,RAPVIET_2020,instagram,freefirevnofficial,https://www.instagram.com/freefirevnofficial,SOURCE_LINKED_CANDIDATE,NEEDS_REVIEW,1,0,LOW,1,UCKgALVAg70mbC4SwhkyhvRw,2026-08-12T16:26:07.057856+07:00,2026-08-12T16:26:07.057856+07:00,https://www.youtube.com/watch?v=QBvL3Ffn1u4&list=RDQBvL3Ffn1u4&start_radio=1
RAPVIET,RAPVIET_2024,instagram,nhathoang_jp,https://www.instagram.com/nhathoang_jp,SOURCE_LINKED_CANDIDATE,NEEDS_REVIEW,1,0,LOW,1,UCWmsRatuWgbam3P1F8zVqVg,2026-08-12T16:30:37.452438+07:00,2026-08-12T16:30:37.452438+07:00,https://www.youtube.com/watch?v=ZzhN7Cl4Rww&list=RDZzhN7Cl4Rww&start_radio=1
RAPVIET,RAPVIET_2020,instagram,solgoku_dcod,https://www.instagram.com/solgoku_dcod,SOURCE_LINKED_CANDIDATE,NEEDS_REVIEW,1,0,LOW,1,UC2U9kSoYZaeaaeOHK9TyAag,2026-08-12T16:26:07.057856+07:00,2026-08-12T16:26:07.057856+07:00,https://www.youtube.com/watch?v=DvUjzHqmPHU&list=RDDvUjzHqmPHU&start_radio=1
RAPVIET,RAPVIET_2021,instagram,ssuriv,https://www.instagram.com/ssuriv,SOURCE_LINKED_CANDIDATE,NEEDS_REVIEW,3,0,LOW,1,UC0rBe-KRTerlOz2v_Sye5iQ,2026-08-12T16:28:38.436878+07:00,2026-08-12T16:28:38.436878+07:00,https://www.youtube.com/watch?v=Ij2U7EOHXY4|https://www.youtube.com/watch?v=fHMqRodjlHI|https://www.youtube.com/watch?v=tHoM6g_daAk
RAPVIET,RAPVIET_2020,instagram,tlvrnsl,https://www.instagram.com/tlvrnsl,SOURCE_LINKED_CANDIDATE,NEEDS_REVIEW,1,0,LOW,1,UC0IpGYsi1KVorZ7QVCHfdag,2026-08-12T16:26:07.057856+07:00,2026-08-12T16:26:07.057856+07:00,https://www.youtube.com/watch?v=jgZkrA8E5do&list=RDjgZkrA8E5do&start_radio=1
RAPVIET,RAPVIET_2020|RAPVIET_2021|RAPVIET_2023|RAPVIET_2024,instagram,viechannelhtv2,https://www.instagram.com/viechannelhtv2,SOURCE_LINKED_CANDIDATE,NEEDS_REVIEW,107,107,HIGH,4,UC2Lgi2uPsOcCVF3imz7l2mg|UC2fu6CiFfNYz5UFORvFyc0w|UCkna2OcuN1E6u5I8GVtdkOw,2026-08-12T13:58:29.187848+07:00,2026-08-12T16:30:37.452438+07:00,https://www.youtube.com/watch?v=-1zHYo12SHs|https://www.youtube.com/watch?v=-eXwh9ctbeM|https://www.youtube.com/watch?v=0zlERjxCoAY|https://www.youtube.com/watch?v=1wvoFhQbpUA&list=RD1wvoFhQbpUA&start_radio=1|https://www.youtube.com/watch?v=2kxjMApnJc0&list=RD2kxjMApnJc0&start_radio=1|https://www.youtube.com/watch?v=2o0cNxO2fWE&list=PLxKLMN7WdG5DYy2yJiXnhMVnvNN1e31l7&index=19|https://www.youtube.com/watch?v=2oYGm0SUAfc&list=RD2oYGm0SUAfc&start_radio=1|https://www.youtube.com/watch?v=3YZv49zhbHE&list=RD3YZv49zhbHE&start_radio=1|https://www.youtube.com/watch?v=3n4oPLWi44k|https://www.youtube.com/watch?v=4FMKF6dDEBo&list=RD4FMKF6dDEBo&start_radio=1
RAPVIET,RAPVIET_2020,instagram,wowynguyen,https://www.instagram.com/wowynguyen,SOURCE_LINKED_CANDIDATE,NEEDS_REVIEW,1,0,LOW,1,UC4epxz9TwShqMzkmm28nh2w,2026-08-12T16:26:07.057856+07:00,2026-08-12T16:26:07.057856+07:00,https://www.youtube.com/watch?v=7jQipab-Ddc&list=RD7jQipab-Ddc&start_radio=1
RAPVIET,RAPVIET_2020,tiktok,freefireesportsvn,https://www.tiktok.com/@freefireesportsvn,SOURCE_LINKED_CANDIDATE,NEEDS_REVIEW,1,0,LOW,1,UCKgALVAg70mbC4SwhkyhvRw,2026-08-12T16:26:07.057856+07:00,2026-08-12T16:26:07.057856+07:00,https://www.youtube.com/watch?v=QBvL3Ffn1u4&list=RDQBvL3Ffn1u4&start_radio=1
RAPVIET,RAPVIET_2020,tiktok,langvan.music,https://www.tiktok.com/@langvan.music,SOURCE_LINKED_CANDIDATE,NEEDS_REVIEW,1,0,LOW,1,UCjJc_1aOk-sopXeBKU6ExAw,2026-08-12T16:26:07.057856+07:00,2026-08-12T16:26:07.057856+07:00,https://www.youtube.com/watch?v=4nXySbfCbDA&list=RD4nXySbfCbDA&start_radio=1
RAPVIET,RAPVIET_2021,tiktok,ndtrunnn,https://www.tiktok.com/@ndtrunnn,SOURCE_LINKED_CANDIDATE,NEEDS_REVIEW,1,0,LOW,1,UCBAhugHStvcPlf0wy_WLa4A,2026-08-12T16:28:38.436878+07:00,2026-08-12T16:28:38.436878+07:00,https://www.youtube.com/watch?v=M2lOaZGcrfs&list=RDM2lOaZGcrfs&start_radio=1
RAPVIET,RAPVIET_2021,tiktok,viechannel.show,https://www.tiktok.com/@viechannel.show,SOURCE_LINKED_CANDIDATE,NEEDS_REVIEW,1,1,MEDIUM,1,UC2fu6CiFfNYz5UFORvFyc0w,2026-08-12T16:28:38.436878+07:00,2026-08-12T16:28:38.436878+07:00,https://www.youtube.com/watch?v=H1i1VJQCCuU&list=RDH1i1VJQCCuU&start_radio=1
RAPVIET,RAPVIET_2021,tiktok,virussvn,https://www.tiktok.com/@virussvn,SOURCE_LINKED_CANDIDATE,NEEDS_REVIEW,3,0,LOW,1,UC0rBe-KRTerlOz2v_Sye5iQ,2026-08-12T16:28:38.436878+07:00,2026-08-12T16:28:38.436878+07:00,https://www.youtube.com/watch?v=Ij2U7EOHXY4|https://www.youtube.com/watch?v=fHMqRodjlHI|https://www.youtube.com/watch?v=tHoM6g_daAk
RMVN,RMVN_S1,facebook,chaydichochi,https://www.facebook.com/chaydichochi,SOURCE_LINKED_CANDIDATE,NEEDS_REVIEW,4,2,MEDIUM,1,UCSpmT3hpL4J_4ievnGzkmsQ|UCf_wLozDeLMG9YHI4cNztUw|UCl5sPZ1N3SzjV9sWMING8KA,2026-08-12T18:11:20.372854+07:00,2026-08-12T18:11:20.372854+07:00,https://www.youtube.com/watch?v=SJGAFjcWdOk|https://www.youtube.com/watch?v=WaIg1AA5ufU|https://www.youtube.com/watch?v=jIpx3W0isL0|https://www.youtube.com/watch?v=lK-g_wRRv2o
RMVN,RMVN_S1,facebook,conglytnk,https://www.facebook.com/conglytnk,SOURCE_LINKED_CANDIDATE,NEEDS_REVIEW,1,0,LOW,1,UC9qgWJj0TIWW_-YuQ8ID0VA,2026-08-12T18:11:20.372854+07:00,2026-08-12T18:11:20.372854+07:00,https://www.youtube.com/watch?v=O7r6MNRLFGw
RMVN,RMVN_S2,facebook,dongtaypromotion,https://www.facebook.com/dongtaypromotion,SOURCE_LINKED_CANDIDATE,NEEDS_REVIEW,1,1,MEDIUM,1,UCFMEYTv6N64hIL9FlQ_hxBw,2026-08-12T18:25:06.380679+07:00,2026-08-12T18:25:06.380679+07:00,https://www.youtube.com/watch?v=hqTJG9yzrUs
RMVN,RMVN_S1,facebook,eyecontact.live,https://www.facebook.com/eyecontact.live,SOURCE_LINKED_CANDIDATE,NEEDS_REVIEW,12,12,HIGH,1,UCjTlq6Z0HG8C7BVI8x5BOnA,2026-08-12T18:11:20.372854+07:00,2026-08-12T18:11:20.372854+07:00,https://www.youtube.com/watch?v=0JOYSaGVJ90|https://www.youtube.com/watch?v=EKy9R11Zt8I|https://www.youtube.com/watch?v=M1n9_EHCQ_Y|https://www.youtube.com/watch?v=Q0YqIUCybz4|https://www.youtube.com/watch?v=SPE8WrdkWv4|https://www.youtube.com/watch?v=UaUKKHJnbzs|https://www.youtube.com/watch?v=ZD90SxLvTl8|https://www.youtube.com/watch?v=ebqd7dcHcxA|https://www.youtube.com/watch?v=lpqMz0pCbzU|https://www.youtube.com/watch?v=p5MSsEPGY9g
RMVN,RMVN_2026|RMVN_S1|RMVN_S3,facebook,forestudiovn,https://www.facebook.com/forestudiovn,SOURCE_LINKED_CANDIDATE,NEEDS_REVIEW,39,39,HIGH,3,UCTOWyiIkPEqyh_2O-ArJR5w|UCjTlq6Z0HG8C7BVI8x5BOnA,2026-08-12T14:10:45.752604+07:00,2026-08-12T18:13:18.566732+07:00,https://www.youtube.com/watch?v=-cITqIrVmBY|https://www.youtube.com/watch?v=-cITqIrVmBY&list=PLxNMBnO9F8FOdZR7YLDrrT0bk3WaYyApf&index=6|https://www.youtube.com/watch?v=0JOYSaGVJ90|https://www.youtube.com/watch?v=3NMr0tF_l-0&list=PLxNMBnO9F8FOdZR7YLDrrT0bk3WaYyApf&index=2|https://www.youtube.com/watch?v=42c2bsDKOX0&list=PLxNMBnO9F8FOdZR7YLDrrT0bk3WaYyApf&index=9|https://www.youtube.com/watch?v=5VzWESQw-as|https://www.youtube.com/watch?v=5VzWESQw-as&list=PLxNMBnO9F8FOdZR7YLDrrT0bk3WaYyApf&index=8|https://www.youtube.com/watch?v=5_ktCUWKhm0|https://www.youtube.com/watch?v=5_ktCUWKhm0&list=PLxNMBnO9F8FOdZR7YLDrrT0bk3WaYyApf&index=18|https://www.youtube.com/watch?v=9u5GQWJuosg
RMVN,RMVN_2026|RMVN_S1,facebook,htv.hcm,https://www.facebook.com/htv.hcm,SOURCE_LINKED_CANDIDATE,NEEDS_REVIEW,15,14,HIGH,2,UC8M8BcXcizPPGpKkxJVYMfQ|UCbq8aOyj9ZtIqcD-0MwG1fQ,2026-08-12T18:11:20.372854+07:00,2026-08-12T18:13:18.566732+07:00,https://www.youtube.com/watch?v=20Tn1QcNeW4|https://www.youtube.com/watch?v=C3qs0Smiyc4|https://www.youtube.com/watch?v=D-jkwIkxND4|https://www.youtube.com/watch?v=FalhBZCgyMQ|https://www.youtube.com/watch?v=YWtC4G1JAgA|https://www.youtube.com/watch?v=_ZLr_1LWAKM|https://www.youtube.com/watch?v=eLJidZRT51A|https://www.youtube.com/watch?v=f5wG6wLaG3s|https://www.youtube.com/watch?v=k68K1Nnew40|https://www.youtube.com/watch?v=kpnxuD-S0Y0
RMVN,RMVN_S1,facebook,muivinhungchuyendi,https://www.facebook.com/muivinhungchuyendi,SOURCE_LINKED_CANDIDATE,NEEDS_REVIEW,12,12,HIGH,1,UCjTlq6Z0HG8C7BVI8x5BOnA,2026-08-12T18:11:20.372854+07:00,2026-08-12T18:11:20.372854+07:00,https://www.youtube.com/watch?v=0JOYSaGVJ90|https://www.youtube.com/watch?v=EKy9R11Zt8I|https://www.youtube.com/watch?v=M1n9_EHCQ_Y|https://www.youtube.com/watch?v=Q0YqIUCybz4|https://www.youtube.com/watch?v=SPE8WrdkWv4|https://www.youtube.com/watch?v=UaUKKHJnbzs|https://www.youtube.com/watch?v=ZD90SxLvTl8|https://www.youtube.com/watch?v=ebqd7dcHcxA|https://www.youtube.com/watch?v=lpqMz0pCbzU|https://www.youtube.com/watch?v=p5MSsEPGY9g
RMVN,RMVN_2026,facebook,ngoainecon11,https://www.facebook.com/ngoainecon11,SOURCE_LINKED_CANDIDATE,NEEDS_REVIEW,3,0,LOW,1,UC8GmjjO1wj451WiRrpwYS9g,2026-08-12T18:13:18.566732+07:00,2026-08-12T18:13:18.566732+07:00,https://www.youtube.com/watch?v=R84JUqGHuvw|https://www.youtube.com/watch?v=c2xY4KELqlc|https://www.youtube.com/watch?v=yHEQOxDIMI8
RMVN,RMVN_S1,facebook,profile.php,https://www.facebook.com/profile.php,SOURCE_LINKED_CANDIDATE,NEEDS_REVIEW,3,0,LOW,1,UCYEgT6mQiog7dceHIIBP8tA,2026-08-12T18:11:20.372854+07:00,2026-08-12T18:11:20.372854+07:00,https://www.youtube.com/watch?v=Rg0NKPVgr20|https://www.youtube.com/watch?v=YT1bNRt9KPc|https://www.youtube.com/watch?v=pE9rVqMqaIY
RMVN,RMVN_S1,facebook,roilaixuan,https://www.facebook.com/roilaixuan,SOURCE_LINKED_CANDIDATE,NEEDS_REVIEW,12,12,HIGH,1,UCjTlq6Z0HG8C7BVI8x5BOnA,2026-08-12T18:11:20.372854+07:00,2026-08-12T18:11:20.372854+07:00,https://www.youtube.com/watch?v=0JOYSaGVJ90|https://www.youtube.com/watch?v=EKy9R11Zt8I|https://www.youtube.com/watch?v=M1n9_EHCQ_Y|https://www.youtube.com/watch?v=Q0YqIUCybz4|https://www.youtube.com/watch?v=SPE8WrdkWv4|https://www.youtube.com/watch?v=UaUKKHJnbzs|https://www.youtube.com/watch?v=ZD90SxLvTl8|https://www.youtube.com/watch?v=ebqd7dcHcxA|https://www.youtube.com/watch?v=lpqMz0pCbzU|https://www.youtube.com/watch?v=p5MSsEPGY9g
RMVN,RMVN_S1|RMVN_S2,facebook,runningmanvn.official,https://www.facebook.com/runningmanvn.official,SOURCE_LINKED_CANDIDATE,NEEDS_REVIEW,31,31,HIGH,2,UC5bxATIALkxlwWQzACzdjHw,2026-08-12T14:10:08.652939+07:00,2026-08-12T18:11:20.372854+07:00,https://www.youtube.com/watch?v=-BKTwSVrYX8&list=PLG7CUxrpEOnfzfuMy-SQsENMcthLsO_v-&index=12|https://www.youtube.com/watch?v=3paQt4iEaxo&list=PLG7CUxrpEOnfzfuMy-SQsENMcthLsO_v-&index=27|https://www.youtube.com/watch?v=4AGeFst5FJw&list=PLG7CUxrpEOnfzfuMy-SQsENMcthLsO_v-&index=23|https://www.youtube.com/watch?v=4LOvVC0Bsms&list=PLG7CUxrpEOnfzfuMy-SQsENMcthLsO_v-&index=13|https://www.youtube.com/watch?v=4bZCJeYucGM&list=PLG7CUxrpEOnfzfuMy-SQsENMcthLsO_v-&index=18|https://www.youtube.com/watch?v=6TELIDLHHbA&list=PLG7CUxrpEOnfzfuMy-SQsENMcthLsO_v-&index=9|https://www.youtube.com/watch?v=6qOYG_3WADU&list=PLG7CUxrpEOnfzfuMy-SQsENMcthLsO_v-&index=8|https://www.youtube.com/watch?v=Bbooo-jFs-U&list=PLG7CUxrpEOnfzfuMy-SQsENMcthLsO_v-&index=10|https://www.youtube.com/watch?v=BvMN_9kRHz4&list=PLG7CUxrpEOnfzfuMy-SQsENMcthLsO_v-&index=25|https://www.youtube.com/watch?v=CrItJPBleRg&list=PLG7CUxrpEOnfzfuMy-SQsENMcthLsO_v-&index=7
RMVN,RMVN_2026|RMVN_S1,facebook,runningmanvnchayngaydi,https://www.facebook.com/runningmanvnchayngaydi,SOURCE_LINKED_CANDIDATE,NEEDS_REVIEW,8,8,HIGH,2,UCTOWyiIkPEqyh_2O-ArJR5w|UCjTlq6Z0HG8C7BVI8x5BOnA,2026-08-12T18:11:20.372854+07:00,2026-08-12T18:13:18.566732+07:00,https://www.youtube.com/watch?v=AZJ1gzPJPJo|https://www.youtube.com/watch?v=GTBHKzIkQk8|https://www.youtube.com/watch?v=OyMsbGTYVTg|https://www.youtube.com/watch?v=SvqUu3pcHgc|https://www.youtube.com/watch?v=Yj8BPShct2Y|https://www.youtube.com/watch?v=gSrszHYPjI8|https://www.youtube.com/watch?v=mMKDDQzF0xs|https://www.youtube.com/watch?v=qzC5XiVb4tA
RMVN,RMVN_2026|RMVN_S1|RMVN_S3,facebook,runningmanvnss3,https://www.facebook.com/runningmanvnss3,SOURCE_LINKED_CANDIDATE,NEEDS_REVIEW,31,31,HIGH,3,UCTOWyiIkPEqyh_2O-ArJR5w|UCjTlq6Z0HG8C7BVI8x5BOnA,2026-08-12T14:10:45.752604+07:00,2026-08-12T18:13:18.566732+07:00,https://www.youtube.com/watch?v=-cITqIrVmBY|https://www.youtube.com/watch?v=-cITqIrVmBY&list=PLxNMBnO9F8FOdZR7YLDrrT0bk3WaYyApf&index=6|https://www.youtube.com/watch?v=0JOYSaGVJ90|https://www.youtube.com/watch?v=3NMr0tF_l-0&list=PLxNMBnO9F8FOdZR7YLDrrT0bk3WaYyApf&index=2|https://www.youtube.com/watch?v=42c2bsDKOX0&list=PLxNMBnO9F8FOdZR7YLDrrT0bk3WaYyApf&index=9|https://www.youtube.com/watch?v=5VzWESQw-as|https://www.youtube.com/watch?v=5VzWESQw-as&list=PLxNMBnO9F8FOdZR7YLDrrT0bk3WaYyApf&index=8|https://www.youtube.com/watch?v=5_ktCUWKhm0|https://www.youtube.com/watch?v=5_ktCUWKhm0&list=PLxNMBnO9F8FOdZR7YLDrrT0bk3WaYyApf&index=18|https://www.youtube.com/watch?v=9u5GQWJuosg
RMVN,RMVN_S1,facebook,tam.teo.5268,https://www.facebook.com/tam.teo.5268,SOURCE_LINKED_CANDIDATE,NEEDS_REVIEW,1,0,LOW,1,UC8M8BcXcizPPGpKkxJVYMfQ,2026-08-12T18:11:20.372854+07:00,2026-08-12T18:11:20.372854+07:00,https://www.youtube.com/watch?v=nu2SrNQ6DQk
RMVN,RMVN_2026,facebook,xdragonmax,https://www.facebook.com/xdragonmax,SOURCE_LINKED_CANDIDATE,NEEDS_REVIEW,3,0,LOW,1,UC8GmjjO1wj451WiRrpwYS9g,2026-08-12T18:13:18.566732+07:00,2026-08-12T18:13:18.566732+07:00,https://www.youtube.com/watch?v=R84JUqGHuvw|https://www.youtube.com/watch?v=c2xY4KELqlc|https://www.youtube.com/watch?v=yHEQOxDIMI8
RMVN,RMVN_S1,instagram,chaydichochi,https://www.instagram.com/chaydichochi,SOURCE_LINKED_CANDIDATE,NEEDS_REVIEW,4,2,MEDIUM,1,UCSpmT3hpL4J_4ievnGzkmsQ|UCf_wLozDeLMG9YHI4cNztUw|UCl5sPZ1N3SzjV9sWMING8KA,2026-08-12T18:11:20.372854+07:00,2026-08-12T18:11:20.372854+07:00,https://www.youtube.com/watch?v=SJGAFjcWdOk|https://www.youtube.com/watch?v=WaIg1AA5ufU|https://www.youtube.com/watch?v=jIpx3W0isL0|https://www.youtube.com/watch?v=lK-g_wRRv2o
RMVN,RMVN_S2,instagram,dongtaypromotion.official,https://www.instagram.com/dongtaypromotion.official,SOURCE_LINKED_CANDIDATE,NEEDS_REVIEW,1,1,MEDIUM,1,UCFMEYTv6N64hIL9FlQ_hxBw,2026-08-12T18:25:06.380679+07:00,2026-08-12T18:25:06.380679+07:00,https://www.youtube.com/watch?v=hqTJG9yzrUs
RMVN,RMVN_2026|RMVN_S1|RMVN_S3,instagram,foreststudiovn,https://www.instagram.com/foreststudiovn,SOURCE_LINKED_CANDIDATE,NEEDS_REVIEW,27,27,HIGH,3,UCTOWyiIkPEqyh_2O-ArJR5w|UCjTlq6Z0HG8C7BVI8x5BOnA,2026-08-12T14:10:45.752604+07:00,2026-08-12T18:13:18.566732+07:00,https://www.youtube.com/watch?v=-cITqIrVmBY|https://www.youtube.com/watch?v=-cITqIrVmBY&list=PLxNMBnO9F8FOdZR7YLDrrT0bk3WaYyApf&index=6|https://www.youtube.com/watch?v=3NMr0tF_l-0&list=PLxNMBnO9F8FOdZR7YLDrrT0bk3WaYyApf&index=2|https://www.youtube.com/watch?v=42c2bsDKOX0&list=PLxNMBnO9F8FOdZR7YLDrrT0bk3WaYyApf&index=9|https://www.youtube.com/watch?v=5VzWESQw-as|https://www.youtube.com/watch?v=5VzWESQw-as&list=PLxNMBnO9F8FOdZR7YLDrrT0bk3WaYyApf&index=8|https://www.youtube.com/watch?v=5_ktCUWKhm0|https://www.youtube.com/watch?v=5_ktCUWKhm0&list=PLxNMBnO9F8FOdZR7YLDrrT0bk3WaYyApf&index=18|https://www.youtube.com/watch?v=9u5GQWJuosg|https://www.youtube.com/watch?v=9u5GQWJuosg&list=PLxNMBnO9F8FOdZR7YLDrrT0bk3WaYyApf&index=7
RMVN,RMVN_S1|RMVN_S2,instagram,runningmanvietnamofficial,https://www.instagram.com/runningmanvietnamofficial,SOURCE_LINKED_CANDIDATE,NEEDS_REVIEW,31,31,HIGH,2,UC5bxATIALkxlwWQzACzdjHw,2026-08-12T14:10:08.652939+07:00,2026-08-12T18:11:20.372854+07:00,https://www.youtube.com/watch?v=-BKTwSVrYX8&list=PLG7CUxrpEOnfzfuMy-SQsENMcthLsO_v-&index=12|https://www.youtube.com/watch?v=3paQt4iEaxo&list=PLG7CUxrpEOnfzfuMy-SQsENMcthLsO_v-&index=27|https://www.youtube.com/watch?v=4AGeFst5FJw&list=PLG7CUxrpEOnfzfuMy-SQsENMcthLsO_v-&index=23|https://www.youtube.com/watch?v=4LOvVC0Bsms&list=PLG7CUxrpEOnfzfuMy-SQsENMcthLsO_v-&index=13|https://www.youtube.com/watch?v=4bZCJeYucGM&list=PLG7CUxrpEOnfzfuMy-SQsENMcthLsO_v-&index=18|https://www.youtube.com/watch?v=6TELIDLHHbA&list=PLG7CUxrpEOnfzfuMy-SQsENMcthLsO_v-&index=9|https://www.youtube.com/watch?v=6qOYG_3WADU&list=PLG7CUxrpEOnfzfuMy-SQsENMcthLsO_v-&index=8|https://www.youtube.com/watch?v=Bbooo-jFs-U&list=PLG7CUxrpEOnfzfuMy-SQsENMcthLsO_v-&index=10|https://www.youtube.com/watch?v=BvMN_9kRHz4&list=PLG7CUxrpEOnfzfuMy-SQsENMcthLsO_v-&index=25|https://www.youtube.com/watch?v=CrItJPBleRg&list=PLG7CUxrpEOnfzfuMy-SQsENMcthLsO_v-&index=7
RMVN,RMVN_2026|RMVN_S1|RMVN_S3,instagram,runningmanvietnamseason3,https://www.instagram.com/runningmanvietnamseason3,SOURCE_LINKED_CANDIDATE,NEEDS_REVIEW,31,31,HIGH,3,UCTOWyiIkPEqyh_2O-ArJR5w|UCjTlq6Z0HG8C7BVI8x5BOnA,2026-08-12T14:10:45.752604+07:00,2026-08-12T18:13:18.566732+07:00,https://www.youtube.com/watch?v=-cITqIrVmBY|https://www.youtube.com/watch?v=-cITqIrVmBY&list=PLxNMBnO9F8FOdZR7YLDrrT0bk3WaYyApf&index=6|https://www.youtube.com/watch?v=0JOYSaGVJ90|https://www.youtube.com/watch?v=3NMr0tF_l-0&list=PLxNMBnO9F8FOdZR7YLDrrT0bk3WaYyApf&index=2|https://www.youtube.com/watch?v=42c2bsDKOX0&list=PLxNMBnO9F8FOdZR7YLDrrT0bk3WaYyApf&index=9|https://www.youtube.com/watch?v=5VzWESQw-as|https://www.youtube.com/watch?v=5VzWESQw-as&list=PLxNMBnO9F8FOdZR7YLDrrT0bk3WaYyApf&index=8|https://www.youtube.com/watch?v=5_ktCUWKhm0|https://www.youtube.com/watch?v=5_ktCUWKhm0&list=PLxNMBnO9F8FOdZR7YLDrrT0bk3WaYyApf&index=18|https://www.youtube.com/watch?v=9u5GQWJuosg
RMVN,RMVN_2026|RMVN_S1,instagram,runningmanvnchayngaydi,https://www.instagram.com/runningmanvnchayngaydi,SOURCE_LINKED_CANDIDATE,NEEDS_REVIEW,8,8,HIGH,2,UCTOWyiIkPEqyh_2O-ArJR5w|UCjTlq6Z0HG8C7BVI8x5BOnA,2026-08-12T18:11:20.372854+07:00,2026-08-12T18:13:18.566732+07:00,https://www.youtube.com/watch?v=AZJ1gzPJPJo|https://www.youtube.com/watch?v=GTBHKzIkQk8|https://www.youtube.com/watch?v=OyMsbGTYVTg|https://www.youtube.com/watch?v=SvqUu3pcHgc|https://www.youtube.com/watch?v=Yj8BPShct2Y|https://www.youtube.com/watch?v=gSrszHYPjI8|https://www.youtube.com/watch?v=mMKDDQzF0xs|https://www.youtube.com/watch?v=qzC5XiVb4tA
RMVN,RMVN_2026,instagram,xdragonmax,https://www.instagram.com/xdragonmax,SOURCE_LINKED_CANDIDATE,NEEDS_REVIEW,3,0,LOW,1,UC8GmjjO1wj451WiRrpwYS9g,2026-08-12T18:13:18.566732+07:00,2026-08-12T18:13:18.566732+07:00,https://www.youtube.com/watch?v=R84JUqGHuvw|https://www.youtube.com/watch?v=c2xY4KELqlc|https://www.youtube.com/watch?v=yHEQOxDIMI8
RMVN,RMVN_2026|RMVN_S1|RMVN_S3,threads,runningmanvietnamseason3,https://www.threads.com/@runningmanvietnamseason3,SOURCE_LINKED_CANDIDATE,NEEDS_REVIEW,31,31,HIGH,3,UCTOWyiIkPEqyh_2O-ArJR5w|UCjTlq6Z0HG8C7BVI8x5BOnA,2026-08-12T14:10:45.752604+07:00,2026-08-12T18:13:18.566732+07:00,https://www.youtube.com/watch?v=-cITqIrVmBY|https://www.youtube.com/watch?v=-cITqIrVmBY&list=PLxNMBnO9F8FOdZR7YLDrrT0bk3WaYyApf&index=6|https://www.youtube.com/watch?v=0JOYSaGVJ90|https://www.youtube.com/watch?v=3NMr0tF_l-0&list=PLxNMBnO9F8FOdZR7YLDrrT0bk3WaYyApf&index=2|https://www.youtube.com/watch?v=42c2bsDKOX0&list=PLxNMBnO9F8FOdZR7YLDrrT0bk3WaYyApf&index=9|https://www.youtube.com/watch?v=5VzWESQw-as|https://www.youtube.com/watch?v=5VzWESQw-as&list=PLxNMBnO9F8FOdZR7YLDrrT0bk3WaYyApf&index=8|https://www.youtube.com/watch?v=5_ktCUWKhm0|https://www.youtube.com/watch?v=5_ktCUWKhm0&list=PLxNMBnO9F8FOdZR7YLDrrT0bk3WaYyApf&index=18|https://www.youtube.com/watch?v=9u5GQWJuosg
RMVN,RMVN_2026|RMVN_S1,threads,runningmanvnchayngaydi,https://www.threads.com/@runningmanvnchayngaydi,SOURCE_LINKED_CANDIDATE,NEEDS_REVIEW,8,8,HIGH,2,UCTOWyiIkPEqyh_2O-ArJR5w|UCjTlq6Z0HG8C7BVI8x5BOnA,2026-08-12T18:11:20.372854+07:00,2026-08-12T18:13:18.566732+07:00,https://www.youtube.com/watch?v=AZJ1gzPJPJo|https://www.youtube.com/watch?v=GTBHKzIkQk8|https://www.youtube.com/watch?v=OyMsbGTYVTg|https://www.youtube.com/watch?v=SvqUu3pcHgc|https://www.youtube.com/watch?v=Yj8BPShct2Y|https://www.youtube.com/watch?v=gSrszHYPjI8|https://www.youtube.com/watch?v=mMKDDQzF0xs|https://www.youtube.com/watch?v=qzC5XiVb4tA
RMVN,RMVN_2026,threads,xdragonmax,https://www.threads.com/@xdragonmax,SOURCE_LINKED_CANDIDATE,NEEDS_REVIEW,3,0,LOW,1,UC8GmjjO1wj451WiRrpwYS9g,2026-08-12T18:13:18.566732+07:00,2026-08-12T18:13:18.566732+07:00,https://www.youtube.com/watch?v=R84JUqGHuvw|https://www.youtube.com/watch?v=c2xY4KELqlc|https://www.youtube.com/watch?v=yHEQOxDIMI8
RMVN,RMVN_2026,tiktok,d.max1503,https://www.tiktok.com/@d.max1503,SOURCE_LINKED_CANDIDATE,NEEDS_REVIEW,3,0,LOW,1,UC8GmjjO1wj451WiRrpwYS9g,2026-08-12T18:13:18.566732+07:00,2026-08-12T18:13:18.566732+07:00,https://www.youtube.com/watch?v=R84JUqGHuvw|https://www.youtube.com/watch?v=c2xY4KELqlc|https://www.youtube.com/watch?v=yHEQOxDIMI8
RMVN,RMVN_S2,tiktok,dongtaypromotionofficial,https://www.tiktok.com/@dongtaypromotionofficial,SOURCE_LINKED_CANDIDATE,NEEDS_REVIEW,1,1,MEDIUM,1,UCFMEYTv6N64hIL9FlQ_hxBw,2026-08-12T18:25:06.380679+07:00,2026-08-12T18:25:06.380679+07:00,https://www.youtube.com/watch?v=hqTJG9yzrUs
RMVN,RMVN_2026|RMVN_S1,tiktok,runningmanvnchayngaydi,https://www.tiktok.com/@runningmanvnchayngaydi,SOURCE_LINKED_CANDIDATE,NEEDS_REVIEW,8,8,HIGH,2,UCTOWyiIkPEqyh_2O-ArJR5w|UCjTlq6Z0HG8C7BVI8x5BOnA,2026-08-12T18:11:20.372854+07:00,2026-08-12T18:13:18.566732+07:00,https://www.youtube.com/watch?v=AZJ1gzPJPJo|https://www.youtube.com/watch?v=GTBHKzIkQk8|https://www.youtube.com/watch?v=OyMsbGTYVTg|https://www.youtube.com/watch?v=SvqUu3pcHgc|https://www.youtube.com/watch?v=Yj8BPShct2Y|https://www.youtube.com/watch?v=gSrszHYPjI8|https://www.youtube.com/watch?v=mMKDDQzF0xs|https://www.youtube.com/watch?v=qzC5XiVb4tA
RMVN,RMVN_2026|RMVN_S1|RMVN_S3,tiktok,runningmanvnss3,https://www.tiktok.com/@runningmanvnss3,SOURCE_LINKED_CANDIDATE,NEEDS_REVIEW,31,31,HIGH,3,UCTOWyiIkPEqyh_2O-ArJR5w|UCjTlq6Z0HG8C7BVI8x5BOnA,2026-08-12T14:10:45.752604+07:00,2026-08-12T18:13:18.566732+07:00,https://www.youtube.com/watch?v=-cITqIrVmBY|https://www.youtube.com/watch?v=-cITqIrVmBY&list=PLxNMBnO9F8FOdZR7YLDrrT0bk3WaYyApf&index=6|https://www.youtube.com/watch?v=0JOYSaGVJ90|https://www.youtube.com/watch?v=3NMr0tF_l-0&list=PLxNMBnO9F8FOdZR7YLDrrT0bk3WaYyApf&index=2|https://www.youtube.com/watch?v=42c2bsDKOX0&list=PLxNMBnO9F8FOdZR7YLDrrT0bk3WaYyApf&index=9|https://www.youtube.com/watch?v=5VzWESQw-as|https://www.youtube.com/watch?v=5VzWESQw-as&list=PLxNMBnO9F8FOdZR7YLDrrT0bk3WaYyApf&index=8|https://www.youtube.com/watch?v=5_ktCUWKhm0|https://www.youtube.com/watch?v=5_ktCUWKhm0&list=PLxNMBnO9F8FOdZR7YLDrrT0bk3WaYyApf&index=18|https://www.youtube.com/watch?v=9u5GQWJuosg
RMVN,RMVN_S1,x,ncn_tonghop,https://x.com/ncn_tonghop,SOURCE_LINKED_CANDIDATE,NEEDS_REVIEW,3,0,LOW,1,UCYEgT6mQiog7dceHIIBP8tA,2026-08-12T18:11:20.372854+07:00,2026-08-12T18:11:20.372854+07:00,https://www.youtube.com/watch?v=Rg0NKPVgr20|https://www.youtube.com/watch?v=YT1bNRt9KPc|https://www.youtube.com/watch?v=pE9rVqMqaIY
SNN,SNN_S1|SNN_S2|SNN_S5,facebook,kemxoiofficial,https://www.facebook.com/kemxoiofficial,SOURCE_LINKED_CANDIDATE,NEEDS_REVIEW,1,0,LOW,3,UCPu7cX9LrVOlCDK905T9tVw,2026-08-12T14:13:13.153303+07:00,2026-08-12T14:15:37.416276+07:00,https://www.youtube.com/watch?v=DKFo-oYseQU&list=PLC_d5n_vB0CoGXjo5DpopjFxHny_Ep9hH&index=2|https://www.youtube.com/watch?v=DKFo-oYseQU&list=PLC_d5n_vB0CptpsuXpJwuxHpwWxlv1Tme&index=3|https://www.youtube.com/watch?v=DKFo-oYseQU&list=PLC_d5n_vB0CrwHkJz3hUNhzdEMhzHiIvg&index=2
SNN,SNN_S1|SNN_S2|SNN_S5|SNN_S6,facebook,mevangnhabalasieunhan,https://www.facebook.com/mevangnhabalasieunhan,SOURCE_LINKED_CANDIDATE,NEEDS_REVIEW,1,1,MEDIUM,4,UCT4q1IIX1rWoN95I-_89aVw,2026-08-12T14:13:13.153303+07:00,2026-08-12T14:16:57.049844+07:00,https://www.youtube.com/watch?v=xUfuXW0HlUA&list=PLC_d5n_vB0CoGXjo5DpopjFxHny_Ep9hH&index=3|https://www.youtube.com/watch?v=xUfuXW0HlUA&list=PLC_d5n_vB0CphKjGtYpd6u7LJvJ9l3WCd&index=1|https://www.youtube.com/watch?v=xUfuXW0HlUA&list=PLC_d5n_vB0CptpsuXpJwuxHpwWxlv1Tme&index=4|https://www.youtube.com/watch?v=xUfuXW0HlUA&list=PLC_d5n_vB0CrwHkJz3hUNhzdEMhzHiIvg&index=3
SNN,SNN_S1|SNN_S2|SNN_S3|SNN_S4,facebook,saonhapngu,https://www.facebook.com/saonhapngu,SOURCE_LINKED_CANDIDATE,NEEDS_REVIEW,33,33,HIGH,4,UCzZ94GZFgqqx6Pzbnj3UMjA,2026-08-12T14:13:13.153303+07:00,2026-08-12T14:15:20.186475+07:00,https://www.youtube.com/watch?v=-g4MnAEyao4&list=PLC_d5n_vB0CqCdnDzNstfo0Gsjgkoou5x&index=7|https://www.youtube.com/watch?v=0fqYrzaAvlA&list=PLC_d5n_vB0CptpsuXpJwuxHpwWxlv1Tme&index=7|https://www.youtube.com/watch?v=2ZXCKiqZe0g&list=PLC_d5n_vB0CqCdnDzNstfo0Gsjgkoou5x&index=1|https://www.youtube.com/watch?v=3IqT4v7-CrI&list=PLC_d5n_vB0CptpsuXpJwuxHpwWxlv1Tme&index=9|https://www.youtube.com/watch?v=4HVa7G0Ckmw&list=PLC_d5n_vB0CptpsuXpJwuxHpwWxlv1Tme&index=5|https://www.youtube.com/watch?v=4OMVZNCm4ZA&list=PLC_d5n_vB0CrwHkJz3hUNhzdEMhzHiIvg&index=6|https://www.youtube.com/watch?v=4spnJBsZ0mc&list=PLC_d5n_vB0CqCdnDzNstfo0Gsjgkoou5x&index=6|https://www.youtube.com/watch?v=8kKLV6Qa8jI&list=PLC_d5n_vB0CptpsuXpJwuxHpwWxlv1Tme&index=10|https://www.youtube.com/watch?v=AJN1Zv0nefE&list=PLC_d5n_vB0CqCdnDzNstfo0Gsjgkoou5x&index=5|https://www.youtube.com/watch?v=CRRYmuFMvhI&list=PLC_d5n_vB0CptpsuXpJwuxHpwWxlv1Tme&index=2
SNN,SNN_2022|SNN_2023,facebook,tiin.vn,https://www.facebook.com/tiin.vn,SOURCE_LINKED_CANDIDATE,NEEDS_REVIEW,5,0,LOW,3,UCd4l7vrzfDI4lxJ9Lrztcuw|UCoDCLhM-7zkvnplMZe2ajzw,2026-08-12T18:41:19.928011+07:00,2026-08-12T18:43:33.891475+07:00,https://www.youtube.com/watch?v=77tHpnijI64|https://www.youtube.com/watch?v=ZK8q9sc1eqk|https://www.youtube.com/watch?v=f8t2wPtd7V0|https://www.youtube.com/watch?v=pt9NhYmQ9q8|https://www.youtube.com/watch?v=zMBM0377pEU
SNN,SNN_2020|SNN_2022|SNN_2023,facebook,xgamingvtm,https://www.facebook.com/xgamingvtm,SOURCE_LINKED_CANDIDATE,NEEDS_REVIEW,36,36,HIGH,4,UCzZ94GZFgqqx6Pzbnj3UMjA,2026-08-12T14:21:02.158876+07:00,2026-08-12T18:43:33.891475+07:00,https://www.youtube.com/watch?v=-k9T8d5PCeM&list=PLC_d5n_vB0CpiGXxipKjNENU8hkenUgOO&index=18|https://www.youtube.com/watch?v=6XqFot382T4&list=PLC_d5n_vB0CpiGXxipKjNENU8hkenUgOO&index=2|https://www.youtube.com/watch?v=6dApuDKCuLM&list=PLC_d5n_vB0CpiGXxipKjNENU8hkenUgOO&index=24|https://www.youtube.com/watch?v=AoUHptyZU7k|https://www.youtube.com/watch?v=AoUHptyZU7k&list=PLC_d5n_vB0CpiGXxipKjNENU8hkenUgOO&index=15|https://www.youtube.com/watch?v=CceXMiP1JpE&list=PLC_d5n_vB0CpiGXxipKjNENU8hkenUgOO&index=23|https://www.youtube.com/watch?v=Dc5rk7DhD3s&list=PLC_d5n_vB0CpiGXxipKjNENU8hkenUgOO&index=12|https://www.youtube.com/watch?v=FJw460TMaWk&list=PLC_d5n_vB0CpiGXxipKjNENU8hkenUgOO&index=22|https://www.youtube.com/watch?v=FjBBoqceG-o&list=PLC_d5n_vB0CpiGXxipKjNENU8hkenUgOO&index=34|https://www.youtube.com/watch?v=Gj6hcqSSFSU&list=PLC_d5n_vB0CpiGXxipKjNENU8hkenUgOO&index=32
SONG,SONG_2019,facebook,galanhacviet,https://www.facebook.com/galanhacviet,SOURCE_LINKED_CANDIDATE,NEEDS_REVIEW,1,0,LOW,1,UC8MC0KhiRcvBsMkcjmDf4mg,2026-08-12T18:22:14.681851+07:00,2026-08-12T18:22:14.681851+07:00,https://www.youtube.com/watch?v=UOrjqcEfxQ0&list=RDUOrjqcEfxQ0&start_radio=1
SONG,SONG_2019|SONG_2026,facebook,haohaoacecook,https://www.facebook.com/haohaoacecook,SOURCE_LINKED_CANDIDATE,NEEDS_REVIEW,3,3,HIGH,2,UC2Lgi2uPsOcCVF3imz7l2mg|UC2fu6CiFfNYz5UFORvFyc0w|UCkna2OcuN1E6u5I8GVtdkOw,2026-08-12T14:59:29.543287+07:00,2026-08-12T18:22:14.681851+07:00,https://www.youtube.com/watch?v=Vez84EB04Ig|https://www.youtube.com/watch?v=Vez84EB04Ig&list=PLxKLMN7WdG5CjEObleDT2wm09IizUC5I6&index=2|https://www.youtube.com/watch?v=b6InETzXYTY&list=PLxKLMN7WdG5CjEObleDT2wm09IizUC5I6&index=1|https://www.youtube.com/watch?v=gYDAs2yEOJ4&list=PLxKLMN7WdG5CjEObleDT2wm09IizUC5I6&index=3
SONG,SONG_2018|SONG_2019|SONG_2021,facebook,htv2channel,https://www.facebook.com/htv2channel,SOURCE_LINKED_CANDIDATE,NEEDS_REVIEW,21,21,HIGH,3,UCkna2OcuN1E6u5I8GVtdkOw,2026-08-12T14:53:12.194507+07:00,2026-08-12T18:23:18.852335+07:00,https://www.youtube.com/watch?v=12xVELNd4Zo&list=PLxKLMN7WdG5BOtJOsSKTjxXWD_LVCYPYd&index=5|https://www.youtube.com/watch?v=14NSFBcIFtM&list=PLxKLMN7WdG5BOtJOsSKTjxXWD_LVCYPYd&index=3|https://www.youtube.com/watch?v=3MikVPTV2n0&list=PLxKLMN7WdG5BOtJOsSKTjxXWD_LVCYPYd&index=4|https://www.youtube.com/watch?v=90PY5Sb3Ox8&list=PLxKLMN7WdG5BOtJOsSKTjxXWD_LVCYPYd&index=7|https://www.youtube.com/watch?v=CPsUmdS8Rx0&list=PLxKLMN7WdG5BOtJOsSKTjxXWD_LVCYPYd&index=17|https://www.youtube.com/watch?v=E-ns_MOaVEc|https://www.youtube.com/watch?v=KdlOfv2-HY4&list=PLxKLMN7WdG5BOtJOsSKTjxXWD_LVCYPYd&index=8|https://www.youtube.com/watch?v=KmmpJ0sacDQ&list=PLxKLMN7WdG5BOtJOsSKTjxXWD_LVCYPYd&index=12|https://www.youtube.com/watch?v=KyXbK3T00t0|https://www.youtube.com/watch?v=LgAimfVDq5w&list=PLxKLMN7WdG5BOtJOsSKTjxXWD_LVCYPYd&index=15
SONG,SONG_2019|SONG_2020|SONG_2021|SONG_2022|SONG_2023|SONG_2024|SONG_2025,facebook,viechannelhtv2,https://www.facebook.com/viechannelhtv2,SOURCE_LINKED_CANDIDATE,NEEDS_REVIEW,99,84,HIGH,7,UC-o847cPVtL4lBRCPdwweTg|UC2Lgi2uPsOcCVF3imz7l2mg|UC2fu6CiFfNYz5UFORvFyc0w|UCDV0U41nnwOZyKMW4e7oExQ|UCkna2OcuN1E6u5I8GVtdkOw,2026-08-12T14:53:42.428185+07:00,2026-08-12T18:23:56.691362+07:00,https://www.youtube.com/watch?v=0bgab4JXLlc&list=PLxKLMN7WdG5DgQQKKUMdu2_ZOgfoSMPT7&index=21|https://www.youtube.com/watch?v=1uiUMbz83Yw&list=PLxKLMN7WdG5DgQQKKUMdu2_ZOgfoSMPT7&index=1|https://www.youtube.com/watch?v=203Jk7yohFY&list=PLxKLMN7WdG5DgQQKKUMdu2_ZOgfoSMPT7&index=26|https://www.youtube.com/watch?v=34h1TllevkM&list=PLxKLMN7WdG5BIwNQgqYSWciQhg-Jtj8yQ&index=6|https://www.youtube.com/watch?v=3t-kWAMJ0I4&list=PLxKLMN7WdG5Ddu4T4qbzgUbixCkeS_A5y&index=25|https://www.youtube.com/watch?v=45zm3CqZ7YQ&list=PLxKLMN7WdG5Ddu4T4qbzgUbixCkeS_A5y&index=26|https://www.youtube.com/watch?v=5VQRR7om3tE&list=PLxKLMN7WdG5BIwNQgqYSWciQhg-Jtj8yQ&index=7|https://www.youtube.com/watch?v=7Sp27Mo2w7o&list=PLxKLMN7WdG5Ddu4T4qbzgUbixCkeS_A5y&index=23|https://www.youtube.com/watch?v=8XkJeolgyP0|https://www.youtube.com/watch?v=8dq9UvBLE0A&list=PLxKLMN7WdG5DgQQKKUMdu2_ZOgfoSMPT7&index=25
SONG,SONG_2019|SONG_2026,facebook,viechannelofficial,https://www.facebook.com/viechannelofficial,SOURCE_LINKED_CANDIDATE,NEEDS_REVIEW,28,28,HIGH,2,UC2Lgi2uPsOcCVF3imz7l2mg|UC2fu6CiFfNYz5UFORvFyc0w|UCkna2OcuN1E6u5I8GVtdkOw,2026-08-12T14:59:29.543287+07:00,2026-08-12T18:22:14.681851+07:00,https://www.youtube.com/watch?v=-0iAxwza3ss&list=PLxKLMN7WdG5CjEObleDT2wm09IizUC5I6&index=16|https://www.youtube.com/watch?v=74_exZCoH80&list=PLxKLMN7WdG5CjEObleDT2wm09IizUC5I6&index=15|https://www.youtube.com/watch?v=GN3LjHNv6XE&list=PLxKLMN7WdG5CjEObleDT2wm09IizUC5I6&index=26|https://www.youtube.com/watch?v=HHW1YjI6RsY&list=PLxKLMN7WdG5CjEObleDT2wm09IizUC5I6&index=22|https://www.youtube.com/watch?v=JBRTpXBh4m4&list=RDJBRTpXBh4m4&start_radio=1|https://www.youtube.com/watch?v=Kq5whFYsz5M&list=PLxKLMN7WdG5CjEObleDT2wm09IizUC5I6&index=18|https://www.youtube.com/watch?v=KtzDreosgBg&list=PLxKLMN7WdG5CjEObleDT2wm09IizUC5I6&index=17|https://www.youtube.com/watch?v=KziI6WmjmeA&list=PLxKLMN7WdG5CjEObleDT2wm09IizUC5I6&index=7|https://www.youtube.com/watch?v=NFbzMPBaD2o&list=PLxKLMN7WdG5CjEObleDT2wm09IizUC5I6&index=5|https://www.youtube.com/watch?v=Q6dUvfG9al4&list=PLxKLMN7WdG5CjEObleDT2wm09IizUC5I6&index=28
SONG,SONG_2019|SONG_2021|SONG_2022|SONG_2023,facebook,viegiaitri,https://www.facebook.com/viegiaitri,SOURCE_LINKED_CANDIDATE,NEEDS_REVIEW,13,13,HIGH,4,UC2Lgi2uPsOcCVF3imz7l2mg,2026-08-12T14:55:57.664214+07:00,2026-08-12T18:23:56.691362+07:00,https://www.youtube.com/watch?v=-ZeKb6-Q0WA|https://www.youtube.com/watch?v=7S7PHMgu0Kk&list=RD7S7PHMgu0Kk&start_radio=1|https://www.youtube.com/watch?v=KMHbZxk-B1s|https://www.youtube.com/watch?v=LyVQuIBDsaY|https://www.youtube.com/watch?v=MrahF2FL684|https://www.youtube.com/watch?v=O3gwIWZ0i3U&list=RDO3gwIWZ0i3U&start_radio=1|https://www.youtube.com/watch?v=YJiyJuTUxzg|https://www.youtube.com/watch?v=hmZlR83osvI&list=PLxKLMN7WdG5Ddu4T4qbzgUbixCkeS_A5y&index=2|https://www.youtube.com/watch?v=jL8MOL-ULWY&list=RDjL8MOL-ULWY&start_radio=1|https://www.youtube.com/watch?v=nfrHqKsZnZQ
SONG,SONG_2019|SONG_2021|SONG_2024,facebook,vietalents,https://www.facebook.com/vietalents,SOURCE_LINKED_CANDIDATE,NEEDS_REVIEW,3,0,LOW,3,UCBVSuk_f8ZCPIQ_KwXEGWFw,2026-08-12T14:57:29.878685+07:00,2026-08-12T18:23:18.852335+07:00,https://www.youtube.com/watch?v=8O3pWOKQHu0&list=PLxKLMN7WdG5DgQQKKUMdu2_ZOgfoSMPT7&index=7|https://www.youtube.com/watch?v=C5Q6uNWWx9s&list=RDC5Q6uNWWx9s&start_radio=1|https://www.youtube.com/watch?v=j_iaMkWq5WU&list=PLxKLMN7WdG5DgQQKKUMdu2_ZOgfoSMPT7&index=6
SONG,SONG_2019,facebook,vinhlongtv,https://www.facebook.com/vinhlongtv,SOURCE_LINKED_CANDIDATE,NEEDS_REVIEW,2,0,LOW,1,UC1q0gjs1QXa7_vz7Z34IwYQ,2026-08-12T18:22:14.681851+07:00,2026-08-12T18:22:14.681851+07:00,https://www.youtube.com/watch?v=3AqTm7mt79A|https://www.youtube.com/watch?v=wAcGtv4OSEg&list=RDwAcGtv4OSEg&start_radio=1
SONG,SONG_2019,instagram,galanhacviet,https://www.instagram.com/galanhacviet,SOURCE_LINKED_CANDIDATE,NEEDS_REVIEW,1,0,LOW,1,UC8MC0KhiRcvBsMkcjmDf4mg,2026-08-12T18:22:14.681851+07:00,2026-08-12T18:22:14.681851+07:00,https://www.youtube.com/watch?v=UOrjqcEfxQ0&list=RDUOrjqcEfxQ0&start_radio=1
SONG,SONG_2019|SONG_2020|SONG_2021|SONG_2022|SONG_2023|SONG_2024|SONG_2025|SONG_2026,instagram,viechannelhtv2,https://www.instagram.com/viechannelhtv2,SOURCE_LINKED_CANDIDATE,NEEDS_REVIEW,127,112,HIGH,8,UC-o847cPVtL4lBRCPdwweTg|UC2Lgi2uPsOcCVF3imz7l2mg|UC2fu6CiFfNYz5UFORvFyc0w|UCDV0U41nnwOZyKMW4e7oExQ|UCkna2OcuN1E6u5I8GVtdkOw,2026-08-12T14:53:42.428185+07:00,2026-08-12T18:23:56.691362+07:00,https://www.youtube.com/watch?v=-0iAxwza3ss&list=PLxKLMN7WdG5CjEObleDT2wm09IizUC5I6&index=16|https://www.youtube.com/watch?v=0bgab4JXLlc&list=PLxKLMN7WdG5DgQQKKUMdu2_ZOgfoSMPT7&index=21|https://www.youtube.com/watch?v=1uiUMbz83Yw&list=PLxKLMN7WdG5DgQQKKUMdu2_ZOgfoSMPT7&index=1|https://www.youtube.com/watch?v=203Jk7yohFY&list=PLxKLMN7WdG5DgQQKKUMdu2_ZOgfoSMPT7&index=26|https://www.youtube.com/watch?v=34h1TllevkM&list=PLxKLMN7WdG5BIwNQgqYSWciQhg-Jtj8yQ&index=6|https://www.youtube.com/watch?v=3t-kWAMJ0I4&list=PLxKLMN7WdG5Ddu4T4qbzgUbixCkeS_A5y&index=25|https://www.youtube.com/watch?v=45zm3CqZ7YQ&list=PLxKLMN7WdG5Ddu4T4qbzgUbixCkeS_A5y&index=26|https://www.youtube.com/watch?v=5VQRR7om3tE&list=PLxKLMN7WdG5BIwNQgqYSWciQhg-Jtj8yQ&index=7|https://www.youtube.com/watch?v=74_exZCoH80&list=PLxKLMN7WdG5CjEObleDT2wm09IizUC5I6&index=15|https://www.youtube.com/watch?v=7Sp27Mo2w7o&list=PLxKLMN7WdG5Ddu4T4qbzgUbixCkeS_A5y&index=23
SONG,SONG_2019,tiktok,galanhacviet,https://www.tiktok.com/@galanhacviet,SOURCE_LINKED_CANDIDATE,NEEDS_REVIEW,1,0,LOW,1,UC8MC0KhiRcvBsMkcjmDf4mg,2026-08-12T18:22:14.681851+07:00,2026-08-12T18:22:14.681851+07:00,https://www.youtube.com/watch?v=UOrjqcEfxQ0&list=RDUOrjqcEfxQ0&start_radio=1
SONG,SONG_2019|SONG_2026,tiktok,viechannel.show,https://www.tiktok.com/@viechannel.show,SOURCE_LINKED_CANDIDATE,NEEDS_REVIEW,28,28,HIGH,2,UC2Lgi2uPsOcCVF3imz7l2mg|UC2fu6CiFfNYz5UFORvFyc0w|UCkna2OcuN1E6u5I8GVtdkOw,2026-08-12T14:59:29.543287+07:00,2026-08-12T18:22:14.681851+07:00,https://www.youtube.com/watch?v=-0iAxwza3ss&list=PLxKLMN7WdG5CjEObleDT2wm09IizUC5I6&index=16|https://www.youtube.com/watch?v=74_exZCoH80&list=PLxKLMN7WdG5CjEObleDT2wm09IizUC5I6&index=15|https://www.youtube.com/watch?v=GN3LjHNv6XE&list=PLxKLMN7WdG5CjEObleDT2wm09IizUC5I6&index=26|https://www.youtube.com/watch?v=HHW1YjI6RsY&list=PLxKLMN7WdG5CjEObleDT2wm09IizUC5I6&index=22|https://www.youtube.com/watch?v=JBRTpXBh4m4&list=RDJBRTpXBh4m4&start_radio=1|https://www.youtube.com/watch?v=Kq5whFYsz5M&list=PLxKLMN7WdG5CjEObleDT2wm09IizUC5I6&index=18|https://www.youtube.com/watch?v=KtzDreosgBg&list=PLxKLMN7WdG5CjEObleDT2wm09IizUC5I6&index=17|https://www.youtube.com/watch?v=KziI6WmjmeA&list=PLxKLMN7WdG5CjEObleDT2wm09IizUC5I6&index=7|https://www.youtube.com/watch?v=NFbzMPBaD2o&list=PLxKLMN7WdG5CjEObleDT2wm09IizUC5I6&index=5|https://www.youtube.com/watch?v=Q6dUvfG9al4&list=PLxKLMN7WdG5CjEObleDT2wm09IizUC5I6&index=28
TBTN,TBTN_2025,facebook,tanbinhtoannang,https://www.facebook.com/tanbinhtoannang,SOURCE_LINKED_CANDIDATE,NEEDS_REVIEW,16,16,HIGH,1,UC_np0YZuvNMIJceE6jHeggQ|UCecta98cdYVFV6L_lfH__IA,2026-08-12T14:00:05.693993+07:00,2026-08-12T14:00:05.693993+07:00,https://www.youtube.com/watch?v=0Q1dO9JZxOc&list=PLkdwPUk2nejAsI3DcmBXdLg1dv1M0XhrL&index=9|https://www.youtube.com/watch?v=1ezn2QIqO40&list=PLkdwPUk2nejAsI3DcmBXdLg1dv1M0XhrL&index=7|https://www.youtube.com/watch?v=3KyIPaoEv1Y&list=PLkdwPUk2nejAsI3DcmBXdLg1dv1M0XhrL&index=11|https://www.youtube.com/watch?v=3igqxki1h9M&list=PLkdwPUk2nejAsI3DcmBXdLg1dv1M0XhrL&index=17|https://www.youtube.com/watch?v=GH2ij7WKDCY&list=PLkdwPUk2nejAsI3DcmBXdLg1dv1M0XhrL&index=2|https://www.youtube.com/watch?v=KQQPuP-2Tgs&list=PLkdwPUk2nejAsI3DcmBXdLg1dv1M0XhrL&index=1|https://www.youtube.com/watch?v=N4AnQDIElV8&list=PLkdwPUk2nejAsI3DcmBXdLg1dv1M0XhrL&index=13|https://www.youtube.com/watch?v=QFQEzCBM5bM&list=PLkdwPUk2nejAsI3DcmBXdLg1dv1M0XhrL&index=3|https://www.youtube.com/watch?v=TuVJsLzz1hQ&list=PLkdwPUk2nejAsI3DcmBXdLg1dv1M0XhrL&index=4|https://www.youtube.com/watch?v=UMKLgnw9oeI&list=PLkdwPUk2nejAsI3DcmBXdLg1dv1M0XhrL&index=8
TBTN,TBTN_2025,tiktok,tanbinhtoannang,https://www.tiktok.com/@tanbinhtoannang,SOURCE_LINKED_CANDIDATE,NEEDS_REVIEW,16,16,HIGH,1,UC_np0YZuvNMIJceE6jHeggQ|UCecta98cdYVFV6L_lfH__IA,2026-08-12T14:00:05.693993+07:00,2026-08-12T14:00:05.693993+07:00,https://www.youtube.com/watch?v=0Q1dO9JZxOc&list=PLkdwPUk2nejAsI3DcmBXdLg1dv1M0XhrL&index=9|https://www.youtube.com/watch?v=1ezn2QIqO40&list=PLkdwPUk2nejAsI3DcmBXdLg1dv1M0XhrL&index=7|https://www.youtube.com/watch?v=3KyIPaoEv1Y&list=PLkdwPUk2nejAsI3DcmBXdLg1dv1M0XhrL&index=11|https://www.youtube.com/watch?v=3igqxki1h9M&list=PLkdwPUk2nejAsI3DcmBXdLg1dv1M0XhrL&index=17|https://www.youtube.com/watch?v=GH2ij7WKDCY&list=PLkdwPUk2nejAsI3DcmBXdLg1dv1M0XhrL&index=2|https://www.youtube.com/watch?v=KQQPuP-2Tgs&list=PLkdwPUk2nejAsI3DcmBXdLg1dv1M0XhrL&index=1|https://www.youtube.com/watch?v=N4AnQDIElV8&list=PLkdwPUk2nejAsI3DcmBXdLg1dv1M0XhrL&index=13|https://www.youtube.com/watch?v=QFQEzCBM5bM&list=PLkdwPUk2nejAsI3DcmBXdLg1dv1M0XhrL&index=3|https://www.youtube.com/watch?v=TuVJsLzz1hQ&list=PLkdwPUk2nejAsI3DcmBXdLg1dv1M0XhrL&index=4|https://www.youtube.com/watch?v=UMKLgnw9oeI&list=PLkdwPUk2nejAsI3DcmBXdLg1dv1M0XhrL&index=8
TD1K2,TD1K2_2025,facebook,dongtaypromotion,https://www.facebook.com/dongtaypromotion,SOURCE_LINKED_CANDIDATE,NEEDS_REVIEW,11,11,HIGH,1,UCFMEYTv6N64hIL9FlQ_hxBw,2026-08-12T14:30:40.743835+07:00,2026-08-12T14:30:40.743835+07:00,https://www.youtube.com/watch?v=2V20IKyMqnM&list=PLy_TpcUT2LZuLuV_ZdXi-Q84PGwjQ2GR3&index=2|https://www.youtube.com/watch?v=7wdrAbiwreY&list=PLy_TpcUT2LZuLuV_ZdXi-Q84PGwjQ2GR3&index=10|https://www.youtube.com/watch?v=8Adf5rJJJvw&list=PLy_TpcUT2LZuLuV_ZdXi-Q84PGwjQ2GR3&index=13|https://www.youtube.com/watch?v=EqvdS6QJ2tA&list=PLy_TpcUT2LZuLuV_ZdXi-Q84PGwjQ2GR3&index=4|https://www.youtube.com/watch?v=OoE9XCoaPxs&list=PLy_TpcUT2LZuLuV_ZdXi-Q84PGwjQ2GR3&index=8|https://www.youtube.com/watch?v=S5aVMO5klbE&list=PLy_TpcUT2LZuLuV_ZdXi-Q84PGwjQ2GR3&index=5|https://www.youtube.com/watch?v=_7DygDmrWbU&list=PLy_TpcUT2LZuLuV_ZdXi-Q84PGwjQ2GR3&index=14|https://www.youtube.com/watch?v=b6dsG7oVl2I&list=PLy_TpcUT2LZuLuV_ZdXi-Q84PGwjQ2GR3&index=3|https://www.youtube.com/watch?v=d721NlVjqqM&list=PLy_TpcUT2LZuLuV_ZdXi-Q84PGwjQ2GR3&index=1|https://www.youtube.com/watch?v=kJh4ggVl4p0&list=PLy_TpcUT2LZuLuV_ZdXi-Q84PGwjQ2GR3&index=6
TD1K2,TD1K2_2025,facebook,mianlienacecook,https://www.facebook.com/mianlienacecook,SOURCE_LINKED_CANDIDATE,NEEDS_REVIEW,1,1,MEDIUM,1,UCFMEYTv6N64hIL9FlQ_hxBw,2026-08-12T14:30:40.743835+07:00,2026-08-12T14:30:40.743835+07:00,https://www.youtube.com/watch?v=2V20IKyMqnM&list=PLy_TpcUT2LZuLuV_ZdXi-Q84PGwjQ2GR3&index=2
TD1K2,TD1K2_2025,instagram,dongtaypromotion.official,https://www.instagram.com/dongtaypromotion.official,SOURCE_LINKED_CANDIDATE,NEEDS_REVIEW,11,11,HIGH,1,UCFMEYTv6N64hIL9FlQ_hxBw,2026-08-12T14:30:40.743835+07:00,2026-08-12T14:30:40.743835+07:00,https://www.youtube.com/watch?v=2V20IKyMqnM&list=PLy_TpcUT2LZuLuV_ZdXi-Q84PGwjQ2GR3&index=2|https://www.youtube.com/watch?v=7wdrAbiwreY&list=PLy_TpcUT2LZuLuV_ZdXi-Q84PGwjQ2GR3&index=10|https://www.youtube.com/watch?v=8Adf5rJJJvw&list=PLy_TpcUT2LZuLuV_ZdXi-Q84PGwjQ2GR3&index=13|https://www.youtube.com/watch?v=EqvdS6QJ2tA&list=PLy_TpcUT2LZuLuV_ZdXi-Q84PGwjQ2GR3&index=4|https://www.youtube.com/watch?v=OoE9XCoaPxs&list=PLy_TpcUT2LZuLuV_ZdXi-Q84PGwjQ2GR3&index=8|https://www.youtube.com/watch?v=S5aVMO5klbE&list=PLy_TpcUT2LZuLuV_ZdXi-Q84PGwjQ2GR3&index=5|https://www.youtube.com/watch?v=_7DygDmrWbU&list=PLy_TpcUT2LZuLuV_ZdXi-Q84PGwjQ2GR3&index=14|https://www.youtube.com/watch?v=b6dsG7oVl2I&list=PLy_TpcUT2LZuLuV_ZdXi-Q84PGwjQ2GR3&index=3|https://www.youtube.com/watch?v=d721NlVjqqM&list=PLy_TpcUT2LZuLuV_ZdXi-Q84PGwjQ2GR3&index=1|https://www.youtube.com/watch?v=kJh4ggVl4p0&list=PLy_TpcUT2LZuLuV_ZdXi-Q84PGwjQ2GR3&index=6
TD1K2,TD1K2_2025,tiktok,dongtaypromotionofficial,https://www.tiktok.com/@dongtaypromotionofficial,SOURCE_LINKED_CANDIDATE,NEEDS_REVIEW,11,11,HIGH,1,UCFMEYTv6N64hIL9FlQ_hxBw,2026-08-12T14:30:40.743835+07:00,2026-08-12T14:30:40.743835+07:00,https://www.youtube.com/watch?v=2V20IKyMqnM&list=PLy_TpcUT2LZuLuV_ZdXi-Q84PGwjQ2GR3&index=2|https://www.youtube.com/watch?v=7wdrAbiwreY&list=PLy_TpcUT2LZuLuV_ZdXi-Q84PGwjQ2GR3&index=10|https://www.youtube.com/watch?v=8Adf5rJJJvw&list=PLy_TpcUT2LZuLuV_ZdXi-Q84PGwjQ2GR3&index=13|https://www.youtube.com/watch?v=EqvdS6QJ2tA&list=PLy_TpcUT2LZuLuV_ZdXi-Q84PGwjQ2GR3&index=4|https://www.youtube.com/watch?v=OoE9XCoaPxs&list=PLy_TpcUT2LZuLuV_ZdXi-Q84PGwjQ2GR3&index=8|https://www.youtube.com/watch?v=S5aVMO5klbE&list=PLy_TpcUT2LZuLuV_ZdXi-Q84PGwjQ2GR3&index=5|https://www.youtube.com/watch?v=_7DygDmrWbU&list=PLy_TpcUT2LZuLuV_ZdXi-Q84PGwjQ2GR3&index=14|https://www.youtube.com/watch?v=b6dsG7oVl2I&list=PLy_TpcUT2LZuLuV_ZdXi-Q84PGwjQ2GR3&index=3|https://www.youtube.com/watch?v=d721NlVjqqM&list=PLy_TpcUT2LZuLuV_ZdXi-Q84PGwjQ2GR3&index=1|https://www.youtube.com/watch?v=kJh4ggVl4p0&list=PLy_TpcUT2LZuLuV_ZdXi-Q84PGwjQ2GR3&index=6
THSH,THSH_2026,facebook,dongtaypromotion,https://www.facebook.com/dongtaypromotion,SOURCE_LINKED_CANDIDATE,NEEDS_REVIEW,1,1,MEDIUM,2,UCFMEYTv6N64hIL9FlQ_hxBw,2026-08-12T13:48:04.567294+07:00,2026-08-12T13:52:21.084157+07:00,https://www.youtube.com/watch?v=pJWXb8ofStw
THSH,THSH_2026,facebook,mianlienacecook,https://www.facebook.com/mianlienacecook,SOURCE_LINKED_CANDIDATE,NEEDS_REVIEW,1,1,MEDIUM,2,UCFMEYTv6N64hIL9FlQ_hxBw,2026-08-12T13:48:04.567294+07:00,2026-08-12T13:52:21.084157+07:00,https://www.youtube.com/watch?v=pJWXb8ofStw
THSH,THSH_2026,facebook,vananh.vuong.7,https://www.facebook.com/vananh.vuong.7,SOURCE_LINKED_CANDIDATE,NEEDS_REVIEW,1,0,LOW,1,UCGFgVaYHsUoHCsoGGl9Koug,2026-08-12T13:40:40.345997+07:00,2026-08-12T13:40:40.345997+07:00,https://www.youtube.com/watch?v=7I9obn4JoNo
THSH,THSH_2026,facebook,viechannelofficial,https://www.facebook.com/viechannelofficial,SOURCE_LINKED_CANDIDATE,NEEDS_REVIEW,26,18,HIGH,3,UC2Lgi2uPsOcCVF3imz7l2mg|UC2fu6CiFfNYz5UFORvFyc0w|UCDV0U41nnwOZyKMW4e7oExQ|UCkna2OcuN1E6u5I8GVtdkOw,2026-08-12T13:40:40.345997+07:00,2026-08-12T13:52:21.084157+07:00,https://www.youtube.com/watch?v=0mQn-pPDLuM|https://www.youtube.com/watch?v=1ldd8tgMv-M|https://www.youtube.com/watch?v=9Ydft3BqWXs&list=RD9Ydft3BqWXs&start_radio=1|https://www.youtube.com/watch?v=9oe2Hk0vTxE|https://www.youtube.com/watch?v=AtIHwHuj8SQ|https://www.youtube.com/watch?v=BP236Tcs5mk|https://www.youtube.com/watch?v=Cr5HV-cY9Z0|https://www.youtube.com/watch?v=L-1bIOHKXIw|https://www.youtube.com/watch?v=LnZjcfspWfM|https://www.youtube.com/watch?v=OdqLJ_DHw6M
THSH,THSH_2026,facebook,vieshows,https://www.facebook.com/vieshows,SOURCE_LINKED_CANDIDATE,NEEDS_REVIEW,4,0,LOW,2,UCzpv5GkSbYqkFdC_lOOi4aQ,2026-08-12T13:40:40.345997+07:00,2026-08-12T13:48:04.567294+07:00,https://www.youtube.com/watch?v=E-Yc2gKgu6s|https://www.youtube.com/watch?v=Ilqu9tZJ1_U|https://www.youtube.com/watch?v=gGzQhCp2SQk&list=RDgGzQhCp2SQk&start_radio=1|https://www.youtube.com/watch?v=v7Wv1olzyNA
THSH,THSH_2026,facebook,vietalents,https://www.facebook.com/vietalents,SOURCE_LINKED_CANDIDATE,NEEDS_REVIEW,14,0,LOW,3,UCBVSuk_f8ZCPIQ_KwXEGWFw,2026-08-12T13:40:40.345997+07:00,2026-08-12T13:52:21.084157+07:00,https://www.youtube.com/watch?v=00vqufE21Xw&list=RD00vqufE21Xw&start_radio=1|https://www.youtube.com/watch?v=2u7MI2f5A1g|https://www.youtube.com/watch?v=4fk_IdZArYs|https://www.youtube.com/watch?v=63mloriuYFI|https://www.youtube.com/watch?v=6JYezwyG9Dc|https://www.youtube.com/watch?v=CzJbD44jU6Y|https://www.youtube.com/watch?v=Dd78O2L9ZIA|https://www.youtube.com/watch?v=F3AAcXvwM3E|https://www.youtube.com/watch?v=IO1vbkRBM20|https://www.youtube.com/watch?v=NTNZhCQZqs8
THSH,THSH_2026,facebook,vuongdolly0806,https://www.facebook.com/vuongdolly0806,SOURCE_LINKED_CANDIDATE,NEEDS_REVIEW,1,0,LOW,1,UCGFgVaYHsUoHCsoGGl9Koug,2026-08-12T13:40:40.345997+07:00,2026-08-12T13:40:40.345997+07:00,https://www.youtube.com/watch?v=7I9obn4JoNo
THSH,THSH_2026,instagram,dongtaypromotion.official,https://www.instagram.com/dongtaypromotion.official,SOURCE_LINKED_CANDIDATE,NEEDS_REVIEW,1,1,MEDIUM,2,UCFMEYTv6N64hIL9FlQ_hxBw,2026-08-12T13:48:04.567294+07:00,2026-08-12T13:52:21.084157+07:00,https://www.youtube.com/watch?v=pJWXb8ofStw
THSH,THSH_2026,instagram,vananhvuong8695,https://www.instagram.com/vananhvuong8695,SOURCE_LINKED_CANDIDATE,NEEDS_REVIEW,1,0,LOW,1,UCGFgVaYHsUoHCsoGGl9Koug,2026-08-12T13:40:40.345997+07:00,2026-08-12T13:40:40.345997+07:00,https://www.youtube.com/watch?v=7I9obn4JoNo
THSH,THSH_2026,instagram,viechannelhtv2,https://www.instagram.com/viechannelhtv2,SOURCE_LINKED_CANDIDATE,NEEDS_REVIEW,26,18,HIGH,3,UC2Lgi2uPsOcCVF3imz7l2mg|UC2fu6CiFfNYz5UFORvFyc0w|UCDV0U41nnwOZyKMW4e7oExQ|UCkna2OcuN1E6u5I8GVtdkOw,2026-08-12T13:40:40.345997+07:00,2026-08-12T13:52:21.084157+07:00,https://www.youtube.com/watch?v=0mQn-pPDLuM|https://www.youtube.com/watch?v=1ldd8tgMv-M|https://www.youtube.com/watch?v=9Ydft3BqWXs&list=RD9Ydft3BqWXs&start_radio=1|https://www.youtube.com/watch?v=9oe2Hk0vTxE|https://www.youtube.com/watch?v=AtIHwHuj8SQ|https://www.youtube.com/watch?v=BP236Tcs5mk|https://www.youtube.com/watch?v=Cr5HV-cY9Z0|https://www.youtube.com/watch?v=L-1bIOHKXIw|https://www.youtube.com/watch?v=LnZjcfspWfM|https://www.youtube.com/watch?v=OdqLJ_DHw6M
THSH,THSH_2026,tiktok,dongtaypromotionofficial,https://www.tiktok.com/@dongtaypromotionofficial,SOURCE_LINKED_CANDIDATE,NEEDS_REVIEW,1,1,MEDIUM,2,UCFMEYTv6N64hIL9FlQ_hxBw,2026-08-12T13:48:04.567294+07:00,2026-08-12T13:52:21.084157+07:00,https://www.youtube.com/watch?v=pJWXb8ofStw
THSH,THSH_2026,tiktok,viechannel.show,https://www.tiktok.com/@viechannel.show,SOURCE_LINKED_CANDIDATE,NEEDS_REVIEW,26,18,HIGH,3,UC2Lgi2uPsOcCVF3imz7l2mg|UC2fu6CiFfNYz5UFORvFyc0w|UCDV0U41nnwOZyKMW4e7oExQ|UCkna2OcuN1E6u5I8GVtdkOw,2026-08-12T13:40:40.345997+07:00,2026-08-12T13:52:21.084157+07:00,https://www.youtube.com/watch?v=0mQn-pPDLuM|https://www.youtube.com/watch?v=1ldd8tgMv-M|https://www.youtube.com/watch?v=9Ydft3BqWXs&list=RD9Ydft3BqWXs&start_radio=1|https://www.youtube.com/watch?v=9oe2Hk0vTxE|https://www.youtube.com/watch?v=AtIHwHuj8SQ|https://www.youtube.com/watch?v=BP236Tcs5mk|https://www.youtube.com/watch?v=Cr5HV-cY9Z0|https://www.youtube.com/watch?v=L-1bIOHKXIw|https://www.youtube.com/watch?v=LnZjcfspWfM|https://www.youtube.com/watch?v=OdqLJ_DHw6M
TMSVN,TMSVN_2022,facebook,duongdendanhcavongco,https://www.facebook.com/duongdendanhcavongco,SOURCE_LINKED_CANDIDATE,NEEDS_REVIEW,1,0,LOW,1,UCA3GtNtuKvcj6VrwZ5Gpx9g,2026-08-12T18:34:44.945431+07:00,2026-08-12T18:34:44.945431+07:00,https://www.youtube.com/watch?v=PMFDns6Pf44
TMSVN,TMSVN_2022,facebook,viebeauty,https://www.facebook.com/viebeauty,SOURCE_LINKED_CANDIDATE,NEEDS_REVIEW,6,0,LOW,1,UCGqQeQ4wSCSCKbtxzG5qzlw,2026-08-12T16:32:32.352994+07:00,2026-08-12T16:32:32.352994+07:00,https://www.youtube.com/watch?v=7PXelsQ705A&list=RD7PXelsQ705A&start_radio=1|https://www.youtube.com/watch?v=Gm3k7wFXCyg&list=RDGm3k7wFXCyg&start_radio=1|https://www.youtube.com/watch?v=bEas0GWDm1k&list=RDbEas0GWDm1k&start_radio=1|https://www.youtube.com/watch?v=o0Imw7vpZcY&list=RDo0Imw7vpZcY&start_radio=1|https://www.youtube.com/watch?v=pzAQXPBma7Q&list=RDpzAQXPBma7Q&start_radio=1|https://www.youtube.com/watch?v=x10eyGSlMfk&list=RDx10eyGSlMfk&start_radio=1
TMSVN,TMSVN_2022|TMSVN_2023,facebook,viechannelhtv2,https://www.facebook.com/viechannelhtv2,SOURCE_LINKED_CANDIDATE,NEEDS_REVIEW,60,60,HIGH,3,UC2Lgi2uPsOcCVF3imz7l2mg|UC2fu6CiFfNYz5UFORvFyc0w|UCkna2OcuN1E6u5I8GVtdkOw,2026-08-12T13:59:45.188684+07:00,2026-08-12T18:34:44.945431+07:00,https://www.youtube.com/watch?v=0T7HSkDM5Sw|https://www.youtube.com/watch?v=0yftq9W1H1k&list=PLxKLMN7WdG5ANJruYBhSGi5UBRUIhQTbi&index=25|https://www.youtube.com/watch?v=1zmFIWOBAN0|https://www.youtube.com/watch?v=2UK7OqPy_Lc|https://www.youtube.com/watch?v=53dmjjwartw|https://www.youtube.com/watch?v=5jrd9jgivVQ&list=PLxKLMN7WdG5ANJruYBhSGi5UBRUIhQTbi&index=29|https://www.youtube.com/watch?v=7Tsjl9bOoik&list=PLxKLMN7WdG5ANJruYBhSGi5UBRUIhQTbi&index=28|https://www.youtube.com/watch?v=9WPLYEUmI0k|https://www.youtube.com/watch?v=Bgwawpq62Fg|https://www.youtube.com/watch?v=D5W7b1y93oI
TMSVN,TMSVN_2022|TMSVN_2023,facebook,viegiaitri,https://www.facebook.com/viegiaitri,SOURCE_LINKED_CANDIDATE,NEEDS_REVIEW,6,6,HIGH,4,UC2Lgi2uPsOcCVF3imz7l2mg,2026-08-12T13:59:45.188684+07:00,2026-08-12T18:34:44.945431+07:00,https://www.youtube.com/watch?v=4BXHjfg7XPU|https://www.youtube.com/watch?v=4au37MyRqS0|https://www.youtube.com/watch?v=4au37MyRqS0&list=PLxKLMN7WdG5ANJruYBhSGi5UBRUIhQTbi&index=21|https://www.youtube.com/watch?v=KEG4PlukTWk|https://www.youtube.com/watch?v=_KNZPFtX-LE|https://www.youtube.com/watch?v=dj3AiA_p6H8|https://www.youtube.com/watch?v=eEXLVqKdeTc
TMSVN,TMSVN_2022,facebook,vietalents,https://www.facebook.com/vietalents,SOURCE_LINKED_CANDIDATE,NEEDS_REVIEW,6,0,LOW,1,UCBVSuk_f8ZCPIQ_KwXEGWFw,2026-08-12T16:32:32.352994+07:00,2026-08-12T16:32:32.352994+07:00,https://www.youtube.com/watch?v=6sMA5CDpNVM|https://www.youtube.com/watch?v=BpHHjXXDSmQ|https://www.youtube.com/watch?v=RS09g_Ftmpo&list=RDRS09g_Ftmpo&start_radio=1|https://www.youtube.com/watch?v=b8dC2QZKSNs&list=RDb8dC2QZKSNs&start_radio=1|https://www.youtube.com/watch?v=sLyzOcv8IFQ&list=RDsLyzOcv8IFQ&start_radio=1|https://www.youtube.com/watch?v=uhVD0lmc_ng
TMSVN,TMSVN_2022,facebook,virussop,https://www.facebook.com/virussop,SOURCE_LINKED_CANDIDATE,NEEDS_REVIEW,1,0,LOW,1,UC0rBe-KRTerlOz2v_Sye5iQ,2026-08-12T18:34:44.945431+07:00,2026-08-12T18:34:44.945431+07:00,https://www.youtube.com/watch?v=p5UopxlTZ_c
TMSVN,TMSVN_2022,facebook,virussvn,https://www.facebook.com/virussvn,SOURCE_LINKED_CANDIDATE,NEEDS_REVIEW,1,0,LOW,1,UC0rBe-KRTerlOz2v_Sye5iQ,2026-08-12T18:34:44.945431+07:00,2026-08-12T18:34:44.945431+07:00,https://www.youtube.com/watch?v=p5UopxlTZ_c
TMSVN,TMSVN_2022,instagram,ssuriv,https://www.instagram.com/ssuriv,SOURCE_LINKED_CANDIDATE,NEEDS_REVIEW,1,0,LOW,1,UC0rBe-KRTerlOz2v_Sye5iQ,2026-08-12T18:34:44.945431+07:00,2026-08-12T18:34:44.945431+07:00,https://www.youtube.com/watch?v=p5UopxlTZ_c
TMSVN,TMSVN_2022|TMSVN_2023,instagram,viechannelhtv2,https://www.instagram.com/viechannelhtv2,SOURCE_LINKED_CANDIDATE,NEEDS_REVIEW,60,60,HIGH,3,UC2Lgi2uPsOcCVF3imz7l2mg|UC2fu6CiFfNYz5UFORvFyc0w|UCkna2OcuN1E6u5I8GVtdkOw,2026-08-12T13:59:45.188684+07:00,2026-08-12T18:34:44.945431+07:00,https://www.youtube.com/watch?v=0T7HSkDM5Sw|https://www.youtube.com/watch?v=0yftq9W1H1k&list=PLxKLMN7WdG5ANJruYBhSGi5UBRUIhQTbi&index=25|https://www.youtube.com/watch?v=1zmFIWOBAN0|https://www.youtube.com/watch?v=2UK7OqPy_Lc|https://www.youtube.com/watch?v=53dmjjwartw|https://www.youtube.com/watch?v=5jrd9jgivVQ&list=PLxKLMN7WdG5ANJruYBhSGi5UBRUIhQTbi&index=29|https://www.youtube.com/watch?v=7Tsjl9bOoik&list=PLxKLMN7WdG5ANJruYBhSGi5UBRUIhQTbi&index=28|https://www.youtube.com/watch?v=9WPLYEUmI0k|https://www.youtube.com/watch?v=Bgwawpq62Fg|https://www.youtube.com/watch?v=D5W7b1y93oI
TMSVN,TMSVN_2022,tiktok,virussvn,https://www.tiktok.com/@virussvn,SOURCE_LINKED_CANDIDATE,NEEDS_REVIEW,1,0,LOW,1,UC0rBe-KRTerlOz2v_Sye5iQ,2026-08-12T18:34:44.945431+07:00,2026-08-12T18:34:44.945431+07:00,https://www.youtube.com/watch?v=p5UopxlTZ_c
VNIDOL,VNIDOL_2023,facebook,fgen.official,https://www.facebook.com/fgen.official,SOURCE_LINKED_CANDIDATE,NEEDS_REVIEW,1,0,LOW,1,UCYAvameKhBzYICvOzKt9VHQ,2026-08-12T16:33:53.559019+07:00,2026-08-12T16:33:53.559019+07:00,https://www.youtube.com/watch?v=fssgCx6DTK4
VNIDOL,VNIDOL_2023,facebook,haanhuy.official,https://www.facebook.com/haanhuy.official,SOURCE_LINKED_CANDIDATE,NEEDS_REVIEW,1,0,LOW,1,UCc4KSaNBMqZQ3GjxZsqDV9g,2026-08-12T16:33:53.559019+07:00,2026-08-12T16:33:53.559019+07:00,https://www.youtube.com/watch?v=I7Gdt40SZRE&list=RDI7Gdt40SZRE&start_radio=1
VNIDOL,VNIDOL_2023,facebook,idolsglobal,https://www.facebook.com/idolsglobal,SOURCE_LINKED_CANDIDATE,NEEDS_REVIEW,1,0,LOW,1,UCSlOUGJMvJAB42GkWFUTBVg,2026-08-12T16:33:53.559019+07:00,2026-08-12T16:33:53.559019+07:00,https://www.youtube.com/watch?v=MpAPgDEGqGo
VNIDOL,VNIDOL_2023,facebook,vietnam.idol..,https://www.facebook.com/vietnam.idol..,SOURCE_LINKED_CANDIDATE,NEEDS_REVIEW,1,1,MEDIUM,1,UCs0N0TBi2j156kZ4AOnnB2g,2026-08-12T16:33:53.559019+07:00,2026-08-12T16:33:53.559019+07:00,https://www.youtube.com/watch?v=xv1rI75Ny8U&list=RDxv1rI75Ny8U&start_radio=1
VNIDOL,VNIDOL_2023,facebook,vietnam.idol.show,https://www.facebook.com/vietnam.idol.show,SOURCE_LINKED_CANDIDATE,NEEDS_REVIEW,55,55,HIGH,2,UCs0N0TBi2j156kZ4AOnnB2g,2026-08-12T16:33:53.559019+07:00,2026-08-12T18:36:20.551517+07:00,https://www.youtube.com/watch?v=012UkqvOyQo&list=RD012UkqvOyQo&start_radio=1|https://www.youtube.com/watch?v=08dEybUjVX0|https://www.youtube.com/watch?v=2-sk9RyE8Go&list=RD2-sk9RyE8Go&start_radio=1|https://www.youtube.com/watch?v=2IxsIrPIgjk&list=RD2IxsIrPIgjk&start_radio=1|https://www.youtube.com/watch?v=356W2EvCoiw&list=RD356W2EvCoiw&start_radio=1|https://www.youtube.com/watch?v=5iQkVQWJOpw&list=RD5iQkVQWJOpw&start_radio=1|https://www.youtube.com/watch?v=66X7FO6QuQI&list=RD66X7FO6QuQI&start_radio=1|https://www.youtube.com/watch?v=6GzEsRlOytA&list=RD6GzEsRlOytA&start_radio=1|https://www.youtube.com/watch?v=6QMYhR4Nf8Y&list=RD6QMYhR4Nf8Y&start_radio=1|https://www.youtube.com/watch?v=6RG4EyVH2e8&list=RD6RG4EyVH2e8&start_radio=1
VNIDOL,VNIDOL_2023,instagram,fgen.official,https://www.instagram.com/fgen.official,SOURCE_LINKED_CANDIDATE,NEEDS_REVIEW,1,0,LOW,1,UCYAvameKhBzYICvOzKt9VHQ,2026-08-12T16:33:53.559019+07:00,2026-08-12T16:33:53.559019+07:00,https://www.youtube.com/watch?v=fssgCx6DTK4
VNIDOL,VNIDOL_2023,instagram,idolsglobal,https://www.instagram.com/idolsglobal,SOURCE_LINKED_CANDIDATE,NEEDS_REVIEW,1,0,LOW,1,UCSlOUGJMvJAB42GkWFUTBVg,2026-08-12T16:33:53.559019+07:00,2026-08-12T16:33:53.559019+07:00,https://www.youtube.com/watch?v=MpAPgDEGqGo
VNIDOL,VNIDOL_2023,instagram,vietnamidol..,https://www.instagram.com/vietnamidol..,SOURCE_LINKED_CANDIDATE,NEEDS_REVIEW,1,1,MEDIUM,1,UCs0N0TBi2j156kZ4AOnnB2g,2026-08-12T16:33:53.559019+07:00,2026-08-12T16:33:53.559019+07:00,https://www.youtube.com/watch?v=xv1rI75Ny8U&list=RDxv1rI75Ny8U&start_radio=1
VNIDOL,VNIDOL_2023,instagram,vietnamidol2023,https://www.instagram.com/vietnamidol2023,SOURCE_LINKED_CANDIDATE,NEEDS_REVIEW,55,55,HIGH,2,UCs0N0TBi2j156kZ4AOnnB2g,2026-08-12T16:33:53.559019+07:00,2026-08-12T18:36:20.551517+07:00,https://www.youtube.com/watch?v=012UkqvOyQo&list=RD012UkqvOyQo&start_radio=1|https://www.youtube.com/watch?v=08dEybUjVX0|https://www.youtube.com/watch?v=2-sk9RyE8Go&list=RD2-sk9RyE8Go&start_radio=1|https://www.youtube.com/watch?v=2IxsIrPIgjk&list=RD2IxsIrPIgjk&start_radio=1|https://www.youtube.com/watch?v=356W2EvCoiw&list=RD356W2EvCoiw&start_radio=1|https://www.youtube.com/watch?v=5iQkVQWJOpw&list=RD5iQkVQWJOpw&start_radio=1|https://www.youtube.com/watch?v=66X7FO6QuQI&list=RD66X7FO6QuQI&start_radio=1|https://www.youtube.com/watch?v=6GzEsRlOytA&list=RD6GzEsRlOytA&start_radio=1|https://www.youtube.com/watch?v=6QMYhR4Nf8Y&list=RD6QMYhR4Nf8Y&start_radio=1|https://www.youtube.com/watch?v=6RG4EyVH2e8&list=RD6RG4EyVH2e8&start_radio=1
VNIDOL,VNIDOL_2023,tiktok,vietnamidol2023,https://www.tiktok.com/@vietnamidol2023,SOURCE_LINKED_CANDIDATE,NEEDS_REVIEW,56,56,HIGH,2,UCs0N0TBi2j156kZ4AOnnB2g,2026-08-12T16:33:53.559019+07:00,2026-08-12T18:36:20.551517+07:00,https://www.youtube.com/watch?v=012UkqvOyQo&list=RD012UkqvOyQo&start_radio=1|https://www.youtube.com/watch?v=08dEybUjVX0|https://www.youtube.com/watch?v=2-sk9RyE8Go&list=RD2-sk9RyE8Go&start_radio=1|https://www.youtube.com/watch?v=2IxsIrPIgjk&list=RD2IxsIrPIgjk&start_radio=1|https://www.youtube.com/watch?v=356W2EvCoiw&list=RD356W2EvCoiw&start_radio=1|https://www.youtube.com/watch?v=5iQkVQWJOpw&list=RD5iQkVQWJOpw&start_radio=1|https://www.youtube.com/watch?v=66X7FO6QuQI&list=RD66X7FO6QuQI&start_radio=1|https://www.youtube.com/watch?v=6GzEsRlOytA&list=RD6GzEsRlOytA&start_radio=1|https://www.youtube.com/watch?v=6QMYhR4Nf8Y&list=RD6QMYhR4Nf8Y&start_radio=1|https://www.youtube.com/watch?v=6RG4EyVH2e8&list=RD6RG4EyVH2e8&start_radio=1
VQLG,VQLG_2025,facebook,tranghalotimes,https://www.facebook.com/tranghalotimes,SOURCE_LINKED_CANDIDATE,NEEDS_REVIEW,62,62,HIGH,1,UCgL3LEm7JuJNXKWDQTmbuYA,2026-08-12T14:35:38.140344+07:00,2026-08-12T14:35:38.140344+07:00,https://www.youtube.com/watch?v=-SmsU64gxCM&list=PLaHmC9pxzevpEDOuWCKZPWyWhLNCgZFLy&index=16|https://www.youtube.com/watch?v=-yrVBJdccvk&list=PLaHmC9pxzevpEDOuWCKZPWyWhLNCgZFLy&index=42|https://www.youtube.com/watch?v=0EB2UsanY6Y&list=PLaHmC9pxzevpEDOuWCKZPWyWhLNCgZFLy&index=69|https://www.youtube.com/watch?v=29RCIP1f5RE&list=PLaHmC9pxzevpEDOuWCKZPWyWhLNCgZFLy&index=32|https://www.youtube.com/watch?v=6BvkBOx1cAo&list=PLaHmC9pxzevpEDOuWCKZPWyWhLNCgZFLy&index=25|https://www.youtube.com/watch?v=6eR4wbC0ct8&list=PLaHmC9pxzevpEDOuWCKZPWyWhLNCgZFLy&index=39|https://www.youtube.com/watch?v=7_MdgsHn0w4&list=PLaHmC9pxzevpEDOuWCKZPWyWhLNCgZFLy&index=19|https://www.youtube.com/watch?v=8v67kTmOO6o&list=PLaHmC9pxzevpEDOuWCKZPWyWhLNCgZFLy&index=52|https://www.youtube.com/watch?v=93rVD6AAnsA&list=PLaHmC9pxzevpEDOuWCKZPWyWhLNCgZFLy&index=62|https://www.youtube.com/watch?v=95Hy2KrhoGI&list=PLaHmC9pxzevpEDOuWCKZPWyWhLNCgZFLy&index=46
XHTDRLX,XHTDRLX_S2|XHTDRLX_S3,facebook,eyecontact.live,https://www.facebook.com/eyecontact.live,SOURCE_LINKED_CANDIDATE,NEEDS_REVIEW,32,32,HIGH,2,UCTOWyiIkPEqyh_2O-ArJR5w,2026-08-12T14:50:04.547825+07:00,2026-08-12T14:51:53.225057+07:00,https://www.youtube.com/watch?v=-BEuO8zjIag&list=PLxNMBnO9F8FNbuRLhE0V1dYdSqFfA129g&index=6|https://www.youtube.com/watch?v=-gZTTwO1vyQ&list=PLxNMBnO9F8FMtG4_3bKxsshIs4cpaii3F&index=9|https://www.youtube.com/watch?v=29y5LWY2IEE&list=PLxNMBnO9F8FNbuRLhE0V1dYdSqFfA129g&index=1|https://www.youtube.com/watch?v=3cxHAhm0FJ4&list=PLxNMBnO9F8FMtG4_3bKxsshIs4cpaii3F&index=14|https://www.youtube.com/watch?v=Aqu7d62Hn0o&list=PLxNMBnO9F8FMtG4_3bKxsshIs4cpaii3F&index=5|https://www.youtube.com/watch?v=BXYcKJNiY1w&list=PLxNMBnO9F8FMtG4_3bKxsshIs4cpaii3F&index=6|https://www.youtube.com/watch?v=FkXZu1PsmYQ&list=PLxNMBnO9F8FNbuRLhE0V1dYdSqFfA129g&index=7|https://www.youtube.com/watch?v=HoSsSc6zCwA&list=PLxNMBnO9F8FMtG4_3bKxsshIs4cpaii3F&index=16|https://www.youtube.com/watch?v=J-RNLP3TQm4&list=PLxNMBnO9F8FNbuRLhE0V1dYdSqFfA129g&index=9|https://www.youtube.com/watch?v=P0rwK_smjO8&list=PLxNMBnO9F8FNbuRLhE0V1dYdSqFfA129g&index=4
XHTDRLX,XHTDRLX_S1|XHTDRLX_S2|XHTDRLX_S3,facebook,forestudiovn,https://www.facebook.com/forestudiovn,SOURCE_LINKED_CANDIDATE,NEEDS_REVIEW,43,43,HIGH,3,UCTOWyiIkPEqyh_2O-ArJR5w,2026-08-12T14:49:09.890155+07:00,2026-08-12T14:51:53.225057+07:00,https://www.youtube.com/watch?v=-BEuO8zjIag&list=PLxNMBnO9F8FNbuRLhE0V1dYdSqFfA129g&index=6|https://www.youtube.com/watch?v=-gZTTwO1vyQ&list=PLxNMBnO9F8FMtG4_3bKxsshIs4cpaii3F&index=9|https://www.youtube.com/watch?v=-yacGjM9pgk&list=PLxNMBnO9F8FNxpfidsVyxNffOg_VhLOOa&index=11|https://www.youtube.com/watch?v=29y5LWY2IEE&list=PLxNMBnO9F8FNbuRLhE0V1dYdSqFfA129g&index=1|https://www.youtube.com/watch?v=3Ap8mrCUyOA&list=PLxNMBnO9F8FNxpfidsVyxNffOg_VhLOOa&index=1|https://www.youtube.com/watch?v=3cxHAhm0FJ4&list=PLxNMBnO9F8FMtG4_3bKxsshIs4cpaii3F&index=14|https://www.youtube.com/watch?v=Aqu7d62Hn0o&list=PLxNMBnO9F8FMtG4_3bKxsshIs4cpaii3F&index=5|https://www.youtube.com/watch?v=BXYcKJNiY1w&list=PLxNMBnO9F8FMtG4_3bKxsshIs4cpaii3F&index=6|https://www.youtube.com/watch?v=Bn6VL6nMx9U&list=PLxNMBnO9F8FNxpfidsVyxNffOg_VhLOOa&index=5|https://www.youtube.com/watch?v=EgHZ_HEoQRI&list=PLxNMBnO9F8FNxpfidsVyxNffOg_VhLOOa&index=8
XHTDRLX,XHTDRLX_S3,facebook,muivinhungchuyendi,https://www.facebook.com/muivinhungchuyendi,SOURCE_LINKED_CANDIDATE,NEEDS_REVIEW,18,18,HIGH,1,UCTOWyiIkPEqyh_2O-ArJR5w,2026-08-12T14:51:53.225057+07:00,2026-08-12T14:51:53.225057+07:00,https://www.youtube.com/watch?v=-gZTTwO1vyQ&list=PLxNMBnO9F8FMtG4_3bKxsshIs4cpaii3F&index=9|https://www.youtube.com/watch?v=3cxHAhm0FJ4&list=PLxNMBnO9F8FMtG4_3bKxsshIs4cpaii3F&index=14|https://www.youtube.com/watch?v=Aqu7d62Hn0o&list=PLxNMBnO9F8FMtG4_3bKxsshIs4cpaii3F&index=5|https://www.youtube.com/watch?v=BXYcKJNiY1w&list=PLxNMBnO9F8FMtG4_3bKxsshIs4cpaii3F&index=6|https://www.youtube.com/watch?v=HoSsSc6zCwA&list=PLxNMBnO9F8FMtG4_3bKxsshIs4cpaii3F&index=16|https://www.youtube.com/watch?v=Qirh20c6u-s&list=PLxNMBnO9F8FMtG4_3bKxsshIs4cpaii3F&index=2|https://www.youtube.com/watch?v=a6hg2GFfDto&list=PLxNMBnO9F8FMtG4_3bKxsshIs4cpaii3F&index=13|https://www.youtube.com/watch?v=cBu60RjaWIg&list=PLxNMBnO9F8FMtG4_3bKxsshIs4cpaii3F&index=4|https://www.youtube.com/watch?v=cwDAxBoQO40&list=PLxNMBnO9F8FMtG4_3bKxsshIs4cpaii3F&index=11|https://www.youtube.com/watch?v=gWs3Xg3275w&list=PLxNMBnO9F8FMtG4_3bKxsshIs4cpaii3F&index=1
XHTDRLX,XHTDRLX_S1|XHTDRLX_S2|XHTDRLX_S3,facebook,roilaixuan,https://www.facebook.com/roilaixuan,SOURCE_LINKED_CANDIDATE,NEEDS_REVIEW,43,43,HIGH,3,UCTOWyiIkPEqyh_2O-ArJR5w,2026-08-12T14:49:09.890155+07:00,2026-08-12T14:51:53.225057+07:00,https://www.youtube.com/watch?v=-BEuO8zjIag&list=PLxNMBnO9F8FNbuRLhE0V1dYdSqFfA129g&index=6|https://www.youtube.com/watch?v=-gZTTwO1vyQ&list=PLxNMBnO9F8FMtG4_3bKxsshIs4cpaii3F&index=9|https://www.youtube.com/watch?v=-yacGjM9pgk&list=PLxNMBnO9F8FNxpfidsVyxNffOg_VhLOOa&index=11|https://www.youtube.com/watch?v=29y5LWY2IEE&list=PLxNMBnO9F8FNbuRLhE0V1dYdSqFfA129g&index=1|https://www.youtube.com/watch?v=3Ap8mrCUyOA&list=PLxNMBnO9F8FNxpfidsVyxNffOg_VhLOOa&index=1|https://www.youtube.com/watch?v=3cxHAhm0FJ4&list=PLxNMBnO9F8FMtG4_3bKxsshIs4cpaii3F&index=14|https://www.youtube.com/watch?v=Aqu7d62Hn0o&list=PLxNMBnO9F8FMtG4_3bKxsshIs4cpaii3F&index=5|https://www.youtube.com/watch?v=BXYcKJNiY1w&list=PLxNMBnO9F8FMtG4_3bKxsshIs4cpaii3F&index=6|https://www.youtube.com/watch?v=Bn6VL6nMx9U&list=PLxNMBnO9F8FNxpfidsVyxNffOg_VhLOOa&index=5|https://www.youtube.com/watch?v=EgHZ_HEoQRI&list=PLxNMBnO9F8FNxpfidsVyxNffOg_VhLOOa&index=8
